<?xml version="1.0" encoding="utf-8" standalone="yes"?>
<command>
	<description>Utility that emulates GnuPG 1.x passphrase handling over pipe-based IPC for GnuPG 2.x.</description>
	<version>@package-version@</version>
	<option name="log">
		<short_name>-l</short_name>
		<long_name>--log</long_name>
		<description>Optional location to log pinentry activity.</description>
		<action>StoreString</action>
	</option>
	<option name="verbose">
		<short_name>-v</short_name>
		<long_name>--verbose</long_name>
		<description>Sets verbosity level. Use multiples for more detail (e.g. "-vv").</description>
		<action>Counter</action>
		<default>0</default>
	</option>
</command>
