{
    "af": "Afrikaans",
    "ak": "Akan",
    "am": "አማርኛ",
    "ar": "العربية",
    "as": "অসমীয়া",
    "az": "Azərbaycan",
    "be": "Беларуская",
    "bg": "Български",
    "bho": "भोजपुरी",
    "bm": "Bamanakan",
    "bn": "বাংলা",
    "bs": "Bosanski",
    "ca": "Català",
    "ceb": "Cebuano",
    "ckb": "کوردیی ناوەندی",
    "cs": "Čeština",
    "cy": "Cymraeg",
    "da": "Dansk",
    "de": "Deutsch",
    "de_CH": "Deutsch (Schweiz)",
    "doi": "डोगरी",
    "ee": "Eʋegbe",
    "el": "Ελληνικά",
    "en": "English",
    "en_CA": "English (Canada)",
    "eo": "Esperanto",
    "es": "Español",
    "et": "Eesti",
    "eu": "Euskara",
    "fa": "فارسی",
    "fi": "Suomi",
    "fil": "Filipino",
    "fr": "Français",
    "fy": "Frysk",
    "ga": "Gaeilge",
    "gd": "Gàidhlig",
    "gl": "Galego",
    "gu": "ગુજરાતી",
    "ha": "Hausa",
    "haw": "ʻŌlelo Hawaiʻi",
    "he": "עברית",
    "hi": "हिन्दी",
    "hr": "Hrvatski",
    "hu": "Magyar",
    "hy": "Հայերեն",
    "id": "Indonesia",
    "ig": "Igbo",
    "is": "Íslenska",
    "it": "Italiano",
    "ja": "日本語",
    "ka": "ქართული",
    "kk": "Қазақ Тілі",
    "km": "ខ្មែរ",
    "kn": "ಕನ್ನಡ",
    "ko": "한국어",
    "ku": "Kurdî",
    "ky": "Кыргызча",
    "lb": "Lëtzebuergesch",
    "lg": "Luganda",
    "ln": "Lingála",
    "lo": "ລາວ",
    "lt": "Lietuvių",
    "lv": "Latviešu",
    "mai": "मैथिली",
    "mg": "Malagasy",
    "mi": "Māori",
    "mk": "Македонски",
    "ml": "മലയാളം",
    "mn": "Монгол",
    "mni_Mtei": "Manipuri",
    "mr": "मराठी",
    "ms": "Melayu",
    "mt": "Malti",
    "my": "မြန်မာ",
    "nb": "Norsk Bokmål",
    "ne": "नेपाली",
    "nl": "Nederlands",
    "nn": "Norsk Nynorsk",
    "oc": "Occitan",
    "om": "Oromoo",
    "or": "ଓଡ଼ିଆ",
    "pa": "ਪੰਜਾਬੀ",
    "pl": "Polski",
    "ps": "پښتو",
    "pt": "Português",
    "pt_BR": "Português (Brasil)",
    "qu": "Runasimi",
    "ro": "Română",
    "ru": "Русский",
    "rw": "Kinyarwanda",
    "sa": "संस्कृत भाषा",
    "sc": "Sardu",
    "sd": "سنڌي",
    "si": "සිංහල",
    "sk": "Slovenčina",
    "sl": "Slovenščina",
    "sn": "Chishona",
    "so": "Soomaali",
    "sq": "Shqip",
    "sr_Cyrl": "Српски",
    "sr_Latn": "Srpski",
    "sr_Latn_ME": "Srpski (Crna Gora)",
    "su": "Basa Sunda",
    "sv": "Svenska",
    "sw": "Kiswahili",
    "ta": "தமிழ்",
    "te": "తెలుగు",
    "tg": "Тоҷикӣ",
    "th": "ไทย",
    "ti": "ትግርኛ",
    "tk": "Türkmen Dili",
    "tl": "Tagalog",
    "tr": "Türkçe",
    "tt": "Татар",
    "ug": "ئۇيغۇرچە",
    "uk": "Українська",
    "ur": "اردو",
    "uz_Cyrl": "Ўзбекча",
    "uz_Latn": "O‘zbek",
    "vi": "Tiếng Việt",
    "xh": "Isixhosa",
    "yi": "ייִדיש",
    "yo": "Èdè Yorùbá",
    "zh_CN": "中文 (中国)",
    "zh_HK": "中文 (中国香港特别行政区)",
    "zh_TW": "中文 (台湾)",
    "zu": "Isizulu"
}
