{
    "af": "Afrikaans",
    "ak": "Akan",
    "am": "Amharies",
    "ar": "Arabies",
    "as": "Assamees",
    "az": "Azerbeidjans",
    "be": "Belarussies",
    "bg": "Bulgaars",
    "bho": "Bhojpuri",
    "bm": "Bambara",
    "bn": "Bengaals",
    "bs": "Bosnies",
    "ca": "Katalaans",
    "ceb": "Cebuano",
    "ckb": "Sorani",
    "cs": "Tsjeggies",
    "cy": "Wallies",
    "da": "Deens",
    "de": "Duits",
    "de_CH": "Duits (Switserland)",
    "doi": "Dogri",
    "ee": "Ewe",
    "el": "Grieks",
    "en": "Engels",
    "en_CA": "Engels (Kanada)",
    "eo": "Esperanto",
    "es": "Spaans",
    "et": "Estnies",
    "eu": "Baskies",
    "fa": "Persies",
    "fi": "Fins",
    "fil": "Filippyns",
    "fr": "Frans",
    "fy": "Fries",
    "ga": "Iers",
    "gd": "Skotse Gallies",
    "gl": "Galisies",
    "gu": "Goedjarati",
    "ha": "Hausa",
    "haw": "Hawais",
    "he": "Hebreeus",
    "hi": "Hindi",
    "hr": "Kroaties",
    "hu": "Hongaars",
    "hy": "Armeens",
    "id": "Indonesies",
    "ig": "Igbo",
    "is": "Yslands",
    "it": "Italiaans",
    "ja": "Japannees",
    "ka": "Georgies",
    "kk": "Kazaks",
    "km": "Khmer",
    "kn": "Kannada",
    "ko": "Koreaans",
    "ku": "Koerdies",
    "ky": "Kirgisies",
    "lb": "Luxemburgs",
    "lg": "Ganda",
    "ln": "Lingaals",
    "lo": "Lao",
    "lt": "Litaus",
    "lv": "Letties",
    "mai": "Maithili",
    "mg": "Malgassies",
    "mi": "Maori",
    "mk": "Masedonies",
    "ml": "Malabaars",
    "mn": "Mongools",
    "mni_Mtei": "Manipuri",
    "mr": "Marathi",
    "ms": "Maleis",
    "mt": "Maltees",
    "my": "Birmaans",
    "nb": "Boeknoors",
    "ne": "Nepalees",
    "nl": "Nederlands",
    "nn": "Nuwe Noors",
    "oc": "Oksitaans",
    "om": "Oromo",
    "or": "Oriya",
    "pa": "Pandjabi",
    "pl": "Pools",
    "ps": "Pasjto",
    "pt": "Portugees",
    "pt_BR": "Portugees (Brasilië)",
    "qu": "Quechua",
    "ro": "Roemeens",
    "ru": "Russies",
    "rw": "Rwandees",
    "sa": "Sanskrit",
    "sc": "Sardinies",
    "sd": "Sindhi",
    "si": "Sinhala",
    "sk": "Slowaaks",
    "sl": "Sloweens",
    "sn": "Shona",
    "so": "Somalies",
    "sq": "Albanees",
    "sr_Cyrl": "Serwies",
    "sr_Latn": "Serwies",
    "sr_Latn_ME": "Serwies (Montenegro)",
    "su": "Sundanees",
    "sv": "Sweeds",
    "sw": "Swahili",
    "ta": "Tamil",
    "te": "Teloegoe",
    "tg": "Tadjiks",
    "th": "Thai",
    "ti": "Tigrinya",
    "tk": "Turkmeens",
    "tl": "Tagalog",
    "tr": "Turks",
    "tt": "Tataars",
    "ug": "Uighur",
    "uk": "Oekraïens",
    "ur": "Oerdoe",
    "uz_Cyrl": "Oezbeeks",
    "uz_Latn": "Oezbeeks",
    "vi": "Viëtnamees",
    "xh": "Xhosa",
    "yi": "Jiddisj",
    "yo": "Yoruba",
    "zh_CN": "Chinees (China)",
    "zh_HK": "Chinees (Hongkong Sas China)",
    "zh_TW": "Chinees (Taiwan)",
    "zu": "Zoeloe"
}
