{
    "af": "Afrikaans",
    "ak": "Akan",
    "am": "Amarik",
    "ar": "Arabik",
    "as": "Assamese",
    "az": "Azerbaijani",
    "be": "Belarus Kasa",
    "bg": "Bɔlgeria Kasa",
    "bho": "Bhojpuri",
    "bm": "Bambara",
    "bn": "Bengali Kasa",
    "bs": "Bosnian",
    "ca": "Catalan",
    "ceb": "Cebuano",
    "ckb": "Central Kurdish",
    "cs": "Kyɛk Kasa",
    "cy": "Welsh",
    "da": "Danish",
    "de": "Gyaaman",
    "de_CH": "Gyaaman (Swetzaland)",
    "doi": "Dogri",
    "ee": "Ewe",
    "el": "Greek Kasa",
    "en": "Borɔfo",
    "en_CA": "Borɔfo (Kanada)",
    "eo": "Esperanto",
    "es": "Spain Kasa",
    "et": "Estonian",
    "eu": "Basque",
    "fa": "Pɛɛhyia Kasa",
    "fi": "Finnish",
    "fil": "Filipino",
    "fr": "Frɛnkye",
    "fy": "Western Frisian",
    "ga": "Irish",
    "gd": "Scottish Gaelic",
    "gl": "Galician",
    "gu": "Gujarati",
    "ha": "Hausa",
    "haw": "Hawaiian",
    "he": "Hebrew",
    "hi": "Hindi",
    "hr": "Croatian",
    "hu": "Hangri Kasa",
    "hy": "Armenian",
    "id": "Indonihyia Kasa",
    "ig": "Igbo",
    "is": "Icelandic",
    "it": "Italy Kasa",
    "ja": "Gyapan Kasa",
    "ka": "Georgian",
    "kk": "Kazakh",
    "km": "Kambodia Kasa",
    "kn": "Kannada",
    "ko": "Korea Kasa",
    "ku": "Kurdish",
    "ky": "Kyrgyz",
    "lb": "Luxembourgish",
    "lg": "Ganda",
    "ln": "Lingala",
    "lo": "Lao",
    "lt": "Lithuanian",
    "lv": "Latvian",
    "mai": "Maithili",
    "mg": "Malagasy",
    "mi": "Māori",
    "mk": "Macedonian",
    "ml": "Malayalam",
    "mn": "Mongolian",
    "mni_Mtei": "Mni",
    "mr": "Marathi",
    "ms": "Malay Kasa",
    "mt": "Maltese",
    "my": "Bɛɛmis Kasa",
    "nb": "Norwegian Bokmål",
    "ne": "Nɛpal Kasa",
    "nl": "Dɛɛkye",
    "nn": "Norwegian Nynorsk",
    "oc": "Occitan",
    "om": "Oromo",
    "or": "Odia",
    "pa": "Pungyabi Kasa",
    "pl": "Pɔland Kasa",
    "ps": "Pashto",
    "pt": "Pɔɔtugal Kasa",
    "pt_BR": "Pɔɔtugal Kasa (Brazil)",
    "qu": "Quechua",
    "ro": "Romenia Kasa",
    "ru": "Rahyia Kasa",
    "rw": "Rewanda Kasa",
    "sa": "Sanskrit",
    "sc": "Sardinian",
    "sd": "Sindhi",
    "si": "Sinhala",
    "sk": "Slovak",
    "sl": "Slovenian",
    "sn": "Shona",
    "so": "Somalia Kasa",
    "sq": "Albanian",
    "sr_Cyrl": "Sr",
    "sr_Latn": "Sr",
    "sr_Latn_ME": "Sr (Me)",
    "su": "Sundanese",
    "sv": "Sweden Kasa",
    "sw": "Swahili",
    "ta": "Tamil Kasa",
    "te": "Telugu",
    "tg": "Tajik",
    "th": "Taeland Kasa",
    "ti": "Tigrinya",
    "tk": "Turkmen",
    "tl": "Tagalog",
    "tr": "Tɛɛki Kasa",
    "tt": "Tatar",
    "ug": "Uyghur",
    "uk": "Ukren Kasa",
    "ur": "Urdu Kasa",
    "uz_Cyrl": "Uz",
    "uz_Latn": "Uz",
    "vi": "Viɛtnam Kasa",
    "xh": "Xhosa",
    "yi": "Yiddish",
    "yo": "Yoruba",
    "zh_CN": "Kyaena Kasa (Kyaena)",
    "zh_HK": "Kyaena Kasa (Hk)",
    "zh_TW": "Kyaena Kasa (Taiwan)",
    "zu": "Zulu"
}
