{
    "af": "አፍሪካንኛ",
    "ak": "አካንኛ",
    "am": "አማርኛ",
    "ar": "ዓረብኛ",
    "as": "አሳሜዛዊ",
    "az": "አዘርባጃንኛ",
    "be": "ቤላራሻኛ",
    "bg": "ቡልጋሪኛ",
    "bho": "ቦጁሪ",
    "bm": "ባምባርኛ",
    "bn": "ቤንጋሊኛ",
    "bs": "ቦስኒያንኛ",
    "ca": "ካታላንኛ",
    "ceb": "ካቡዋኖ",
    "ckb": "የሶራኒ ኩርድኛ",
    "cs": "ቼክኛ",
    "cy": "ወልሽ",
    "da": "ዴኒሽ",
    "de": "ጀርመን",
    "de_CH": "ጀርመን (ስዊዘርላንድ)",
    "doi": "ዶግሪ",
    "ee": "ኢዊ",
    "el": "ግሪክኛ",
    "en": "እንግሊዝኛ",
    "en_CA": "እንግሊዝኛ (ካናዳ)",
    "eo": "ኤስፐራንቶ",
    "es": "ስፓንሽኛ",
    "et": "ኢስቶኒያንኛ",
    "eu": "ባስክኛ",
    "fa": "ፐርሺያኛ",
    "fi": "ፊኒሽ",
    "fil": "ፊሊፒንኛ",
    "fr": "ፈረንሳይኛ",
    "fy": "ምዕራባዊ ፍሪሲኛ",
    "ga": "አይሪሽ",
    "gd": "የስኮቲሽ ጌልክኛ",
    "gl": "ጋሊሺያ",
    "gu": "ጉጃርቲኛ",
    "ha": "ሃውሳኛ",
    "haw": "ሃዊያኛ",
    "he": "ዕብራይስጥ﻿",
    "hi": "ሒንዱኛ",
    "hr": "ክሮሽያንኛ",
    "hu": "ሀንጋሪኛ",
    "hy": "አርመናዊ",
    "id": "ኢንዶኔዥኛ",
    "ig": "ኢግቦኛ",
    "is": "አይስላንድኛ",
    "it": "ጣሊያንኛ",
    "ja": "ጃፓንኛ",
    "ka": "ጆርጂያን",
    "kk": "ካዛክኛ",
    "km": "ክህመርኛ",
    "kn": "ካናዳኛ",
    "ko": "ኮሪያኛ",
    "ku": "ኩርድሽኛ",
    "ky": "ኪርጊዝኛ",
    "lb": "ሉክዘምበርኛ",
    "lg": "ጋንዳኛ",
    "ln": "ሊንጋላኛ",
    "lo": "ላኦኛ",
    "lt": "ሉቴንያንኛ",
    "lv": "ላትቪያን",
    "mai": "ማይተሊ",
    "mg": "ማላጋስኛ",
    "mi": "ማኦሪኛ",
    "mk": "ማሴዶንኛ",
    "ml": "ማላያላምኛ",
    "mn": "ሞንጎሊያኛ",
    "mni_Mtei": "ማኒፑሪ",
    "mr": "ማራቲኛ",
    "ms": "ማላይኛ",
    "mt": "ማልቲስኛ",
    "my": "ቡርማኛ",
    "nb": "የኖርዌይ ቦክማል",
    "ne": "ኔፓሊኛ",
    "nl": "ደች",
    "nn": "የኖርዌይ ናይኖርስክ",
    "oc": "ኦኪታንኛ",
    "om": "ኦሮሞኛ",
    "or": "ኦዲያኛ",
    "pa": "ፑንጃብኛ",
    "pl": "ፖሊሽኛ",
    "ps": "ፓሽቶኛ",
    "pt": "ፖርቹጋልኛ",
    "pt_BR": "ፖርቹጋልኛ (ብራዚል)",
    "qu": "ኵቿኛ",
    "ro": "ሮማኒያን",
    "ru": "ራሽያኛ",
    "rw": "ኪንያርዋንድኛ",
    "sa": "ሳንስክሪትኛ",
    "sc": "ሳርዲንያንኛ",
    "sd": "ሲንድሂኛ",
    "si": "ሲንሃልኛ",
    "sk": "ስሎቫክኛ",
    "sl": "ስሎቪኛ",
    "sn": "ሾናኛ",
    "so": "ሱማልኛ",
    "sq": "አልባንያንኛ",
    "sr_Cyrl": "ሰርብያኛ",
    "sr_Latn": "ሰርብያኛ",
    "sr_Latn_ME": "ሰርብያኛ (ሞንተኔግሮ)",
    "su": "ሱዳንኛ",
    "sv": "ስዊድንኛ",
    "sw": "ስዋሂሊኛ",
    "ta": "ታሚልኛ",
    "te": "ተሉጉኛ",
    "tg": "ታጂኪኛ",
    "th": "ታይኛ",
    "ti": "ትግርኛ",
    "tk": "ቱርክሜንኛ",
    "tl": "ታጋሎገኛ",
    "tr": "ቱርክኛ",
    "tt": "ታታርኛ",
    "ug": "ኡዊግሁርኛ",
    "uk": "ዩክሬንኛ",
    "ur": "ኡርዱኛ",
    "uz_Cyrl": "ኡዝቤክኛ",
    "uz_Latn": "ኡዝቤክኛ",
    "vi": "ቪየትናምኛ",
    "xh": "ዞሳኛ",
    "yi": "ይዲሽኛ",
    "yo": "ዮሩባዊኛ",
    "zh_CN": "ቻይንኛ (ቻይና)",
    "zh_HK": "ቻይንኛ (ሆንግ ኮንግ ልዩ የአስተዳደር ክልል ቻይና)",
    "zh_TW": "ቻይንኛ (ታይዋን)",
    "zu": "ዙሉኛ"
}
