{
    "af": "الأفريقانية",
    "ak": "الأكانية",
    "am": "الأمهرية",
    "ar": "العربية",
    "as": "الأسامية",
    "az": "الأذربيجانية",
    "be": "البيلاروسية",
    "bg": "البلغارية",
    "bho": "البهوجبورية",
    "bm": "البامبارا",
    "bn": "البنغالية",
    "bs": "البوسنية",
    "ca": "الكتالانية",
    "ceb": "السيبيوانية",
    "ckb": "السورانية الكردية",
    "cs": "التشيكية",
    "cy": "الويلزية",
    "da": "الدانمركية",
    "de": "الألمانية",
    "de_CH": "الألمانية (سويسرا)",
    "doi": "الدوجرية",
    "ee": "الإيوي",
    "el": "اليونانية",
    "en": "الإنجليزية",
    "en_CA": "الإنجليزية (كندا)",
    "eo": "الإسبرانتو",
    "es": "الإسبانية",
    "et": "الإستونية",
    "eu": "الباسكية",
    "fa": "الفارسية",
    "fi": "الفنلندية",
    "fil": "الفلبينية",
    "fr": "الفرنسية",
    "fy": "الفريزيان",
    "ga": "الأيرلندية",
    "gd": "الغيلية الأسكتلندية",
    "gl": "الجاليكية",
    "gu": "الغوجاراتية",
    "ha": "الهوسا",
    "haw": "لغة هاواي",
    "he": "العبرية",
    "hi": "الهندية",
    "hr": "الكرواتية",
    "hu": "الهنغارية",
    "hy": "الأرمنية",
    "id": "الإندونيسية",
    "ig": "الإيجبو",
    "is": "الأيسلندية",
    "it": "الإيطالية",
    "ja": "اليابانية",
    "ka": "الجورجية",
    "kk": "الكازاخستانية",
    "km": "الخميرية",
    "kn": "الكانادا",
    "ko": "الكورية",
    "ku": "الكردية",
    "ky": "القيرغيزية",
    "lb": "اللكسمبورغية",
    "lg": "الغاندا",
    "ln": "اللينجالا",
    "lo": "اللاوية",
    "lt": "الليتوانية",
    "lv": "اللاتفية",
    "mai": "المايثيلي",
    "mg": "الملغاشي",
    "mi": "الماورية",
    "mk": "المقدونية",
    "ml": "المالايالامية",
    "mn": "المنغولية",
    "mni_Mtei": "المانيبورية",
    "mr": "الماراثية",
    "ms": "الماليزية",
    "mt": "المالطية",
    "my": "البورمية",
    "nb": "النرويجية بوكمال",
    "ne": "النيبالية",
    "nl": "الهولندية",
    "nn": "النرويجية نينورسك",
    "oc": "الأوكسيتانية",
    "om": "الأورومية",
    "or": "الأورية",
    "pa": "البنجابية",
    "pl": "البولندية",
    "ps": "البشتو",
    "pt": "البرتغالية",
    "pt_BR": "البرتغالية (البرازيل)",
    "qu": "الكويتشوا",
    "ro": "الرومانية",
    "ru": "الروسية",
    "rw": "الكينيارواندا",
    "sa": "السنسكريتية",
    "sc": "السردينية",
    "sd": "السندية",
    "si": "السنهالية",
    "sk": "السلوفاكية",
    "sl": "السلوفانية",
    "sn": "الشونا",
    "so": "الصومالية",
    "sq": "الألبانية",
    "sr_Cyrl": "الصربية",
    "sr_Latn": "الصربية",
    "sr_Latn_ME": "الصربية (الجبل الأسود)",
    "su": "السوندانية",
    "sv": "السويدية",
    "sw": "السواحلية",
    "ta": "التاميلية",
    "te": "التيلوغوية",
    "tg": "الطاجيكية",
    "th": "التايلاندية",
    "ti": "التغرينية",
    "tk": "التركمانية",
    "tl": "التاغالوغية",
    "tr": "التركية",
    "tt": "التترية",
    "ug": "الأويغورية",
    "uk": "الأوكرانية",
    "ur": "الأوردية",
    "uz_Cyrl": "الأوزبكية",
    "uz_Latn": "الأوزبكية",
    "vi": "الفيتنامية",
    "xh": "الخوسا",
    "yi": "اليديشية",
    "yo": "اليوروبا",
    "zh_CN": "الصينية (الصين)",
    "zh_HK": "الصينية (هونغ كونغ الصينية (منطقة إدارية خاصة))",
    "zh_TW": "الصينية (تايوان)",
    "zu": "الزولو"
}
