{
    "af": "আফ্ৰিকানছ্",
    "ak": "আকান",
    "am": "আমহাৰিক",
    "ar": "আৰবী",
    "as": "অসমীয়া",
    "az": "আজেৰবাইজানী",
    "be": "বেলাৰুছীয়",
    "bg": "বুলগেৰীয়",
    "bho": "ভোজপুৰী",
    "bm": "বামবাৰা",
    "bn": "বাংলা",
    "bs": "বছনীয়",
    "ca": "কাতালান",
    "ceb": "চিবুৱানো",
    "ckb": "চেণ্ট্ৰেল কুৰ্ডিচ",
    "cs": "চেক",
    "cy": "ৱেলচ",
    "da": "ডেনিচ",
    "de": "জাৰ্মান",
    "de_CH": "জাৰ্মান (চুইজাৰলেণ্ড)",
    "doi": "ডোগ্ৰী",
    "ee": "ইৱে",
    "el": "গ্ৰীক",
    "en": "ইংৰাজী",
    "en_CA": "ইংৰাজী (কানাডা)",
    "eo": "এস্পেৰান্তো",
    "es": "স্পেনিচ",
    "et": "এষ্টোনিয়",
    "eu": "বাস্ক",
    "fa": "ফাৰ্ছী",
    "fi": "ফিনিচ",
    "fil": "ফিলিপিনো",
    "fr": "ফ্ৰেন্স",
    "fy": "ৱেষ্টাৰ্ণ ফ্ৰিছিয়ান",
    "ga": "আইৰিচ",
    "gd": "স্কটিচ গেইলিক",
    "gl": "গেলিচিয়ান",
    "gu": "গুজৰাটী",
    "ha": "হাউছা",
    "haw": "হাৱাই",
    "he": "হিব্ৰু",
    "hi": "হিন্দী",
    "hr": "ক্ৰোৱেচিয়ান",
    "hu": "হাঙ্গেৰিয়ান",
    "hy": "আৰ্মেনীয়",
    "id": "ইণ্ডোনেচিয়",
    "ig": "ইগ্বো",
    "is": "আইচলেণ্ডিক",
    "it": "ইটালিয়ান",
    "ja": "জাপানী",
    "ka": "জৰ্জিয়ান",
    "kk": "কাজাখ",
    "km": "খমেৰ",
    "kn": "কানাড়া",
    "ko": "কোৰিয়ান",
    "ku": "কুৰ্ডিচ",
    "ky": "কিৰ্গিজ",
    "lb": "লাক্সেমবাৰ্গিচ",
    "lg": "গান্দা",
    "ln": "লিংগালা",
    "lo": "লাও",
    "lt": "লিথুৱানিয়ান",
    "lv": "লাটভিয়ান",
    "mai": "মৈথিলী",
    "mg": "মালাগাছী",
    "mi": "মাওৰি",
    "mk": "মেচিডোনীয়",
    "ml": "মালায়ালম",
    "mn": "মংগোলীয়",
    "mni_Mtei": "মণিপুৰী",
    "mr": "মাৰাঠী",
    "ms": "মালয়",
    "mt": "মাল্টিজ",
    "my": "বাৰ্মীজ",
    "nb": "নৰৱেজিয়ান বোকমাল",
    "ne": "নেপালী",
    "nl": "ডাচ",
    "nn": "নৰৱেজিয়ান নায়নোৰ্স্ক",
    "oc": "অ’চিটান",
    "om": "ওৰোমো",
    "or": "ওড়িয়া",
    "pa": "পাঞ্জাবী",
    "pl": "প’লিচ",
    "ps": "পুস্ত",
    "pt": "পৰ্তুগীজ",
    "pt_BR": "পৰ্তুগীজ (ব্ৰাজিল)",
    "qu": "কুৱেচুৱা",
    "ro": "ৰোমানীয়",
    "ru": "ৰাছিয়ান",
    "rw": "কিনয়াৰোৱাণ্ডা",
    "sa": "সংস্কৃত",
    "sc": "ছাৰ্ডিনিয়ান",
    "sd": "সিন্ধী",
    "si": "সিংহলা",
    "sk": "শ্লোভাক",
    "sl": "শ্লোভেনিয়ান",
    "sn": "চোনা",
    "so": "ছোমালি",
    "sq": "আলবেনীয়",
    "sr_Cyrl": "ছাৰ্বিয়ান",
    "sr_Latn": "ছাৰ্বিয়ান",
    "sr_Latn_ME": "ছাৰ্বিয়ান (মণ্টেনেগ্ৰু)",
    "su": "ছুণ্ডানীজ",
    "sv": "ছুইডিচ",
    "sw": "স্বাহিলি",
    "ta": "তামিল",
    "te": "তেলুগু",
    "tg": "তাজিক",
    "th": "থাই",
    "ti": "টিগৰিনিয়া",
    "tk": "তুৰ্কমেন",
    "tl": "Tagalog",
    "tr": "তুৰ্কী",
    "tt": "তাতাৰ",
    "ug": "উইঘুৰ",
    "uk": "ইউক্ৰেইনীয়",
    "ur": "উৰ্দু",
    "uz_Cyrl": "উজবেক",
    "uz_Latn": "উজবেক",
    "vi": "ভিয়েটনামী",
    "xh": "হোছা",
    "yi": "ইদ্দিছ",
    "yo": "ইউৰুবা",
    "zh_CN": "চীনা (চীন)",
    "zh_HK": "চীনা (হং কং এছ. এ. আৰ. চীন)",
    "zh_TW": "চীনা (টাইৱান)",
    "zu": "ঝুলু"
}
