{
    "af": "Afrikaans",
    "ak": "Akan",
    "am": "Amhar",
    "ar": "Ərəb",
    "as": "Assam",
    "az": "Azərbaycan",
    "be": "Belarus",
    "bg": "Bolqar",
    "bho": "Bxoçpuri",
    "bm": "Bambara",
    "bn": "Benqal",
    "bs": "Bosniya",
    "ca": "Katalan",
    "ceb": "Sebuan",
    "ckb": "Mərkəzi Kürdcə",
    "cs": "Çex",
    "cy": "Uels",
    "da": "Danimarka",
    "de": "Alman",
    "de_CH": "Alman (İsveçrə)",
    "doi": "Doqri",
    "ee": "Eve",
    "el": "Yunan",
    "en": "Ingilis",
    "en_CA": "Ingilis (Kanada)",
    "eo": "Esperanto",
    "es": "Ispan",
    "et": "Eston",
    "eu": "Bask",
    "fa": "Fars",
    "fi": "Fin",
    "fil": "Filippin",
    "fr": "Fransız",
    "fy": "Qərbi Friz",
    "ga": "Irland",
    "gd": "Şotlandiya Keltcəsi",
    "gl": "Qalisiya",
    "gu": "Qucarat",
    "ha": "Hausa",
    "haw": "Havay",
    "he": "Ivrit",
    "hi": "Hind",
    "hr": "Xorvat",
    "hu": "Macar",
    "hy": "Erməni",
    "id": "Indoneziya",
    "ig": "Iqbo",
    "is": "Island",
    "it": "Italyan",
    "ja": "Yapon",
    "ka": "Gürcü",
    "kk": "Qazax",
    "km": "Kxmer",
    "kn": "Kannada",
    "ko": "Koreya",
    "ku": "Kürd",
    "ky": "Qırğız",
    "lb": "Lüksemburq",
    "lg": "Qanda",
    "ln": "Linqala",
    "lo": "Laos",
    "lt": "Litva",
    "lv": "Latış",
    "mai": "Maitili",
    "mg": "Malaqas",
    "mi": "Māori",
    "mk": "Makedon",
    "ml": "Malayalam",
    "mn": "Monqol",
    "mni_Mtei": "Manipüri",
    "mr": "Marathi",
    "ms": "Malay",
    "mt": "Malta",
    "my": "Birman",
    "nb": "Bokmal Norveç",
    "ne": "Nepal",
    "nl": "Holland",
    "nn": "Nünorsk Norveç",
    "oc": "Oksitan",
    "om": "Oromo",
    "or": "Odiya",
    "pa": "Pəncab",
    "pl": "Polyak",
    "ps": "Puştu",
    "pt": "Portuqal",
    "pt_BR": "Portuqal (Braziliya)",
    "qu": "Keçua",
    "ro": "Rumın",
    "ru": "Rus",
    "rw": "Kinyarvanda",
    "sa": "Sanskrit",
    "sc": "Sardin",
    "sd": "Sindhi",
    "si": "Sinhala",
    "sk": "Slovak",
    "sl": "Sloven",
    "sn": "Şona",
    "so": "Somali",
    "sq": "Alban",
    "sr_Cyrl": "Serb",
    "sr_Latn": "Serb",
    "sr_Latn_ME": "Serb (Monteneqro)",
    "su": "Sundan",
    "sv": "Isveç",
    "sw": "Suahili",
    "ta": "Tamil",
    "te": "Teluqu",
    "tg": "Tacik",
    "th": "Tay",
    "ti": "Tiqrin",
    "tk": "Türkmən",
    "tl": "Taqaloq",
    "tr": "Türk",
    "tt": "Tatar",
    "ug": "Uyğur",
    "uk": "Ukrayna",
    "ur": "Urdu",
    "uz_Cyrl": "Özbək",
    "uz_Latn": "Özbək",
    "vi": "Vyetnam",
    "xh": "Xosa",
    "yi": "Idiş",
    "yo": "Yoruba",
    "zh_CN": "Çin (Çin)",
    "zh_HK": "Çin (Honq Konq Xüsusi İnzibati Rayonu Çin)",
    "zh_TW": "Çin (Tayvan)",
    "zu": "Zulu"
}
