{
    "af": "Афрыкаанс",
    "ak": "Акан",
    "am": "Амхарская",
    "ar": "Арабская",
    "as": "Асамская",
    "az": "Азербайджанская",
    "be": "Беларуская",
    "bg": "Балгарская",
    "bho": "Бхаджпуры",
    "bm": "Бамбара",
    "bn": "Бенгальская",
    "bs": "Баснійская",
    "ca": "Каталанская",
    "ceb": "Себуана",
    "ckb": "Цэнтральнакурдская",
    "cs": "Чэшская",
    "cy": "Валійская",
    "da": "Дацкая",
    "de": "Нямецкая",
    "de_CH": "Нямецкая (Швейцарыя)",
    "doi": "Догры",
    "ee": "Эве",
    "el": "Грэчаская",
    "en": "Англійская",
    "en_CA": "Англійская (Канада)",
    "eo": "Эсперанта",
    "es": "Іспанская",
    "et": "Эстонская",
    "eu": "Баскская",
    "fa": "Фарсі",
    "fi": "Фінская",
    "fil": "Філіпінская",
    "fr": "Французская",
    "fy": "Заходняя Фрызская",
    "ga": "Ірландская",
    "gd": "Шатландская Гэльская",
    "gl": "Галісійская",
    "gu": "Гуджараці",
    "ha": "Хауса",
    "haw": "Гавайская",
    "he": "Іўрыт",
    "hi": "Хіндзі",
    "hr": "Харвацкая",
    "hu": "Венгерская",
    "hy": "Армянская",
    "id": "Інданезійская",
    "ig": "Ігба",
    "is": "Ісландская",
    "it": "Італьянская",
    "ja": "Японская",
    "ka": "Грузінская",
    "kk": "Казахская",
    "km": "Кхмерская",
    "kn": "Канада",
    "ko": "Карэйская",
    "ku": "Курдская",
    "ky": "Кіргізская",
    "lb": "Люксембургская",
    "lg": "Ганда",
    "ln": "Лінгала",
    "lo": "Лаоская",
    "lt": "Літоўская",
    "lv": "Латышская",
    "mai": "Майтхілі",
    "mg": "Малагасійская",
    "mi": "Маары",
    "mk": "Македонская",
    "ml": "Малаялам",
    "mn": "Мангольская",
    "mni_Mtei": "Мейтэй",
    "mr": "Маратхі",
    "ms": "Малайская",
    "mt": "Мальтыйская",
    "my": "Бірманская",
    "nb": "Нарвежская (Букмол)",
    "ne": "Непальская",
    "nl": "Нідэрландская",
    "nn": "Нарвежская (Нюношк)",
    "oc": "Аксітанская",
    "om": "Арома",
    "or": "Орыя",
    "pa": "Панджабі",
    "pl": "Польская",
    "ps": "Пушту",
    "pt": "Партугальская",
    "pt_BR": "Партугальская (Бразілія)",
    "qu": "Кечуа",
    "ro": "Румынская",
    "ru": "Руская",
    "rw": "Руанда",
    "sa": "Санскрыт",
    "sc": "Сардзінская",
    "sd": "Сіндхі",
    "si": "Сінгальская",
    "sk": "Славацкая",
    "sl": "Славенская",
    "sn": "Шона",
    "so": "Самалі",
    "sq": "Албанская",
    "sr_Cyrl": "Сербская",
    "sr_Latn": "Сербская",
    "sr_Latn_ME": "Сербская (Чарнагорыя)",
    "su": "Сунда",
    "sv": "Шведская",
    "sw": "Суахілі",
    "ta": "Тамільская",
    "te": "Тэлугу",
    "tg": "Таджыкская",
    "th": "Тайская",
    "ti": "Тыгрынья",
    "tk": "Туркменская",
    "tl": "Tagalog",
    "tr": "Турэцкая",
    "tt": "Татарская",
    "ug": "Уйгурская",
    "uk": "Украінская",
    "ur": "Урду",
    "uz_Cyrl": "Узбекская",
    "uz_Latn": "Узбекская",
    "vi": "В’етнамская",
    "xh": "Коса",
    "yi": "Ідыш",
    "yo": "Ёруба",
    "zh_CN": "Кітайская (Кітай)",
    "zh_HK": "Кітайская (Ганконг, Сар (Кітай))",
    "zh_TW": "Кітайская (Тайвань)",
    "zu": "Зулу"
}
