{
    "af": "Африканс",
    "ak": "Акан",
    "am": "Амхарски",
    "ar": "Арабски",
    "as": "Асамски",
    "az": "Азербайджански",
    "be": "Беларуски",
    "bg": "Български",
    "bho": "Боджпури",
    "bm": "Бамбара",
    "bn": "Бенгалски",
    "bs": "Босненски",
    "ca": "Каталонски",
    "ceb": "Себуански",
    "ckb": "Кюрдски (Централен)",
    "cs": "Чешки",
    "cy": "Уелски",
    "da": "Датски",
    "de": "Немски",
    "de_CH": "Немски (Швейцария)",
    "doi": "Догри",
    "ee": "Еве",
    "el": "Гръцки",
    "en": "Английски",
    "en_CA": "Английски (Канада)",
    "eo": "Есперанто",
    "es": "Испански",
    "et": "Естонски",
    "eu": "Баски",
    "fa": "Персийски",
    "fi": "Фински",
    "fil": "Филипински",
    "fr": "Френски",
    "fy": "Западнофризийски",
    "ga": "Ирландски",
    "gd": "Шотландски Келтски",
    "gl": "Галисийски",
    "gu": "Гуджарати",
    "ha": "Хауса",
    "haw": "Хавайски",
    "he": "Иврит",
    "hi": "Хинди",
    "hr": "Хърватски",
    "hu": "Унгарски",
    "hy": "Арменски",
    "id": "Индонезийски",
    "ig": "Игбо",
    "is": "Исландски",
    "it": "Италиански",
    "ja": "Японски",
    "ka": "Грузински",
    "kk": "Казахски",
    "km": "Кхмерски",
    "kn": "Каннада",
    "ko": "Корейски",
    "ku": "Кюрдски",
    "ky": "Киргизки",
    "lb": "Люксембургски",
    "lg": "Ганда",
    "ln": "Лингала",
    "lo": "Лаоски",
    "lt": "Литовски",
    "lv": "Латвийски",
    "mai": "Майтхили",
    "mg": "Малгашки",
    "mi": "Маорски",
    "mk": "Македонски",
    "ml": "Малаялам",
    "mn": "Монголски",
    "mni_Mtei": "Манипурски",
    "mr": "Марати",
    "ms": "Малайски",
    "mt": "Малтийски",
    "my": "Бирмански",
    "nb": "Норвежки (Букмол)",
    "ne": "Непалски",
    "nl": "Нидерландски",
    "nn": "Норвежки (Нюношк)",
    "oc": "Окситански",
    "om": "Оромо",
    "or": "Ория",
    "pa": "Пенджабски",
    "pl": "Полски",
    "ps": "Пущу",
    "pt": "Португалски",
    "pt_BR": "Португалски (Бразилия)",
    "qu": "Кечуа",
    "ro": "Румънски",
    "ru": "Руски",
    "rw": "Киняруанда",
    "sa": "Санскрит",
    "sc": "Сардински",
    "sd": "Синдхи",
    "si": "Синхалски",
    "sk": "Словашки",
    "sl": "Словенски",
    "sn": "Шона",
    "so": "Сомалийски",
    "sq": "Албански",
    "sr_Cyrl": "Сръбски",
    "sr_Latn": "Сръбски",
    "sr_Latn_ME": "Сръбски (Черна Гора)",
    "su": "Сундански",
    "sv": "Шведски",
    "sw": "Суахили",
    "ta": "Тамилски",
    "te": "Телугу",
    "tg": "Таджикски",
    "th": "Тайски",
    "ti": "Тигриня",
    "tk": "Туркменски",
    "tl": "Тагалог",
    "tr": "Турски",
    "tt": "Татарски",
    "ug": "Уйгурски",
    "uk": "Украински",
    "ur": "Урду",
    "uz_Cyrl": "Узбекски",
    "uz_Latn": "Узбекски",
    "vi": "Виетнамски",
    "xh": "Кхоса",
    "yi": "Идиш",
    "yo": "Йоруба",
    "zh_CN": "Китайски (Китай)",
    "zh_HK": "Китайски (Хонконг, Сар На Китай)",
    "zh_TW": "Китайски (Тайван)",
    "zu": "Зулуски"
}
