{
    "af": "Afrikaans",
    "ak": "Akankan",
    "am": "Amarikikan",
    "ar": "Larabukan",
    "as": "Assamese",
    "az": "Azerbaijani",
    "be": "Biyelorisikan",
    "bg": "Buligarikan",
    "bho": "Bhojpuri",
    "bm": "Bamanakan",
    "bn": "Bɛngalikan",
    "bs": "Bosnian",
    "ca": "Catalan",
    "ceb": "Cebuano",
    "ckb": "Central Kurdish",
    "cs": "Cɛkikan",
    "cy": "Welsh",
    "da": "Danish",
    "de": "Alimaɲikan",
    "de_CH": "Alimaɲikan (Suwisi)",
    "doi": "Dogri",
    "ee": "Ewe",
    "el": "Gɛrɛsikan",
    "en": "Angilɛkan",
    "en_CA": "Angilɛkan (Kanada)",
    "eo": "Esperanto",
    "es": "Esipaɲolkan",
    "et": "Estonian",
    "eu": "Basque",
    "fa": "Perisanikan",
    "fi": "Finnish",
    "fil": "Filipino",
    "fr": "Tubabukan",
    "fy": "Western Frisian",
    "ga": "Irish",
    "gd": "Scottish Gaelic",
    "gl": "Galician",
    "gu": "Gujarati",
    "ha": "Awusakan",
    "haw": "Hawaiian",
    "he": "Hebrew",
    "hi": "Inidikan",
    "hr": "Croatian",
    "hu": "Oŋirikan",
    "hy": "Armenian",
    "id": "Ɛndonezikan",
    "ig": "Igibokan",
    "is": "Icelandic",
    "it": "Italikan",
    "ja": "Zapɔnekan",
    "ka": "Georgian",
    "kk": "Kazakh",
    "km": "Kambojikan",
    "kn": "Kannada",
    "ko": "Korekan",
    "ku": "Kurdish",
    "ky": "Kyrgyz",
    "lb": "Luxembourgish",
    "lg": "Ganda",
    "ln": "Lingala",
    "lo": "Lao",
    "lt": "Lithuanian",
    "lv": "Latvian",
    "mai": "Maithili",
    "mg": "Malagasy",
    "mi": "Māori",
    "mk": "Macedonian",
    "ml": "Malayalam",
    "mn": "Mongolian",
    "mni_Mtei": "Mni",
    "mr": "Marathi",
    "ms": "Malɛzikan",
    "mt": "Maltese",
    "my": "Birimanikan",
    "nb": "Norwegian Bokmål",
    "ne": "Nepalekan",
    "nl": "Olandekan",
    "nn": "Norwegian Nynorsk",
    "oc": "Occitan",
    "om": "Oromo",
    "or": "Odia",
    "pa": "Pɛnijabikan",
    "pl": "Polonekan",
    "ps": "Pashto",
    "pt": "Pɔritigalikan",
    "pt_BR": "Pɔritigalikan (Berezili)",
    "qu": "Quechua",
    "ro": "Rumanikan",
    "ru": "Irisikan",
    "rw": "Ruwandakan",
    "sa": "Sanskrit",
    "sc": "Sardinian",
    "sd": "Sindhi",
    "si": "Sinhala",
    "sk": "Slovak",
    "sl": "Slovenian",
    "sn": "Shona",
    "so": "Somalikan",
    "sq": "Albanian",
    "sr_Cyrl": "Sr",
    "sr_Latn": "Sr",
    "sr_Latn_ME": "Sr (Me)",
    "su": "Sundanese",
    "sv": "Suwɛdikan",
    "sw": "Swahili",
    "ta": "Tamulikan",
    "te": "Telugu",
    "tg": "Tajik",
    "th": "Tayikan",
    "ti": "Tigrinya",
    "tk": "Turkmen",
    "tl": "Tagalog",
    "tr": "Turikikan",
    "tt": "Tatar",
    "ug": "Uyghur",
    "uk": "Ukɛrɛnikan",
    "ur": "Urudukan",
    "uz_Cyrl": "Uz",
    "uz_Latn": "Uz",
    "vi": "Wiyɛtinamukan",
    "xh": "Xhosa",
    "yi": "Yiddish",
    "yo": "Yorubakan",
    "zh_CN": "Siniwakan (Siniwajamana)",
    "zh_HK": "Siniwakan (Hk)",
    "zh_TW": "Siniwakan (Tayiwani)",
    "zu": "Zulukan"
}
