{
    "af": "আফ্রিকান",
    "ak": "আকান",
    "am": "আমহারিক",
    "ar": "আরবী",
    "as": "অসমীয়া",
    "az": "আজারবাইজানী",
    "be": "বেলারুশিয়",
    "bg": "বুলগেরিয়",
    "bho": "ভোজপুরি",
    "bm": "বামবারা",
    "bn": "বাংলা",
    "bs": "বসনীয়",
    "ca": "কাতালান",
    "ceb": "চেবুয়ানো",
    "ckb": "মধ্য কুর্দিশ",
    "cs": "চেক",
    "cy": "ওয়েলশ",
    "da": "ডেনিশ",
    "de": "জার্মান",
    "de_CH": "জার্মান (সুইজারল্যান্ড)",
    "doi": "ডোগরি",
    "ee": "ইউয়ি",
    "el": "গ্রিক",
    "en": "ইংরেজি",
    "en_CA": "ইংরেজি (কানাডা)",
    "eo": "এস্পেরান্তো",
    "es": "স্প্যানিশ",
    "et": "এস্তোনীয়",
    "eu": "বাস্ক",
    "fa": "ফার্সি",
    "fi": "ফিনিশ",
    "fil": "ফিলিপিনো",
    "fr": "ফরাসি",
    "fy": "পশ্চিম ফ্রিসিয়ান",
    "ga": "আইরিশ",
    "gd": "স্কটিশ-গ্যেলিক",
    "gl": "গ্যালিশিয়",
    "gu": "গুজরাটি",
    "ha": "হাউসা",
    "haw": "হাওয়াইয়ান",
    "he": "হিব্রু",
    "hi": "হিন্দি",
    "hr": "ক্রোয়েশীয়",
    "hu": "হাঙ্গেরীয়",
    "hy": "আর্মেনিয়",
    "id": "ইন্দোনেশীয়",
    "ig": "ইগ্‌বো",
    "is": "আইসল্যান্ডীয়",
    "it": "ইতালিয়",
    "ja": "জাপানি",
    "ka": "জর্জিয়ান",
    "kk": "কাজাখ",
    "km": "খমের",
    "kn": "কন্নড়",
    "ko": "কোরিয়ান",
    "ku": "কুর্দিশ",
    "ky": "কির্গিজ",
    "lb": "লুক্সেমবার্গীয়",
    "lg": "গান্ডা",
    "ln": "লিঙ্গালা",
    "lo": "লাও",
    "lt": "লিথুয়েনীয়",
    "lv": "লাত্‌ভীয়",
    "mai": "মৈথিলি",
    "mg": "মালাগাসি",
    "mi": "মাওরি",
    "mk": "ম্যাসিডোনীয়",
    "ml": "মালায়ালাম",
    "mn": "মঙ্গোলিয়",
    "mni_Mtei": "মণিপুরী",
    "mr": "মারাঠি",
    "ms": "মালয়",
    "mt": "মল্টিয়",
    "my": "বর্মি",
    "nb": "নরওয়েজিয়ান বোকমাল",
    "ne": "নেপালী",
    "nl": "ওলন্দাজ",
    "nn": "নরওয়েজিয়ান নিনর্স্ক",
    "oc": "অক্সিটান",
    "om": "অরোমো",
    "or": "ওড়িয়া",
    "pa": "পাঞ্জাবী",
    "pl": "পোলিশ",
    "ps": "পাশতু",
    "pt": "পর্তুগীজ",
    "pt_BR": "পর্তুগীজ (ব্রাজিল)",
    "qu": "কেচুয়া",
    "ro": "রোমানীয়",
    "ru": "রুশ",
    "rw": "কিনয়ারোয়ান্ডা",
    "sa": "সংস্কৃত",
    "sc": "সার্ডিনিয়ান",
    "sd": "সিন্ধি",
    "si": "সিংহলী",
    "sk": "স্লোভাক",
    "sl": "স্লোভেনীয়",
    "sn": "শোনা",
    "so": "সোমালি",
    "sq": "আলবেনীয়",
    "sr_Cyrl": "সার্বীয়",
    "sr_Latn": "সার্বীয়",
    "sr_Latn_ME": "সার্বীয় (মন্টিনিগ্রো)",
    "su": "সুদানী",
    "sv": "সুইডিশ",
    "sw": "সোয়াহিলি",
    "ta": "তামিল",
    "te": "তেলুগু",
    "tg": "তাজিক",
    "th": "থাই",
    "ti": "তিগরিনিয়া",
    "tk": "তুর্কমেনী",
    "tl": "তাগালগ",
    "tr": "তুর্কী",
    "tt": "তাতার",
    "ug": "উইঘুর",
    "uk": "ইউক্রেনীয়",
    "ur": "উর্দু",
    "uz_Cyrl": "উজবেক",
    "uz_Latn": "উজবেক",
    "vi": "ভিয়েতনামী",
    "xh": "জোসা",
    "yi": "ইদ্দিশ",
    "yo": "ইওরুবা",
    "zh_CN": "চীনা (চীন)",
    "zh_HK": "চীনা (হংকং এসএআর চীনা)",
    "zh_TW": "চীনা (তাইওয়ান)",
    "zu": "জুলু"
}
