{
    "af": "Afrikaans",
    "ak": "Àkan",
    "am": "Amhàric",
    "ar": "Àrab",
    "as": "Assamès",
    "az": "Azerbaidjanès",
    "be": "Belarús",
    "bg": "Búlgar",
    "bho": "Bhojpuri",
    "bm": "Bambara",
    "bn": "Bengalí",
    "bs": "Bosnià",
    "ca": "Català",
    "ceb": "Cebuà",
    "ckb": "Kurd Central",
    "cs": "Txec",
    "cy": "Gal·lès",
    "da": "Danès",
    "de": "Alemany",
    "de_CH": "Alemany (Suïssa)",
    "doi": "Dogri",
    "ee": "Ewe",
    "el": "Grec",
    "en": "Anglès",
    "en_CA": "Anglès (Canadà)",
    "eo": "Esperanto",
    "es": "Espanyol",
    "et": "Estonià",
    "eu": "Basc",
    "fa": "Persa",
    "fi": "Finès",
    "fil": "Filipí",
    "fr": "Francès",
    "fy": "Frisó Occidental",
    "ga": "Irlandès",
    "gd": "Gaèlic Escocès",
    "gl": "Gallec",
    "gu": "Gujarati",
    "ha": "Haussa",
    "haw": "Hawaià",
    "he": "Hebreu",
    "hi": "Hindi",
    "hr": "Croat",
    "hu": "Hongarès",
    "hy": "Armeni",
    "id": "Indonesi",
    "ig": "Igbo",
    "is": "Islandès",
    "it": "Italià",
    "ja": "Japonès",
    "ka": "Georgià",
    "kk": "Kazakh",
    "km": "Khmer",
    "kn": "Kannada",
    "ko": "Coreà",
    "ku": "Kurd",
    "ky": "Kirguís",
    "lb": "Luxemburguès",
    "lg": "Ganda",
    "ln": "Lingala",
    "lo": "Laosià",
    "lt": "Lituà",
    "lv": "Letó",
    "mai": "Maithili",
    "mg": "Malgaix",
    "mi": "Maori",
    "mk": "Macedoni",
    "ml": "Malaiàlam",
    "mn": "Mongol",
    "mni_Mtei": "Manipurí",
    "mr": "Marathi",
    "ms": "Malai",
    "mt": "Maltès",
    "my": "Birmà",
    "nb": "Noruec Bokmål",
    "ne": "Nepalès",
    "nl": "Neerlandès",
    "nn": "Noruec Nynorsk",
    "oc": "Occità",
    "om": "Oromo",
    "or": "Oriya",
    "pa": "Panjabi",
    "pl": "Polonès",
    "ps": "Paixtu",
    "pt": "Portuguès",
    "pt_BR": "Portuguès (Brasil)",
    "qu": "Quítxua",
    "ro": "Romanès",
    "ru": "Rus",
    "rw": "Ruandès",
    "sa": "Sànscrit",
    "sc": "Sard",
    "sd": "Sindi",
    "si": "Singalès",
    "sk": "Eslovac",
    "sl": "Eslovè",
    "sn": "Shona",
    "so": "Somali",
    "sq": "Albanès",
    "sr_Cyrl": "Serbi",
    "sr_Latn": "Serbi",
    "sr_Latn_ME": "Serbi (Montenegro)",
    "su": "Sondanès",
    "sv": "Suec",
    "sw": "Suahili",
    "ta": "Tàmil",
    "te": "Telugu",
    "tg": "Tadjik",
    "th": "Tai",
    "ti": "Tigrinya",
    "tk": "Turcman",
    "tl": "Tagal",
    "tr": "Turc",
    "tt": "Tàtar",
    "ug": "Uigur",
    "uk": "Ucraïnès",
    "ur": "Urdú",
    "uz_Cyrl": "Uzbek",
    "uz_Latn": "Uzbek",
    "vi": "Vietnamita",
    "xh": "Xosa",
    "yi": "Ídix",
    "yo": "Ioruba",
    "zh_CN": "Xinès (Xina)",
    "zh_HK": "Xinès (Hong Kong (Rae Xina))",
    "zh_TW": "Xinès (Taiwan)",
    "zu": "Zulu"
}
