{
    "af": "ئەفریکانس",
    "ak": "ئاکان",
    "am": "ئەمھەری",
    "ar": "عەرەبی",
    "as": "ئاسامی",
    "az": "ئازەربایجانی",
    "be": "بیلاڕووسی",
    "bg": "بۆلگاری",
    "bho": "بوجپووری",
    "bm": "بامبارا",
    "bn": "بەنگلادێشی",
    "bs": "بۆسنی",
    "ca": "كاتالۆنی",
    "ceb": "سێبوانۆ",
    "ckb": "کوردیی ناوەندی",
    "cs": "چێکی",
    "cy": "وێلزی",
    "da": "دانماركی",
    "de": "ئەڵمانی",
    "de_CH": "ئەڵمانی (سویسڕا)",
    "doi": "Dogri",
    "ee": "ئێوێیی",
    "el": "یۆنانی",
    "en": "ئینگلیزی",
    "en_CA": "ئینگلیزی (کەنەدا)",
    "eo": "ئێسپیرانتۆ",
    "es": "ئیسپانی",
    "et": "ئیستۆنی",
    "eu": "باسکی",
    "fa": "فارسی",
    "fi": "فینلەندی",
    "fil": "فیلیپینی",
    "fr": "فەرەنسی",
    "fy": "فریسیی ڕۆژاوا",
    "ga": "ئیرلەندی",
    "gd": "گه‌لیكی سكۆتله‌ندی",
    "gl": "گالیسی",
    "gu": "گوجاراتی",
    "ha": "هائووسا",
    "haw": "هاوایی",
    "he": "عیبری",
    "hi": "هیندی",
    "hr": "كرواتی",
    "hu": "هەنگاری",
    "hy": "ئەرمەنی",
    "id": "ئیندۆنیزی",
    "ig": "ئیگبۆ",
    "is": "ئیسلەندی",
    "it": "ئیتالی",
    "ja": "ژاپۆنی",
    "ka": "گۆرجستانی",
    "kk": "کازاخی",
    "km": "خمێر",
    "kn": "کاننادا",
    "ko": "كۆری",
    "ku": "کوردی",
    "ky": "كرگیزی",
    "lb": "لوکسەمبورگی",
    "lg": "گاندا",
    "ln": "لينگالا",
    "lo": "لائۆیی",
    "lt": "لیتوانی",
    "lv": "لێتۆنی",
    "mai": "مائیتیلی",
    "mg": "مالاگاسی",
    "mi": "مائۆری",
    "mk": "ماكێدۆنی",
    "ml": "مالایالام",
    "mn": "مەنگۆلی",
    "mni_Mtei": "مانیپووری",
    "mr": "ماراتی",
    "ms": "مالیزی",
    "mt": "ماڵتی",
    "my": "میانماری",
    "nb": "نەرویژیی بۆکمال",
    "ne": "نیپالی",
    "nl": "هۆڵەندی",
    "nn": "نەرویژیی نینۆرسک",
    "oc": "ئۆکسیتانی",
    "om": "ئۆرۆمۆ",
    "or": "ئۆدیا",
    "pa": "پەنجابی",
    "pl": "پۆڵەندی",
    "ps": "پەشتوو",
    "pt": "پورتوگالی",
    "pt_BR": "پورتوگالی (برازیل)",
    "qu": "کێچوا",
    "ro": "ڕۆمانی",
    "ru": "ڕووسی",
    "rw": "کینیارواندا",
    "sa": "سانسکريت",
    "sc": "ساردینی",
    "sd": "سيندی",
    "si": "سینهالی",
    "sk": "سلۆڤاكی",
    "sl": "سلۆڤێنی",
    "sn": "شۆنا",
    "so": "سۆمالی",
    "sq": "ئەڵبانی",
    "sr_Cyrl": "سربی",
    "sr_Latn": "سربی",
    "sr_Latn_ME": "سربی (مۆنتینیگرۆ)",
    "su": "سوندانی",
    "sv": "سویدی",
    "sw": "سواهیلی",
    "ta": "تامیلی",
    "te": "تێلووگوو",
    "tg": "تاجیکی",
    "th": "تایلەندی",
    "ti": "تیگرینیا",
    "tk": "تورکمانی",
    "tl": "Tagalog",
    "tr": "تورکی",
    "tt": "تاتاری",
    "ug": "ئۆیخۆری",
    "uk": "ئۆكراینی",
    "ur": "ئۆردوو",
    "uz_Cyrl": "ئوزبەکی",
    "uz_Latn": "ئوزبەکی",
    "vi": "ڤیەتنامی",
    "xh": "سسوسا",
    "yi": "ییدیش",
    "yo": "یۆرووبا",
    "zh_CN": "چینی (چین)",
    "zh_HK": "چینی (هۆنگ کۆنگ)",
    "zh_TW": "چینی (تایوان)",
    "zu": "زوولوو"
}
