{
    "af": "Afrikánština",
    "ak": "Akanština",
    "am": "Amharština",
    "ar": "Arabština",
    "as": "Ásámština",
    "az": "Ázerbájdžánština",
    "be": "Běloruština",
    "bg": "Bulharština",
    "bho": "Bhódžpurština",
    "bm": "Bambarština",
    "bn": "Bengálština",
    "bs": "Bosenština",
    "ca": "Katalánština",
    "ceb": "Cebuánština",
    "ckb": "Kurdština (Sorání)",
    "cs": "Čeština",
    "cy": "Velština",
    "da": "Dánština",
    "de": "Němčina",
    "de_CH": "Němčina (Švýcarsko)",
    "doi": "Dogarština",
    "ee": "Eweština",
    "el": "Řečtina",
    "en": "Angličtina",
    "en_CA": "Angličtina (Kanada)",
    "eo": "Esperanto",
    "es": "Španělština",
    "et": "Estonština",
    "eu": "Baskičtina",
    "fa": "Perština",
    "fi": "Finština",
    "fil": "Filipínština",
    "fr": "Francouzština",
    "fy": "Fríština (Západní)",
    "ga": "Irština",
    "gd": "Skotská Gaelština",
    "gl": "Galicijština",
    "gu": "Gudžarátština",
    "ha": "Hauština",
    "haw": "Havajština",
    "he": "Hebrejština",
    "hi": "Hindština",
    "hr": "Chorvatština",
    "hu": "Maďarština",
    "hy": "Arménština",
    "id": "Indonéština",
    "ig": "Igboština",
    "is": "Islandština",
    "it": "Italština",
    "ja": "Japonština",
    "ka": "Gruzínština",
    "kk": "Kazaština",
    "km": "Khmérština",
    "kn": "Kannadština",
    "ko": "Korejština",
    "ku": "Kurdština",
    "ky": "Kyrgyzština",
    "lb": "Lucemburština",
    "lg": "Gandština",
    "ln": "Lingalština",
    "lo": "Laoština",
    "lt": "Litevština",
    "lv": "Lotyština",
    "mai": "Maithiliština",
    "mg": "Malgaština",
    "mi": "Maorština",
    "mk": "Makedonština",
    "ml": "Malajálamština",
    "mn": "Mongolština",
    "mni_Mtei": "Manipurština",
    "mr": "Maráthština",
    "ms": "Malajština",
    "mt": "Maltština",
    "my": "Barmština",
    "nb": "Norština (Bokmål)",
    "ne": "Nepálština",
    "nl": "Nizozemština",
    "nn": "Norština (Nynorsk)",
    "oc": "Okcitánština",
    "om": "Oromština",
    "or": "Urijština",
    "pa": "Paňdžábština",
    "pl": "Polština",
    "ps": "Paštština",
    "pt": "Portugalština",
    "pt_BR": "Portugalština (Brazílie)",
    "qu": "Kečuánština",
    "ro": "Rumunština",
    "ru": "Ruština",
    "rw": "Kiňarwandština",
    "sa": "Sanskrt",
    "sc": "Sardština",
    "sd": "Sindhština",
    "si": "Sinhálština",
    "sk": "Slovenština",
    "sl": "Slovinština",
    "sn": "Šonština",
    "so": "Somálština",
    "sq": "Albánština",
    "sr_Cyrl": "Srbština",
    "sr_Latn": "Srbština",
    "sr_Latn_ME": "Srbština (Černá Hora)",
    "su": "Sundština",
    "sv": "Švédština",
    "sw": "Svahilština",
    "ta": "Tamilština",
    "te": "Telugština",
    "tg": "Tádžičtina",
    "th": "Thajština",
    "ti": "Tigrinijština",
    "tk": "Turkmenština",
    "tl": "Tagalog",
    "tr": "Turečtina",
    "tt": "Tatarština",
    "ug": "Ujgurština",
    "uk": "Ukrajinština",
    "ur": "Urdština",
    "uz_Cyrl": "Uzbečtina",
    "uz_Latn": "Uzbečtina",
    "vi": "Vietnamština",
    "xh": "Xhoština",
    "yi": "Jidiš",
    "yo": "Jorubština",
    "zh_CN": "Čínština (Čína)",
    "zh_HK": "Čínština (Hongkong – Zao Číny)",
    "zh_TW": "Čínština (Tchaj-Wan)",
    "zu": "Zuluština"
}
