{
    "af": "Affricâneg",
    "ak": "Acaneg",
    "am": "Amhareg",
    "ar": "Arabeg",
    "as": "Asameg",
    "az": "Aserbaijaneg",
    "be": "Belarwseg",
    "bg": "Bwlgareg",
    "bho": "Bhojpuri",
    "bm": "Bambareg",
    "bn": "Bengaleg",
    "bs": "Bosnieg",
    "ca": "Catalaneg",
    "ceb": "Cebuano",
    "ckb": "Cwrdeg Sorani",
    "cs": "Tsieceg",
    "cy": "Cymraeg",
    "da": "Daneg",
    "de": "Almaeneg",
    "de_CH": "Almaeneg (Y Swistir)",
    "doi": "Dogri",
    "ee": "Ewe",
    "el": "Groeg",
    "en": "Saesneg",
    "en_CA": "Saesneg (Canada)",
    "eo": "Esperanto",
    "es": "Sbaeneg",
    "et": "Estoneg",
    "eu": "Basgeg",
    "fa": "Perseg",
    "fi": "Ffinneg",
    "fil": "Ffilipineg",
    "fr": "Ffrangeg",
    "fy": "Ffriseg Y Gorllewin",
    "ga": "Gwyddeleg",
    "gd": "Gaeleg Yr Alban",
    "gl": "Galisieg",
    "gu": "Gwjarati",
    "ha": "Hawsa",
    "haw": "Hawäieg",
    "he": "Hebraeg",
    "hi": "Hindi",
    "hr": "Croateg",
    "hu": "Hwngareg",
    "hy": "Armeneg",
    "id": "Indoneseg",
    "ig": "Igbo",
    "is": "Islandeg",
    "it": "Eidaleg",
    "ja": "Japaneeg",
    "ka": "Georgeg",
    "kk": "Casacheg",
    "km": "Chmereg",
    "kn": "Kannada",
    "ko": "Coreeg",
    "ku": "Cwrdeg",
    "ky": "Cirgiseg",
    "lb": "Lwcsembwrgeg",
    "lg": "Ganda",
    "ln": "Lingala",
    "lo": "Laoeg",
    "lt": "Lithwaneg",
    "lv": "Latfieg",
    "mai": "Maithili",
    "mg": "Malagaseg",
    "mi": "Māori",
    "mk": "Macedoneg",
    "ml": "Malayalam",
    "mn": "Mongoleg",
    "mni_Mtei": "Manipwri",
    "mr": "Marathi",
    "ms": "Maleieg",
    "mt": "Malteg",
    "my": "Byrmaneg",
    "nb": "Norwyeg Bokmål",
    "ne": "Nepaleg",
    "nl": "Iseldireg",
    "nn": "Norwyeg Nynorsk",
    "oc": "Ocsitaneg",
    "om": "Oromo",
    "or": "Odia",
    "pa": "Pwnjabeg",
    "pl": "Pwyleg",
    "ps": "Pashto",
    "pt": "Portiwgaleg",
    "pt_BR": "Portiwgaleg (Brasil)",
    "qu": "Quechua",
    "ro": "Rwmaneg",
    "ru": "Rwseg",
    "rw": "Ciniarŵandeg",
    "sa": "Sansgrit",
    "sc": "Sardeg",
    "sd": "Sindhi",
    "si": "Sinhaleg",
    "sk": "Slofaceg",
    "sl": "Slofeneg",
    "sn": "Shona",
    "so": "Somaleg",
    "sq": "Albaneg",
    "sr_Cyrl": "Serbeg",
    "sr_Latn": "Serbeg",
    "sr_Latn_ME": "Serbeg (Montenegro)",
    "su": "Swndaneg",
    "sv": "Swedeg",
    "sw": "Swahili",
    "ta": "Tamileg",
    "te": "Telugu",
    "tg": "Tajiceg",
    "th": "Thai",
    "ti": "Tigrinya",
    "tk": "Tyrcmeneg",
    "tl": "Tagalog",
    "tr": "Tyrceg",
    "tt": "Tatareg",
    "ug": "Uighur",
    "uk": "Wcreineg",
    "ur": "Wrdw",
    "uz_Cyrl": "Wsbeceg",
    "uz_Latn": "Wsbeceg",
    "vi": "Fietnameg",
    "xh": "Xhosa",
    "yi": "Iddew-Almaeneg",
    "yo": "Iorwba",
    "zh_CN": "Tsieinëeg (Tsieina)",
    "zh_HK": "Tsieinëeg (Hong Kong Sar Tsieina)",
    "zh_TW": "Tsieinëeg (Taiwan)",
    "zu": "Swlw"
}
