{
    "af": "Afrikaans",
    "ak": "Akan",
    "am": "Amharisch",
    "ar": "Arabisch",
    "as": "Assamesisch",
    "az": "Aserbaidschanisch",
    "be": "Belarussisch",
    "bg": "Bulgarisch",
    "bho": "Bhodschpuri",
    "bm": "Bambara",
    "bn": "Bengalisch",
    "bs": "Bosnisch",
    "ca": "Katalanisch",
    "ceb": "Cebuano",
    "ckb": "Zentralkurdisch",
    "cs": "Tschechisch",
    "cy": "Walisisch",
    "da": "Dänisch",
    "de": "Deutsch",
    "de_CH": "Deutsch (Schweiz)",
    "doi": "Dogri",
    "ee": "Ewe",
    "el": "Griechisch",
    "en": "Englisch",
    "en_CA": "Englisch (Kanada)",
    "eo": "Esperanto",
    "es": "Spanisch",
    "et": "Estnisch",
    "eu": "Baskisch",
    "fa": "Persisch",
    "fi": "Finnisch",
    "fil": "Filipino",
    "fr": "Französisch",
    "fy": "Westfriesisch",
    "ga": "Irisch",
    "gd": "Gälisch (Schottland)",
    "gl": "Galicisch",
    "gu": "Gujarati",
    "ha": "Haussa",
    "haw": "Hawaiisch",
    "he": "Hebräisch",
    "hi": "Hindi",
    "hr": "Kroatisch",
    "hu": "Ungarisch",
    "hy": "Armenisch",
    "id": "Indonesisch",
    "ig": "Igbo",
    "is": "Isländisch",
    "it": "Italienisch",
    "ja": "Japanisch",
    "ka": "Georgisch",
    "kk": "Kasachisch",
    "km": "Khmer",
    "kn": "Kannada",
    "ko": "Koreanisch",
    "ku": "Kurdisch",
    "ky": "Kirgisisch",
    "lb": "Luxemburgisch",
    "lg": "Ganda",
    "ln": "Lingala",
    "lo": "Laotisch",
    "lt": "Litauisch",
    "lv": "Lettisch",
    "mai": "Maithili",
    "mg": "Malagasy",
    "mi": "Māori",
    "mk": "Mazedonisch",
    "ml": "Malayalam",
    "mn": "Mongolisch",
    "mni_Mtei": "Meithei",
    "mr": "Marathi",
    "ms": "Malaiisch",
    "mt": "Maltesisch",
    "my": "Birmanisch",
    "nb": "Norwegisch (Bokmål)",
    "ne": "Nepalesisch",
    "nl": "Niederländisch",
    "nn": "Norwegisch (Nynorsk)",
    "oc": "Okzitanisch",
    "om": "Oromo",
    "or": "Oriya",
    "pa": "Punjabi",
    "pl": "Polnisch",
    "ps": "Paschtu",
    "pt": "Portugiesisch",
    "pt_BR": "Portugiesisch (Brasilien)",
    "qu": "Quechua",
    "ro": "Rumänisch",
    "ru": "Russisch",
    "rw": "Kinyarwanda",
    "sa": "Sanskrit",
    "sc": "Sardisch",
    "sd": "Sindhi",
    "si": "Singhalesisch",
    "sk": "Slowakisch",
    "sl": "Slowenisch",
    "sn": "Shona",
    "so": "Somali",
    "sq": "Albanisch",
    "sr_Cyrl": "Serbisch",
    "sr_Latn": "Serbisch",
    "sr_Latn_ME": "Serbisch (Montenegro)",
    "su": "Sundanesisch",
    "sv": "Schwedisch",
    "sw": "Suaheli",
    "ta": "Tamil",
    "te": "Telugu",
    "tg": "Tadschikisch",
    "th": "Thailändisch",
    "ti": "Tigrinya",
    "tk": "Turkmenisch",
    "tl": "Tagalog",
    "tr": "Türkisch",
    "tt": "Tatarisch",
    "ug": "Uigurisch",
    "uk": "Ukrainisch",
    "ur": "Urdu",
    "uz_Cyrl": "Usbekisch",
    "uz_Latn": "Usbekisch",
    "vi": "Vietnamesisch",
    "xh": "Xhosa",
    "yi": "Jiddisch",
    "yo": "Yoruba",
    "zh_CN": "Chinesisch (China)",
    "zh_HK": "Chinesisch (Sonderverwaltungsregion Hongkong)",
    "zh_TW": "Chinesisch (Taiwan)",
    "zu": "Zulu"
}
