{
    "af": "Afrikaangbe",
    "ak": "Blugbe",
    "am": "Amhariagbe",
    "ar": "Arabiagbe",
    "as": "Assamegbe",
    "az": "Azerbaijangbe",
    "be": "Belarusiagbe",
    "bg": "Bulgariagbe",
    "bho": "Bhojpuri",
    "bm": "Bambaragbe",
    "bn": "Bengaligbe",
    "bs": "Bosniagbe",
    "ca": "Katalagbe",
    "ceb": "Cebuano",
    "ckb": "Central Kurdish",
    "cs": "Tsɛkgbe",
    "cy": "Walesgbe",
    "da": "Denmarkgbe",
    "de": "Germaniagbe",
    "de_CH": "Germaniagbe (Switzerland Nutome)",
    "doi": "Dogri",
    "ee": "Eʋegbe",
    "el": "Grisigbe",
    "en": "Yevugbe",
    "en_CA": "Yevugbe (Canada Nutome)",
    "eo": "Esperantogbe",
    "es": "Spanishgbe",
    "et": "Estoniagbe",
    "eu": "Basqugbe",
    "fa": "Persiagbe",
    "fi": "Finlanɖgbe",
    "fil": "Filipingbe",
    "fr": "Fransegbe",
    "fy": "Western Frisian",
    "ga": "Irelanɖgbe",
    "gd": "Scottish Gaelic",
    "gl": "Galatagbe",
    "gu": "Gujarati",
    "ha": "Hausagbe",
    "haw": "Hawaigbe",
    "he": "Hebrigbe",
    "hi": "Hindigbe",
    "hr": "Kroatiagbe",
    "hu": "Hungarigbe",
    "hy": "Armeniagbe",
    "id": "Indonesiagbe",
    "ig": "Igbogbe",
    "is": "Icelanɖgbe",
    "it": "Italiagbe",
    "ja": "Japangbe",
    "ka": "Gɔgiagbe",
    "kk": "Kazakhstangbe",
    "km": "Khmergbe",
    "kn": "Kannadagbe",
    "ko": "Koreagbe",
    "ku": "Kurdiagbe",
    "ky": "Kirghistangbe",
    "lb": "Laksembɔggbe",
    "lg": "Ganda",
    "ln": "Lingala",
    "lo": "Laogbe",
    "lt": "Lithuaniagbe",
    "lv": "Latviagbe",
    "mai": "Maithili",
    "mg": "Malagasegbe",
    "mi": "Maorgbe",
    "mk": "Makedoniagbe",
    "ml": "Malayagbe",
    "mn": "Mongoliagbe",
    "mni_Mtei": "Mni",
    "mr": "Marathiagbe",
    "ms": "Malaygbe",
    "mt": "Maltagbe",
    "my": "Burmagbe",
    "nb": "Nɔweigbe Bokmål",
    "ne": "Nepalgbe",
    "nl": "Hollandgbe",
    "nn": "Nɔweigbe Ninɔsk",
    "oc": "Occitan",
    "om": "Oromo",
    "or": "Oriyagbe",
    "pa": "Pundzabgbe",
    "pl": "Polishgbe",
    "ps": "Pashtogbe",
    "pt": "Portuguesegbe",
    "pt_BR": "Portuguesegbe (Brazil Nutome)",
    "qu": "Kwetsuagbe",
    "ro": "Romaniagbe",
    "ru": "Russiagbe",
    "rw": "Ruwandagbe",
    "sa": "Sanskrigbe",
    "sc": "Sardinian",
    "sd": "Sindhgbe",
    "si": "Sinhalgbe",
    "sk": "Slovakiagbe",
    "sl": "Sloveniagbe",
    "sn": "Shonagbe",
    "so": "Somaliagbe",
    "sq": "Albaniagbe",
    "sr_Cyrl": "Serbiagbe",
    "sr_Latn": "Serbiagbe",
    "sr_Latn_ME": "Serbiagbe (Montenegro Nutome)",
    "su": "Sundanese",
    "sv": "Swedengbe",
    "sw": "Swahili",
    "ta": "Tamilgbe",
    "te": "Telegugbe",
    "tg": "Tadzikistangbe",
    "th": "Thailandgbe",
    "ti": "Tigrinyagbe",
    "tk": "Tɛkmengbe",
    "tl": "Tagalogbe",
    "tr": "Turkishgbe",
    "tt": "Tatar",
    "ug": "Uighurgbe",
    "uk": "Ukraingbe",
    "ur": "Urdugbe",
    "uz_Cyrl": "Uzbekistangbe",
    "uz_Latn": "Uzbekistangbe",
    "vi": "Vietnamgbe",
    "xh": "Xhosagbe",
    "yi": "Yiddish",
    "yo": "Yorubagbe",
    "zh_CN": "Chinagbe (Tsaina Nutome)",
    "zh_HK": "Chinagbe (Hɔng Kɔng Sar Tsaina Nutome)",
    "zh_TW": "Chinagbe (Taiwan Nutome)",
    "zu": "Zulugbe"
}
