{
    "af": "Afrikansa",
    "ak": "Akan",
    "am": "Amhara",
    "ar": "Araba",
    "as": "Asama",
    "az": "Azerbajĝana",
    "be": "Belorusa",
    "bg": "Bulgara",
    "bho": "Bhojpuri",
    "bm": "Bambara",
    "bn": "Bengala",
    "bs": "Bosnia",
    "ca": "Kataluna",
    "ceb": "Cebuano",
    "ckb": "Central Kurdish",
    "cs": "Ĉeĥa",
    "cy": "Kimra",
    "da": "Dana",
    "de": "Germana",
    "de_CH": "Germana (Svisujo)",
    "doi": "Dogri",
    "ee": "Ewe",
    "el": "Greka",
    "en": "Angla",
    "en_CA": "Angla (Kanado)",
    "eo": "Esperanto",
    "es": "Hispana",
    "et": "Estona",
    "eu": "Eŭska",
    "fa": "Persa",
    "fi": "Finna",
    "fil": "Filipina",
    "fr": "Franca",
    "fy": "Frisa",
    "ga": "Irlanda",
    "gd": "Gaela",
    "gl": "Galega",
    "gu": "Guĝarata",
    "ha": "Haŭsa",
    "haw": "Havaja",
    "he": "Hebrea",
    "hi": "Hinda",
    "hr": "Kroata",
    "hu": "Hungara",
    "hy": "Armena",
    "id": "Indonezia",
    "ig": "Igbo",
    "is": "Islanda",
    "it": "Itala",
    "ja": "Japana",
    "ka": "Kartvela",
    "kk": "Kazaĥa",
    "km": "Kmera",
    "kn": "Kanara",
    "ko": "Korea",
    "ku": "Kurda",
    "ky": "Kirgiza",
    "lb": "Luksemburga",
    "lg": "Ganda",
    "ln": "Lingala",
    "lo": "Laŭa",
    "lt": "Litova",
    "lv": "Latva",
    "mai": "Maithili",
    "mg": "Malagasa",
    "mi": "Maoria",
    "mk": "Makedona",
    "ml": "Malajalama",
    "mn": "Mongola",
    "mni_Mtei": "Mni",
    "mr": "Marata",
    "ms": "Malaja",
    "mt": "Malta",
    "my": "Birma",
    "nb": "Dannorvega",
    "ne": "Nepala",
    "nl": "Nederlanda",
    "nn": "Novnorvega",
    "oc": "Okcitana",
    "om": "Oroma",
    "or": "Orijo",
    "pa": "Panĝaba",
    "pl": "Pola",
    "ps": "Paŝtoa",
    "pt": "Portugala",
    "pt_BR": "Portugala (Brazilo)",
    "qu": "Keĉua",
    "ro": "Rumana",
    "ru": "Rusa",
    "rw": "Ruanda",
    "sa": "Sanskrito",
    "sc": "Sardinian",
    "sd": "Sinda",
    "si": "Sinhala",
    "sk": "Slovaka",
    "sl": "Slovena",
    "sn": "Ŝona",
    "so": "Somala",
    "sq": "Albana",
    "sr_Cyrl": "Serba",
    "sr_Latn": "Serba",
    "sr_Latn_ME": "Serba (Me)",
    "su": "Sunda",
    "sv": "Sveda",
    "sw": "Svahila",
    "ta": "Tamila",
    "te": "Telugua",
    "tg": "Taĝika",
    "th": "Taja",
    "ti": "Tigraja",
    "tk": "Turkmena",
    "tl": "Tagaloga",
    "tr": "Turka",
    "tt": "Tatara",
    "ug": "Ujgura",
    "uk": "Ukraina",
    "ur": "Urduo",
    "uz_Cyrl": "Uzbeka",
    "uz_Latn": "Uzbeka",
    "vi": "Vjetnama",
    "xh": "Ksosa",
    "yi": "Jida",
    "yo": "Joruba",
    "zh_CN": "Ĉina (Ĉinujo)",
    "zh_HK": "Ĉina (Hk)",
    "zh_TW": "Ĉina (Tajvano)",
    "zu": "Zulua"
}
