{
    "af": "Afrikaani",
    "ak": "Akani",
    "am": "Amhara",
    "ar": "Araabia",
    "as": "Assami",
    "az": "Aserbaidžaani",
    "be": "Valgevene",
    "bg": "Bulgaaria",
    "bho": "Bhodžpuri",
    "bm": "Bambara",
    "bn": "Bengali",
    "bs": "Bosnia",
    "ca": "Katalaani",
    "ceb": "Sebu",
    "ckb": "Sorani",
    "cs": "Tšehhi",
    "cy": "Kõmri",
    "da": "Taani",
    "de": "Saksa",
    "de_CH": "Saksa (Šveits)",
    "doi": "Dogri",
    "ee": "Eve",
    "el": "Kreeka",
    "en": "Inglise",
    "en_CA": "Inglise (Kanada)",
    "eo": "Esperanto",
    "es": "Hispaania",
    "et": "Eesti",
    "eu": "Baski",
    "fa": "Pärsia",
    "fi": "Soome",
    "fil": "Filipiini",
    "fr": "Prantsuse",
    "fy": "Läänefriisi",
    "ga": "Iiri",
    "gd": "Gaeli",
    "gl": "Galeegi",
    "gu": "Gudžarati",
    "ha": "Hausa",
    "haw": "Havai",
    "he": "Heebrea",
    "hi": "Hindi",
    "hr": "Horvaadi",
    "hu": "Ungari",
    "hy": "Armeenia",
    "id": "Indoneesia",
    "ig": "Ibo",
    "is": "Islandi",
    "it": "Itaalia",
    "ja": "Jaapani",
    "ka": "Gruusia",
    "kk": "Kasahhi",
    "km": "Khmeeri",
    "kn": "Kannada",
    "ko": "Korea",
    "ku": "Kurdi",
    "ky": "Kirgiisi",
    "lb": "Letseburgi",
    "lg": "Ganda",
    "ln": "Lingala",
    "lo": "Lao",
    "lt": "Leedu",
    "lv": "Läti",
    "mai": "Maithili",
    "mg": "Malagassi",
    "mi": "Maoori",
    "mk": "Makedoonia",
    "ml": "Malajalami",
    "mn": "Mongoli",
    "mni_Mtei": "Manipuri",
    "mr": "Marathi",
    "ms": "Malai",
    "mt": "Malta",
    "my": "Birma",
    "nb": "Norra Bokmål",
    "ne": "Nepali",
    "nl": "Hollandi",
    "nn": "Uusnorra",
    "oc": "Oksitaani",
    "om": "Oromo",
    "or": "Oria",
    "pa": "Pandžabi",
    "pl": "Poola",
    "ps": "Puštu",
    "pt": "Portugali",
    "pt_BR": "Portugali (Brasiilia)",
    "qu": "Ketšua",
    "ro": "Rumeenia",
    "ru": "Vene",
    "rw": "Ruanda",
    "sa": "Sanskriti",
    "sc": "Sardi",
    "sd": "Sindhi",
    "si": "Singali",
    "sk": "Slovaki",
    "sl": "Sloveeni",
    "sn": "Šona",
    "so": "Somaali",
    "sq": "Albaania",
    "sr_Cyrl": "Serbia",
    "sr_Latn": "Serbia",
    "sr_Latn_ME": "Serbia (Montenegro)",
    "su": "Sunda",
    "sv": "Rootsi",
    "sw": "Suahiili",
    "ta": "Tamili",
    "te": "Telugu",
    "tg": "Tadžiki",
    "th": "Tai",
    "ti": "Tigrinja",
    "tk": "Türkmeeni",
    "tl": "Tagalogi",
    "tr": "Türgi",
    "tt": "Tatari",
    "ug": "Uiguuri",
    "uk": "Ukraina",
    "ur": "Urdu",
    "uz_Cyrl": "Usbeki",
    "uz_Latn": "Usbeki",
    "vi": "Vietnami",
    "xh": "Koosa",
    "yi": "Jidiši",
    "yo": "Joruba",
    "zh_CN": "Hiina (Hiina)",
    "zh_HK": "Hiina (Hongkongi Erihalduspiirkond)",
    "zh_TW": "Hiina (Taiwan)",
    "zu": "Suulu"
}
