{
    "af": "Afrikaansa",
    "ak": "Akanera",
    "am": "Amharera",
    "ar": "Arabiera",
    "as": "Assamera",
    "az": "Azerbaijanera",
    "be": "Bielorrusiera",
    "bg": "Bulgariera",
    "bho": "Bhojpurera",
    "bm": "Bambarera",
    "bn": "Bengalera",
    "bs": "Bosniera",
    "ca": "Katalana",
    "ceb": "Cebuanoera",
    "ckb": "Erdialdeko Kurduera",
    "cs": "Txekiera",
    "cy": "Galesa",
    "da": "Daniera",
    "de": "Alemana",
    "de_CH": "Alemana (Suitza)",
    "doi": "Dogria",
    "ee": "Eweera",
    "el": "Greziera",
    "en": "Ingelesa",
    "en_CA": "Ingelesa (Kanada)",
    "eo": "Esperantoa",
    "es": "Espainiera",
    "et": "Estoniera",
    "eu": "Euskara",
    "fa": "Persiera",
    "fi": "Finlandiera",
    "fil": "Filipinera",
    "fr": "Frantsesa",
    "fy": "Frisiera",
    "ga": "Irlandera",
    "gd": "Eskoziako Gaelikoa",
    "gl": "Galiziera",
    "gu": "Gujaratera",
    "ha": "Hausa",
    "haw": "Hawaiiera",
    "he": "Hebreera",
    "hi": "Hindia",
    "hr": "Kroaziera",
    "hu": "Hungariera",
    "hy": "Armeniera",
    "id": "Indonesiera",
    "ig": "Igboera",
    "is": "Islandiera",
    "it": "Italiera",
    "ja": "Japoniera",
    "ka": "Georgiera",
    "kk": "Kazakhera",
    "km": "Khemerera",
    "kn": "Kannada",
    "ko": "Koreera",
    "ku": "Kurduera",
    "ky": "Kirgizera",
    "lb": "Luxenburgera",
    "lg": "Luganda",
    "ln": "Lingala",
    "lo": "Laosera",
    "lt": "Lituaniera",
    "lv": "Letoniera",
    "mai": "Maithilia",
    "mg": "Malgaxea",
    "mi": "Maoriera",
    "mk": "Mazedoniera",
    "ml": "Malabarera",
    "mn": "Mongoliera",
    "mni_Mtei": "Manipurera",
    "mr": "Marathera",
    "ms": "Malaysiera",
    "mt": "Maltera",
    "my": "Birmaniera",
    "nb": "Bokmål (Norvegiera)",
    "ne": "Nepalera",
    "nl": "Nederlandera",
    "nn": "Nynorsk (Norvegiera)",
    "oc": "Okzitaniera",
    "om": "Oromoera",
    "or": "Oriya",
    "pa": "Punjabera",
    "pl": "Poloniera",
    "ps": "Paxtunera",
    "pt": "Portugesa",
    "pt_BR": "Portugesa (Brasil)",
    "qu": "Kitxua",
    "ro": "Errumaniera",
    "ru": "Errusiera",
    "rw": "Kinyaruanda",
    "sa": "Sanskritoa",
    "sc": "Sardiniera",
    "sd": "Sindhia",
    "si": "Sinhala",
    "sk": "Eslovakiera",
    "sl": "Esloveniera",
    "sn": "Shonera",
    "so": "Somaliera",
    "sq": "Albaniera",
    "sr_Cyrl": "Serbiera",
    "sr_Latn": "Serbiera",
    "sr_Latn_ME": "Serbiera (Montenegro)",
    "su": "Sundanera",
    "sv": "Suediera",
    "sw": "Swahilia",
    "ta": "Tamilera",
    "te": "Telugua",
    "tg": "Tajikera",
    "th": "Thailandiera",
    "ti": "Tigrinyera",
    "tk": "Turkmenera",
    "tl": "Tagaloa",
    "tr": "Turkiera",
    "tt": "Tatarera",
    "ug": "Uigurrera",
    "uk": "Ukrainera",
    "ur": "Urdua",
    "uz_Cyrl": "Uzbekera",
    "uz_Latn": "Uzbekera",
    "vi": "Vietnamera",
    "xh": "Xhosera",
    "yi": "Yiddisha",
    "yo": "Jorubera",
    "zh_CN": "Txinera (Txina)",
    "zh_HK": "Txinera (Hong Kong Txinako Aeb)",
    "zh_TW": "Txinera (Taiwan)",
    "zu": "Zuluera"
}
