{
    "af": "آفریکانس",
    "ak": "آکان",
    "am": "امهری",
    "ar": "عربی",
    "as": "آسامی",
    "az": "ترکی آذربایجانی",
    "be": "بلاروسی",
    "bg": "بلغاری",
    "bho": "بوجپوری",
    "bm": "بامبارایی",
    "bn": "بنگالی",
    "bs": "بوسنیایی",
    "ca": "کاتالان",
    "ceb": "سبویی",
    "ckb": "کردی مرکزی",
    "cs": "چکی",
    "cy": "ولزی",
    "da": "دانمارکی",
    "de": "آلمانی",
    "de_CH": "آلمانی (سوئیس)",
    "doi": "دوگری",
    "ee": "اوه‌ای",
    "el": "یونانی",
    "en": "انگلیسی",
    "en_CA": "انگلیسی (کانادا)",
    "eo": "اسپرانتو",
    "es": "اسپانیایی",
    "et": "استونیایی",
    "eu": "باسکی",
    "fa": "فارسی",
    "fi": "فنلاندی",
    "fil": "فیلیپینی",
    "fr": "فرانسوی",
    "fy": "فریسی غربی",
    "ga": "ایرلندی",
    "gd": "گیلی اسکاتلندی",
    "gl": "گالیسیایی",
    "gu": "گجراتی",
    "ha": "هوسایی",
    "haw": "هاوایی",
    "he": "عبری",
    "hi": "هندی",
    "hr": "کروات",
    "hu": "مجاری",
    "hy": "ارمنی",
    "id": "اندونزیایی",
    "ig": "ایگبویی",
    "is": "ایسلندی",
    "it": "ایتالیایی",
    "ja": "ژاپنی",
    "ka": "گرجی",
    "kk": "قزاقی",
    "km": "خمری",
    "kn": "کانارا",
    "ko": "کره‌ای",
    "ku": "کردی",
    "ky": "قرقیزی",
    "lb": "لوگزامبورگی",
    "lg": "گاندایی",
    "ln": "لینگالا",
    "lo": "لائوسی",
    "lt": "لیتوانیایی",
    "lv": "لتونیایی",
    "mai": "مایدیلی",
    "mg": "مالاگاسی",
    "mi": "مائوری",
    "mk": "مقدونی",
    "ml": "مالایالامی",
    "mn": "مغولی",
    "mni_Mtei": "مانیپوری",
    "mr": "مراتی",
    "ms": "مالایی",
    "mt": "مالتی",
    "my": "برمه‌ای",
    "nb": "نروژی بوک‌مُل",
    "ne": "نپالی",
    "nl": "هلندی",
    "nn": "نروژی نی‌نُشک",
    "oc": "اکسیتان",
    "om": "اورومویی",
    "or": "اوریه‌ای",
    "pa": "پنجابی",
    "pl": "لهستانی",
    "ps": "پشتو",
    "pt": "پرتغالی",
    "pt_BR": "پرتغالی (برزیل)",
    "qu": "کچوایی",
    "ro": "رومانیایی",
    "ru": "روسی",
    "rw": "کینیارواندایی",
    "sa": "سانسکریت",
    "sc": "ساردینیایی",
    "sd": "سندی",
    "si": "سینهالی",
    "sk": "اسلواکی",
    "sl": "اسلوونیایی",
    "sn": "شونایی",
    "so": "سومالیایی",
    "sq": "آلبانیایی",
    "sr_Cyrl": "صربی",
    "sr_Latn": "صربی",
    "sr_Latn_ME": "صربی (مونته‌نگرو)",
    "su": "سوندایی",
    "sv": "سوئدی",
    "sw": "سواحیلی",
    "ta": "تامیلی",
    "te": "تلوگویی",
    "tg": "تاجیکی",
    "th": "تایلندی",
    "ti": "تیگرینیایی",
    "tk": "ترکمنی",
    "tl": "تاگالوگی",
    "tr": "ترکی استانبولی",
    "tt": "تاتاری",
    "ug": "اویغوری",
    "uk": "اوکراینی",
    "ur": "اردو",
    "uz_Cyrl": "ازبکی",
    "uz_Latn": "ازبکی",
    "vi": "ویتنامی",
    "xh": "خوسایی",
    "yi": "یدی",
    "yo": "یوروبایی",
    "zh_CN": "چینی (چین)",
    "zh_HK": "چینی (هنگ‌کنگ، منطقهٔ ویژهٔ اداری چین)",
    "zh_TW": "چینی (تایوان)",
    "zu": "زولویی"
}
