{
    "af": "Afrikaans",
    "ak": "Akan",
    "am": "Amharique",
    "ar": "Arabe",
    "as": "Assamais",
    "az": "Azerbaïdjanais",
    "be": "Biélorusse",
    "bg": "Bulgare",
    "bho": "Bhodjpouri",
    "bm": "Bambara",
    "bn": "Bengali",
    "bs": "Bosniaque",
    "ca": "Catalan",
    "ceb": "Cebuano",
    "ckb": "Sorani",
    "cs": "Tchèque",
    "cy": "Gallois",
    "da": "Danois",
    "de": "Allemand",
    "de_CH": "Allemand (Suisse)",
    "doi": "Dogri",
    "ee": "Éwé",
    "el": "Grec",
    "en": "Anglais",
    "en_CA": "Anglais (Canada)",
    "eo": "Espéranto",
    "es": "Espagnol",
    "et": "Estonien",
    "eu": "Basque",
    "fa": "Persan",
    "fi": "Finnois",
    "fil": "Filipino",
    "fr": "Français",
    "fy": "Frison Occidental",
    "ga": "Irlandais",
    "gd": "Gaélique Écossais",
    "gl": "Galicien",
    "gu": "Goudjarati",
    "ha": "Haoussa",
    "haw": "Hawaïen",
    "he": "Hébreu",
    "hi": "Hindi",
    "hr": "Croate",
    "hu": "Hongrois",
    "hy": "Arménien",
    "id": "Indonésien",
    "ig": "Igbo",
    "is": "Islandais",
    "it": "Italien",
    "ja": "Japonais",
    "ka": "Géorgien",
    "kk": "Kazakh",
    "km": "Khmer",
    "kn": "Kannada",
    "ko": "Coréen",
    "ku": "Kurde",
    "ky": "Kirghize",
    "lb": "Luxembourgeois",
    "lg": "Ganda",
    "ln": "Lingala",
    "lo": "Lao",
    "lt": "Lituanien",
    "lv": "Letton",
    "mai": "Maïthili",
    "mg": "Malgache",
    "mi": "Maori",
    "mk": "Macédonien",
    "ml": "Malayalam",
    "mn": "Mongol",
    "mni_Mtei": "Manipuri",
    "mr": "Marathi",
    "ms": "Malais",
    "mt": "Maltais",
    "my": "Birman",
    "nb": "Norvégien Bokmål",
    "ne": "Népalais",
    "nl": "Néerlandais",
    "nn": "Norvégien Nynorsk",
    "oc": "Occitan",
    "om": "Oromo",
    "or": "Odia",
    "pa": "Pendjabi",
    "pl": "Polonais",
    "ps": "Pachto",
    "pt": "Portugais",
    "pt_BR": "Portugais (Brésil)",
    "qu": "Quechua",
    "ro": "Roumain",
    "ru": "Russe",
    "rw": "Kinyarwanda",
    "sa": "Sanskrit",
    "sc": "Sarde",
    "sd": "Sindhi",
    "si": "Cingalais",
    "sk": "Slovaque",
    "sl": "Slovène",
    "sn": "Shona",
    "so": "Somali",
    "sq": "Albanais",
    "sr_Cyrl": "Serbe",
    "sr_Latn": "Serbe",
    "sr_Latn_ME": "Serbe (Monténégro)",
    "su": "Soundanais",
    "sv": "Suédois",
    "sw": "Swahili",
    "ta": "Tamoul",
    "te": "Télougou",
    "tg": "Tadjik",
    "th": "Thaï",
    "ti": "Tigrigna",
    "tk": "Turkmène",
    "tl": "Tagalog",
    "tr": "Turc",
    "tt": "Tatar",
    "ug": "Ouïghour",
    "uk": "Ukrainien",
    "ur": "Ourdou",
    "uz_Cyrl": "Ouzbek",
    "uz_Latn": "Ouzbek",
    "vi": "Vietnamien",
    "xh": "Xhosa",
    "yi": "Yiddish",
    "yo": "Yoruba",
    "zh_CN": "Chinois (Chine)",
    "zh_HK": "Chinois (R.a.s. Chinoise De Hong Kong)",
    "zh_TW": "Chinois (Taïwan)",
    "zu": "Zoulou"
}
