{
    "af": "Afrikaansk",
    "ak": "Akan",
    "am": "Amhaarsk",
    "ar": "Arabysk",
    "as": "Assameesk",
    "az": "Azerbeidzjaansk",
    "be": "Wyt-Russysk",
    "bg": "Bulgaarsk",
    "bho": "Bhojpuri",
    "bm": "Bambara",
    "bn": "Bengaalsk",
    "bs": "Bosnysk",
    "ca": "Katalaansk",
    "ceb": "Cebuano",
    "ckb": "Soranî",
    "cs": "Tsjechysk",
    "cy": "Welsk",
    "da": "Deensk",
    "de": "Dútsk",
    "de_CH": "Dútsk (Switserlân)",
    "doi": "Dogri",
    "ee": "Ewe",
    "el": "Gryks",
    "en": "Ingelsk",
    "en_CA": "Ingelsk (Canada)",
    "eo": "Esperanto",
    "es": "Spaansk",
    "et": "Estlânsk",
    "eu": "Baskysk",
    "fa": "Perzysk",
    "fi": "Finsk",
    "fil": "Filipynsk",
    "fr": "Frânsk",
    "fy": "Frysk",
    "ga": "Iersk",
    "gd": "Schotsk Gaelic",
    "gl": "Galisysk",
    "gu": "Gujarati",
    "ha": "Hausa",
    "haw": "Hawaïaansk",
    "he": "Hebreeuwsk",
    "hi": "Hindi",
    "hr": "Kroatysk",
    "hu": "Hongaarsk",
    "hy": "Armeensk",
    "id": "Yndonezysk",
    "ig": "Igbo",
    "is": "Yslâns",
    "it": "Italiaansk",
    "ja": "Japans",
    "ka": "Georgysk",
    "kk": "Kazachs",
    "km": "Khmer",
    "kn": "Kannada",
    "ko": "Koreaansk",
    "ku": "Koerdysk",
    "ky": "Kirgizysk",
    "lb": "Luxemburgs",
    "lg": "Ganda",
    "ln": "Lingala",
    "lo": "Laotiaansk",
    "lt": "Litouws",
    "lv": "Letlâns",
    "mai": "Maithili",
    "mg": "Malagasysk",
    "mi": "Maori",
    "mk": "Macedonysk",
    "ml": "Malayalam",
    "mn": "Mongools",
    "mni_Mtei": "Manipoeri",
    "mr": "Marathi",
    "ms": "Maleis",
    "mt": "Maltees",
    "my": "Birmees",
    "nb": "Noors - Bokmål",
    "ne": "Nepalees",
    "nl": "Nederlânsk",
    "nn": "Noors - Nynorsk",
    "oc": "Occitaansk",
    "om": "Oromo",
    "or": "Odia",
    "pa": "Punjabi",
    "pl": "Poalsk",
    "ps": "Pasjtoe",
    "pt": "Portugeesk",
    "pt_BR": "Portugeesk (Brazilië)",
    "qu": "Quechua",
    "ro": "Roemeensk",
    "ru": "Russysk",
    "rw": "Kinyarwanda",
    "sa": "Sanskriet",
    "sc": "Sardinysk",
    "sd": "Sindhi",
    "si": "Singalees",
    "sk": "Slowaaks",
    "sl": "Sloveensk",
    "sn": "Shona",
    "so": "Somalysk",
    "sq": "Albaneesk",
    "sr_Cyrl": "Servysk",
    "sr_Latn": "Servysk",
    "sr_Latn_ME": "Servysk (Montenegro)",
    "su": "Soendaneesk",
    "sv": "Zweeds",
    "sw": "Swahili",
    "ta": "Tamil",
    "te": "Telugu",
    "tg": "Tadzjieks",
    "th": "Thais",
    "ti": "Tigrinya",
    "tk": "Turkmeens",
    "tl": "Tagalog",
    "tr": "Turks",
    "tt": "Tataars",
    "ug": "Oeigoers",
    "uk": "Oekraïens",
    "ur": "Urdu",
    "uz_Cyrl": "Oezbeeks",
    "uz_Latn": "Oezbeeks",
    "vi": "Vietnamees",
    "xh": "Xhosa",
    "yi": "Jiddysk",
    "yo": "Yoruba",
    "zh_CN": "Sineesk (Sina)",
    "zh_HK": "Sineesk (Hongkong Sar Van Sina)",
    "zh_TW": "Sineesk (Taiwan)",
    "zu": "Zulu"
}
