{
    "af": "Afracáinis",
    "ak": "Acáinis",
    "am": "Amáiris",
    "ar": "Araibis",
    "as": "Asaimis",
    "az": "Asarbaiseáinis",
    "be": "Bealarúisis",
    "bg": "Bulgáiris",
    "bho": "Vóispiris",
    "bm": "Bambairis",
    "bn": "Beangáilis",
    "bs": "Boisnis",
    "ca": "Catalóinis",
    "ceb": "Seabúáinis",
    "ckb": "Coirdis Lárnach",
    "cs": "Seicis",
    "cy": "Breatnais",
    "da": "Danmhairgis",
    "de": "Gearmáinis",
    "de_CH": "Gearmáinis (An Eilvéis)",
    "doi": "Dóigris",
    "ee": "Éabhais",
    "el": "Gréigis",
    "en": "Béarla",
    "en_CA": "Béarla (Ceanada)",
    "eo": "Esperanto",
    "es": "Spáinnis",
    "et": "Eastóinis",
    "eu": "Bascais",
    "fa": "Peirsis",
    "fi": "Fionlainnis",
    "fil": "Filipínis",
    "fr": "Fraincis",
    "fy": "Freaslainnis Iartharach",
    "ga": "Gaeilge",
    "gd": "Gaeilge Na Halban",
    "gl": "Gailísis",
    "gu": "Gúisearáitis",
    "ha": "Hásais",
    "haw": "Haváis",
    "he": "Eabhrais",
    "hi": "Hiondúis",
    "hr": "Cróitis",
    "hu": "Ungáiris",
    "hy": "Airméinis",
    "id": "Indinéisis",
    "ig": "Íogbóis",
    "is": "Íoslainnis",
    "it": "Iodáilis",
    "ja": "Seapáinis",
    "ka": "Seoirsis",
    "kk": "Casaicis",
    "km": "Ciméiris",
    "kn": "Cannadais",
    "ko": "Cóiréis",
    "ku": "Coirdis",
    "ky": "Cirgisis",
    "lb": "Lucsambuirgis",
    "lg": "Lugandais",
    "ln": "Liongáilis",
    "lo": "Laoisis",
    "lt": "Liotuáinis",
    "lv": "Laitvis",
    "mai": "Maitilis",
    "mg": "Malagáisis",
    "mi": "Maorais",
    "mk": "Macadóinis",
    "ml": "Mailéalaimis",
    "mn": "Mongóilis",
    "mni_Mtei": "Manapúiris",
    "mr": "Maraitis",
    "ms": "Malaeis",
    "mt": "Máltais",
    "my": "Burmais",
    "nb": "Bocmál",
    "ne": "Neipeailis",
    "nl": "Ollainnis",
    "nn": "Nua-Ioruais",
    "oc": "Ocsatáinis",
    "om": "Oraimis",
    "or": "Odia",
    "pa": "Puinseáibis",
    "pl": "Polainnis",
    "ps": "Paistis",
    "pt": "Portaingéilis",
    "pt_BR": "Portaingéilis (An Bhrasaíl)",
    "qu": "Ceatsuais",
    "ro": "Rómáinis",
    "ru": "Rúisis",
    "rw": "Ciniaruaindis",
    "sa": "Sanscrait",
    "sc": "Sairdínis",
    "sd": "Sindis",
    "si": "Siolóinis",
    "sk": "Slóvaicis",
    "sl": "Slóivéinis",
    "sn": "Seoinis",
    "so": "Somáilis",
    "sq": "Albáinis",
    "sr_Cyrl": "Seirbis",
    "sr_Latn": "Seirbis",
    "sr_Latn_ME": "Seirbis (Montainéagró)",
    "su": "Sundais",
    "sv": "Sualainnis",
    "sw": "Svahaílis",
    "ta": "Tamailis",
    "te": "Teileagúis",
    "tg": "Taidsícis",
    "th": "Téalainnis",
    "ti": "Tigrinis",
    "tk": "Tuircméinis",
    "tl": "Tagálaigis",
    "tr": "Tuircis",
    "tt": "Tatairis",
    "ug": "Uigiúiris",
    "uk": "Úcráinis",
    "ur": "Urdúis",
    "uz_Cyrl": "Úisbéiceastáinis",
    "uz_Latn": "Úisbéiceastáinis",
    "vi": "Vítneaimis",
    "xh": "Cóisis",
    "yi": "Giúdais",
    "yo": "Iarúibis",
    "zh_CN": "Sínis (An Tsín)",
    "zh_HK": "Sínis (Sainréigiún Riaracháin Hong Cong, Daonphoblacht Na Síne)",
    "zh_TW": "Sínis (An Téaváin)",
    "zu": "Súlúis"
}
