{
    "af": "Afraganais",
    "ak": "Akan",
    "am": "Amtharais",
    "ar": "Arabais",
    "as": "Asamais",
    "az": "Asarbaideànais",
    "be": "Bealaruisis",
    "bg": "Bulgarais",
    "bho": "Bhojpuri",
    "bm": "Bambara",
    "bn": "Bangla",
    "bs": "Bosnais",
    "ca": "Catalanais",
    "ceb": "Cebuano",
    "ckb": "Cùrdais Mheadhanach",
    "cs": "Seicis",
    "cy": "Cuimris",
    "da": "Danmhairgis",
    "de": "Gearmailtis",
    "de_CH": "Gearmailtis (An Eilbheis)",
    "doi": "Dogri",
    "ee": "Ewe",
    "el": "Greugais",
    "en": "Beurla",
    "en_CA": "Beurla (Canada)",
    "eo": "Esperanto",
    "es": "Spàinntis",
    "et": "Eastoinis",
    "eu": "Basgais",
    "fa": "Peirsis",
    "fi": "Fionnlannais",
    "fil": "Filipinis",
    "fr": "Fraingis",
    "fy": "Frìoslannais Shiarach",
    "ga": "Gaeilge",
    "gd": "Gàidhlig",
    "gl": "Gailìsis",
    "gu": "Gujarati",
    "ha": "Hausa",
    "haw": "Cànan Hawai’i",
    "he": "Eabhra",
    "hi": "Hindis",
    "hr": "Cròthaisis",
    "hu": "Ungairis",
    "hy": "Airmeinis",
    "id": "Innd-Innsis",
    "ig": "Igbo",
    "is": "Innis Tìlis",
    "it": "Eadailtis",
    "ja": "Seapanais",
    "ka": "Cairtbheilis",
    "kk": "Casachais",
    "km": "Cmèar",
    "kn": "Kannada",
    "ko": "Coirèanais",
    "ku": "Cùrdais",
    "ky": "Cìorgasais",
    "lb": "Lugsamburgais",
    "lg": "Ganda",
    "ln": "Lingala",
    "lo": "Làtho",
    "lt": "Liotuainis",
    "lv": "Laitbheis",
    "mai": "Maithili",
    "mg": "Malagasais",
    "mi": "Māori",
    "mk": "Masadonais",
    "ml": "Malayalam",
    "mn": "Mongolais",
    "mni_Mtei": "Manipuri",
    "mr": "Marathi",
    "ms": "Malaidhis",
    "mt": "Maltais",
    "my": "Burmais",
    "nb": "Bokmål Na Nirribhidh",
    "ne": "Neapàlais",
    "nl": "Duitsis",
    "nn": "Nynorsk Na Nirribhidh",
    "oc": "Ogsatanais",
    "om": "Oromo",
    "or": "Odia",
    "pa": "Panjabi",
    "pl": "Pòlainnis",
    "ps": "Pashto",
    "pt": "Portagailis",
    "pt_BR": "Portagailis (Braisil)",
    "qu": "Quechua",
    "ro": "Romàinis",
    "ru": "Ruisis",
    "rw": "Kinyarwanda",
    "sa": "Sanskrit",
    "sc": "Sàrdais",
    "sd": "Sindhi",
    "si": "Sinhala",
    "sk": "Slòbhacais",
    "sl": "Slòbhainis",
    "sn": "Shona",
    "so": "Somàilis",
    "sq": "Albàinis",
    "sr_Cyrl": "Sèirbis",
    "sr_Latn": "Sèirbis",
    "sr_Latn_ME": "Sèirbis (Am Monadh Neagrach)",
    "su": "Cànan Sunda",
    "sv": "Suainis",
    "sw": "Kiswahili",
    "ta": "Taimilis",
    "te": "Telugu",
    "tg": "Taidigis",
    "th": "Cànan Nan Tàidh",
    "ti": "Tigrinya",
    "tk": "Turcmanais",
    "tl": "Tagalog",
    "tr": "Turcais",
    "tt": "Tatarais",
    "ug": "Ùigiurais",
    "uk": "Ucràinis",
    "ur": "Ùrdu",
    "uz_Cyrl": "Usbagais",
    "uz_Latn": "Usbagais",
    "vi": "Bhiet-Namais",
    "xh": "Xhosa",
    "yi": "Iùdhais",
    "yo": "Yoruba",
    "zh_CN": "Sìnis (An T-Sìn)",
    "zh_HK": "Sìnis (Hong Kong Sar Na Sìne)",
    "zh_TW": "Sìnis (Taidh-Bhàn)",
    "zu": "Zulu"
}
