{
    "af": "Afrikaans",
    "ak": "Akan",
    "am": "Amhárico",
    "ar": "Árabe",
    "as": "Assamés",
    "az": "Acerbaixano",
    "be": "Belaruso",
    "bg": "Búlgaro",
    "bho": "Bhojpuri",
    "bm": "Bambara",
    "bn": "Bengalí",
    "bs": "Bosníaco",
    "ca": "Catalán",
    "ceb": "Cebuano",
    "ckb": "Kurdo Central",
    "cs": "Checo",
    "cy": "Galés",
    "da": "Dinamarqués",
    "de": "Alemán",
    "de_CH": "Alemán (Suíza)",
    "doi": "Dogri",
    "ee": "Ewe",
    "el": "Grego",
    "en": "Inglés",
    "en_CA": "Inglés (O Canadá)",
    "eo": "Esperanto",
    "es": "Español",
    "et": "Estoniano",
    "eu": "Éuscaro",
    "fa": "Persa",
    "fi": "Finés",
    "fil": "Filipino",
    "fr": "Francés",
    "fy": "Frisón Occidental",
    "ga": "Irlandés",
    "gd": "Gaélico Escocés",
    "gl": "Galego",
    "gu": "Guxarati",
    "ha": "Hausa",
    "haw": "Hawaiano",
    "he": "Hebreo",
    "hi": "Hindi",
    "hr": "Croata",
    "hu": "Húngaro",
    "hy": "Armenio",
    "id": "Indonesio",
    "ig": "Igbo",
    "is": "Islandés",
    "it": "Italiano",
    "ja": "Xaponés",
    "ka": "Xeorxiano",
    "kk": "Kazako",
    "km": "Khmer",
    "kn": "Kannará",
    "ko": "Coreano",
    "ku": "Kurdo",
    "ky": "Kirguiz",
    "lb": "Luxemburgués",
    "lg": "Ganda",
    "ln": "Lingala",
    "lo": "Laosiano",
    "lt": "Lituano",
    "lv": "Letón",
    "mai": "Maithili",
    "mg": "Malgaxe",
    "mi": "Maorí",
    "mk": "Macedonio",
    "ml": "Malabar",
    "mn": "Mongol",
    "mni_Mtei": "Manipuri",
    "mr": "Marathi",
    "ms": "Malaio",
    "mt": "Maltés",
    "my": "Birmano",
    "nb": "Noruegués Bokmål",
    "ne": "Nepalí",
    "nl": "Neerlandés",
    "nn": "Noruegués Nynorsk",
    "oc": "Occitano",
    "om": "Oromo",
    "or": "Odiá",
    "pa": "Panxabí",
    "pl": "Polaco",
    "ps": "Paxto",
    "pt": "Portugués",
    "pt_BR": "Portugués (O Brasil)",
    "qu": "Quechua",
    "ro": "Romanés",
    "ru": "Ruso",
    "rw": "Kiñaruanda",
    "sa": "Sánscrito",
    "sc": "Sardo",
    "sd": "Sindhi",
    "si": "Cingalés",
    "sk": "Eslovaco",
    "sl": "Esloveno",
    "sn": "Shona",
    "so": "Somalí",
    "sq": "Albanés",
    "sr_Cyrl": "Serbio",
    "sr_Latn": "Serbio",
    "sr_Latn_ME": "Serbio (Montenegro)",
    "su": "Sundanés",
    "sv": "Sueco",
    "sw": "Suahili",
    "ta": "Támil",
    "te": "Telugu",
    "tg": "Taxico",
    "th": "Tailandés",
    "ti": "Tigriña",
    "tk": "Turkmeno",
    "tl": "Tagalo",
    "tr": "Turco",
    "tt": "Tártaro",
    "ug": "Uigur",
    "uk": "Ucraíno",
    "ur": "Urdú",
    "uz_Cyrl": "Uzbeko",
    "uz_Latn": "Uzbeko",
    "vi": "Vietnamita",
    "xh": "Xhosa",
    "yi": "Yiddish",
    "yo": "Ioruba",
    "zh_CN": "Chinés (A China)",
    "zh_HK": "Chinés (Hong Kong Rae Da China)",
    "zh_TW": "Chinés (Taiwán)",
    "zu": "Zulú"
}
