{
    "af": "આફ્રિકન્સ",
    "ak": "અકાન",
    "am": "એમ્હારિક",
    "ar": "અરબી",
    "as": "આસામી",
    "az": "અઝરબૈજાની",
    "be": "બેલારુશિયન",
    "bg": "બલ્ગેરિયન",
    "bho": "ભોજપુરી",
    "bm": "બામ્બારા",
    "bn": "બાંગ્લા",
    "bs": "બોસ્નિયન",
    "ca": "કતલાન",
    "ceb": "સિબુઆનો",
    "ckb": "સેન્ટ્રલ કુર્દિશ",
    "cs": "ચેક",
    "cy": "વેલ્શ",
    "da": "ડેનિશ",
    "de": "જર્મન",
    "de_CH": "જર્મન (સ્વિટ્ઝર્લૅન્ડ)",
    "doi": "ડોગ્રી",
    "ee": "ઈવ",
    "el": "ગ્રીક",
    "en": "અંગ્રેજી",
    "en_CA": "અંગ્રેજી (કેનેડા)",
    "eo": "એસ્પેરાન્ટો",
    "es": "સ્પેનિશ",
    "et": "એસ્ટોનિયન",
    "eu": "બાસ્ક",
    "fa": "ફારસી",
    "fi": "ફિનિશ",
    "fil": "ફિલિપિનો",
    "fr": "ફ્રેન્ચ",
    "fy": "પશ્ચિમિ ફ્રિશિયન",
    "ga": "આઇરિશ",
    "gd": "સ્કોટીસ ગેલિક",
    "gl": "ગેલિશિયન",
    "gu": "ગુજરાતી",
    "ha": "હૌસા",
    "haw": "હવાઇયન",
    "he": "હીબ્રુ",
    "hi": "હિન્દી",
    "hr": "ક્રોએશિયન",
    "hu": "હંગેરિયન",
    "hy": "આર્મેનિયન",
    "id": "ઇન્ડોનેશિયન",
    "ig": "ઇગ્બો",
    "is": "આઇસલેન્ડિક",
    "it": "ઇટાલિયન",
    "ja": "જાપાનીઝ",
    "ka": "જ્યોર્જિયન",
    "kk": "કઝાખ",
    "km": "ખ્મેર",
    "kn": "કન્નડ",
    "ko": "કોરિયન",
    "ku": "કુર્દિશ",
    "ky": "કિર્ગીઝ",
    "lb": "લક્ઝેમબર્ગિશ",
    "lg": "ગાંડા",
    "ln": "લિંગાલા",
    "lo": "લાઓ",
    "lt": "લિથુઆનિયન",
    "lv": "લાતવિયન",
    "mai": "મૈથિલી",
    "mg": "મલાગસી",
    "mi": "માઓરી",
    "mk": "મેસેડોનિયન",
    "ml": "મલયાલમ",
    "mn": "મોંગોલિયન",
    "mni_Mtei": "મણિપુરી",
    "mr": "મરાઠી",
    "ms": "મલય",
    "mt": "માલ્ટિઝ",
    "my": "બર્મીઝ",
    "nb": "નોર્વેજિયન બોકમાલ",
    "ne": "નેપાળી",
    "nl": "ડચ",
    "nn": "નોર્વેજિયન નાયનૉર્સ્ક",
    "oc": "ઓક્સિટન",
    "om": "ઓરોમો",
    "or": "ઉડિયા",
    "pa": "પંજાબી",
    "pl": "પોલીશ",
    "ps": "પશ્તો",
    "pt": "પોર્ટુગીઝ",
    "pt_BR": "પોર્ટુગીઝ (બ્રાઝિલ)",
    "qu": "ક્વેચુઆ",
    "ro": "રોમાનિયન",
    "ru": "રશિયન",
    "rw": "કિન્યારવાન્ડા",
    "sa": "સંસ્કૃત",
    "sc": "સાર્દિનિયન",
    "sd": "સિંધી",
    "si": "સિંહાલી",
    "sk": "સ્લોવૅક",
    "sl": "સ્લોવેનિયન",
    "sn": "શોના",
    "so": "સોમાલી",
    "sq": "અલ્બેનિયન",
    "sr_Cyrl": "સર્બિયન",
    "sr_Latn": "સર્બિયન",
    "sr_Latn_ME": "સર્બિયન (મૉન્ટેનેગ્રો)",
    "su": "સંડેનીઝ",
    "sv": "સ્વીડિશ",
    "sw": "સ્વાહિલી",
    "ta": "તમિલ",
    "te": "તેલુગુ",
    "tg": "તાજીક",
    "th": "થાઈ",
    "ti": "ટાઇગ્રિનિયા",
    "tk": "તુર્કમેન",
    "tl": "ટાગાલોગ",
    "tr": "ટર્કિશ",
    "tt": "તતાર",
    "ug": "ઉઇગુર",
    "uk": "યુક્રેનિયન",
    "ur": "ઉર્દૂ",
    "uz_Cyrl": "ઉઝ્બેક",
    "uz_Latn": "ઉઝ્બેક",
    "vi": "વિયેતનામીસ",
    "xh": "ખોસા",
    "yi": "યિદ્દિશ",
    "yo": "યોરૂબા",
    "zh_CN": "ચાઇનીઝ (ચીન)",
    "zh_HK": "ચાઇનીઝ (હોંગકોંગ Sar ચીન)",
    "zh_TW": "ચાઇનીઝ (તાઇવાન)",
    "zu": "ઝુલુ"
}
