{
    "af": "Afirkanci",
    "ak": "Akan",
    "am": "Amharik",
    "ar": "Larabci",
    "as": "Asamisanci",
    "az": "Azerbaijanci",
    "be": "Belarusanci",
    "bg": "Bulgariyanci",
    "bho": "Bhojpuri",
    "bm": "Bambara",
    "bn": "Bengali",
    "bs": "Bosniyanci",
    "ca": "Kataloniyanci",
    "ceb": "Cebuano",
    "ckb": "Kurdawa Ta Tsakiya",
    "cs": "Cek",
    "cy": "Welsh",
    "da": "Danish",
    "de": "Jamusanci",
    "de_CH": "Jamusanci (Suwizalan)",
    "doi": "Harshen Dogri",
    "ee": "Ewe",
    "el": "Girkanci",
    "en": "Turanci",
    "en_CA": "Turanci (Kanada)",
    "eo": "Esperanto",
    "es": "Sifaniyanci",
    "et": "Istoniyanci",
    "eu": "Basque",
    "fa": "Farisa",
    "fi": "Yaren Mutanen Finland",
    "fil": "Dan Filifin",
    "fr": "Faransanci",
    "fy": "Frisian Ta Yamma",
    "ga": "Dan Irish",
    "gd": "Kʼabilan Scots Gaelic",
    "gl": "Bagalike",
    "gu": "Gujarati",
    "ha": "Hausa",
    "haw": "Hawaiianci",
    "he": "Ibrananci",
    "hi": "Harshen Hindi",
    "hr": "Kuroshiyan",
    "hu": "Harshen Hungari",
    "hy": "Armeniyanci",
    "id": "Harshen Indunusiya",
    "ig": "Igbo",
    "is": "Yaren Mutanen Iceland",
    "it": "Italiyanci",
    "ja": "Japananci",
    "ka": "Jojiyanci",
    "kk": "Kazakh",
    "km": "Harshen Kimar",
    "kn": "Kannada",
    "ko": "Harshen Koreya",
    "ku": "Kurdanci",
    "ky": "Kirgizanci",
    "lb": "Luxembourgish",
    "lg": "Ganda",
    "ln": "Lingala",
    "lo": "Lao",
    "lt": "Lituweniyanci",
    "lv": "Latbiyanci",
    "mai": "Maithili",
    "mg": "Malagasi",
    "mi": "Maori",
    "mk": "Dan Masedoniya",
    "ml": "Malayalamci",
    "mn": "Mongoliyanci",
    "mni_Mtei": "Manipuri",
    "mr": "Maratinci",
    "ms": "Harshen Malai",
    "mt": "Harshen Maltis",
    "my": "Burmanci",
    "nb": "Norwegian Bokmål",
    "ne": "Nepali",
    "nl": "Holanci",
    "nn": "Norwegian Nynorsk",
    "oc": "Ositanci",
    "om": "Oromo",
    "or": "Odiya",
    "pa": "Punjabi",
    "pl": "Harshen Polan",
    "ps": "Pashtanci",
    "pt": "Harshen Potugis",
    "pt_BR": "Harshen Potugis (Birazil)",
    "qu": "Quechua",
    "ro": "Romaniyanci",
    "ru": "Rashanci",
    "rw": "Kinyarwanda",
    "sa": "Sanskrit",
    "sc": "Sardiniyanci",
    "sd": "Sindiyanci",
    "si": "Sinhalanci",
    "sk": "Basulke",
    "sl": "Basulabe",
    "sn": "Shona",
    "so": "Somalianci",
    "sq": "Albaniyanci",
    "sr_Cyrl": "Sabiyan",
    "sr_Latn": "Sabiyan",
    "sr_Latn_ME": "Sabiyan (Mantanegara)",
    "su": "Harshen Sundanese",
    "sv": "Harshen Suwedan",
    "sw": "Harshen Suwahili",
    "ta": "Tamil",
    "te": "Telugu",
    "tg": "Tajik",
    "th": "Thai",
    "ti": "Tigrinyanci",
    "tk": "Tukmenistanci",
    "tl": "Tagalog",
    "tr": "Harshen Turkiyya",
    "tt": "Tatar",
    "ug": "Ugiranci",
    "uk": "Harshen Yukuren",
    "ur": "Urdanci",
    "uz_Cyrl": "Uzbek",
    "uz_Latn": "Uzbek",
    "vi": "Harshen Biyetinam",
    "xh": "Bazosa",
    "yi": "Yaren Yiddish",
    "yo": "Yarbanci",
    "zh_CN": "Harshen Sinanci (Sin)",
    "zh_HK": "Harshen Sinanci (Babban Yankin Mulkin Hong Kong Na Ƙasar Sin)",
    "zh_TW": "Harshen Sinanci (Taiwan)",
    "zu": "Harshen Zulu"
}
