{
    "af": "אפריקאנס",
    "ak": "אקאן",
    "am": "אמהרית",
    "ar": "ערבית",
    "as": "אסאמית",
    "az": "אזרית",
    "be": "בלארוסית",
    "bg": "בולגרית",
    "bho": "בוג׳פורי",
    "bm": "במבארה",
    "bn": "בנגלית",
    "bs": "בוסנית",
    "ca": "קטלאנית",
    "ceb": "סבואנו",
    "ckb": "כורדית סוראנית",
    "cs": "צ׳כית",
    "cy": "וולשית",
    "da": "דנית",
    "de": "גרמנית",
    "de_CH": "גרמנית (שווייץ)",
    "doi": "דוגרי",
    "ee": "אווה",
    "el": "יוונית",
    "en": "אנגלית",
    "en_CA": "אנגלית (קנדה)",
    "eo": "אספרנטו",
    "es": "ספרדית",
    "et": "אסטונית",
    "eu": "בסקית",
    "fa": "פרסית",
    "fi": "פינית",
    "fil": "פיליפינית",
    "fr": "צרפתית",
    "fy": "פריזית מערבית",
    "ga": "אירית",
    "gd": "גאלית סקוטית",
    "gl": "גליציאנית",
    "gu": "גוג׳ארטי",
    "ha": "האוסה",
    "haw": "הוואית",
    "he": "עברית",
    "hi": "הינדי",
    "hr": "קרואטית",
    "hu": "הונגרית",
    "hy": "ארמנית",
    "id": "אינדונזית",
    "ig": "איגבו",
    "is": "איסלנדית",
    "it": "איטלקית",
    "ja": "יפנית",
    "ka": "גאורגית",
    "kk": "קזחית",
    "km": "חמרית",
    "kn": "קנאדה",
    "ko": "קוריאנית",
    "ku": "כורדית",
    "ky": "קירגיזית",
    "lb": "לוקסמבורגית",
    "lg": "גאנדה",
    "ln": "לינגלה",
    "lo": "לאו",
    "lt": "ליטאית",
    "lv": "לטבית",
    "mai": "מאיטילית",
    "mg": "מלגשית",
    "mi": "מאורית",
    "mk": "מקדונית",
    "ml": "מליאלאם",
    "mn": "מונגולית",
    "mni_Mtei": "מניפורית",
    "mr": "מראטהית",
    "ms": "מלאית",
    "mt": "מלטית",
    "my": "בורמזית",
    "nb": "נורווגית ספרותית",
    "ne": "נפאלית",
    "nl": "הולנדית",
    "nn": "נורווגית חדשה",
    "oc": "אוקסיטנית",
    "om": "אורומו",
    "or": "אורייה",
    "pa": "פנג׳אבי",
    "pl": "פולנית",
    "ps": "פאשטו",
    "pt": "פורטוגזית",
    "pt_BR": "פורטוגזית (ברזיל)",
    "qu": "קצ׳ואה",
    "ro": "רומנית",
    "ru": "רוסית",
    "rw": "קנירואנדית",
    "sa": "סנסקריט",
    "sc": "סרדינית",
    "sd": "סינדהית",
    "si": "סינהלה",
    "sk": "סלובקית",
    "sl": "סלובנית",
    "sn": "שונה",
    "so": "סומלית",
    "sq": "אלבנית",
    "sr_Cyrl": "סרבית",
    "sr_Latn": "סרבית",
    "sr_Latn_ME": "סרבית (מונטנגרו)",
    "su": "סונדנזית",
    "sv": "שוודית",
    "sw": "סווהילי",
    "ta": "טמילית",
    "te": "טלוגו",
    "tg": "טג׳יקית",
    "th": "תאית",
    "ti": "תיגרינית",
    "tk": "טורקמנית",
    "tl": "טאגאלוג",
    "tr": "טורקית",
    "tt": "טטרית",
    "ug": "אויגורית",
    "uk": "אוקראינית",
    "ur": "אורדו",
    "uz_Cyrl": "אוזבקית",
    "uz_Latn": "אוזבקית",
    "vi": "וייטנאמית",
    "xh": "קוסה",
    "yi": "יידיש",
    "yo": "יורובה",
    "zh_CN": "סינית (סין)",
    "zh_HK": "סינית (הונג קונג (אזור מנהלי מיוחד של סין))",
    "zh_TW": "סינית (טייוואן)",
    "zu": "זולו"
}
