{
    "af": "Afrikaans",
    "ak": "Akanski",
    "am": "Amharski",
    "ar": "Arapski",
    "as": "Asamski",
    "az": "Azerbajdžanski",
    "be": "Bjeloruski",
    "bg": "Bugarski",
    "bho": "Bhojpuri",
    "bm": "Bambara",
    "bn": "Bangla",
    "bs": "Bosanski",
    "ca": "Katalonski",
    "ceb": "Cebuano",
    "ckb": "Soranski Kurdski",
    "cs": "Češki",
    "cy": "Velški",
    "da": "Danski",
    "de": "Njemački",
    "de_CH": "Njemački (Švicarska)",
    "doi": "Dogri",
    "ee": "Ewe",
    "el": "Grčki",
    "en": "Engleski",
    "en_CA": "Engleski (Kanada)",
    "eo": "Esperanto",
    "es": "Španjolski",
    "et": "Estonski",
    "eu": "Baskijski",
    "fa": "Perzijski",
    "fi": "Finski",
    "fil": "Filipinski",
    "fr": "Francuski",
    "fy": "Zapadnofrizijski",
    "ga": "Irski",
    "gd": "Škotski Gaelski",
    "gl": "Galicijski",
    "gu": "Gudžaratski",
    "ha": "Hausa",
    "haw": "Havajski",
    "he": "Hebrejski",
    "hi": "Hindski",
    "hr": "Hrvatski",
    "hu": "Mađarski",
    "hy": "Armenski",
    "id": "Indonezijski",
    "ig": "Igbo",
    "is": "Islandski",
    "it": "Talijanski",
    "ja": "Japanski",
    "ka": "Gruzijski",
    "kk": "Kazaški",
    "km": "Kmerski",
    "kn": "Karnatački",
    "ko": "Korejski",
    "ku": "Kurdski",
    "ky": "Kirgiski",
    "lb": "Luksemburški",
    "lg": "Ganda",
    "ln": "Lingala",
    "lo": "Laoski",
    "lt": "Litavski",
    "lv": "Latvijski",
    "mai": "Maithili",
    "mg": "Malgaški",
    "mi": "Maorski",
    "mk": "Makedonski",
    "ml": "Malajalamski",
    "mn": "Mongolski",
    "mni_Mtei": "Manipurski",
    "mr": "Marathski",
    "ms": "Malajski",
    "mt": "Malteški",
    "my": "Burmanski",
    "nb": "Norveški Bokmål",
    "ne": "Nepalski",
    "nl": "Nizozemski",
    "nn": "Norveški Nynorsk",
    "oc": "Okcitanski",
    "om": "Oromski",
    "or": "Orijski",
    "pa": "Pandžapski",
    "pl": "Poljski",
    "ps": "Paštunski",
    "pt": "Portugalski",
    "pt_BR": "Portugalski (Brazil)",
    "qu": "Kečuanski",
    "ro": "Rumunjski",
    "ru": "Ruski",
    "rw": "Kinyarwanda",
    "sa": "Sanskrtski",
    "sc": "Sardski",
    "sd": "Sindski",
    "si": "Sinhaleški",
    "sk": "Slovački",
    "sl": "Slovenski",
    "sn": "Shona",
    "so": "Somalski",
    "sq": "Albanski",
    "sr_Cyrl": "Srpski",
    "sr_Latn": "Srpski",
    "sr_Latn_ME": "Srpski (Crna Gora)",
    "su": "Sundanski",
    "sv": "Švedski",
    "sw": "Svahili",
    "ta": "Tamilski",
    "te": "Teluški",
    "tg": "Tadžički",
    "th": "Tajlandski",
    "ti": "Tigrinja",
    "tk": "Turkmenski",
    "tl": "Tagalog",
    "tr": "Turski",
    "tt": "Tatarski",
    "ug": "Ujgurski",
    "uk": "Ukrajinski",
    "ur": "Urdski",
    "uz_Cyrl": "Uzbečki",
    "uz_Latn": "Uzbečki",
    "vi": "Vijetnamski",
    "xh": "Xhosa",
    "yi": "Jidiš",
    "yo": "Jorupski",
    "zh_CN": "Kineski (Kina)",
    "zh_HK": "Kineski (Pup Hong Kong Kina)",
    "zh_TW": "Kineski (Tajvan)",
    "zu": "Zulu"
}
