{
    "af": "Afrikaans",
    "ak": "Akan",
    "am": "Amhara",
    "ar": "Arab",
    "as": "Asszámi",
    "az": "Azerbajdzsáni",
    "be": "Belarusz",
    "bg": "Bolgár",
    "bho": "Bodzspuri",
    "bm": "Bambara",
    "bn": "Bangla",
    "bs": "Bosnyák",
    "ca": "Katalán",
    "ceb": "Szebuano",
    "ckb": "Közép-Ázsiai Kurd",
    "cs": "Cseh",
    "cy": "Walesi",
    "da": "Dán",
    "de": "Német",
    "de_CH": "Német (Svájc)",
    "doi": "Dogri",
    "ee": "Eve",
    "el": "Görög",
    "en": "Angol",
    "en_CA": "Angol (Kanada)",
    "eo": "Eszperantó",
    "es": "Spanyol",
    "et": "Észt",
    "eu": "Baszk",
    "fa": "Perzsa",
    "fi": "Finn",
    "fil": "Filippínó",
    "fr": "Francia",
    "fy": "Nyugati Fríz",
    "ga": "Ír",
    "gd": "Skóciai Kelta",
    "gl": "Gallego",
    "gu": "Gudzsaráti",
    "ha": "Hausza",
    "haw": "Hawaii",
    "he": "Héber",
    "hi": "Hindi",
    "hr": "Horvát",
    "hu": "Magyar",
    "hy": "Örmény",
    "id": "Indonéz",
    "ig": "Igbó",
    "is": "Izlandi",
    "it": "Olasz",
    "ja": "Japán",
    "ka": "Grúz",
    "kk": "Kazah",
    "km": "Khmer",
    "kn": "Kannada",
    "ko": "Koreai",
    "ku": "Kurd",
    "ky": "Kirgiz",
    "lb": "Luxemburgi",
    "lg": "Ganda",
    "ln": "Lingala",
    "lo": "Lao",
    "lt": "Litván",
    "lv": "Lett",
    "mai": "Maithili",
    "mg": "Malgas",
    "mi": "Maori",
    "mk": "Macedón",
    "ml": "Malajálam",
    "mn": "Mongol",
    "mni_Mtei": "Manipuri",
    "mr": "Maráthi",
    "ms": "Maláj",
    "mt": "Máltai",
    "my": "Burmai",
    "nb": "Norvég (Bokmål)",
    "ne": "Nepáli",
    "nl": "Holland",
    "nn": "Norvég (Nynorsk)",
    "oc": "Okszitán",
    "om": "Oromo",
    "or": "Odia",
    "pa": "Pandzsábi",
    "pl": "Lengyel",
    "ps": "Pastu",
    "pt": "Portugál",
    "pt_BR": "Portugál (Brazília)",
    "qu": "Kecsua",
    "ro": "Román",
    "ru": "Orosz",
    "rw": "Kinyarvanda",
    "sa": "Szanszkrit",
    "sc": "Szardíniai",
    "sd": "Szindhi",
    "si": "Szingaléz",
    "sk": "Szlovák",
    "sl": "Szlovén",
    "sn": "Sona",
    "so": "Szomáli",
    "sq": "Albán",
    "sr_Cyrl": "Szerb",
    "sr_Latn": "Szerb",
    "sr_Latn_ME": "Szerb (Montenegró)",
    "su": "Szundanéz",
    "sv": "Svéd",
    "sw": "Szuahéli",
    "ta": "Tamil",
    "te": "Telugu",
    "tg": "Tadzsik",
    "th": "Thai",
    "ti": "Tigrinya",
    "tk": "Türkmén",
    "tl": "Tagalog",
    "tr": "Török",
    "tt": "Tatár",
    "ug": "Ujgur",
    "uk": "Ukrán",
    "ur": "Urdu",
    "uz_Cyrl": "Üzbég",
    "uz_Latn": "Üzbég",
    "vi": "Vietnámi",
    "xh": "Xhosza",
    "yi": "Jiddis",
    "yo": "Joruba",
    "zh_CN": "Kínai (Kína)",
    "zh_HK": "Kínai (Hongkong Kkt)",
    "zh_TW": "Kínai (Tajvan)",
    "zu": "Zulu"
}
