{
    "af": "Աֆրիկաանս",
    "ak": "Աքան",
    "am": "Ամհարերեն",
    "ar": "Արաբերեն",
    "as": "Ասամերեն",
    "az": "Ադրբեջաներեն",
    "be": "Բելառուսերեն",
    "bg": "Բուլղարերեն",
    "bho": "Բհոպուրի",
    "bm": "Բամբարա",
    "bn": "Բենգալերեն",
    "bs": "Բոսնիերեն",
    "ca": "Կատալաներեն",
    "ceb": "Սեբուերեն",
    "ckb": "Սորանի Քրդերեն",
    "cs": "Չեխերեն",
    "cy": "Ուելսերեն",
    "da": "Դանիերեն",
    "de": "Գերմաներեն",
    "de_CH": "Գերմաներեն (Շվեյցարիա)",
    "doi": "Դոգրի",
    "ee": "Էվե",
    "el": "Հունարեն",
    "en": "Անգլերեն",
    "en_CA": "Անգլերեն (Կանադա)",
    "eo": "Էսպերանտո",
    "es": "Իսպաներեն",
    "et": "Էստոներեն",
    "eu": "Բասկերեն",
    "fa": "Պարսկերեն",
    "fi": "Ֆիններեն",
    "fil": "Ֆիլիպիներեն",
    "fr": "Ֆրանսերեն",
    "fy": "Արևմտաֆրիզերեն",
    "ga": "Իռլանդերեն",
    "gd": "Շոտլանդական Գաելերեն",
    "gl": "Գալիսերեն",
    "gu": "Գուջարաթի",
    "ha": "Հաուսա",
    "haw": "Հավայիերեն",
    "he": "Եբրայերեն",
    "hi": "Հինդի",
    "hr": "Խորվաթերեն",
    "hu": "Հունգարերեն",
    "hy": "Հայերեն",
    "id": "Ինդոնեզերեն",
    "ig": "Իգբո",
    "is": "Իսլանդերեն",
    "it": "Իտալերեն",
    "ja": "Ճապոներեն",
    "ka": "Վրացերեն",
    "kk": "Ղազախերեն",
    "km": "Քմերերեն",
    "kn": "Կաննադա",
    "ko": "Կորեերեն",
    "ku": "Քրդերեն",
    "ky": "Ղրղզերեն",
    "lb": "Լյուքսեմբուրգերեն",
    "lg": "Գանդա",
    "ln": "Լինգալա",
    "lo": "Լաոսերեն",
    "lt": "Լիտվերեն",
    "lv": "Լատվիերեն",
    "mai": "Մայթիլի",
    "mg": "Մալգաշերեն",
    "mi": "Մաորի",
    "mk": "Մակեդոներեն",
    "ml": "Մալայալամ",
    "mn": "Մոնղոլերեն",
    "mni_Mtei": "Մանիպուրի",
    "mr": "Մարաթի",
    "ms": "Մալայերեն",
    "mt": "Մալթայերեն",
    "my": "Բիրմայերեն",
    "nb": "Գրքային Նորվեգերեն",
    "ne": "Նեպալերեն",
    "nl": "Հոլանդերեն",
    "nn": "Նոր Նորվեգերեն",
    "oc": "Օքսիտաներեն",
    "om": "Օրոմո",
    "or": "Օրիյա",
    "pa": "Փենջաբերեն",
    "pl": "Լեհերեն",
    "ps": "Փուշթու",
    "pt": "Պորտուգալերեն",
    "pt_BR": "Պորտուգալերեն (Բրազիլիա)",
    "qu": "Կեչուա",
    "ro": "Ռումիներեն",
    "ru": "Ռուսերեն",
    "rw": "Կինյառուանդա",
    "sa": "Սանսկրիտ",
    "sc": "Սարդիներեն",
    "sd": "Սինդհի",
    "si": "Սինհալերեն",
    "sk": "Սլովակերեն",
    "sl": "Սլովեներեն",
    "sn": "Շոնա",
    "so": "Սոմալիերեն",
    "sq": "Ալբաներեն",
    "sr_Cyrl": "Սերբերեն",
    "sr_Latn": "Սերբերեն",
    "sr_Latn_ME": "Սերբերեն (Չեռնոգորիա)",
    "su": "Սունդաներեն",
    "sv": "Շվեդերեն",
    "sw": "Սուահիլի",
    "ta": "Թամիլերեն",
    "te": "Թելուգու",
    "tg": "Տաջիկերեն",
    "th": "Թայերեն",
    "ti": "Տիգրինյա",
    "tk": "Թուրքմեներեն",
    "tl": "Տագալերեն",
    "tr": "Թուրքերեն",
    "tt": "Թաթարերեն",
    "ug": "Ույղուրերեն",
    "uk": "Ուկրաիներեն",
    "ur": "Ուրդու",
    "uz_Cyrl": "Ուզբեկերեն",
    "uz_Latn": "Ուզբեկերեն",
    "vi": "Վիետնամերեն",
    "xh": "Քոսա",
    "yi": "Իդիշ",
    "yo": "Յորուբա",
    "zh_CN": "Չինարեն (Չինաստան)",
    "zh_HK": "Չինարեն (Հոնկոնգի Հվշ)",
    "zh_TW": "Չինարեն (Թայվան)",
    "zu": "Զուլուերեն"
}
