{
    "af": "Afrikaans",
    "ak": "Akan",
    "am": "Amharik",
    "ar": "Arab",
    "as": "Assam",
    "az": "Azerbaijani",
    "be": "Belarusia",
    "bg": "Bulgaria",
    "bho": "Bhojpuri",
    "bm": "Bambara",
    "bn": "Bengali",
    "bs": "Bosnia",
    "ca": "Katalan",
    "ceb": "Cebuano",
    "ckb": "Kurdi Sorani",
    "cs": "Cheska",
    "cy": "Welsh",
    "da": "Dansk",
    "de": "Jerman",
    "de_CH": "Jerman (Swiss)",
    "doi": "Dogri",
    "ee": "Ewe",
    "el": "Yunani",
    "en": "Inggris",
    "en_CA": "Inggris (Kanada)",
    "eo": "Esperanto",
    "es": "Spanyol",
    "et": "Esti",
    "eu": "Basque",
    "fa": "Persia",
    "fi": "Suomi",
    "fil": "Filipino",
    "fr": "Prancis",
    "fy": "Frisia Barat",
    "ga": "Irlandia",
    "gd": "Gaelik Skotlandia",
    "gl": "Galisia",
    "gu": "Gujarat",
    "ha": "Hausa",
    "haw": "Hawaii",
    "he": "Ibrani",
    "hi": "Hindi",
    "hr": "Kroasia",
    "hu": "Hungaria",
    "hy": "Armenia",
    "id": "Indonesia",
    "ig": "Igbo",
    "is": "Islandia",
    "it": "Italia",
    "ja": "Jepang",
    "ka": "Georgia",
    "kk": "Kazakh",
    "km": "Khmer",
    "kn": "Kannada",
    "ko": "Korea",
    "ku": "Kurdi",
    "ky": "Kirgiz",
    "lb": "Luksemburg",
    "lg": "Ganda",
    "ln": "Lingala",
    "lo": "Lao",
    "lt": "Lituavi",
    "lv": "Latvi",
    "mai": "Maithili",
    "mg": "Malagasi",
    "mi": "Maori",
    "mk": "Makedonia",
    "ml": "Malayalam",
    "mn": "Mongolia",
    "mni_Mtei": "Manipuri",
    "mr": "Marathi",
    "ms": "Melayu",
    "mt": "Malta",
    "my": "Burma",
    "nb": "Bokmål Norwegia",
    "ne": "Nepali",
    "nl": "Belanda",
    "nn": "Nynorsk Norwegia",
    "oc": "Ositania",
    "om": "Oromo",
    "or": "Oriya",
    "pa": "Punjabi",
    "pl": "Polski",
    "ps": "Pashto",
    "pt": "Portugis",
    "pt_BR": "Portugis (Brasil)",
    "qu": "Quechua",
    "ro": "Rumania",
    "ru": "Rusia",
    "rw": "Kinyarwanda",
    "sa": "Sanskerta",
    "sc": "Sardinia",
    "sd": "Sindhi",
    "si": "Sinhala",
    "sk": "Slovak",
    "sl": "Sloven",
    "sn": "Shona",
    "so": "Somalia",
    "sq": "Albania",
    "sr_Cyrl": "Serbia",
    "sr_Latn": "Serbia",
    "sr_Latn_ME": "Serbia (Montenegro)",
    "su": "Sunda",
    "sv": "Swedia",
    "sw": "Swahili",
    "ta": "Tamil",
    "te": "Telugu",
    "tg": "Tajik",
    "th": "Thai",
    "ti": "Tigrinya",
    "tk": "Turkmen",
    "tl": "Tagalog",
    "tr": "Turki",
    "tt": "Tatar",
    "ug": "Uyghur",
    "uk": "Ukraina",
    "ur": "Urdu",
    "uz_Cyrl": "Uzbek",
    "uz_Latn": "Uzbek",
    "vi": "Vietnam",
    "xh": "Xhosa",
    "yi": "Yiddish",
    "yo": "Yoruba",
    "zh_CN": "Tionghoa (Tiongkok)",
    "zh_HK": "Tionghoa (Hong Kong Dak Tiongkok)",
    "zh_TW": "Tionghoa (Taiwan)",
    "zu": "Zulu"
}
