{
    "af": "Afrikaans",
    "ak": "Akan",
    "am": "Amariikị",
    "ar": "Arabiikị",
    "as": "Asamisị",
    "az": "Azerbajanị",
    "be": "Belarusianụ",
    "bg": "Bọlụgarịa",
    "bho": "Bojpuri",
    "bm": "Bambara",
    "bn": "Bengali",
    "bs": "Bosnia",
    "ca": "Catalan",
    "ceb": "Cebụanọ",
    "ckb": "Kurdish Ọsote",
    "cs": "Cheekị",
    "cy": "Wesh",
    "da": "Danịsh",
    "de": "Jamanị",
    "de_CH": "Jamanị (Switzerland)",
    "doi": "Dogri",
    "ee": "Ewe",
    "el": "Giriikị",
    "en": "Bekee",
    "en_CA": "Bekee (Kanada)",
    "eo": "Ndị Esperantọ",
    "es": "Spanishi",
    "et": "Ndị Estọnịa",
    "eu": "Baskwe",
    "fa": "Peshianụ",
    "fi": "Fịnịsh",
    "fil": "Fịlịpịnọ",
    "fr": "Fụrenchị",
    "fy": "Westan Frịsịan",
    "ga": "Ịrịsh",
    "gd": "Sụkọtịs Gelị",
    "gl": "Galịcịan",
    "gu": "Gụaratị",
    "ha": "Hausa",
    "haw": "Hawaịlịan",
    "he": "Hebrew",
    "hi": "Hindị",
    "hr": "Kọrọtịan",
    "hu": "Hụngarian",
    "hy": "Armenianị",
    "id": "Indonisia",
    "ig": "Igbo",
    "is": "Icịlandịk",
    "it": "Italịanu",
    "ja": "Japaniisi",
    "ka": "Geọjịan",
    "kk": "Kazak",
    "km": "Keme",
    "kn": "Kanhada",
    "ko": "Korịa",
    "ku": "Ndị Kụrdịsh",
    "ky": "Kyrayz",
    "lb": "Lụxenbọụgịsh",
    "lg": "Ganda",
    "ln": "Lịngala",
    "lo": "Laọ",
    "lt": "Lituanian",
    "lv": "Latviani",
    "mai": "Maịtịlị",
    "mg": "Malagasị",
    "mi": "Maọrị",
    "mk": "Masedọnịa",
    "ml": "Malayalam",
    "mn": "Mọngolịan",
    "mni_Mtei": "Manịpụrị",
    "mr": "Maratị",
    "ms": "Maleyi",
    "mt": "Matịse",
    "my": "Bụrmese",
    "nb": "Nọrweyịan Bọkmal",
    "ne": "Nepali",
    "nl": "Dọchị",
    "nn": "Nọrweyịan Nynersk",
    "oc": "Osịtan",
    "om": "Ọromo",
    "or": "Ọdịa",
    "pa": "Punjabi",
    "pl": "Poliishi",
    "ps": "Pashọ",
    "pt": "Pọrtụgụese",
    "pt_BR": "Pọrtụgụese (Brazil)",
    "qu": "Qụechụa",
    "ro": "Romania",
    "ru": "Rọshian",
    "rw": "Kinyarwanda",
    "sa": "Sansịkịt",
    "sc": "Sardinian",
    "sd": "Sịndh",
    "si": "Sinhala",
    "sk": "Slova",
    "sl": "Slovịan",
    "sn": "Shọna",
    "so": "Somali",
    "sq": "Albanianị",
    "sr_Cyrl": "Sebịan",
    "sr_Latn": "Sebịan",
    "sr_Latn_ME": "Sebịan (Montenegro)",
    "su": "Sudanese",
    "sv": "Sụwidiishi",
    "sw": "Swahili",
    "ta": "Tamil",
    "te": "Telụgụ",
    "tg": "Tajịk",
    "th": "Taị",
    "ti": "Tịgrịnya",
    "tk": "Turkịs",
    "tl": "Tagalog",
    "tr": "Tọkiishi",
    "tt": "Tata",
    "ug": "Ụyghụr",
    "uk": "Ukureenị",
    "ur": "Urdụ",
    "uz_Cyrl": "Ụzbek",
    "uz_Latn": "Ụzbek",
    "vi": "Vietnamisi",
    "xh": "Xhọsa",
    "yi": "Yịdịsh",
    "yo": "Yoruba",
    "zh_CN": "Chainisi (China)",
    "zh_HK": "Chainisi (Hong Kong Sar China)",
    "zh_TW": "Chainisi (Taiwan)",
    "zu": "Zulu"
}
