{
    "af": "Afríkanska",
    "ak": "Akan",
    "am": "Amharíska",
    "ar": "Arabíska",
    "as": "Assamska",
    "az": "Aserska",
    "be": "Hvítrússneska",
    "bg": "Búlgarska",
    "bho": "Bojpúrí",
    "bm": "Bambara",
    "bn": "Bengalska",
    "bs": "Bosníska",
    "ca": "Katalónska",
    "ceb": "Kebúanó",
    "ckb": "Miðkúrdíska",
    "cs": "Tékkneska",
    "cy": "Velska",
    "da": "Danska",
    "de": "Þýska",
    "de_CH": "Þýska (Sviss)",
    "doi": "Dogrí",
    "ee": "Ewe",
    "el": "Gríska",
    "en": "Enska",
    "en_CA": "Enska (Kanada)",
    "eo": "Esperantó",
    "es": "Spænska",
    "et": "Eistneska",
    "eu": "Baskneska",
    "fa": "Persneska",
    "fi": "Finnska",
    "fil": "Filippseyska",
    "fr": "Franska",
    "fy": "Vesturfrísneska",
    "ga": "Írska",
    "gd": "Skosk Gelíska",
    "gl": "Galisíska",
    "gu": "Gújaratí",
    "ha": "Hása",
    "haw": "Havaíska",
    "he": "Hebreska",
    "hi": "Hindí",
    "hr": "Króatíska",
    "hu": "Ungverska",
    "hy": "Armenska",
    "id": "Indónesíska",
    "ig": "Ígbó",
    "is": "Íslenska",
    "it": "Ítalska",
    "ja": "Japanska",
    "ka": "Georgíska",
    "kk": "Kasakska",
    "km": "Kmer",
    "kn": "Kannada",
    "ko": "Kóreska",
    "ku": "Kúrdíska",
    "ky": "Kirgiska",
    "lb": "Lúxemborgíska",
    "lg": "Ganda",
    "ln": "Lingala",
    "lo": "Laó",
    "lt": "Litháíska",
    "lv": "Lettneska",
    "mai": "Maítílí",
    "mg": "Malagasíska",
    "mi": "Maorí",
    "mk": "Makedónska",
    "ml": "Malajalam",
    "mn": "Mongólska",
    "mni_Mtei": "Manípúrí",
    "mr": "Maratí",
    "ms": "Malaíska",
    "mt": "Maltneska",
    "my": "Búrmneska",
    "nb": "Norskt Bókmál",
    "ne": "Nepalska",
    "nl": "Hollenska",
    "nn": "Nýnorska",
    "oc": "Oksítaníska",
    "om": "Oromo",
    "or": "Óría",
    "pa": "Púnjabí",
    "pl": "Pólska",
    "ps": "Pastú",
    "pt": "Portúgalska",
    "pt_BR": "Portúgalska (Brasilía)",
    "qu": "Kvesjúa",
    "ro": "Rúmenska",
    "ru": "Rússneska",
    "rw": "Kínjarvanda",
    "sa": "Sanskrít",
    "sc": "Sardínska",
    "sd": "Sindí",
    "si": "Singalíska",
    "sk": "Slóvakíska",
    "sl": "Slóvenska",
    "sn": "Shona",
    "so": "Sómalska",
    "sq": "Albanska",
    "sr_Cyrl": "Serbneska",
    "sr_Latn": "Serbneska",
    "sr_Latn_ME": "Serbneska (Svartfjallaland)",
    "su": "Súndanska",
    "sv": "Sænska",
    "sw": "Svahílí",
    "ta": "Tamílska",
    "te": "Telúgú",
    "tg": "Tadsjikska",
    "th": "Taílenska",
    "ti": "Tígrinja",
    "tk": "Túrkmenska",
    "tl": "Tagalog",
    "tr": "Tyrkneska",
    "tt": "Tatarska",
    "ug": "Úígúr",
    "uk": "Úkraínska",
    "ur": "Úrdú",
    "uz_Cyrl": "Úsbekska",
    "uz_Latn": "Úsbekska",
    "vi": "Víetnamska",
    "xh": "Sósa",
    "yi": "Jiddíska",
    "yo": "Jórúba",
    "zh_CN": "Kínverska (Kína)",
    "zh_HK": "Kínverska (Sérstjórnarsvæðið Hong Kong)",
    "zh_TW": "Kínverska (Taívan)",
    "zu": "Súlú"
}
