{
    "af": "アフリカーンス語",
    "ak": "アカン語",
    "am": "アムハラ語",
    "ar": "アラビア語",
    "as": "アッサム語",
    "az": "アゼルバイジャン語",
    "be": "ベラルーシ語",
    "bg": "ブルガリア語",
    "bho": "ボージュプリー語",
    "bm": "バンバラ語",
    "bn": "ベンガル語",
    "bs": "ボスニア語",
    "ca": "カタロニア語",
    "ceb": "セブアノ語",
    "ckb": "中央クルド語",
    "cs": "チェコ語",
    "cy": "ウェールズ語",
    "da": "デンマーク語",
    "de": "ドイツ語",
    "de_CH": "ドイツ語 (スイス)",
    "doi": "ドーグリー語",
    "ee": "エウェ語",
    "el": "ギリシャ語",
    "en": "英語",
    "en_CA": "英語 (カナダ)",
    "eo": "エスペラント語",
    "es": "スペイン語",
    "et": "エストニア語",
    "eu": "バスク語",
    "fa": "ペルシア語",
    "fi": "フィンランド語",
    "fil": "フィリピノ語",
    "fr": "フランス語",
    "fy": "西フリジア語",
    "ga": "アイルランド語",
    "gd": "スコットランド・ゲール語",
    "gl": "ガリシア語",
    "gu": "グジャラート語",
    "ha": "ハウサ語",
    "haw": "ハワイ語",
    "he": "ヘブライ語",
    "hi": "ヒンディー語",
    "hr": "クロアチア語",
    "hu": "ハンガリー語",
    "hy": "アルメニア語",
    "id": "インドネシア語",
    "ig": "イボ語",
    "is": "アイスランド語",
    "it": "イタリア語",
    "ja": "日本語",
    "ka": "ジョージア語",
    "kk": "カザフ語",
    "km": "クメール語",
    "kn": "カンナダ語",
    "ko": "韓国語",
    "ku": "クルド語",
    "ky": "キルギス語",
    "lb": "ルクセンブルク語",
    "lg": "ガンダ語",
    "ln": "リンガラ語",
    "lo": "ラオ語",
    "lt": "リトアニア語",
    "lv": "ラトビア語",
    "mai": "マイティリー語",
    "mg": "マダガスカル語",
    "mi": "マオリ語",
    "mk": "マケドニア語",
    "ml": "マラヤーラム語",
    "mn": "モンゴル語",
    "mni_Mtei": "マニプリ語",
    "mr": "マラーティー語",
    "ms": "マレー語",
    "mt": "マルタ語",
    "my": "ミャンマー語",
    "nb": "ノルウェー語(ブークモール)",
    "ne": "ネパール語",
    "nl": "オランダ語",
    "nn": "ノルウェー語(ニーノシュク)",
    "oc": "オック語",
    "om": "オロモ語",
    "or": "オディア語",
    "pa": "パンジャブ語",
    "pl": "ポーランド語",
    "ps": "パシュトゥー語",
    "pt": "ポルトガル語",
    "pt_BR": "ポルトガル語 (ブラジル)",
    "qu": "ケチュア語",
    "ro": "ルーマニア語",
    "ru": "ロシア語",
    "rw": "キニアルワンダ語",
    "sa": "サンスクリット語",
    "sc": "サルデーニャ語",
    "sd": "シンド語",
    "si": "シンハラ語",
    "sk": "スロバキア語",
    "sl": "スロベニア語",
    "sn": "ショナ語",
    "so": "ソマリ語",
    "sq": "アルバニア語",
    "sr_Cyrl": "セルビア語",
    "sr_Latn": "セルビア語",
    "sr_Latn_ME": "セルビア語 (モンテネグロ)",
    "su": "スンダ語",
    "sv": "スウェーデン語",
    "sw": "スワヒリ語",
    "ta": "タミル語",
    "te": "テルグ語",
    "tg": "タジク語",
    "th": "タイ語",
    "ti": "ティグリニア語",
    "tk": "トルクメン語",
    "tl": "タガログ語",
    "tr": "トルコ語",
    "tt": "タタール語",
    "ug": "ウイグル語",
    "uk": "ウクライナ語",
    "ur": "ウルドゥー語",
    "uz_Cyrl": "ウズベク語",
    "uz_Latn": "ウズベク語",
    "vi": "ベトナム語",
    "xh": "コサ語",
    "yi": "イディッシュ語",
    "yo": "ヨルバ語",
    "zh_CN": "中国語 (中国)",
    "zh_HK": "中国語 (中華人民共和国香港特別行政区)",
    "zh_TW": "中国語 (台湾)",
    "zu": "ズールー語"
}
