{
    "af": "აფრიკაანსი",
    "ak": "აკანი",
    "am": "ამჰარული",
    "ar": "არაბული",
    "as": "ასამური",
    "az": "აზერბაიჯანული",
    "be": "ბელარუსული",
    "bg": "ბულგარული",
    "bho": "ბოჯპური",
    "bm": "ბამბარა",
    "bn": "ბენგალური",
    "bs": "ბოსნიური",
    "ca": "კატალანური",
    "ceb": "სებუანო",
    "ckb": "ცენტრალური ქურთული",
    "cs": "ჩეხური",
    "cy": "უელსური",
    "da": "დანიური",
    "de": "გერმანული",
    "de_CH": "გერმანული (შვეიცარია)",
    "doi": "დოგრი",
    "ee": "ევე",
    "el": "ბერძნული",
    "en": "ინგლისური",
    "en_CA": "ინგლისური (კანადა)",
    "eo": "ესპერანტო",
    "es": "ესპანური",
    "et": "ესტონური",
    "eu": "ბასკური",
    "fa": "სპარსული",
    "fi": "ფინური",
    "fil": "ფილიპინური",
    "fr": "ფრანგული",
    "fy": "დასავლეთფრიზიული",
    "ga": "ირლანდიური",
    "gd": "შოტლანდიური გელური",
    "gl": "გალისიური",
    "gu": "გუჯარათი",
    "ha": "ჰაუსა",
    "haw": "ჰავაიური",
    "he": "ებრაული",
    "hi": "ჰინდი",
    "hr": "ხორვატული",
    "hu": "უნგრული",
    "hy": "სომხური",
    "id": "ინდონეზიური",
    "ig": "იგბო",
    "is": "ისლანდიური",
    "it": "იტალიური",
    "ja": "იაპონური",
    "ka": "ქართული",
    "kk": "ყაზახური",
    "km": "ქმერული",
    "kn": "კანადა",
    "ko": "კორეული",
    "ku": "ქურთული",
    "ky": "ყირგიზული",
    "lb": "ლუქსემბურგული",
    "lg": "განდა",
    "ln": "ლინგალა",
    "lo": "ლაოსური",
    "lt": "ლიეტუვური",
    "lv": "ლატვიური",
    "mai": "მაითილი",
    "mg": "მალაგასიური",
    "mi": "მაორი",
    "mk": "მაკედონური",
    "ml": "მალაიალამური",
    "mn": "მონღოლური",
    "mni_Mtei": "მანიპური",
    "mr": "მარათჰი",
    "ms": "მალაიური",
    "mt": "მალტური",
    "my": "ბირმული",
    "nb": "ნორვეგიული ბუკმოლი",
    "ne": "ნეპალური",
    "nl": "ნიდერლანდური",
    "nn": "ნორვეგიული ნიუნორსკი",
    "oc": "ოქსიტანური",
    "om": "ორომო",
    "or": "ორია",
    "pa": "პენჯაბური",
    "pl": "პოლონური",
    "ps": "პუშტუ",
    "pt": "პორტუგალიური",
    "pt_BR": "პორტუგალიური (ბრაზილია)",
    "qu": "კეჩუა",
    "ro": "რუმინული",
    "ru": "რუსული",
    "rw": "კინიარუანდა",
    "sa": "სანსკრიტი",
    "sc": "სარდინიული",
    "sd": "სინდჰური",
    "si": "სინჰალური",
    "sk": "სლოვაკური",
    "sl": "სლოვენური",
    "sn": "შონა",
    "so": "სომალიური",
    "sq": "ალბანური",
    "sr_Cyrl": "სერბული",
    "sr_Latn": "სერბული",
    "sr_Latn_ME": "სერბული (მონტენეგრო)",
    "su": "სუნდური",
    "sv": "შვედური",
    "sw": "სუაჰილი",
    "ta": "ტამილური",
    "te": "ტელუგუ",
    "tg": "ტაჯიკური",
    "th": "ტაილანდური",
    "ti": "ტიგრინია",
    "tk": "თურქმენული",
    "tl": "Tagalog",
    "tr": "თურქული",
    "tt": "თათრული",
    "ug": "უიღურული",
    "uk": "უკრაინული",
    "ur": "ურდუ",
    "uz_Cyrl": "უზბეკური",
    "uz_Latn": "უზბეკური",
    "vi": "ვიეტნამური",
    "xh": "ქჰოსა",
    "yi": "იდიში",
    "yo": "იორუბა",
    "zh_CN": "ჩინური (ჩინეთი)",
    "zh_HK": "ჩინური (ჰონკონგის სპეციალური ადმინისტრაციული რეგიონი, ჩინეთი)",
    "zh_TW": "ჩინური (ტაივანი)",
    "zu": "ზულუ"
}
