{
    "af": "Африкаанс Тілі",
    "ak": "Акан Тілі",
    "am": "Амхар Тілі",
    "ar": "Араб Тілі",
    "as": "Ассам Тілі",
    "az": "Әзірбайжан Тілі",
    "be": "Беларусь Тілі",
    "bg": "Болгар Тілі",
    "bho": "Бходжпури Тілі",
    "bm": "Бамбара Тілі",
    "bn": "Бенгал Тілі",
    "bs": "Босния Тілі",
    "ca": "Каталан Тілі",
    "ceb": "Себуано Тілі",
    "ckb": "Сорани Тілі",
    "cs": "Чех Тілі",
    "cy": "Валлий Тілі",
    "da": "Дат Тілі",
    "de": "Неміс Тілі",
    "de_CH": "Неміс Тілі (Швейцария)",
    "doi": "Догри Тілі",
    "ee": "Эве Тілі",
    "el": "Грек Тілі",
    "en": "Ағылшын Тілі",
    "en_CA": "Ағылшын Тілі (Канада)",
    "eo": "Эсперанто Тілі",
    "es": "Испан Тілі",
    "et": "Эстон Тілі",
    "eu": "Баск Тілі",
    "fa": "Парсы Тілі",
    "fi": "Фин Тілі",
    "fil": "Филиппин Тілі",
    "fr": "Француз Тілі",
    "fy": "Батыс Фриз Тілі",
    "ga": "Ирланд Тілі",
    "gd": "Шотландиялық Гэль Тілі",
    "gl": "Галисия Тілі",
    "gu": "Гуджарати Тілі",
    "ha": "Хауса Тілі",
    "haw": "Гавайи Тілі",
    "he": "Иврит Тілі",
    "hi": "Хинди Тілі",
    "hr": "Хорват Тілі",
    "hu": "Венгр Тілі",
    "hy": "Армян Тілі",
    "id": "Индонезия Тілі",
    "ig": "Игбо Тілі",
    "is": "Исланд Тілі",
    "it": "Итальян Тілі",
    "ja": "Жапон Тілі",
    "ka": "Грузин Тілі",
    "kk": "Қазақ Тілі",
    "km": "Кхмер Тілі",
    "kn": "Каннада Тілі",
    "ko": "Корей Тілі",
    "ku": "Күрд Тілі",
    "ky": "Қырғыз Тілі",
    "lb": "Люксембург Тілі",
    "lg": "Ганда Тілі",
    "ln": "Лингала Тілі",
    "lo": "Лаос Тілі",
    "lt": "Литва Тілі",
    "lv": "Латыш Тілі",
    "mai": "Майтхили Тілі",
    "mg": "Малагаси Тілі",
    "mi": "Маори Тілі",
    "mk": "Македон Тілі",
    "ml": "Малаялам Тілі",
    "mn": "Моңғол Тілі",
    "mni_Mtei": "Манипури Тілі",
    "mr": "Маратхи Тілі",
    "ms": "Малай Тілі",
    "mt": "Мальта Тілі",
    "my": "Бирма Тілі",
    "nb": "Норвегиялық Букмол Тілі",
    "ne": "Непал Тілі",
    "nl": "Нидерланд Тілі",
    "nn": "Норвегиялық Нюнорск Тілі",
    "oc": "Окситан Тілі",
    "om": "Оромо Тілі",
    "or": "Ория Тілі",
    "pa": "Пенджаб Тілі",
    "pl": "Поляк Тілі",
    "ps": "Пушту Тілі",
    "pt": "Португал Тілі",
    "pt_BR": "Португал Тілі (Бразилия)",
    "qu": "Кечуа Тілі",
    "ro": "Румын Тілі",
    "ru": "Орыс Тілі",
    "rw": "Киньяруанда Тілі",
    "sa": "Санскрит Тілі",
    "sc": "Сардин Тілі",
    "sd": "Синдхи Тілі",
    "si": "Сингал Тілі",
    "sk": "Словак Тілі",
    "sl": "Словен Тілі",
    "sn": "Шона Тілі",
    "so": "Сомали Тілі",
    "sq": "Албан Тілі",
    "sr_Cyrl": "Серб Тілі",
    "sr_Latn": "Серб Тілі",
    "sr_Latn_ME": "Серб Тілі (Черногория)",
    "su": "Сундан Тілі",
    "sv": "Швед Тілі",
    "sw": "Суахили Тілі",
    "ta": "Тамил Тілі",
    "te": "Телугу Тілі",
    "tg": "Тәжік Тілі",
    "th": "Тай Тілі",
    "ti": "Тигринья Тілі",
    "tk": "Түрікмен Тілі",
    "tl": "Tagalog",
    "tr": "Түрік Тілі",
    "tt": "Татар Тілі",
    "ug": "Ұйғыр Тілі",
    "uk": "Украин Тілі",
    "ur": "Урду Тілі",
    "uz_Cyrl": "Өзбек Тілі",
    "uz_Latn": "Өзбек Тілі",
    "vi": "Вьетнам Тілі",
    "xh": "Кхоса Тілі",
    "yi": "Идиш Тілі",
    "yo": "Йоруба Тілі",
    "zh_CN": "Қытай Тілі (Қытай)",
    "zh_HK": "Қытай Тілі (Сянган Аәа)",
    "zh_TW": "Қытай Тілі (Тайвань)",
    "zu": "Зулу Тілі"
}
