{
    "af": "អាហ្វ្រិកាន",
    "ak": "អាកាន",
    "am": "អាំហារិក",
    "ar": "អារ៉ាប់",
    "as": "អាសាមីស",
    "az": "អាស៊ែបៃហ្សង់",
    "be": "បេឡារុស",
    "bg": "ប៊ុលហ្ការី",
    "bho": "បូចពូរី",
    "bm": "បាម្បារា",
    "bn": "បង់ក្លាដែស",
    "bs": "បូស្នី",
    "ca": "កាតាឡាន",
    "ceb": "ស៊ីប៊ូអាណូ",
    "ckb": "ឃើដភាគកណ្តាល",
    "cs": "ឆែក",
    "cy": "វេល",
    "da": "ដាណឺម៉ាក",
    "de": "អាល្លឺម៉ង់",
    "de_CH": "អាល្លឺម៉ង់ (ស្វ៊ីស)",
    "doi": "ដូហ្គ្រី",
    "ee": "អ៊ីវ",
    "el": "ក្រិក",
    "en": "អង់គ្លេស",
    "en_CA": "អង់គ្លេស (កាណាដា)",
    "eo": "អេស្ពេរ៉ាន់តូ",
    "es": "អេស្ប៉ាញ",
    "et": "អេស្តូនី",
    "eu": "បាសខ៍",
    "fa": "ភឺសៀន",
    "fi": "ហ្វាំងឡង់",
    "fil": "ហ្វ៊ីលីពីន",
    "fr": "បារាំង",
    "fy": "ហ្វ្រីស៊ានខាងលិច",
    "ga": "អៀរឡង់",
    "gd": "ស្កុតហ្កែលិគ",
    "gl": "ហ្កាលីស្យាន",
    "gu": "ហ្គុយ៉ារ៉ាទី",
    "ha": "ហូសា",
    "haw": "ហាវ៉ៃ",
    "he": "ហេប្រឺ",
    "hi": "ហិណ្ឌី",
    "hr": "ក្រូអាត",
    "hu": "ហុងគ្រី",
    "hy": "អាមេនី",
    "id": "ឥណ្ឌូណេស៊ី",
    "ig": "អ៊ីកបូ",
    "is": "អ៊ីស្លង់",
    "it": "អ៊ីតាលី",
    "ja": "ជប៉ុន",
    "ka": "ហ្សក​ហ្ស៊ី",
    "kk": "កាហ្សាក់",
    "km": "ខ្មែរ",
    "kn": "ខាណាដា",
    "ko": "កូរ៉េ",
    "ku": "ឃឺដ",
    "ky": "​កៀហ្ស៊ីស",
    "lb": "លុចសំបួ",
    "lg": "ហ្កាន់ដា",
    "ln": "លីនកាឡា",
    "lo": "ឡាវ",
    "lt": "លីទុយអានី",
    "lv": "ឡាតវី",
    "mai": "ម៉ៃធីលី",
    "mg": "ម៉ាឡាហ្គាស៊ី",
    "mi": "ម៉ោរី",
    "mk": "ម៉ាសេដូនី",
    "ml": "ម៉ាឡាយ៉ាឡាម",
    "mn": "ម៉ុងហ្គោលី",
    "mni_Mtei": "ម៉ានីពូរី",
    "mr": "ម៉ារ៉ាធី",
    "ms": "ម៉ាឡេ",
    "mt": "ម៉ាល់តា",
    "my": "ភូមា",
    "nb": "ន័រវែស បុកម៉ាល់",
    "ne": "នេប៉ាល់",
    "nl": "ហូឡង់",
    "nn": "ន័រវែស នីនូស",
    "oc": "អូសីតាន់",
    "om": "អូរ៉ូម៉ូ",
    "or": "អូឌៀ",
    "pa": "បឹនជាពិ",
    "pl": "ប៉ូឡូញ",
    "ps": "បាស្តូ",
    "pt": "ព័រទុយហ្គាល់",
    "pt_BR": "ព័រទុយហ្គាល់ (ប្រេស៊ីល)",
    "qu": "ហ្គិកឈួ",
    "ro": "រូម៉ានី",
    "ru": "រុស្ស៊ី",
    "rw": "គិនយ៉ាវ៉ាន់ដា",
    "sa": "សំស្ក្រឹត",
    "sc": "សាឌីនា",
    "sd": "ស៊ីនឌី",
    "si": "ស្រីលង្កា",
    "sk": "ស្លូវ៉ាគី",
    "sl": "ស្លូវ៉ានី",
    "sn": "សូណា",
    "so": "សូម៉ាលី",
    "sq": "អាល់បានី",
    "sr_Cyrl": "ស៊ែប",
    "sr_Latn": "ស៊ែប",
    "sr_Latn_ME": "ស៊ែប (ម៉ុងតេណេហ្គ្រោ)",
    "su": "ស៊ូដង់",
    "sv": "ស៊ុយអែត",
    "sw": "ស្វាហ៊ីលី",
    "ta": "តាមីល",
    "te": "តេលុគុ",
    "tg": "តាហ្ស៊ីគ",
    "th": "ថៃ",
    "ti": "ទីហ្គ្រីញ៉ា",
    "tk": "តួកម៉េន",
    "tl": "Tagalog",
    "tr": "ទួរគី",
    "tt": "តាតា",
    "ug": "អ៊ុយហ្គឺរ",
    "uk": "អ៊ុយក្រែន",
    "ur": "អ៊ូរឌូ",
    "uz_Cyrl": "អ៊ូសបេគ",
    "uz_Latn": "អ៊ូសបេគ",
    "vi": "វៀតណាម",
    "xh": "ឃសា",
    "yi": "យ៉ីឌីស",
    "yo": "យរូបា",
    "zh_CN": "ចិន (ចិន)",
    "zh_HK": "ចិន (ហុងកុង តំបន់រដ្ឋបាលពិសេសចិន)",
    "zh_TW": "ចិន (តៃវ៉ាន់)",
    "zu": "ហ្សូលូ"
}
