{
    "af": "ಆಫ್ರಿಕಾನ್ಸ್",
    "ak": "ಅಕಾನ್",
    "am": "ಅಂಹರಿಕ್",
    "ar": "ಅರೇಬಿಕ್",
    "as": "ಅಸ್ಸಾಮೀಸ್",
    "az": "ಅಜೆರ್ಬೈಜಾನಿ",
    "be": "ಬೆಲರೂಸಿಯನ್",
    "bg": "ಬಲ್ಗೇರಿಯನ್",
    "bho": "ಭೋಜಪುರಿ",
    "bm": "ಬಂಬಾರಾ",
    "bn": "ಬಾಂಗ್ಲಾ",
    "bs": "ಬೋಸ್ನಿಯನ್",
    "ca": "ಕೆಟಲಾನ್",
    "ceb": "ಸೆಬುವಾನೊ",
    "ckb": "ಮಧ್ಯ ಕುರ್ದಿಶ್",
    "cs": "ಜೆಕ್",
    "cy": "ವೆಲ್ಶ್",
    "da": "ಡ್ಯಾನಿಶ್",
    "de": "ಜರ್ಮನ್",
    "de_CH": "ಜರ್ಮನ್ (ಸ್ವಿಟ್ಜರ್ಲ್ಯಾಂಡ್)",
    "doi": "ಡೋಗ್ರಿ",
    "ee": "ಈವ್",
    "el": "ಗ್ರೀಕ್",
    "en": "ಇಂಗ್ಲಿಷ್",
    "en_CA": "ಇಂಗ್ಲಿಷ್ (ಕೆನಡಾ)",
    "eo": "ಎಸ್ಪೆರಾಂಟೊ",
    "es": "ಸ್ಪ್ಯಾನಿಷ್",
    "et": "ಎಸ್ಟೊನಿಯನ್",
    "eu": "ಬಾಸ್ಕ್",
    "fa": "ಪರ್ಶಿಯನ್",
    "fi": "ಫಿನ್ನಿಶ್",
    "fil": "ಫಿಲಿಪಿನೊ",
    "fr": "ಫ್ರೆಂಚ್",
    "fy": "ಪಶ್ಚಿಮ ಫ್ರಿಸಿಯನ್",
    "ga": "ಐರಿಷ್",
    "gd": "ಸ್ಕಾಟಿಶ್ ಗೆಲಿಕ್",
    "gl": "ಗ್ಯಾಲಿಶಿಯನ್",
    "gu": "ಗುಜರಾತಿ",
    "ha": "ಹೌಸಾ",
    "haw": "ಹವಾಯಿಯನ್",
    "he": "ಹೀಬ್ರೂ",
    "hi": "ಹಿಂದಿ",
    "hr": "ಕ್ರೊಯೇಶಿಯನ್",
    "hu": "ಹಂಗೇರಿಯನ್",
    "hy": "ಅರ್ಮೇನಿಯನ್",
    "id": "ಇಂಡೋನೇಶಿಯನ್",
    "ig": "ಇಗ್ಬೊ",
    "is": "ಐಸ್‌ಲ್ಯಾಂಡಿಕ್",
    "it": "ಇಟಾಲಿಯನ್",
    "ja": "ಜಾಪನೀಸ್",
    "ka": "ಜಾರ್ಜಿಯನ್",
    "kk": "ಕಝಕ್",
    "km": "ಖಮೇರ್",
    "kn": "ಕನ್ನಡ",
    "ko": "ಕೊರಿಯನ್",
    "ku": "ಕುರ್ದಿಷ್",
    "ky": "ಕಿರ್ಗಿಜ್",
    "lb": "ಲಕ್ಸಂಬರ್ಗಿಷ್",
    "lg": "ಗಾಂಡಾ",
    "ln": "ಲಿಂಗಾಲ",
    "lo": "ಲಾವೋ",
    "lt": "ಲಿಥುವೇನಿಯನ್",
    "lv": "ಲಾಟ್ವಿಯನ್",
    "mai": "ಮೈಥಿಲಿ",
    "mg": "ಮಲಗಾಸಿ",
    "mi": "ಮಾವೋರಿ",
    "mk": "ಮೆಸಿಡೋನಿಯನ್",
    "ml": "ಮಲಯಾಳಂ",
    "mn": "ಮಂಗೋಲಿಯನ್",
    "mni_Mtei": "ಮಣಿಪುರಿ",
    "mr": "ಮರಾಠಿ",
    "ms": "ಮಲಯ್",
    "mt": "ಮಾಲ್ಟೀಸ್",
    "my": "ಬರ್ಮೀಸ್",
    "nb": "ನಾರ್ವೆಜಿಯನ್ ಬೊಕ್ಮಲ್",
    "ne": "ನೇಪಾಳಿ",
    "nl": "ಡಚ್",
    "nn": "ನಾರ್ವೇಜಿಯನ್ ನೈನಾರ್ಸ್ಕ್",
    "oc": "ಒಸಿಟನ್",
    "om": "ಒರೊಮೊ",
    "or": "ಒಡಿಯ",
    "pa": "ಪಂಜಾಬಿ",
    "pl": "ಪೊಲಿಶ್",
    "ps": "ಪಾಷ್ಟೋ",
    "pt": "ಪೋರ್ಚುಗೀಸ್",
    "pt_BR": "ಪೋರ್ಚುಗೀಸ್ (ಬ್ರೆಜಿಲ್)",
    "qu": "ಕ್ವೆಚುವಾ",
    "ro": "ರೊಮೇನಿಯನ್",
    "ru": "ರಷ್ಯನ್",
    "rw": "ಕಿನ್ಯಾರ್‌ವಾಂಡಾ",
    "sa": "ಸಂಸ್ಕೃತ",
    "sc": "ಸರ್ಡೀನಿಯನ್",
    "sd": "ಸಿಂಧಿ",
    "si": "ಸಿಂಹಳ",
    "sk": "ಸ್ಲೋವಾಕ್",
    "sl": "ಸ್ಲೋವೇನಿಯನ್",
    "sn": "ಶೋನಾ",
    "so": "ಸೊಮಾಲಿ",
    "sq": "ಅಲ್ಬೇನಿಯನ್",
    "sr_Cyrl": "ಸೆರ್ಬಿಯನ್",
    "sr_Latn": "ಸೆರ್ಬಿಯನ್",
    "sr_Latn_ME": "ಸೆರ್ಬಿಯನ್ (ಮೊಂಟೆನೆಗ್ರೋ)",
    "su": "ಸುಂಡಾನೀಸ್",
    "sv": "ಸ್ವೀಡಿಷ್",
    "sw": "ಸ್ವಹಿಲಿ",
    "ta": "ತಮಿಳು",
    "te": "ತೆಲುಗು",
    "tg": "ತಾಜಿಕ್",
    "th": "ಥಾಯ್",
    "ti": "ಟಿಗ್ರಿನ್ಯಾ",
    "tk": "ಟರ್ಕ್‌ಮೆನ್",
    "tl": "ಟ್ಯಾಗಲೋಗ್",
    "tr": "ಟರ್ಕಿಶ್",
    "tt": "ಟಾಟರ್",
    "ug": "ಉಯಿಘರ್",
    "uk": "ಉಕ್ರೇನಿಯನ್",
    "ur": "ಉರ್ದು",
    "uz_Cyrl": "ಉಜ್ಬೇಕ್",
    "uz_Latn": "ಉಜ್ಬೇಕ್",
    "vi": "ವಿಯೆಟ್ನಾಮೀಸ್",
    "xh": "ಕ್ಸೋಸ",
    "yi": "ಯಿಡ್ಡಿಶ್",
    "yo": "ಯೊರುಬಾ",
    "zh_CN": "ಚೈನೀಸ್ (ಚೀನಾ)",
    "zh_HK": "ಚೈನೀಸ್ (ಹಾಂಗ್ ಕಾಂಗ್ Sar ಚೈನಾ)",
    "zh_TW": "ಚೈನೀಸ್ (ತೈವಾನ್)",
    "zu": "ಜುಲು"
}
