{
    "af": "아프리칸스어",
    "ak": "아칸어",
    "am": "암하라어",
    "ar": "아랍어",
    "as": "아삼어",
    "az": "아제르바이잔어",
    "be": "벨라루스어",
    "bg": "불가리아어",
    "bho": "호즈푸리어",
    "bm": "밤바라어",
    "bn": "벵골어",
    "bs": "보스니아어",
    "ca": "카탈로니아어",
    "ceb": "세부아노어",
    "ckb": "소라니 쿠르드어",
    "cs": "체코어",
    "cy": "웨일스어",
    "da": "덴마크어",
    "de": "독일어",
    "de_CH": "독일어 (스위스)",
    "doi": "도그리어",
    "ee": "에웨어",
    "el": "그리스어",
    "en": "영어",
    "en_CA": "영어 (캐나다)",
    "eo": "에스페란토어",
    "es": "스페인어",
    "et": "에스토니아어",
    "eu": "바스크어",
    "fa": "페르시아어",
    "fi": "핀란드어",
    "fil": "필리핀어",
    "fr": "프랑스어",
    "fy": "서부 프리지아어",
    "ga": "아일랜드어",
    "gd": "스코틀랜드 게일어",
    "gl": "갈리시아어",
    "gu": "구자라트어",
    "ha": "하우사어",
    "haw": "하와이어",
    "he": "히브리어",
    "hi": "힌디어",
    "hr": "크로아티아어",
    "hu": "헝가리어",
    "hy": "아르메니아어",
    "id": "인도네시아어",
    "ig": "이그보어",
    "is": "아이슬란드어",
    "it": "이탈리아어",
    "ja": "일본어",
    "ka": "조지아어",
    "kk": "카자흐어",
    "km": "크메르어",
    "kn": "칸나다어",
    "ko": "한국어",
    "ku": "쿠르드어",
    "ky": "키르기스어",
    "lb": "룩셈부르크어",
    "lg": "간다어",
    "ln": "링갈라어",
    "lo": "라오어",
    "lt": "리투아니아어",
    "lv": "라트비아어",
    "mai": "마이틸리어",
    "mg": "말라가시어",
    "mi": "마오리어",
    "mk": "마케도니아어",
    "ml": "말라얄람어",
    "mn": "몽골어",
    "mni_Mtei": "마니푸리어",
    "mr": "마라티어",
    "ms": "말레이어",
    "mt": "몰타어",
    "my": "버마어",
    "nb": "노르웨이어(보크말)",
    "ne": "네팔어",
    "nl": "네덜란드어",
    "nn": "노르웨이어(니노르스크)",
    "oc": "오크어",
    "om": "오로모어",
    "or": "오리야어",
    "pa": "펀잡어",
    "pl": "폴란드어",
    "ps": "파슈토어",
    "pt": "포르투갈어",
    "pt_BR": "포르투갈어 (브라질)",
    "qu": "케추아어",
    "ro": "루마니아어",
    "ru": "러시아어",
    "rw": "르완다어",
    "sa": "산스크리트어",
    "sc": "사르디니아어",
    "sd": "신디어",
    "si": "싱할라어",
    "sk": "슬로바키아어",
    "sl": "슬로베니아어",
    "sn": "쇼나어",
    "so": "소말리아어",
    "sq": "알바니아어",
    "sr_Cyrl": "세르비아어",
    "sr_Latn": "세르비아어",
    "sr_Latn_ME": "세르비아어 (몬테네그로)",
    "su": "순다어",
    "sv": "스웨덴어",
    "sw": "스와힐리어",
    "ta": "타밀어",
    "te": "텔루구어",
    "tg": "타지크어",
    "th": "태국어",
    "ti": "티그리냐어",
    "tk": "투르크멘어",
    "tl": "타갈로그어",
    "tr": "터키어",
    "tt": "타타르어",
    "ug": "위구르어",
    "uk": "우크라이나어",
    "ur": "우르두어",
    "uz_Cyrl": "우즈베크어",
    "uz_Latn": "우즈베크어",
    "vi": "베트남어",
    "xh": "코사어",
    "yi": "이디시어",
    "yo": "요루바어",
    "zh_CN": "중국어 (중국)",
    "zh_HK": "중국어 (홍콩(중국 특별행정구))",
    "zh_TW": "중국어 (대만)",
    "zu": "줄루어"
}
