{
    "af": "Afrîkansî",
    "ak": "Akan",
    "am": "Amharî",
    "ar": "Erebî",
    "as": "Asamî",
    "az": "Azerî",
    "be": "Belarusî",
    "bg": "Bulgarî",
    "bho": "Bojpûrî",
    "bm": "Bambarayî",
    "bn": "Bengalî",
    "bs": "Bosnî",
    "ca": "Katalanî",
    "ceb": "Sebwanoyî",
    "ckb": "Soranî",
    "cs": "Çekî",
    "cy": "Weylsî",
    "da": "Danmarkî",
    "de": "Elmanî",
    "de_CH": "Elmanî (Swîsre)",
    "doi": "Dogri",
    "ee": "Eweyî",
    "el": "Yewnanî",
    "en": "Îngilîzî",
    "en_CA": "Îngilîzî (Kanada)",
    "eo": "Esperantoyî",
    "es": "Spanî",
    "et": "Estonî",
    "eu": "Baskî",
    "fa": "Farisî",
    "fi": "Fînî",
    "fil": "Fîlîpînoyî",
    "fr": "Frensî",
    "fy": "Frîsî",
    "ga": "Îrî",
    "gd": "Gaelîka Skotî",
    "gl": "Galîsî",
    "gu": "Gujaratî",
    "ha": "Hawsayî",
    "haw": "Hawayî",
    "he": "Îbranî",
    "hi": "Hindî",
    "hr": "Xirwatî",
    "hu": "Mecarî",
    "hy": "Ermenî",
    "id": "Indonezî",
    "ig": "Îgboyî",
    "is": "Îzlendî",
    "it": "Îtalî",
    "ja": "Japonî",
    "ka": "Gurcî",
    "kk": "Qazaxî",
    "km": "Ximêrî",
    "kn": "Kannadayî",
    "ko": "Koreyî",
    "ku": "Kurdî",
    "ky": "Kirgizî",
    "lb": "Luksembûrgî",
    "lg": "Lugandayî",
    "ln": "Lingalayî",
    "lo": "Lawsî",
    "lt": "Lîtwanî",
    "lv": "Latviyayî",
    "mai": "Maithili",
    "mg": "Malagasî",
    "mi": "Maorî",
    "mk": "Makedonî",
    "ml": "Malayalamî",
    "mn": "Mongolî",
    "mni_Mtei": "Mni",
    "mr": "Maratî",
    "ms": "Malezî",
    "mt": "Maltayî",
    "my": "Burmayî",
    "nb": "Norwecî (Bokmål)",
    "ne": "Nepalî",
    "nl": "Holendî",
    "nn": "Norwecî (Nynorsk)",
    "oc": "Oksîtanî",
    "om": "Oromoyî",
    "or": "Oriyayî",
    "pa": "Puncabî",
    "pl": "Polonî",
    "ps": "Peştûyî",
    "pt": "Portugalî",
    "pt_BR": "Portugalî (Brazîl)",
    "qu": "Keçwayî",
    "ro": "Romanî",
    "ru": "Rusî",
    "rw": "Kînyariwandayî",
    "sa": "Sanskrîtî",
    "sc": "Sardînî",
    "sd": "Sindhî",
    "si": "Kîngalî",
    "sk": "Slovakî",
    "sl": "Slovenî",
    "sn": "Şonayî",
    "so": "Somalî",
    "sq": "Elbanî",
    "sr_Cyrl": "Sirbî",
    "sr_Latn": "Sirbî",
    "sr_Latn_ME": "Sirbî (Montenegro)",
    "su": "Sundanî",
    "sv": "Swêdî",
    "sw": "Swahîlî",
    "ta": "Tamîlî",
    "te": "Telûgûyî",
    "tg": "Tacikî",
    "th": "Tayî",
    "ti": "Tigrînî",
    "tk": "Tirkmenî",
    "tl": "Tagalog",
    "tr": "Tirkî",
    "tt": "Teterî",
    "ug": "Oygurî",
    "uk": "Ukraynî",
    "ur": "Urdûyî",
    "uz_Cyrl": "Ozbekî",
    "uz_Latn": "Ozbekî",
    "vi": "Viyetnamî",
    "xh": "Xosayî",
    "yi": "Yidîşî",
    "yo": "Yorubayî",
    "zh_CN": "Zh (Çîn)",
    "zh_HK": "Zh (Hong Kong)",
    "zh_TW": "Zh (Taywan)",
    "zu": "Zuluyî"
}
