{
    "af": "Африкаанча",
    "ak": "Аканча",
    "am": "Амхарча",
    "ar": "Арабча",
    "as": "Ассамча",
    "az": "Азербайжанча",
    "be": "Беларусча",
    "bg": "Болгарча",
    "bho": "Бхожпуриче",
    "bm": "Бамбарача",
    "bn": "Бангладешче",
    "bs": "Боснийче",
    "ca": "Каталончо",
    "ceb": "Себуанча",
    "ckb": "Борбордук Курдча",
    "cs": "Чехче",
    "cy": "Уелшче",
    "da": "Датча",
    "de": "Немисче",
    "de_CH": "Немисче (Швейцария)",
    "doi": "Догриче",
    "ee": "Эбече",
    "el": "Грекче",
    "en": "Англисче",
    "en_CA": "Англисче (Канада)",
    "eo": "Эсперанто",
    "es": "Испанча",
    "et": "Эстончо",
    "eu": "Баскча",
    "fa": "Фарсча",
    "fi": "Финче",
    "fil": "Филипинче",
    "fr": "Французча",
    "fy": "Батыш Фризче",
    "ga": "Ирландча",
    "gd": "Шотладиялык Гелча",
    "gl": "Галисияча",
    "gu": "Гужаратча",
    "ha": "Хаусача",
    "haw": "Гавайча",
    "he": "Ивритче",
    "hi": "Хиндиче",
    "hr": "Хорватча",
    "hu": "Венгерче",
    "hy": "Армянча",
    "id": "Индонезияча",
    "ig": "Игбочо",
    "is": "Исландча",
    "it": "Италиянча",
    "ja": "Жапончо",
    "ka": "Грузинче",
    "kk": "Казакча",
    "km": "Кмерче",
    "kn": "Каннадача",
    "ko": "Корейче",
    "ku": "Курдча",
    "ky": "Кыргызча",
    "lb": "Люксембургча",
    "lg": "Гандача",
    "ln": "Лингалача",
    "lo": "Лаочо",
    "lt": "Литовчо",
    "lv": "Латышча",
    "mai": "Маитиличе",
    "mg": "Малагасча",
    "mi": "Маориче",
    "mk": "Македончо",
    "ml": "Малайаламча",
    "mn": "Монголчо",
    "mni_Mtei": "Манипуриче",
    "mr": "Маратиче",
    "ms": "Малайча",
    "mt": "Малтизче",
    "my": "Бурмача",
    "nb": "Норвежче (Букмал)",
    "ne": "Непалча",
    "nl": "Голландча",
    "nn": "Норвежче (Нинорск)",
    "oc": "Окситанча",
    "om": "Оромочо",
    "or": "Орияча",
    "pa": "Пунжабиче",
    "pl": "Полякча",
    "ps": "Пуштуча",
    "pt": "Португалча",
    "pt_BR": "Португалча (Бразилия)",
    "qu": "Кечуача",
    "ro": "Румынча",
    "ru": "Орусча",
    "rw": "Руандача",
    "sa": "Санскритче",
    "sc": "Сардинче",
    "sd": "Синдхиче",
    "si": "Сингалача",
    "sk": "Словакча",
    "sl": "Словенче",
    "sn": "Шонача",
    "so": "Сомаличе",
    "sq": "Албанча",
    "sr_Cyrl": "Сербче",
    "sr_Latn": "Сербче",
    "sr_Latn_ME": "Сербче (Черногория)",
    "su": "Сунданча",
    "sv": "Шведче",
    "sw": "Суахиличе",
    "ta": "Тамилче",
    "te": "Телугуча",
    "tg": "Тажикче",
    "th": "Тайча",
    "ti": "Тигриниача",
    "tk": "Түркмөнчө",
    "tl": "Tagalog",
    "tr": "Түркчө",
    "tt": "Татарча",
    "ug": "Уйгурча",
    "uk": "Украинче",
    "ur": "Урдуча",
    "uz_Cyrl": "Өзбекче",
    "uz_Latn": "Өзбекче",
    "vi": "Вьетнамча",
    "xh": "Косача",
    "yi": "Идишче",
    "yo": "Йорубача",
    "zh_CN": "Кытайча (Кытай)",
    "zh_HK": "Кытайча (Гонконг Кытай Ааа)",
    "zh_TW": "Кытайча (Тайвань)",
    "zu": "Зулуча"
}
