{
    "af": "Afrikaans",
    "ak": "Akan",
    "am": "Amharesch",
    "ar": "Arabesch",
    "as": "Assamesesch",
    "az": "Aserbaidschanesch",
    "be": "Wäissrussesch",
    "bg": "Bulgaresch",
    "bho": "Bhodschpuri",
    "bm": "Bambara-Sprooch",
    "bn": "Bengalesch",
    "bs": "Bosnesch",
    "ca": "Katalanesch",
    "ceb": "Cebuano",
    "ckb": "Sorani",
    "cs": "Tschechesch",
    "cy": "Walisesch",
    "da": "Dänesch",
    "de": "Däitsch",
    "de_CH": "Däitsch (Schwäiz)",
    "doi": "Dogri",
    "ee": "Ewe-Sprooch",
    "el": "Griichesch",
    "en": "Englesch",
    "en_CA": "Englesch (Kanada)",
    "eo": "Esperanto",
    "es": "Spuenesch",
    "et": "Estnesch",
    "eu": "Baskesch",
    "fa": "Persesch",
    "fi": "Finnesch",
    "fil": "Filipino",
    "fr": "Franséisch",
    "fy": "Westfriesesch",
    "ga": "Iresch",
    "gd": "Schottescht Gällesch",
    "gl": "Galizesch",
    "gu": "Gujarati",
    "ha": "Hausa",
    "haw": "Hawaiesch",
    "he": "Hebräesch",
    "hi": "Hindi",
    "hr": "Kroatesch",
    "hu": "Ungaresch",
    "hy": "Armenesch",
    "id": "Indonesesch",
    "ig": "Igbo-Sprooch",
    "is": "Islännesch",
    "it": "Italienesch",
    "ja": "Japanesch",
    "ka": "Georgesch",
    "kk": "Kasachesch",
    "km": "Kambodschanesch",
    "kn": "Kannada",
    "ko": "Koreanesch",
    "ku": "Kurdesch",
    "ky": "Kirgisesch",
    "lb": "Lëtzebuergesch",
    "lg": "Ganda-Sprooch",
    "ln": "Lingala",
    "lo": "Laotesch",
    "lt": "Litauesch",
    "lv": "Lettesch",
    "mai": "Maithili",
    "mg": "Malagassi-Sprooch",
    "mi": "Maori",
    "mk": "Mazedonesch",
    "ml": "Malayalam",
    "mn": "Mongolesch",
    "mni_Mtei": "Meithei-Sprooch",
    "mr": "Marathi",
    "ms": "Malaiesch",
    "mt": "Maltesesch",
    "my": "Birmanesch",
    "nb": "Norwegesch Bokmål",
    "ne": "Nepalesesch",
    "nl": "Hollännesch",
    "nn": "Norwegesch Nynorsk",
    "oc": "Okzitanesch",
    "om": "Oromo",
    "or": "Orija",
    "pa": "Pandschabesch",
    "pl": "Polnesch",
    "ps": "Paschtu",
    "pt": "Portugisesch",
    "pt_BR": "Portugisesch (Brasilien)",
    "qu": "Quechua",
    "ro": "Rumänesch",
    "ru": "Russesch",
    "rw": "Ruandesch",
    "sa": "Sanskrit",
    "sc": "Sardesch",
    "sd": "Sindhi",
    "si": "Singhalesesch",
    "sk": "Slowakesch",
    "sl": "Slowenesch",
    "sn": "Shona",
    "so": "Somali",
    "sq": "Albanesch",
    "sr_Cyrl": "Serbesch",
    "sr_Latn": "Serbesch",
    "sr_Latn_ME": "Serbesch (Montenegro)",
    "su": "Sundanesesch",
    "sv": "Schwedesch",
    "sw": "Suaheli",
    "ta": "Tamilesch",
    "te": "Telugu",
    "tg": "Tadschikesch",
    "th": "Thailännesch",
    "ti": "Tigrinja",
    "tk": "Turkmenesch",
    "tl": "Dagalog",
    "tr": "Tierkesch",
    "tt": "Tataresch",
    "ug": "Uiguresch",
    "uk": "Ukrainesch",
    "ur": "Urdu",
    "uz_Cyrl": "Usbekesch",
    "uz_Latn": "Usbekesch",
    "vi": "Vietnamesesch",
    "xh": "Xhosa",
    "yi": "Jiddesch",
    "yo": "Yoruba",
    "zh_CN": "Chinesesch (China)",
    "zh_HK": "Chinesesch (Spezialverwaltungszon Hong Kong)",
    "zh_TW": "Chinesesch (Taiwan)",
    "zu": "Zulu"
}
