{
    "af": "Afrikaans",
    "ak": "Lu-Akaani",
    "am": "Lu-Amhariki",
    "ar": "Luwarabu",
    "as": "Assamese",
    "az": "Azerbaijani",
    "be": "Lubelarusi",
    "bg": "Lubulugariya",
    "bho": "Bhojpuri",
    "bm": "Bambara",
    "bn": "Lubengali",
    "bs": "Bosnian",
    "ca": "Catalan",
    "ceb": "Cebuano",
    "ckb": "Central Kurdish",
    "cs": "Luceeke",
    "cy": "Welsh",
    "da": "Danish",
    "de": "Ludaaki",
    "de_CH": "Ludaaki (Switizirandi)",
    "doi": "Dogri",
    "ee": "Ewe",
    "el": "Lugereeki/Luyonaani",
    "en": "Lungereza",
    "en_CA": "Lungereza (Kanada)",
    "eo": "Esperanto",
    "es": "Lusipanya",
    "et": "Estonian",
    "eu": "Basque",
    "fa": "Luperusi",
    "fi": "Finnish",
    "fil": "Filipino",
    "fr": "Lufalansa",
    "fy": "Western Frisian",
    "ga": "Irish",
    "gd": "Scottish Gaelic",
    "gl": "Galician",
    "gu": "Gujarati",
    "ha": "Luhawuza",
    "haw": "Hawaiian",
    "he": "Hebrew",
    "hi": "Luhindu",
    "hr": "Croatian",
    "hu": "Luhangare",
    "hy": "Armenian",
    "id": "Luyindonezya",
    "ig": "Luyibo",
    "is": "Icelandic",
    "it": "Luyitale",
    "ja": "Lujapani",
    "ka": "Georgian",
    "kk": "Kazakh",
    "km": "Lukme",
    "kn": "Kannada",
    "ko": "Lukoreya",
    "ku": "Kurdish",
    "ky": "Kyrgyz",
    "lb": "Luxembourgish",
    "lg": "Luganda",
    "ln": "Lingala",
    "lo": "Lao",
    "lt": "Lithuanian",
    "lv": "Latvian",
    "mai": "Maithili",
    "mg": "Malagasy",
    "mi": "Māori",
    "mk": "Macedonian",
    "ml": "Malayalam",
    "mn": "Mongolian",
    "mni_Mtei": "Mni",
    "mr": "Marathi",
    "ms": "Lumalayi",
    "mt": "Maltese",
    "my": "Lubbama",
    "nb": "Norwegian Bokmål",
    "ne": "Lunepali",
    "nl": "Luholandi",
    "nn": "Norwegian Nynorsk",
    "oc": "Occitan",
    "om": "Oromo",
    "or": "Odia",
    "pa": "Lupunjabi",
    "pl": "Lupolandi",
    "ps": "Pashto",
    "pt": "Lupotugiizi",
    "pt_BR": "Lupotugiizi (Buraziiri)",
    "qu": "Quechua",
    "ro": "Lulomaniya",
    "ru": "Lulasa",
    "rw": "Lunarwanda",
    "sa": "Sanskrit",
    "sc": "Sardinian",
    "sd": "Sindhi",
    "si": "Sinhala",
    "sk": "Slovak",
    "sl": "Slovenian",
    "sn": "Shona",
    "so": "Lusomaliya",
    "sq": "Albanian",
    "sr_Cyrl": "Sr",
    "sr_Latn": "Sr",
    "sr_Latn_ME": "Sr (Me)",
    "su": "Sundanese",
    "sv": "Luswideni",
    "sw": "Swahili",
    "ta": "Lutamiiru",
    "te": "Telugu",
    "tg": "Tajik",
    "th": "Luttaayi",
    "ti": "Tigrinya",
    "tk": "Turkmen",
    "tl": "Tagalog",
    "tr": "Lutake",
    "tt": "Tatar",
    "ug": "Uyghur",
    "uk": "Luyukurayine",
    "ur": "Lu-Urudu",
    "uz_Cyrl": "Uz",
    "uz_Latn": "Uz",
    "vi": "Luvyetinaamu",
    "xh": "Xhosa",
    "yi": "Yiddish",
    "yo": "Luyoruba",
    "zh_CN": "Lucayina (Cayina)",
    "zh_HK": "Lucayina (Hk)",
    "zh_TW": "Lucayina (Tayiwani)",
    "zu": "Luzzulu"
}
