{
    "af": "Afrikaans",
    "ak": "Akan",
    "am": "Liamariki",
    "ar": "Lialabo",
    "as": "Assamese",
    "az": "Azerbaijani",
    "be": "Libyelorisí",
    "bg": "Libiligali",
    "bho": "Bhojpuri",
    "bm": "Bambara",
    "bn": "Libengali",
    "bs": "Bosnian",
    "ca": "Catalan",
    "ceb": "Cebuano",
    "ckb": "Central Kurdish",
    "cs": "Litshekɛ",
    "cy": "Welsh",
    "da": "Danish",
    "de": "Lialemá",
    "de_CH": "Lialemá (Swisɛ)",
    "doi": "Dogri",
    "ee": "Ewe",
    "el": "Ligeleki",
    "en": "Lingɛlɛ́sa",
    "en_CA": "Lingɛlɛ́sa (Kanada)",
    "eo": "Esperanto",
    "es": "Lisipanye",
    "et": "Estonian",
    "eu": "Basque",
    "fa": "Lipelésanɛ",
    "fi": "Finnish",
    "fil": "Filipino",
    "fr": "Lifalansɛ́",
    "fy": "Western Frisian",
    "ga": "Irish",
    "gd": "Scottish Gaelic",
    "gl": "Galician",
    "gu": "Gujarati",
    "ha": "Hausa",
    "haw": "Hawaiian",
    "he": "Hebrew",
    "hi": "Lihindi",
    "hr": "Croatian",
    "hu": "Liongili",
    "hy": "Armenian",
    "id": "Lindonezi",
    "ig": "Igbo",
    "is": "Icelandic",
    "it": "Litaliano",
    "ja": "Lizapɔ",
    "ka": "Georgian",
    "kk": "Kazakh",
    "km": "Likambodza",
    "kn": "Kannada",
    "ko": "Likoreya",
    "ku": "Kurdish",
    "ky": "Kyrgyz",
    "lb": "Luxembourgish",
    "lg": "Ganda",
    "ln": "Lingála",
    "lo": "Lao",
    "lt": "Lithuanian",
    "lv": "Latvian",
    "mai": "Maithili",
    "mg": "Malagasy",
    "mi": "Māori",
    "mk": "Macedonian",
    "ml": "Malayalam",
    "mn": "Mongolian",
    "mni_Mtei": "Mni",
    "mr": "Marathi",
    "ms": "Limalezi",
    "mt": "Maltese",
    "my": "Libilimá",
    "nb": "Norwegian Bokmål",
    "ne": "Linepalɛ",
    "nl": "Lifalamá",
    "nn": "Norwegian Nynorsk",
    "oc": "Occitan",
    "om": "Oromo",
    "or": "Odia",
    "pa": "Lipendzabi",
    "pl": "Lipolonɛ",
    "ps": "Pashto",
    "pt": "Lipulutugɛ́si",
    "pt_BR": "Lipulutugɛ́si (Brezílɛ)",
    "qu": "Quechua",
    "ro": "Liromani",
    "ru": "Lirisí",
    "rw": "Kinyarwanda",
    "sa": "Sanskrit",
    "sc": "Sardinian",
    "sd": "Sindhi",
    "si": "Sinhala",
    "sk": "Slovak",
    "sl": "Slovenian",
    "sn": "Shona",
    "so": "Lisomali",
    "sq": "Albanian",
    "sr_Cyrl": "Sr",
    "sr_Latn": "Sr",
    "sr_Latn_ME": "Sr (Monténégro)",
    "su": "Sundanese",
    "sv": "Lisuwedɛ",
    "sw": "Swahili",
    "ta": "Litamuli",
    "te": "Telugu",
    "tg": "Tajik",
    "th": "Litaye",
    "ti": "Tigrinya",
    "tk": "Turkmen",
    "tl": "Tagalog",
    "tr": "Litiliki",
    "tt": "Tatar",
    "ug": "Uyghur",
    "uk": "Likrɛni",
    "ur": "Liurdu",
    "uz_Cyrl": "Uz",
    "uz_Latn": "Uz",
    "vi": "Liviyetinámi",
    "xh": "Xhosa",
    "yi": "Yiddish",
    "yo": "Yoruba",
    "zh_CN": "Lisinwa (Sinɛ)",
    "zh_HK": "Lisinwa (Hk)",
    "zh_TW": "Lisinwa (Taiwanin)",
    "zu": "Zulu"
}
