{
    "af": "ອາຟຣິການ",
    "ak": "ອາການ",
    "am": "ອຳຮາຣິກ",
    "ar": "ອາຣັບ",
    "as": "ອັສຊາມີສ",
    "az": "ອາເຊີໄບຈານິ",
    "be": "ເບລາຣັສຊຽນ",
    "bg": "ບັງກາຣຽນ",
    "bho": "ໂບພູຣິ",
    "bm": "ບາມບາຣາ",
    "bn": "ເບັງກາລີ",
    "bs": "ບອສນຽນ",
    "ca": "ຄາຕາລານ",
    "ceb": "ຊີບູໂນ",
    "ckb": "ໂຊຣານິ ເຄີດິຊ",
    "cs": "ເຊກ",
    "cy": "ເວວ",
    "da": "ແດນິຊ",
    "de": "ເຢຍລະມັນ",
    "de_CH": "ເຢຍລະມັນ (ສະວິດເຊີແລນ)",
    "doi": "ດອກຣີ",
    "ee": "ອິວາ",
    "el": "ກຣີກ",
    "en": "ອັງກິດ",
    "en_CA": "ອັງກິດ (ແຄນາດາ)",
    "eo": "ເອສປາຍ",
    "es": "ສະແປນນິຊ",
    "et": "ເອສໂຕນຽນ",
    "eu": "ບັສກີ",
    "fa": "ເປີຊຽນ",
    "fi": "ຟິນນິຊ",
    "fil": "ຟີລິປີໂນ",
    "fr": "ຝຣັ່ງ",
    "fy": "ຟຣິຊຽນ ຕາເວັນຕົກ",
    "ga": "ໄອຣິສ",
    "gd": "ສະກັອດເກລິກ",
    "gl": "ກາລິຊຽນ",
    "gu": "ກູຈາຣາຕິ",
    "ha": "ເຮົາຊາ",
    "haw": "ຮາໄວອຽນ",
    "he": "ຮີບຣິວ",
    "hi": "ຮິນດິ",
    "hr": "ໂຄຣເອທຽນ",
    "hu": "ຮັງກາຣຽນ",
    "hy": "ອາເມນຽນ",
    "id": "ອິນໂດເນຊຽນ",
    "ig": "ອິກໂບ",
    "is": "ໄອສແລນດິກ",
    "it": "ອິຕາລຽນ",
    "ja": "ຍີ່ປຸ່ນ",
    "ka": "ຈໍຈຽນ",
    "kk": "ຄາຊັກ",
    "km": "ຂະເໝນ",
    "kn": "ຄັນນາດາ",
    "ko": "ເກົາຫລີ",
    "ku": "ເຄີດິສ",
    "ky": "ເກຍກີສ",
    "lb": "ລັກເຊມບວກກິຊ",
    "lg": "ແກນດາ",
    "ln": "ລິງກາລາ",
    "lo": "ລາວ",
    "lt": "ລິທົວນຽນ",
    "lv": "ລັດວຽນ",
    "mai": "ໄມທີລິ",
    "mg": "ມາລາກາສຊີ",
    "mi": "ມາວຣິ",
    "mk": "ແມຊິໂດນຽນ",
    "ml": "ມາເລອາລຳ",
    "mn": "ມອງໂກເລຍ",
    "mni_Mtei": "ມານີພູຣິ",
    "mr": "ມາຣາທີ",
    "ms": "ມາເລ",
    "mt": "ມອລທີສ",
    "my": "ມຽນມາ",
    "nb": "ນໍເວຈຽນ ບັອກມອລ",
    "ne": "ເນປາລີ",
    "nl": "ດັຊ",
    "nn": "ນໍເວຈຽນ ນີນອກ",
    "oc": "ອັອກຊີຕານ",
    "om": "ໂອໂຣໂມ",
    "or": "ໂອຣິຢາ",
    "pa": "ປັນຈາບີ",
    "pl": "ໂປລິຊ",
    "ps": "ປາສໂຕ",
    "pt": "ປອກຕຸຍກິສ",
    "pt_BR": "ປອກຕຸຍກິສ (ບຣາຊິວ)",
    "qu": "ຄີຊົວ",
    "ro": "ໂຣແມນຽນ",
    "ru": "ລັດເຊຍ",
    "rw": "ຄິນຢາວານດາ",
    "sa": "ສັນສະກຣິດ",
    "sc": "ສາດີນຽນ",
    "sd": "ສິນທິ",
    "si": "ສິນຫາລາ",
    "sk": "ສະໂລແວັກ",
    "sl": "ສະໂລເວນຽນ",
    "sn": "ໂຊນາ",
    "so": "ໂຊມາລີ",
    "sq": "ອານບານຽນ",
    "sr_Cyrl": "ເຊີບຽນ",
    "sr_Latn": "ເຊີບຽນ",
    "sr_Latn_ME": "ເຊີບຽນ (ມອນເຕເນໂກຣ)",
    "su": "ຊຸນແດນນີສ",
    "sv": "ສະວີດິຊ",
    "sw": "ຊວາຮີລິ",
    "ta": "ທາມິລ",
    "te": "ເຕລູກູ",
    "tg": "ທາຈິກ",
    "th": "ໄທ",
    "ti": "ຕິກຣິນຢາ",
    "tk": "ເທີກເມັນ",
    "tl": "ຕາກາລອກ",
    "tr": "ເທີຄິຊ",
    "tt": "ທາທາ",
    "ug": "ອຸຍເຄີ",
    "uk": "ຢູເຄຣນຽນ",
    "ur": "ອູຣດູ",
    "uz_Cyrl": "ອຸສເບກ",
    "uz_Latn": "ອຸສເບກ",
    "vi": "ຫວຽດນາມ",
    "xh": "ໂຮຊາ",
    "yi": "ຢິວ",
    "yo": "ໂຢຣູບາ",
    "zh_CN": "ຈີນ (ຈີນ)",
    "zh_HK": "ຈີນ (ຮົງກົງ ເຂດປົກຄອງພິເສດ ຈີນ)",
    "zh_TW": "ຈີນ (ໄຕ້ຫວັນ)",
    "zu": "ຊູລູ"
}
