{
    "af": "Afrikanų",
    "ak": "Akanų",
    "am": "Amharų",
    "ar": "Arabų",
    "as": "Asamų",
    "az": "Azerbaidžaniečių",
    "be": "Baltarusių",
    "bg": "Bulgarų",
    "bho": "Baučpuri",
    "bm": "Bambarų",
    "bn": "Bengalų",
    "bs": "Bosnių",
    "ca": "Katalonų",
    "ceb": "Sebuanų",
    "ckb": "Soranių Kurdų",
    "cs": "Čekų",
    "cy": "Valų",
    "da": "Danų",
    "de": "Vokiečių",
    "de_CH": "Vokiečių (Šveicarija)",
    "doi": "Dogri",
    "ee": "Evių",
    "el": "Graikų",
    "en": "Anglų",
    "en_CA": "Anglų (Kanada)",
    "eo": "Esperanto",
    "es": "Ispanų",
    "et": "Estų",
    "eu": "Baskų",
    "fa": "Persų",
    "fi": "Suomių",
    "fil": "Filipiniečių",
    "fr": "Prancūzų",
    "fy": "Vakarų Fryzų",
    "ga": "Airių",
    "gd": "Škotų (Gėlų)",
    "gl": "Galisų",
    "gu": "Gudžaratų",
    "ha": "Hausų",
    "haw": "Havajiečių",
    "he": "Hebrajų",
    "hi": "Hindi",
    "hr": "Kroatų",
    "hu": "Vengrų",
    "hy": "Armėnų",
    "id": "Indoneziečių",
    "ig": "Igbų",
    "is": "Islandų",
    "it": "Italų",
    "ja": "Japonų",
    "ka": "Gruzinų",
    "kk": "Kazachų",
    "km": "Khmerų",
    "kn": "Kanadų",
    "ko": "Korėjiečių",
    "ku": "Kurdų",
    "ky": "Kirgizų",
    "lb": "Liuksemburgiečių",
    "lg": "Ganda",
    "ln": "Ngalų",
    "lo": "Laosiečių",
    "lt": "Lietuvių",
    "lv": "Latvių",
    "mai": "Maithili",
    "mg": "Malagasų",
    "mi": "Maorių",
    "mk": "Makedonų",
    "ml": "Malajalių",
    "mn": "Mongolų",
    "mni_Mtei": "Manipurių",
    "mr": "Maratų",
    "ms": "Malajiečių",
    "mt": "Maltiečių",
    "my": "Birmiečių",
    "nb": "Norvegų Bukmolas",
    "ne": "Nepaliečių",
    "nl": "Olandų",
    "nn": "Naujoji Norvegų",
    "oc": "Očitarų",
    "om": "Oromų",
    "or": "Odijų",
    "pa": "Pendžabų",
    "pl": "Lenkų",
    "ps": "Puštūnų",
    "pt": "Portugalų",
    "pt_BR": "Portugalų (Brazilija)",
    "qu": "Kečujų",
    "ro": "Rumunų",
    "ru": "Rusų",
    "rw": "Kinjaruandų",
    "sa": "Sanskritas",
    "sc": "Sardiniečių",
    "sd": "Sindų",
    "si": "Sinhalų",
    "sk": "Slovakų",
    "sl": "Slovėnų",
    "sn": "Šonų",
    "so": "Somaliečių",
    "sq": "Albanų",
    "sr_Cyrl": "Serbų",
    "sr_Latn": "Serbų",
    "sr_Latn_ME": "Serbų (Juodkalnija)",
    "su": "Sundų",
    "sv": "Švedų",
    "sw": "Suahilių",
    "ta": "Tamilų",
    "te": "Telugų",
    "tg": "Tadžikų",
    "th": "Tajų",
    "ti": "Tigrajų",
    "tk": "Turkmėnų",
    "tl": "Tagalogų",
    "tr": "Turkų",
    "tt": "Totorių",
    "ug": "Uigūrų",
    "uk": "Ukrainiečių",
    "ur": "Urdų",
    "uz_Cyrl": "Uzbekų",
    "uz_Latn": "Uzbekų",
    "vi": "Vietnamiečių",
    "xh": "Kosų",
    "yi": "Jidiš",
    "yo": "Jorubų",
    "zh_CN": "Kinų (Kinija)",
    "zh_HK": "Kinų (Ypatingasis Administracinis Kinijos Regionas Honkongas)",
    "zh_TW": "Kinų (Taivanas)",
    "zu": "Zulų"
}
