{
    "af": "Afrikandu",
    "ak": "Akanu",
    "am": "Amharu",
    "ar": "Arābu",
    "as": "Asamiešu",
    "az": "Azerbaidžāņu",
    "be": "Baltkrievu",
    "bg": "Bulgāru",
    "bho": "Bhodžpūru",
    "bm": "Bambaru",
    "bn": "Bengāļu",
    "bs": "Bosniešu",
    "ca": "Katalāņu",
    "ceb": "Sebuāņu",
    "ckb": "Centrālkurdu",
    "cs": "Čehu",
    "cy": "Velsiešu",
    "da": "Dāņu",
    "de": "Vācu",
    "de_CH": "Vācu (Šveice)",
    "doi": "Dogru",
    "ee": "Evu",
    "el": "Grieķu",
    "en": "Angļu",
    "en_CA": "Angļu (Kanāda)",
    "eo": "Esperanto",
    "es": "Spāņu",
    "et": "Igauņu",
    "eu": "Basku",
    "fa": "Persiešu",
    "fi": "Somu",
    "fil": "Filipīniešu",
    "fr": "Franču",
    "fy": "Rietumfrīzu",
    "ga": "Īru",
    "gd": "Skotu Gēlu",
    "gl": "Galisiešu",
    "gu": "Gudžaratu",
    "ha": "Hausu",
    "haw": "Havajiešu",
    "he": "Ivrits",
    "hi": "Hindi",
    "hr": "Horvātu",
    "hu": "Ungāru",
    "hy": "Armēņu",
    "id": "Indonēziešu",
    "ig": "Igbo",
    "is": "Islandiešu",
    "it": "Itāļu",
    "ja": "Japāņu",
    "ka": "Gruzīnu",
    "kk": "Kazahu",
    "km": "Khmeru",
    "kn": "Kannadu",
    "ko": "Korejiešu",
    "ku": "Kurdu",
    "ky": "Kirgīzu",
    "lb": "Luksemburgiešu",
    "lg": "Gandu",
    "ln": "Lingala",
    "lo": "Laosiešu",
    "lt": "Lietuviešu",
    "lv": "Latviešu",
    "mai": "Maithili",
    "mg": "Malagasu",
    "mi": "Maoru",
    "mk": "Maķedoniešu",
    "ml": "Malajalu",
    "mn": "Mongoļu",
    "mni_Mtei": "Manipūru",
    "mr": "Marathu",
    "ms": "Malajiešu",
    "mt": "Maltiešu",
    "my": "Birmiešu",
    "nb": "Norvēģu Bukmols",
    "ne": "Nepāliešu",
    "nl": "Holandiešu",
    "nn": "Jaunnorvēģu",
    "oc": "Oksitāņu",
    "om": "Oromu",
    "or": "Oriju",
    "pa": "Pandžabu",
    "pl": "Poļu",
    "ps": "Puštu",
    "pt": "Portugāļu",
    "pt_BR": "Portugāļu (Brazīlija)",
    "qu": "Kečvu",
    "ro": "Rumāņu",
    "ru": "Krievu",
    "rw": "Kiņaruanda",
    "sa": "Sanskrits",
    "sc": "Sardīniešu",
    "sd": "Sindhu",
    "si": "Singāļu",
    "sk": "Slovāku",
    "sl": "Slovēņu",
    "sn": "Šonu",
    "so": "Somāļu",
    "sq": "Albāņu",
    "sr_Cyrl": "Serbu",
    "sr_Latn": "Serbu",
    "sr_Latn_ME": "Serbu (Melnkalne)",
    "su": "Zundu",
    "sv": "Zviedru",
    "sw": "Svahili",
    "ta": "Tamilu",
    "te": "Telugu",
    "tg": "Tadžiku",
    "th": "Taju",
    "ti": "Tigrinja",
    "tk": "Turkmēņu",
    "tl": "Tagalu",
    "tr": "Turku",
    "tt": "Tatāru",
    "ug": "Uiguru",
    "uk": "Ukraiņu",
    "ur": "Urdu",
    "uz_Cyrl": "Uzbeku",
    "uz_Latn": "Uzbeku",
    "vi": "Vjetnamiešu",
    "xh": "Khosu",
    "yi": "Jidišs",
    "yo": "Jorubu",
    "zh_CN": "Ķīniešu (Ķīna)",
    "zh_HK": "Ķīniešu (Ķīnas Īpašās Pārvaldes Apgabals Honkonga)",
    "zh_TW": "Ķīniešu (Taivāna)",
    "zu": "Zulu"
}
