{
    "af": "अफ्रीकांस",
    "ak": "अकेन",
    "am": "अम्हरिक",
    "ar": "अरबी",
    "as": "असमी",
    "az": "अजरबैजानी",
    "be": "बेलारूसी",
    "bg": "बुलगेरियाई",
    "bho": "भोजपुरी",
    "bm": "बमबारा",
    "bn": "बंगाली",
    "bs": "बोसनियाई",
    "ca": "केटालान",
    "ceb": "सेबुयानो",
    "ckb": "सेंट्रल कुर्दी",
    "cs": "चेक",
    "cy": "बेल्श",
    "da": "डेनिश",
    "de": "जर्मन",
    "de_CH": "जर्मन (स्विट्जरलैंड)",
    "doi": "डोगरी",
    "ee": "इयु",
    "el": "यूनानी",
    "en": "अंगरेजी",
    "en_CA": "अंगरेजी (कनाडा)",
    "eo": "एसपेरेंटो",
    "es": "स्पेनिश",
    "et": "एसटोनियाई",
    "eu": "बास्क",
    "fa": "परसियन",
    "fi": "फिनिश",
    "fil": "फिलिपीनो",
    "fr": "फ़्रेंच",
    "fy": "पश्चिमी फ्रीजन",
    "ga": "आइरिश",
    "gd": "स्काउटिस गेलिक",
    "gl": "गेलिशियन",
    "gu": "गुजराती",
    "ha": "हउसा",
    "haw": "हवाईयन",
    "he": "हीब्रू",
    "hi": "हिन्दी",
    "hr": "क्रोशियाई",
    "hu": "हंगेरियन",
    "hy": "अर्मेनियाई",
    "id": "इंडोनेशियाई",
    "ig": "इगबो",
    "is": "आइसलैंडी",
    "it": "इतालवी",
    "ja": "जापानी",
    "ka": "जार्जियाई",
    "kk": "कजाक",
    "km": "खमेर",
    "kn": "कन्नड़",
    "ko": "कोरियाई",
    "ku": "कुर्दी",
    "ky": "किर्गिज",
    "lb": "लगजमबर्गी",
    "lg": "गंडा",
    "ln": "लिंगाला",
    "lo": "लाओ",
    "lt": "लिथुआनियाई",
    "lv": "लातवियाई",
    "mai": "मैथिली",
    "mg": "मलगासी",
    "mi": "माओरी",
    "mk": "मेसिडोनियाई",
    "ml": "मलयालम",
    "mn": "मोंगोलियाई",
    "mni_Mtei": "मणिपुरी",
    "mr": "मराठी",
    "ms": "मलय",
    "mt": "मलटीज",
    "my": "बर्मी",
    "nb": "नार्वेजियन बोकमाल",
    "ne": "नेपाली",
    "nl": "डच",
    "nn": "नार्वेजियन निनोरेस्क",
    "oc": "औकसीटान",
    "om": "ओरोमो",
    "or": "उड़िया",
    "pa": "पंजाबी",
    "pl": "पोलिश",
    "ps": "पश्तो",
    "pt": "पुर्तगाली",
    "pt_BR": "पुर्तगाली (ब्राज़ील)",
    "qu": "कुएचुआ",
    "ro": "रोमानियाई",
    "ru": "रूसी",
    "rw": "किनयरवांडा",
    "sa": "संस्कृत",
    "sc": "सार्डिनियाई",
    "sd": "सिंधी",
    "si": "सिंहला",
    "sk": "स्लोबाक",
    "sl": "स्लोबेनियाई",
    "sn": "शोना",
    "so": "सोमाली",
    "sq": "अलबानिया",
    "sr_Cyrl": "सर्बियाई",
    "sr_Latn": "सर्बियाई",
    "sr_Latn_ME": "सर्बियाई (मोंटेनीग्रो)",
    "su": "सुंदनेजे",
    "sv": "स्वीडिश",
    "sw": "स्वाहिलि",
    "ta": "तमिल",
    "te": "तेलगू",
    "tg": "ताजिक",
    "th": "थाई",
    "ti": "टिगरिनया",
    "tk": "तुर्कमैन",
    "tl": "Tagalog",
    "tr": "टर्किश",
    "tt": "ततार",
    "ug": "उइगर",
    "uk": "यूक्रेनी",
    "ur": "उर्दू",
    "uz_Cyrl": "उजबेक",
    "uz_Latn": "उजबेक",
    "vi": "बियतनामी",
    "xh": "खोसा",
    "yi": "ईडिश",
    "yo": "योरूबा",
    "zh_CN": "चीनी (चीन)",
    "zh_HK": "चीनी (हांग कांग (विशेष प्रशासनिक क्षेत्र चीन))",
    "zh_TW": "चीनी (ताइबान)",
    "zu": "जुलू"
}
