{
    "af": "Afrikaans",
    "ak": "Akan",
    "am": "Amharika",
    "ar": "Arabo",
    "as": "Assamese",
    "az": "Azerbaijani",
    "be": "Bielorosy",
    "bg": "Biolgara",
    "bho": "Bhojpuri",
    "bm": "Bambara",
    "bn": "Bengali",
    "bs": "Bosnian",
    "ca": "Catalan",
    "ceb": "Cebuano",
    "ckb": "Central Kurdish",
    "cs": "Tseky",
    "cy": "Welsh",
    "da": "Danish",
    "de": "Alemanina",
    "de_CH": "Alemanina (Soisa)",
    "doi": "Dogri",
    "ee": "Ewe",
    "el": "Grika",
    "en": "Anglisy",
    "en_CA": "Anglisy (Kanada)",
    "eo": "Esperanto",
    "es": "Espaniola",
    "et": "Estonian",
    "eu": "Basque",
    "fa": "Persa",
    "fi": "Finnish",
    "fil": "Filipino",
    "fr": "Frantsay",
    "fy": "Western Frisian",
    "ga": "Irish",
    "gd": "Scottish Gaelic",
    "gl": "Galician",
    "gu": "Gujarati",
    "ha": "Haoussa",
    "haw": "Hawaiian",
    "he": "Hebrew",
    "hi": "Hindi",
    "hr": "Croatian",
    "hu": "Hongroà",
    "hy": "Armenian",
    "id": "Indonezianina",
    "ig": "Igbo",
    "is": "Icelandic",
    "it": "Italianina",
    "ja": "Japoney",
    "ka": "Georgian",
    "kk": "Kazakh",
    "km": "Khmer",
    "kn": "Kannada",
    "ko": "Koreanina",
    "ku": "Kurdish",
    "ky": "Kyrgyz",
    "lb": "Luxembourgish",
    "lg": "Ganda",
    "ln": "Lingala",
    "lo": "Lao",
    "lt": "Lithuanian",
    "lv": "Latvian",
    "mai": "Maithili",
    "mg": "Malagasy",
    "mi": "Māori",
    "mk": "Macedonian",
    "ml": "Malayalam",
    "mn": "Mongolian",
    "mni_Mtei": "Mni",
    "mr": "Marathi",
    "ms": "Malay",
    "mt": "Maltese",
    "my": "Birmana",
    "nb": "Norwegian Bokmål",
    "ne": "Nepale",
    "nl": "Holandey",
    "nn": "Norwegian Nynorsk",
    "oc": "Occitan",
    "om": "Oromo",
    "or": "Odia",
    "pa": "Penjabi",
    "pl": "Poloney",
    "ps": "Pashto",
    "pt": "Portiogey",
    "pt_BR": "Portiogey (Brezila)",
    "qu": "Quechua",
    "ro": "Romanianina",
    "ru": "Rosianina",
    "rw": "Roande",
    "sa": "Sanskrit",
    "sc": "Sardinian",
    "sd": "Sindhi",
    "si": "Sinhala",
    "sk": "Slovak",
    "sl": "Slovenian",
    "sn": "Shona",
    "so": "Somalianina",
    "sq": "Albanian",
    "sr_Cyrl": "Sr",
    "sr_Latn": "Sr",
    "sr_Latn_ME": "Sr (Me)",
    "su": "Sundanese",
    "sv": "Soisa",
    "sw": "Swahili",
    "ta": "Tamoila",
    "te": "Telugu",
    "tg": "Tajik",
    "th": "Taioaney",
    "ti": "Tigrinya",
    "tk": "Turkmen",
    "tl": "Tagalog",
    "tr": "Tiorka",
    "tt": "Tatar",
    "ug": "Uyghur",
    "uk": "Okrainianina",
    "ur": "Ordò",
    "uz_Cyrl": "Uz",
    "uz_Latn": "Uz",
    "vi": "Vietnamianina",
    "xh": "Xhosa",
    "yi": "Yiddish",
    "yo": "Yôrobà",
    "zh_CN": "Sinoa, Mandarin (Sina)",
    "zh_HK": "Sinoa, Mandarin (Hk)",
    "zh_TW": "Sinoa, Mandarin (Taioana)",
    "zu": "Zolò"
}
