{
    "af": "Awherikāna",
    "ak": "Ākana",
    "am": "Amahereka",
    "ar": "Ārapi",
    "as": "Āhamēhi",
    "az": "Ahapahāna",
    "be": "Perarūhiana",
    "bg": "Pukēriana",
    "bho": "Pōhipuri",
    "bm": "Pāpara",
    "bn": "Pāngara",
    "bs": "Pōngiana",
    "ca": "Katarana",
    "ceb": "Hepuano",
    "ckb": "Te Puku O Kūrihi",
    "cs": "Tiekerowākiana",
    "cy": "Werehi",
    "da": "Teina",
    "de": "Tiamana",
    "de_CH": "Tiamana (Huiterangi)",
    "doi": "Tōkiri",
    "ee": "Ewe",
    "el": "Kiriki",
    "en": "Ingarihi",
    "en_CA": "Ingarihi (Kānata)",
    "eo": "Eheperāto",
    "es": "Pāniora",
    "et": "Ehetōniana",
    "eu": "Pāka",
    "fa": "Pāhiana",
    "fi": "Whinirānia",
    "fil": "Piripīno",
    "fr": "Wīwī",
    "fy": "Whirīhiana Ki Te Uru",
    "ga": "Airihi",
    "gd": "Kotimana Keiriki",
    "gl": "Karīhia",
    "gu": "Kutarāti",
    "ha": "Hauha",
    "haw": "Hawaiana",
    "he": "Hīperu",
    "hi": "Hīni",
    "hr": "Koroātiana",
    "hu": "Hanakariana",
    "hy": "Āmeiniana",
    "id": "Initonīhiana",
    "ig": "Ingo",
    "is": "Tiorangiana",
    "it": "Itāriana",
    "ja": "Hapanihi",
    "ka": "Hōriana",
    "kk": "Kahāka",
    "km": "Kimei",
    "kn": "Kanara",
    "ko": "Kōreana",
    "ku": "Kūrihi",
    "ky": "Kēkete",
    "lb": "Rakimipēkihi",
    "lg": "Kanāta",
    "ln": "Ringarā",
    "lo": "Rao",
    "lt": "Rihuainiana",
    "lv": "Rātiana",
    "mai": "Maitiri",
    "mg": "Marakāhi",
    "mi": "Māori",
    "mk": "Makatōniana",
    "ml": "Mareiarama",
    "mn": "Mongōriana",
    "mni_Mtei": "Manipuri",
    "mr": "Marati",
    "ms": "Marei",
    "mt": "Mōtīhi",
    "my": "Pūmīhī",
    "nb": "Pakamō Nōwītiana",
    "ne": "Nepari",
    "nl": "Tati",
    "nn": "Nīnōka Nōwītiana",
    "oc": "Ōkitana",
    "om": "Ōromo",
    "or": "Ōtia",
    "pa": "Punutapi",
    "pl": "Pōrīhi",
    "ps": "Pātio",
    "pt": "Pōtukīhi",
    "pt_BR": "Pōtukīhi (Parīhi)",
    "qu": "Kētua",
    "ro": "Romēniana",
    "ru": "Ruhiana",
    "rw": "Kiniawāna",
    "sa": "Hanahiti",
    "sc": "Hātīriana",
    "sd": "Hiniti",
    "si": "Hinihāra",
    "sk": "Horowākia",
    "sl": "Horowēniana",
    "sn": "Hōna",
    "so": "Hamāri",
    "sq": "Arapeiniana",
    "sr_Cyrl": "Hēpiana",
    "sr_Latn": "Hēpiana",
    "sr_Latn_ME": "Hēpiana (Me)",
    "su": "Hunanīhi",
    "sv": "Huīteneana",
    "sw": "Wāhīri",
    "ta": "Tamira",
    "te": "Teruku",
    "tg": "Tāhiki",
    "th": "Tai",
    "ti": "Tekirina",
    "tk": "Tākamana",
    "tl": "Tagalog",
    "tr": "Tākei",
    "tt": "Tatā",
    "ug": "Wīkura",
    "uk": "Ukarainiana",
    "ur": "Ūru",
    "uz_Cyrl": "Ūpeke",
    "uz_Latn": "Ūpeke",
    "vi": "Witināmiana",
    "xh": "Tōha",
    "yi": "Irihi",
    "yo": "Ōrūpa",
    "zh_CN": "Hainamana (Haina)",
    "zh_HK": "Hainamana (Hk)",
    "zh_TW": "Hainamana (Tw)",
    "zu": "Tūru"
}
