{
    "af": "ആഫ്രിക്കാൻസ്",
    "ak": "അകാൻ‌",
    "am": "അംഹാരിക്",
    "ar": "അറബിക്",
    "as": "ആസ്സാമീസ്",
    "az": "അസർബൈജാനി",
    "be": "ബെലാറുഷ്യൻ",
    "bg": "ബൾഗേറിയൻ",
    "bho": "ഭോജ്‌പുരി",
    "bm": "ബംബാറ",
    "bn": "ബംഗ്ലാ",
    "bs": "ബോസ്നിയൻ",
    "ca": "കറ്റാലാൻ",
    "ceb": "സെബുവാനോ",
    "ckb": "സെൻട്രൽ കുർദിഷ്",
    "cs": "ചെക്ക്",
    "cy": "വെൽഷ്",
    "da": "ഡാനിഷ്",
    "de": "ജർമ്മൻ",
    "de_CH": "ജർമ്മൻ (സ്വിറ്റ്സർലാൻഡ്)",
    "doi": "ഡോഗ്രി",
    "ee": "യൂവ്",
    "el": "ഗ്രീക്ക്",
    "en": "ഇംഗ്ലീഷ്",
    "en_CA": "ഇംഗ്ലീഷ് (കാനഡ)",
    "eo": "എസ്‌പരാന്റോ",
    "es": "സ്‌പാനിഷ്",
    "et": "എസ്റ്റോണിയൻ",
    "eu": "ബാസ്‌ക്",
    "fa": "പേർഷ്യൻ",
    "fi": "ഫിന്നിഷ്",
    "fil": "ഫിലിപ്പിനോ",
    "fr": "ഫ്രഞ്ച്",
    "fy": "പശ്ചിമ ഫ്രിഷിയൻ",
    "ga": "ഐറിഷ്",
    "gd": "സ്കോട്ടിഷ് ഗൈലിക്",
    "gl": "ഗലീഷ്യൻ",
    "gu": "ഗുജറാത്തി",
    "ha": "ഹൗസ",
    "haw": "ഹവായിയൻ",
    "he": "ഹീബ്രു",
    "hi": "ഹിന്ദി",
    "hr": "ക്രൊയേഷ്യൻ",
    "hu": "ഹംഗേറിയൻ",
    "hy": "അർമേനിയൻ",
    "id": "ഇന്തോനേഷ്യൻ",
    "ig": "ഇഗ്ബോ",
    "is": "ഐസ്‌ലാൻഡിക്",
    "it": "ഇറ്റാലിയൻ",
    "ja": "ജാപ്പനീസ്",
    "ka": "ജോർജിയൻ",
    "kk": "കസാഖ്",
    "km": "ഖമെർ",
    "kn": "കന്നഡ",
    "ko": "കൊറിയൻ",
    "ku": "കുർദ്ദിഷ്",
    "ky": "കിർഗിസ്",
    "lb": "ലക്‌സംബർഗിഷ്",
    "lg": "ഗാണ്ട",
    "ln": "ലിംഗാല",
    "lo": "ലാവോ",
    "lt": "ലിത്വാനിയൻ",
    "lv": "ലാറ്റ്വിയൻ",
    "mai": "മൈഥിലി",
    "mg": "മലഗാസി",
    "mi": "മവോറി",
    "mk": "മാസിഡോണിയൻ",
    "ml": "മലയാളം",
    "mn": "മംഗോളിയൻ",
    "mni_Mtei": "മണിപ്പൂരി",
    "mr": "മറാത്തി",
    "ms": "മലെയ്",
    "mt": "മാൾട്ടീസ്",
    "my": "ബർമീസ്",
    "nb": "നോർവീജിയൻ ബുക്‌മൽ",
    "ne": "നേപ്പാളി",
    "nl": "ഡച്ച്",
    "nn": "നോർവീജിയൻ നൈനോർക്‌സ്",
    "oc": "ഓക്‌സിറ്റൻ",
    "om": "ഒറോമോ",
    "or": "ഒഡിയ",
    "pa": "പഞ്ചാബി",
    "pl": "പോളിഷ്",
    "ps": "പഷ്‌തോ",
    "pt": "പോർച്ചുഗീസ്",
    "pt_BR": "പോർച്ചുഗീസ് (ബ്രസീൽ)",
    "qu": "ക്വെച്ചുവ",
    "ro": "റൊമാനിയൻ",
    "ru": "റഷ്യൻ",
    "rw": "കിന്യാർവാണ്ട",
    "sa": "സംസ്‌കൃതം",
    "sc": "സർഡിനിയാൻ",
    "sd": "സിന്ധി",
    "si": "സിംഹള",
    "sk": "സ്ലോവാക്",
    "sl": "സ്ലോവേനിയൻ",
    "sn": "ഷോണ",
    "so": "സോമാലി",
    "sq": "അൽബേനിയൻ",
    "sr_Cyrl": "സെർബിയൻ",
    "sr_Latn": "സെർബിയൻ",
    "sr_Latn_ME": "സെർബിയൻ (മോണ്ടെനെഗ്രോ)",
    "su": "സുണ്ടാനീസ്",
    "sv": "സ്വീഡിഷ്",
    "sw": "സ്വാഹിലി",
    "ta": "തമിഴ്",
    "te": "തെലുങ്ക്",
    "tg": "താജിക്",
    "th": "തായ്",
    "ti": "ടൈഗ്രിന്യ",
    "tk": "തുർക്‌മെൻ",
    "tl": "തഗാലോഗ്",
    "tr": "ടർക്കിഷ്",
    "tt": "ടാട്ടർ",
    "ug": "ഉയ്ഘുർ",
    "uk": "ഉക്രേനിയൻ",
    "ur": "ഉറുദു",
    "uz_Cyrl": "ഉസ്‌ബെക്ക്",
    "uz_Latn": "ഉസ്‌ബെക്ക്",
    "vi": "വിയറ്റ്നാമീസ്",
    "xh": "ഖോസ",
    "yi": "യിദ്ദിഷ്",
    "yo": "യൊറൂബാ",
    "zh_CN": "ചൈനീസ് (ചൈന)",
    "zh_HK": "ചൈനീസ് (ഹോങ്കോങ് (Sar) ചൈന)",
    "zh_TW": "ചൈനീസ് (തായ്‌വാൻ)",
    "zu": "സുലു"
}
