{
    "af": "Африкаанс",
    "ak": "Акан",
    "am": "Амхар",
    "ar": "Араб",
    "as": "Ассам",
    "az": "Азербайжан",
    "be": "Беларусь",
    "bg": "Болгар",
    "bho": "Божпури",
    "bm": "Бамбара",
    "bn": "Бенгал",
    "bs": "Босни",
    "ca": "Каталан",
    "ceb": "Себуано",
    "ckb": "Төв Курд",
    "cs": "Чех",
    "cy": "Уэльс",
    "da": "Дани",
    "de": "Герман",
    "de_CH": "Герман (Швейцарь)",
    "doi": "Догри",
    "ee": "Эвэ",
    "el": "Грек",
    "en": "Англи",
    "en_CA": "Англи (Канад)",
    "eo": "Эсперанто",
    "es": "Испани",
    "et": "Эстони",
    "eu": "Баск",
    "fa": "Перс",
    "fi": "Фин",
    "fil": "Филипино",
    "fr": "Франц",
    "fy": "Баруун Фриз",
    "ga": "Ирланд",
    "gd": "Шотландын Гел",
    "gl": "Галего",
    "gu": "Гужарати",
    "ha": "Хауса",
    "haw": "Хавай",
    "he": "Еврей",
    "hi": "Хинди",
    "hr": "Хорват",
    "hu": "Мажар",
    "hy": "Армен",
    "id": "Индонези",
    "ig": "Игбо",
    "is": "Исланд",
    "it": "Итали",
    "ja": "Япон",
    "ka": "Гүрж",
    "kk": "Казах",
    "km": "Кхмер",
    "kn": "Каннада",
    "ko": "Солонгос",
    "ku": "Курд",
    "ky": "Киргиз",
    "lb": "Люксембург",
    "lg": "Ганда",
    "ln": "Лингала",
    "lo": "Лаос",
    "lt": "Литва",
    "lv": "Латви",
    "mai": "Май",
    "mg": "Малагаси",
    "mi": "Маори",
    "mk": "Македон",
    "ml": "Малаялам",
    "mn": "Монгол",
    "mni_Mtei": "Манипури",
    "mr": "Марати",
    "ms": "Малай",
    "mt": "Малта",
    "my": "Бирм",
    "nb": "Норвегийн Букмол",
    "ne": "Балба",
    "nl": "Нидерланд",
    "nn": "Норвегийн Нинорск",
    "oc": "Окситан",
    "om": "Оромо",
    "or": "Ория",
    "pa": "Панжаби",
    "pl": "Польш",
    "ps": "Пушту",
    "pt": "Португал",
    "pt_BR": "Португал (Бразил)",
    "qu": "Кечуа",
    "ro": "Румын",
    "ru": "Орос",
    "rw": "Киньяруанда",
    "sa": "Санскрит",
    "sc": "Сардин",
    "sd": "Синдхи",
    "si": "Синхала",
    "sk": "Словак",
    "sl": "Словени",
    "sn": "Шона",
    "so": "Сомали",
    "sq": "Албани",
    "sr_Cyrl": "Серб",
    "sr_Latn": "Серб",
    "sr_Latn_ME": "Серб (Монтенегро)",
    "su": "Сундан",
    "sv": "Швед",
    "sw": "Свахили",
    "ta": "Тамил",
    "te": "Тэлүгү",
    "tg": "Тажик",
    "th": "Тай",
    "ti": "Тигринья",
    "tk": "Туркмен",
    "tl": "Tagalog",
    "tr": "Турк",
    "tt": "Татар",
    "ug": "Уйгур",
    "uk": "Украин",
    "ur": "Урду",
    "uz_Cyrl": "Узбек",
    "uz_Latn": "Узбек",
    "vi": "Вьетнам",
    "xh": "Хоса",
    "yi": "Иддиш",
    "yo": "Ёруба",
    "zh_CN": "Хятад (Хятад)",
    "zh_HK": "Хятад (Бнхау-Ын Тусгай Захиргааны Бүс Хонг Конг)",
    "zh_TW": "Хятад (Тайвань)",
    "zu": "Зулу"
}
