{
    "af": "अफ्रिकान्स",
    "ak": "अकान",
    "am": "अम्हारिक",
    "ar": "अरबी",
    "as": "आसामी",
    "az": "अझरबैजानी",
    "be": "बेलारुशियन",
    "bg": "बल्गेरियन",
    "bho": "भोजपुरी",
    "bm": "बाम्बारा",
    "bn": "बंगाली",
    "bs": "बोस्नियन",
    "ca": "कातालान",
    "ceb": "सिबुआनो",
    "ckb": "मध्य कुर्दिश",
    "cs": "झेक",
    "cy": "वेल्श",
    "da": "डॅनिश",
    "de": "जर्मन",
    "de_CH": "जर्मन (स्वित्झर्लंड)",
    "doi": "डोगरी",
    "ee": "एवे",
    "el": "ग्रीक",
    "en": "इंग्रजी",
    "en_CA": "इंग्रजी (कॅनडा)",
    "eo": "एस्परान्टो",
    "es": "स्पॅनिश",
    "et": "इस्टोनियन",
    "eu": "बास्क",
    "fa": "फारसी",
    "fi": "फिन्निश",
    "fil": "फिलिपिनो",
    "fr": "फ्रेंच",
    "fy": "पश्चिमी फ्रिशियन",
    "ga": "आयरिश",
    "gd": "स्कॉटिश गेलिक",
    "gl": "गॅलिशियन",
    "gu": "गुजराती",
    "ha": "हौसा",
    "haw": "हवाईयन",
    "he": "हिब्रू",
    "hi": "हिंदी",
    "hr": "क्रोएशियन",
    "hu": "हंगेरियन",
    "hy": "आर्मेनियन",
    "id": "इंडोनेशियन",
    "ig": "ईग्बो",
    "is": "आईसलँडिक",
    "it": "इटालियन",
    "ja": "जपानी",
    "ka": "जॉर्जियन",
    "kk": "कझाक",
    "km": "ख्मेर",
    "kn": "कन्नड",
    "ko": "कोरियन",
    "ku": "कुर्दिश",
    "ky": "किरगीझ",
    "lb": "लक्झेंबर्गिश",
    "lg": "गांडा",
    "ln": "लिंगाला",
    "lo": "लाओ",
    "lt": "लिथुआनियन",
    "lv": "लात्व्हियन",
    "mai": "मैथिली",
    "mg": "मलागसी",
    "mi": "माओरी",
    "mk": "मॅसेडोनियन",
    "ml": "मल्याळम",
    "mn": "मंगोलियन",
    "mni_Mtei": "मणिपुरी",
    "mr": "मराठी",
    "ms": "मलय",
    "mt": "माल्टिज्",
    "my": "बर्मी",
    "nb": "नॉर्वेजियन बोकमाल",
    "ne": "नेपाळी",
    "nl": "डच",
    "nn": "नॉर्वेजियन न्योर्स्क",
    "oc": "ऑक्सितान",
    "om": "ओरोमो",
    "or": "उडिया",
    "pa": "पंजाबी",
    "pl": "पोलिश",
    "ps": "पश्तो",
    "pt": "पोर्तुगीज",
    "pt_BR": "पोर्तुगीज (ब्राझिल)",
    "qu": "क्वेचुआ",
    "ro": "रोमानियन",
    "ru": "रशियन",
    "rw": "किन्यार्वान्डा",
    "sa": "संस्कृत",
    "sc": "सर्दिनियन",
    "sd": "सिंधी",
    "si": "सिंहला",
    "sk": "स्लोव्हाक",
    "sl": "स्लोव्हेनियन",
    "sn": "शोना",
    "so": "सोमाली",
    "sq": "अल्बानियन",
    "sr_Cyrl": "सर्बियन",
    "sr_Latn": "सर्बियन",
    "sr_Latn_ME": "सर्बियन (मोंटेनेग्रो)",
    "su": "सुंदानीज",
    "sv": "स्वीडिश",
    "sw": "स्वाहिली",
    "ta": "तामिळ",
    "te": "तेलगू",
    "tg": "ताजिक",
    "th": "थाई",
    "ti": "तिग्रिन्या",
    "tk": "तुर्कमेन",
    "tl": "टागालोग",
    "tr": "तुर्की",
    "tt": "तातर",
    "ug": "उइगुर",
    "uk": "युक्रेनियन",
    "ur": "उर्दू",
    "uz_Cyrl": "उझ्बेक",
    "uz_Latn": "उझ्बेक",
    "vi": "व्हिएतनामी",
    "xh": "खोसा",
    "yi": "यिद्दिश",
    "yo": "योरुबा",
    "zh_CN": "चीनी (चीन)",
    "zh_HK": "चीनी (हाँगकाँग एसएआर चीन)",
    "zh_TW": "चीनी (तैवान)",
    "zu": "झुलू"
}
