{
    "af": "Afrikaans",
    "ak": "Akan",
    "am": "Amharic",
    "ar": "Arab",
    "as": "Assam",
    "az": "Azerbaijan",
    "be": "Belarus",
    "bg": "Bulgaria",
    "bho": "Bhojpuri",
    "bm": "Bambara",
    "bn": "Benggali",
    "bs": "Bosnia",
    "ca": "Catalonia",
    "ceb": "Cebuano",
    "ckb": "Kurdi Tengah",
    "cs": "Czech",
    "cy": "Wales",
    "da": "Denmark",
    "de": "Jerman",
    "de_CH": "Jerman (Switzerland)",
    "doi": "Dogri",
    "ee": "Ewe",
    "el": "Greek",
    "en": "Inggeris",
    "en_CA": "Inggeris (Kanada)",
    "eo": "Esperanto",
    "es": "Sepanyol",
    "et": "Estonia",
    "eu": "Basque",
    "fa": "Parsi",
    "fi": "Finland",
    "fil": "Filipina",
    "fr": "Perancis",
    "fy": "Frisian Barat",
    "ga": "Ireland",
    "gd": "Scots Gaelic",
    "gl": "Galicia",
    "gu": "Gujerat",
    "ha": "Hausa",
    "haw": "Hawaii",
    "he": "Ibrani",
    "hi": "Hindi",
    "hr": "Croatia",
    "hu": "Hungary",
    "hy": "Armenia",
    "id": "Indonesia",
    "ig": "Igbo",
    "is": "Iceland",
    "it": "Itali",
    "ja": "Jepun",
    "ka": "Georgia",
    "kk": "Kazakhstan",
    "km": "Khmer",
    "kn": "Kannada",
    "ko": "Korea",
    "ku": "Kurdish",
    "ky": "Kirghiz",
    "lb": "Luxembourg",
    "lg": "Ganda",
    "ln": "Lingala",
    "lo": "Laos",
    "lt": "Lithuania",
    "lv": "Latvia",
    "mai": "Maithili",
    "mg": "Malagasy",
    "mi": "Maori",
    "mk": "Macedonia",
    "ml": "Malayalam",
    "mn": "Mongolia",
    "mni_Mtei": "Manipuri",
    "mr": "Marathi",
    "ms": "Melayu",
    "mt": "Malta",
    "my": "Burma",
    "nb": "Bokmal Norway",
    "ne": "Nepal",
    "nl": "Belanda",
    "nn": "Nynorsk Norway",
    "oc": "Occitania",
    "om": "Oromo",
    "or": "Odia",
    "pa": "Punjabi",
    "pl": "Poland",
    "ps": "Pashto",
    "pt": "Portugis",
    "pt_BR": "Portugis (Brazil)",
    "qu": "Quechua",
    "ro": "Romania",
    "ru": "Rusia",
    "rw": "Kinyarwanda",
    "sa": "Sanskrit",
    "sc": "Sardinia",
    "sd": "Sindhi",
    "si": "Sinhala",
    "sk": "Slovak",
    "sl": "Slovenia",
    "sn": "Shona",
    "so": "Somali",
    "sq": "Albania",
    "sr_Cyrl": "Serbia",
    "sr_Latn": "Serbia",
    "sr_Latn_ME": "Serbia (Montenegro)",
    "su": "Sunda",
    "sv": "Sweden",
    "sw": "Swahili",
    "ta": "Tamil",
    "te": "Telugu",
    "tg": "Tajik",
    "th": "Thai",
    "ti": "Tigrinya",
    "tk": "Turkmen",
    "tl": "Tagalog",
    "tr": "Turki",
    "tt": "Tatar",
    "ug": "Uyghur",
    "uk": "Ukraine",
    "ur": "Urdu",
    "uz_Cyrl": "Uzbekistan",
    "uz_Latn": "Uzbekistan",
    "vi": "Vietnam",
    "xh": "Xhosa",
    "yi": "Yiddish",
    "yo": "Yoruba",
    "zh_CN": "Cina (China)",
    "zh_HK": "Cina (Hong Kong Sar China)",
    "zh_TW": "Cina (Taiwan)",
    "zu": "Zulu"
}
