{
    "af": "Afrikans",
    "ak": "Akan",
    "am": "Amhariku",
    "ar": "Għarbi",
    "as": "Assamiż",
    "az": "Ażerbajġani",
    "be": "Belarussu",
    "bg": "Bulgaru",
    "bho": "Bhojpuri",
    "bm": "Bambara",
    "bn": "Bengali",
    "bs": "Bożnijaku",
    "ca": "Katalan",
    "ceb": "Cebuano",
    "ckb": "Kurd Ċentrali",
    "cs": "Ċek",
    "cy": "Welsh",
    "da": "Daniż",
    "de": "Ġermaniż",
    "de_CH": "Ġermaniż (L-Iżvizzera)",
    "doi": "Dogri",
    "ee": "Ewe",
    "el": "Grieg",
    "en": "Ingliż",
    "en_CA": "Ingliż (Il-Kanada)",
    "eo": "Esperanto",
    "es": "Spanjol",
    "et": "Estonjan",
    "eu": "Bask",
    "fa": "Persjan",
    "fi": "Finlandiż",
    "fil": "Filippin",
    "fr": "Franċiż",
    "fy": "Frisian Tal-Punent",
    "ga": "Irlandiż",
    "gd": "Galliku Skoċċiż",
    "gl": "Galiċjan",
    "gu": "Gujarati",
    "ha": "Hausa",
    "haw": "Ħawajjan",
    "he": "Ebrajk",
    "hi": "Hindi",
    "hr": "Kroat",
    "hu": "Ungeriż",
    "hy": "Armen",
    "id": "Indoneżjan",
    "ig": "Igbo",
    "is": "Iżlandiż",
    "it": "Taljan",
    "ja": "Ġappuniż",
    "ka": "Ġorġjan",
    "kk": "Każak",
    "km": "Khmer",
    "kn": "Kannada",
    "ko": "Korean",
    "ku": "Kurd",
    "ky": "Kirgiż",
    "lb": "Lussemburgiż",
    "lg": "Ganda",
    "ln": "Lingaljan",
    "lo": "Laosjan",
    "lt": "Litwan",
    "lv": "Latvjan",
    "mai": "Maithili",
    "mg": "Malagasy",
    "mi": "Maori",
    "mk": "Maċedonjan",
    "ml": "Malayalam",
    "mn": "Mongoljan",
    "mni_Mtei": "Manipuri",
    "mr": "Marathi",
    "ms": "Malay",
    "mt": "Malti",
    "my": "Burmiż",
    "nb": "Bokmal Norveġiż",
    "ne": "Nepaliż",
    "nl": "Olandiż",
    "nn": "Ninorsk Norveġiż",
    "oc": "Oċċitan",
    "om": "Oromo",
    "or": "Odia",
    "pa": "Punjabi",
    "pl": "Pollakk",
    "ps": "Pashto",
    "pt": "Portugiż",
    "pt_BR": "Portugiż (Il-Brażil)",
    "qu": "Quechua",
    "ro": "Rumen",
    "ru": "Russu",
    "rw": "Kinjarwanda",
    "sa": "Sanskrit",
    "sc": "Sardinjan",
    "sd": "Sindhi",
    "si": "Sinhala",
    "sk": "Slovakk",
    "sl": "Sloven",
    "sn": "Shona",
    "so": "Somali",
    "sq": "Albaniż",
    "sr_Cyrl": "Serb",
    "sr_Latn": "Serb",
    "sr_Latn_ME": "Serb (Il-Montenegro)",
    "su": "Sundaniż",
    "sv": "Żvediż",
    "sw": "Swahili",
    "ta": "Tamil",
    "te": "Telugu",
    "tg": "Taġik",
    "th": "Tajlandiż",
    "ti": "Tigrinya",
    "tk": "Turkmeni",
    "tl": "Tagalog",
    "tr": "Tork",
    "tt": "Tatar",
    "ug": "Uyghur",
    "uk": "Ukren",
    "ur": "Urdu",
    "uz_Cyrl": "Uzbek",
    "uz_Latn": "Uzbek",
    "vi": "Vjetnamiż",
    "xh": "Xhosa",
    "yi": "Yiddish",
    "yo": "Yoruba",
    "zh_CN": "Ċiniż (Iċ-Ċina)",
    "zh_HK": "Ċiniż (Ir-Reġjun Amministrattiv Speċjali Ta’ Hong Kong Tar-Repubblika Tal-Poplu Taċ-Ċina)",
    "zh_TW": "Ċiniż (It-Tajwan)",
    "zu": "Zulu"
}
