{
    "af": "အာဖရိကန်",
    "ak": "အာကန်",
    "am": "အမ်ဟာရစ်ခ်",
    "ar": "အာရဗီ",
    "as": "အာသံ",
    "az": "အဇာဘိုင်ဂျန်",
    "be": "ဘီလာရုစ်",
    "bg": "ဘူလ်ဂေးရီးယား",
    "bho": "ဘို့ဂျ်ပူရီ",
    "bm": "ဘန်ဘာရာ",
    "bn": "ဘင်္ဂါလီ",
    "bs": "ဘော့စ်နီးယား",
    "ca": "ကတ်တလန်",
    "ceb": "စီဗူအာနို",
    "ckb": "ဗဟိုဒေသသုံး ကဒ်ဘာသာ",
    "cs": "ချက်",
    "cy": "ဝေလ",
    "da": "ဒိန်းမတ်",
    "de": "ဂျာမန်",
    "de_CH": "ဂျာမန် (ဆွစ်ဇာလန်)",
    "doi": "ဒိုဂရီ",
    "ee": "အီဝီ",
    "el": "ဂရိ",
    "en": "အင်္ဂလိပ်",
    "en_CA": "အင်္ဂလိပ် (ကနေဒါ)",
    "eo": "အက်စ်ပရန်တို",
    "es": "စပိန်",
    "et": "အက်စ်တိုးနီးယား",
    "eu": "ဘာစ်ခ်",
    "fa": "ပါရှန်",
    "fi": "ဖင်လန်",
    "fil": "ဖိလစ်ပိုင်",
    "fr": "ပြင်သစ်",
    "fy": "အနောက် ဖရီစီရန်",
    "ga": "အိုင်းရစ်ရှ်",
    "gd": "စကော့တစ်ရှ် ဂေးလစ်ခ်",
    "gl": "ဂါလီစီယာ",
    "gu": "ဂူဂျာရသီ",
    "ha": "ဟာဥစာ",
    "haw": "ဟာဝိုင်ယီ",
    "he": "ဟီဘရူး",
    "hi": "ဟိန်ဒူ",
    "hr": "ခရိုအေးရှား",
    "hu": "ဟန်ဂေရီ",
    "hy": "အာမေးနီးယား",
    "id": "အင်ဒိုနီးရှား",
    "ig": "အစ္ဂဘို",
    "is": "အိုက်စ်လန်",
    "it": "အီတလီ",
    "ja": "ဂျပန်",
    "ka": "ဂျော်ဂျီယာ",
    "kk": "ကာဇာချ",
    "km": "ခမာ",
    "kn": "ကန်နာဒါ",
    "ko": "ကိုရီးယား",
    "ku": "ကဒ်",
    "ky": "ကာဂျစ်",
    "lb": "လူဇင်ဘတ်",
    "lg": "ဂန်ဒါ",
    "ln": "လင်ဂါလာ",
    "lo": "လာအို",
    "lt": "လစ်သူဝေးနီးယား",
    "lv": "လတ်ဗီးယား",
    "mai": "မိုင်သီလီ",
    "mg": "မာလဂက်စီ",
    "mi": "မာအိုရီ",
    "mk": "မက်ဆီဒိုးနီးယား",
    "ml": "မလေယာလမ်",
    "mn": "မွန်ဂိုလီးယား",
    "mni_Mtei": "မနိပူရ",
    "mr": "မာရသီ",
    "ms": "မလေး",
    "mt": "မော်လ်တာ",
    "my": "မြန်မာ",
    "nb": "နော်ဝေ ဘွတ်ခ်မော်လ်",
    "ne": "နီပေါ",
    "nl": "ဒတ်ခ်ျ",
    "nn": "နော်ဝေ နီးနောစ်",
    "oc": "အိုစီတန်",
    "om": "အိုရိုမို",
    "or": "အိုရီရာ",
    "pa": "ပန်ချာပီ",
    "pl": "ပိုလန်",
    "ps": "ပက်ရှ်တွန်း",
    "pt": "ပေါ်တူဂီ",
    "pt_BR": "ပေါ်တူဂီ (ဘရာဇီး)",
    "qu": "ခီချူဝါအိုဝါ",
    "ro": "ရိုမေနီယား",
    "ru": "ရုရှ",
    "rw": "ကင်ရာဝန်ဒါ",
    "sa": "သင်္သကရိုက်",
    "sc": "ဆာဒီနီးယား",
    "sd": "စင်ဒီ",
    "si": "စင်ဟာလာ",
    "sk": "ဆလိုဗက်",
    "sl": "ဆလိုဗေးနီးယား",
    "sn": "ရှိုနာ",
    "so": "ဆိုမာလီ",
    "sq": "အယ်လ်ဘေးနီးယား",
    "sr_Cyrl": "ဆားဘီးယား",
    "sr_Latn": "ဆားဘီးယား",
    "sr_Latn_ME": "ဆားဘီးယား (မွန်တီနိဂရိုး)",
    "su": "ဆူဒန်",
    "sv": "ဆွီဒင်",
    "sw": "ဆွာဟီလီ",
    "ta": "တမီးလ်",
    "te": "တီလီဂူ",
    "tg": "တာဂျစ်",
    "th": "ထိုင်း",
    "ti": "တီဂ်ရင်ယာ",
    "tk": "တာ့ခ်မင်နစ္စတန်",
    "tl": "Tagalog",
    "tr": "တူရကီ",
    "tt": "တာတာ",
    "ug": "ဝီဂါ",
    "uk": "ယူကရိန်း",
    "ur": "အူရ်ဒူ",
    "uz_Cyrl": "ဥဇဘတ်",
    "uz_Latn": "ဥဇဘတ်",
    "vi": "ဗီယက်နမ်",
    "xh": "ဇိုစာ",
    "yi": "ရဟူဒီ",
    "yo": "ယိုရူဘာ",
    "zh_CN": "တရုတ် (တရုတ်)",
    "zh_HK": "တရုတ် (ဟောင်ကောင် (တရုတ်ပြည်))",
    "zh_TW": "တရုတ် (ထိုင်ဝမ်)",
    "zu": "ဇူးလူး"
}
