{
    "af": "अफ्रिकान्स",
    "ak": "आकान",
    "am": "अम्हारिक",
    "ar": "अरबी",
    "as": "आसामी",
    "az": "अजरबैजानी",
    "be": "बेलारुसी",
    "bg": "बुल्गेरियाली",
    "bho": "भोजपुरी",
    "bm": "बाम्बारा",
    "bn": "बंगाली",
    "bs": "बोस्नियाली",
    "ca": "क्याटालन",
    "ceb": "सेबुआनो",
    "ckb": "मध्यवर्ती कुर्दिस",
    "cs": "चेक",
    "cy": "वेल्श",
    "da": "डेनिस",
    "de": "जर्मन",
    "de_CH": "जर्मन (स्विजरल्याण्ड)",
    "doi": "डोगरी",
    "ee": "इवी",
    "el": "ग्रीक",
    "en": "अङ्ग्रेजी",
    "en_CA": "अङ्ग्रेजी (क्यानाडा)",
    "eo": "एस्पेरान्तो",
    "es": "स्पेनी",
    "et": "इस्टोनियन",
    "eu": "बास्क",
    "fa": "फारसी",
    "fi": "फिनिस",
    "fil": "फिलिपिनी",
    "fr": "फ्रान्सेली",
    "fy": "पश्चिमी फ्रिसियन",
    "ga": "आइरिस",
    "gd": "स्कटिस गाएलिक",
    "gl": "गलिसियाली",
    "gu": "गुजराती",
    "ha": "हाउसा",
    "haw": "हवाइयन",
    "he": "हिब्रु",
    "hi": "हिन्दी",
    "hr": "क्रोयसियाली",
    "hu": "हङ्गेरियाली",
    "hy": "आर्मेनियाली",
    "id": "इन्डोनेसियाली",
    "ig": "इग्बो",
    "is": "आइसल्यान्डियाली",
    "it": "इटालेली",
    "ja": "जापानी",
    "ka": "जर्जियाली",
    "kk": "काजाख",
    "km": "खमेर",
    "kn": "कन्नाडा",
    "ko": "कोरियाली",
    "ku": "कुर्दी",
    "ky": "किर्गिज",
    "lb": "लक्जेम्बर्गी",
    "lg": "गान्डा",
    "ln": "लिङ्गाला",
    "lo": "लाओ",
    "lt": "लिथुआनियाली",
    "lv": "लात्भियाली",
    "mai": "मैथिली",
    "mg": "मलागासी",
    "mi": "माओरी",
    "mk": "म्यासेडोनियन",
    "ml": "मलयालम",
    "mn": "मङ्गोलियाली",
    "mni_Mtei": "मनिपुरी",
    "mr": "मराठी",
    "ms": "मलाय",
    "mt": "माल्टिज",
    "my": "बर्मेली",
    "nb": "नर्वेली बोकमाल",
    "ne": "नेपाली",
    "nl": "डच",
    "nn": "नर्वेली नाइनोर्स्क",
    "oc": "अक्सिटन",
    "om": "ओरोमो",
    "or": "उडिया",
    "pa": "पंजाबी",
    "pl": "पोलिस",
    "ps": "पास्तो",
    "pt": "पोर्तुगी",
    "pt_BR": "पोर्तुगी (ब्राजिल)",
    "qu": "क्वेचुवा",
    "ro": "रोमानियाली",
    "ru": "रसियाली",
    "rw": "किन्यारवान्डा",
    "sa": "संस्कृत",
    "sc": "सार्डिनियाली",
    "sd": "सिन्धी",
    "si": "सिन्हाली",
    "sk": "स्लोभाकियाली",
    "sl": "स्लोभेनियाली",
    "sn": "शोना",
    "so": "सोमाली",
    "sq": "अल्बानियाली",
    "sr_Cyrl": "सर्बियाली",
    "sr_Latn": "सर्बियाली",
    "sr_Latn_ME": "सर्बियाली (मोन्टेनिग्रो)",
    "su": "सुडानी",
    "sv": "स्विडिस",
    "sw": "स्वाहिली",
    "ta": "तामिल",
    "te": "तेलुगु",
    "tg": "ताजिक",
    "th": "थाई",
    "ti": "टिग्रिन्या",
    "tk": "टर्कमेन",
    "tl": "Tagalog",
    "tr": "टर्किश",
    "tt": "तातार",
    "ug": "उइघुर",
    "uk": "युक्रेनी",
    "ur": "उर्दु",
    "uz_Cyrl": "उज्बेकी",
    "uz_Latn": "उज्बेकी",
    "vi": "भियतनामी",
    "xh": "खोसा",
    "yi": "यिद्दिस",
    "yo": "योरूवा",
    "zh_CN": "चिनियाँ (चीन)",
    "zh_HK": "चिनियाँ (हङकङ चिनियाँ विशेष प्रशासनिक क्षेत्र)",
    "zh_TW": "चिनियाँ (ताइवान)",
    "zu": "जुलु"
}
