{
    "af": "Afrikoota",
    "ak": "Akan",
    "am": "Afaan Sidaamaa",
    "ar": "Arabiffaa",
    "as": "Assamese",
    "az": "Afaan Azerbaijani",
    "be": "Afaan Belarusia",
    "bg": "Afaan Bulgariya",
    "bho": "Bhojpuri",
    "bm": "Bambara",
    "bn": "Afaan Baangladeshi",
    "bs": "Afaan Bosniyaa",
    "ca": "Afaan Katalaa",
    "ceb": "Cebuano",
    "ckb": "Central Kurdish",
    "cs": "Afaan Czech",
    "cy": "Welishiffaa",
    "da": "Afaan Deenmaark",
    "de": "Afaan Jarmanii",
    "de_CH": "Afaan Jarmanii (Ch)",
    "doi": "Dogri",
    "ee": "Ewe",
    "el": "Afaan Giriiki",
    "en": "Ingliffa",
    "en_CA": "Ingliffa (Ca)",
    "eo": "Afaan Esperantoo",
    "es": "Afaan Ispeen",
    "et": "Afaan Istooniya",
    "eu": "Afaan Baskuu",
    "fa": "Afaan Persia",
    "fi": "Afaan Fiilaandi",
    "fil": "Afaan Filippinii",
    "fr": "Afaan Faransaayii",
    "fy": "Afaan Firisiyaani",
    "ga": "Afaan Ayirishii",
    "gd": "Scots Gaelic",
    "gl": "Afaan Galishii",
    "gu": "Afaan Gujarati",
    "ha": "Hausa",
    "haw": "Hawaiian",
    "he": "Afaan Hebrew",
    "hi": "Afaan Hindii",
    "hr": "Afaan Croatian",
    "hu": "Afaan Hangaari",
    "hy": "Armenian",
    "id": "Afaan Indoneziya",
    "ig": "Igbo",
    "is": "Ayiislandiffaa",
    "it": "Afaan Xaaliyaani",
    "ja": "Afaan Japanii",
    "ka": "Afaan Georgian",
    "kk": "Kazakh",
    "km": "Khmer",
    "kn": "Afaan Kannada",
    "ko": "Afaan Korea",
    "ku": "Kurdish",
    "ky": "Kyrgyz",
    "lb": "Luxembourgish",
    "lg": "Ganda",
    "ln": "Lingala",
    "lo": "Lao",
    "lt": "Afaan Liituniyaa",
    "lv": "Afaan Lativiyaa",
    "mai": "Maithili",
    "mg": "Malagasy",
    "mi": "Māori",
    "mk": "Afaan Macedooniyaa",
    "ml": "Malayaalamiffaa",
    "mn": "Mongolian",
    "mni_Mtei": "Mni",
    "mr": "Afaan Maratii",
    "ms": "Malaayiffaa",
    "mt": "Afaan Maltesii",
    "my": "Burmese",
    "nb": "Norwegian Bokmål",
    "ne": "Afaan Nepalii",
    "nl": "Afaan Dachii",
    "nn": "Afaan Norwegian",
    "oc": "Afaan Occit",
    "om": "Oromoo",
    "or": "Odia",
    "pa": "Afaan Punjabii",
    "pl": "Afaan Polandii",
    "ps": "Pashto",
    "pt": "Afaan Porchugaal",
    "pt_BR": "Afaan Porchugaal (Brazil)",
    "qu": "Quechua",
    "ro": "Afaan Romaniyaa",
    "ru": "Afaan Rushiyaa",
    "rw": "Kinyarwanda",
    "sa": "Sanskrit",
    "sc": "Sardinian",
    "sd": "Sindhi",
    "si": "Afaan Sinhalese",
    "sk": "Afaan Slovak",
    "sl": "Afaan Islovaniyaa",
    "sn": "Shona",
    "so": "Somali",
    "sq": "Afaan Albaniyaa",
    "sr_Cyrl": "Afaan Serbiya",
    "sr_Latn": "Afaan Serbiya",
    "sr_Latn_ME": "Afaan Serbiya (Me)",
    "su": "Afaan Sudaanii",
    "sv": "Afaan Suwidiin",
    "sw": "Suwahilii",
    "ta": "Afaan Tamilii",
    "te": "Afaan Telugu",
    "tg": "Tajik",
    "th": "Afaan Tayii",
    "ti": "Afaan Tigiree",
    "tk": "Lammii Turkii",
    "tl": "Tagalog",
    "tr": "Afaan Turkii",
    "tt": "Tatar",
    "ug": "Uyghur",
    "uk": "Afaan Ukreenii",
    "ur": "Afaan Urdu",
    "uz_Cyrl": "Afaan Uzbek",
    "uz_Latn": "Afaan Uzbek",
    "vi": "Afaan Veetinam",
    "xh": "Afaan Xhosa",
    "yi": "Yiddish",
    "yo": "Yoruba",
    "zh_CN": "Chinese (China)",
    "zh_HK": "Chinese (Hk)",
    "zh_TW": "Chinese (Tw)",
    "zu": "Afaan Zuulu"
}
