{
    "af": "ଆଫ୍ରିକୀୟ",
    "ak": "ଅକନ୍",
    "am": "ଆମହାରକି",
    "ar": "ଆରବିକ୍",
    "as": "ଆସାମୀୟ",
    "az": "ଆଜେରବାଇଜାନି",
    "be": "ବେଲାରୁଷିଆନ୍",
    "bg": "ବୁଲଗେରିଆନ୍",
    "bho": "ଭୋଜପୁରୀ",
    "bm": "ବାମ୍ବାରା",
    "bn": "ବଙ୍ଗଳା",
    "bs": "ବୋସନିଆନ୍",
    "ca": "କାଟାଲାନ୍",
    "ceb": "ସୀବୁଆନୋ",
    "ckb": "କେନ୍ଦ୍ରୀୟ କୁରଡିସ୍",
    "cs": "ଚେକ୍",
    "cy": "ୱେଲ୍ସ",
    "da": "ଡାନ୍ନିସ୍",
    "de": "ଜର୍ମାନ",
    "de_CH": "ଜର୍ମାନ (ସ୍ୱିଜରଲ୍ୟାଣ୍ଡ)",
    "doi": "ଡୋଗ୍ରୀ",
    "ee": "ଇୱେ",
    "el": "ଗ୍ରୀକ୍",
    "en": "ଇଂରାଜୀ",
    "en_CA": "ଇଂରାଜୀ (କାନାଡା)",
    "eo": "ଏସ୍ପାରେଣ୍ଟୋ",
    "es": "ସ୍ପେନିୟ",
    "et": "ଏସ୍ତୋନିଆନ୍",
    "eu": "ବାସ୍କ୍ୱି",
    "fa": "ପର୍ସିଆନ୍",
    "fi": "ଫିନ୍ନିସ୍",
    "fil": "ଫିଲିପିନୋ",
    "fr": "ଫରାସୀ",
    "fy": "ପାଶ୍ଚାତ୍ୟ ଫ୍ରିସିଆନ୍",
    "ga": "ଇରିସ୍",
    "gd": "ସ୍କଟିସ୍ ଗାଏଲିକ୍",
    "gl": "ଗାଲସିଆନ୍",
    "gu": "ଗୁଜୁରାଟୀ",
    "ha": "ହୌସା",
    "haw": "ହାୱାଇନ୍",
    "he": "ହେବ୍ର୍ୟୁ",
    "hi": "ହିନ୍ଦୀ",
    "hr": "କ୍ରୋଆଟିଆନ୍",
    "hu": "ହଙ୍ଗେରୀୟ",
    "hy": "ଆର୍ମେନିଆନ୍",
    "id": "ଇଣ୍ଡୋନେସୀୟ",
    "ig": "ଇଗବୋ",
    "is": "ଆଇସଲାଣ୍ଡିକ୍",
    "it": "ଇଟାଲୀୟ",
    "ja": "ଜାପାନୀ",
    "ka": "ଜର୍ଜିୟ",
    "kk": "କାଜାକ୍",
    "km": "ଖାମେର୍",
    "kn": "କନ୍ନଡ",
    "ko": "କୋରିଆନ୍",
    "ku": "କୁର୍ଦ୍ଦିଶ୍",
    "ky": "କୀରଗୀଜ୍",
    "lb": "ଲକ୍ସେମବର୍ଗିସ୍",
    "lg": "ଗନ୍ଦା",
    "ln": "ଲିଙ୍ଗାଲା",
    "lo": "ଲାଓ",
    "lt": "ଲିଥୁଆନିଆନ୍",
    "lv": "ଲାଟଭିଆନ୍",
    "mai": "ମୈଥିଳୀ",
    "mg": "ମାଲାଗାସୀ",
    "mi": "ମାଓରୀ",
    "mk": "ମାସେଡୋନିଆନ୍",
    "ml": "ମାଲାୟଲମ୍",
    "mn": "ମଙ୍ଗୋଳିୟ",
    "mni_Mtei": "ମଣିପୁରୀ",
    "mr": "ମରାଠୀ",
    "ms": "ମାଲୟ",
    "mt": "ମାଲଟୀଜ୍",
    "my": "ବର୍ମୀଜ୍",
    "nb": "ନରୱେଜିଆନ୍ ବୋକମଲ୍",
    "ne": "ନେପାଳୀ",
    "nl": "ଡଚ୍",
    "nn": "ନରୱେଜିଆନ୍ ନିୟୋର୍ସ୍କ",
    "oc": "ଓସିଟାନ୍",
    "om": "ଓରୋମୋ",
    "or": "ଓଡ଼ିଆ",
    "pa": "ପଞ୍ଜାବୀ",
    "pl": "ପୋଲିଶ୍",
    "ps": "ପାସ୍ତୋ",
    "pt": "ପର୍ତ୍ତୁଗୀଜ୍‌",
    "pt_BR": "ପର୍ତ୍ତୁଗୀଜ୍‌ (ବ୍ରାଜିଲ୍)",
    "qu": "କ୍ୱେଚୁଆ",
    "ro": "ରୋମାନିଆନ୍",
    "ru": "ରୁଷିୟ",
    "rw": "କିନ୍ୟାରୱାଣ୍ଡା",
    "sa": "ସଂସ୍କୃତ",
    "sc": "ସର୍ଦିନିଆନ୍",
    "sd": "ସିନ୍ଧୀ",
    "si": "ସିଂହଳ",
    "sk": "ସ୍ଲୋଭାକ୍",
    "sl": "ସ୍ଲୋଭେନିଆନ୍",
    "sn": "ଶୋନା",
    "so": "ସୋମାଲିଆ",
    "sq": "ଆଲବାନିଆନ୍",
    "sr_Cyrl": "ସର୍ବିୟ",
    "sr_Latn": "ସର୍ବିୟ",
    "sr_Latn_ME": "ସର୍ବିୟ (ମଣ୍ଟେନିଗ୍ରୋ)",
    "su": "ସୁଦାନୀଜ୍",
    "sv": "ସ୍ୱେଡିସ୍",
    "sw": "ସ୍ୱାହିଲ୍",
    "ta": "ତାମିଲ୍",
    "te": "ତେଲୁଗୁ",
    "tg": "ତାଜିକ୍",
    "th": "ଥାଇ",
    "ti": "ଟ୍ରିଗିନିଆ",
    "tk": "ତୁର୍କମେନ୍",
    "tl": "ଟାଗାଲଗ୍",
    "tr": "ତୁର୍କିସ୍",
    "tt": "ତାତାର୍",
    "ug": "ୟୁଘୁର୍",
    "uk": "ୟୁକ୍ରାନିଆନ୍",
    "ur": "ଉର୍ଦ୍ଦୁ",
    "uz_Cyrl": "ଉଜବେକ୍",
    "uz_Latn": "ଉଜବେକ୍",
    "vi": "ଭିଏତନାମିଜ୍",
    "xh": "ଖୋସା",
    "yi": "ୟିଡିସ୍",
    "yo": "ୟୋରୁବା",
    "zh_CN": "ଚାଇନିଜ୍‌ (ଚିନ୍)",
    "zh_HK": "ଚାଇନିଜ୍‌ (ହଂ କଂ ଏସଏଆର୍‌ ଚାଇନା)",
    "zh_TW": "ଚାଇନିଜ୍‌ (ତାଇୱାନ)",
    "zu": "ଜୁଲୁ"
}
