{
    "af": "ਅਫ਼ਰੀਕੀ",
    "ak": "ਅਕਾਨ",
    "am": "ਅਮਹਾਰਿਕ",
    "ar": "ਅਰਬੀ",
    "as": "ਅਸਾਮੀ",
    "az": "ਅਜ਼ਰਬਾਈਜਾਨੀ",
    "be": "ਬੇਲਾਰੂਸੀ",
    "bg": "ਬੁਲਗਾਰੀਆਈ",
    "bho": "ਭੋਜਪੁਰੀ",
    "bm": "ਬੰਬਾਰਾ",
    "bn": "ਬੰਗਾਲੀ",
    "bs": "ਬੋਸਨੀਆਈ",
    "ca": "ਕੈਟਾਲਾਨ",
    "ceb": "ਸੀਬੂਆਨੋ",
    "ckb": "ਕੇਂਦਰੀ ਕੁਰਦਿਸ਼",
    "cs": "ਚੈੱਕ",
    "cy": "ਵੈਲਸ਼",
    "da": "ਡੈਨਿਸ਼",
    "de": "ਜਰਮਨ",
    "de_CH": "ਜਰਮਨ (ਸਵਿਟਜ਼ਰਲੈਂਡ)",
    "doi": "ਡੋਗਰੀ",
    "ee": "ਈਵਈ",
    "el": "ਯੂਨਾਨੀ",
    "en": "ਅੰਗਰੇਜ਼ੀ",
    "en_CA": "ਅੰਗਰੇਜ਼ੀ (ਕੈਨੇਡਾ)",
    "eo": "ਇਸਪੇਰਾਂਟੋ",
    "es": "ਸਪੇਨੀ",
    "et": "ਇਸਟੋਨੀਆਈ",
    "eu": "ਬਾਸਕ",
    "fa": "ਫ਼ਾਰਸੀ",
    "fi": "ਫਿਨਿਸ਼",
    "fil": "ਫਿਲੀਪਿਨੋ",
    "fr": "ਫਰਾਂਸੀਸੀ",
    "fy": "ਪੱਛਮੀ ਫ੍ਰਿਸੀਅਨ",
    "ga": "ਆਇਰਸ਼",
    "gd": "ਸਕਾਟਿਸ਼ ਗੇਲਿਕ",
    "gl": "ਗੈਲਿਸ਼ਿਅਨ",
    "gu": "ਗੁਜਰਾਤੀ",
    "ha": "ਹੌਸਾ",
    "haw": "ਹਵਾਈ",
    "he": "ਹਿਬਰੂ",
    "hi": "ਹਿੰਦੀ",
    "hr": "ਕ੍ਰੋਏਸ਼ਿਆਈ",
    "hu": "ਹੰਗਰੀਆਈ",
    "hy": "ਅਰਮੀਨੀਆਈ",
    "id": "ਇੰਡੋਨੇਸ਼ੀਆਈ",
    "ig": "ਇਗਬੋ",
    "is": "ਆਈਸਲੈਂਡਿਕ",
    "it": "ਇਤਾਲਵੀ",
    "ja": "ਜਪਾਨੀ",
    "ka": "ਜਾਰਜੀਆਈ",
    "kk": "ਕਜ਼ਾਖ਼",
    "km": "ਖਮੇਰ",
    "kn": "ਕੰਨੜ",
    "ko": "ਕੋਰੀਆਈ",
    "ku": "ਕੁਰਦਿਸ਼",
    "ky": "ਕਿਰਗੀਜ਼",
    "lb": "ਲਕਜ਼ਮਬਰਗਿਸ਼",
    "lg": "ਗਾਂਡਾ",
    "ln": "ਲਿੰਗਾਲਾ",
    "lo": "ਲਾਓ",
    "lt": "ਲਿਥੁਆਨੀਅਨ",
    "lv": "ਲਾਤੀਵੀ",
    "mai": "ਮੈਥਲੀ",
    "mg": "ਮਾਲਾਗੈਸੀ",
    "mi": "ਮਾਉਰੀ",
    "mk": "ਮੈਕਡੋਨੀਆਈ",
    "ml": "ਮਲਿਆਲਮ",
    "mn": "ਮੰਗੋਲੀ",
    "mni_Mtei": "ਮਨੀਪੁਰੀ",
    "mr": "ਮਰਾਠੀ",
    "ms": "ਮਲਯ",
    "mt": "ਮਾਲਟੀਜ਼",
    "my": "ਬਰਮੀ",
    "nb": "ਨਾਰਵੇਜਿਆਈ ਬੋਕਮਲ",
    "ne": "ਨੇਪਾਲੀ",
    "nl": "ਡੱਚ",
    "nn": "ਨਾਰਵੇਜਿਆਈ ਨਿਓਨੌਰਸਕ",
    "oc": "ਓਕਸੀਟਾਨ",
    "om": "ਓਰੋਮੋ",
    "or": "ਉੜੀਆ",
    "pa": "ਪੰਜਾਬੀ",
    "pl": "ਪੋਲੈਂਡੀ",
    "ps": "ਪਸ਼ਤੋ",
    "pt": "ਪੁਰਤਗਾਲੀ",
    "pt_BR": "ਪੁਰਤਗਾਲੀ (ਬ੍ਰਾਜ਼ੀਲ)",
    "qu": "ਕਕੇਸ਼ੁਆ",
    "ro": "ਰੋਮਾਨੀਆਈ",
    "ru": "ਰੂਸੀ",
    "rw": "ਕਿਨਿਆਰਵਾਂਡਾ",
    "sa": "ਸੰਸਕ੍ਰਿਤ",
    "sc": "ਸਾਰਡੀਨੀਆਈ",
    "sd": "ਸਿੰਧੀ",
    "si": "ਸਿੰਹਾਲਾ",
    "sk": "ਸਲੋਵਾਕ",
    "sl": "ਸਲੋਵੇਨੀਆਈ",
    "sn": "ਸ਼ੋਨਾ",
    "so": "ਸੋਮਾਲੀ",
    "sq": "ਅਲਬਾਨੀਆਈ",
    "sr_Cyrl": "ਸਰਬੀਆਈ",
    "sr_Latn": "ਸਰਬੀਆਈ",
    "sr_Latn_ME": "ਸਰਬੀਆਈ (ਮੋਂਟੇਨੇਗਰੋ)",
    "su": "ਸੂੰਡਾਨੀ",
    "sv": "ਸਵੀਡਿਸ਼",
    "sw": "ਸਵਾਹਿਲੀ",
    "ta": "ਤਮਿਲ",
    "te": "ਤੇਲਗੂ",
    "tg": "ਤਾਜਿਕ",
    "th": "ਥਾਈ",
    "ti": "ਤਿਗ੍ਰੀਨਿਆ",
    "tk": "ਤੁਰਕਮੇਨ",
    "tl": "Tagalog",
    "tr": "ਤੁਰਕੀ",
    "tt": "ਤਤਾਰ",
    "ug": "ਉਇਗੁਰ",
    "uk": "ਯੂਕਰੇਨੀਆਈ",
    "ur": "ਉਰਦੂ",
    "uz_Cyrl": "ਉਜ਼ਬੇਕ",
    "uz_Latn": "ਉਜ਼ਬੇਕ",
    "vi": "ਵੀਅਤਨਾਮੀ",
    "xh": "ਖੋਸਾ",
    "yi": "ਯਿਦਿਸ਼",
    "yo": "ਯੋਰੂਬਾ",
    "zh_CN": "ਚੀਨੀ (ਚੀਨ)",
    "zh_HK": "ਚੀਨੀ (ਹਾਂਗ ਕਾਂਗ ਐਸਏਆਰ ਚੀਨ)",
    "zh_TW": "ਚੀਨੀ (ਤਾਇਵਾਨ)",
    "zu": "ਜ਼ੁਲੂ"
}
