{
    "af": "افریکانسي",
    "ak": "اکاني",
    "am": "امهاري",
    "ar": "عربي",
    "as": "اسامي",
    "az": "اذربایجاني",
    "be": "بېلاروسي",
    "bg": "بلغاري",
    "bho": "بهوجپوري",
    "bm": "بمبارا",
    "bn": "بنگالي",
    "bs": "بوسني",
    "ca": "کټلاني",
    "ceb": "سیبوانوي",
    "ckb": "منځنۍ کوردي",
    "cs": "چېکي",
    "cy": "ويلشي",
    "da": "ډنمارکي",
    "de": "الماني",
    "de_CH": "الماني (سویس)",
    "doi": "ډوګري",
    "ee": "ايو",
    "el": "یوناني",
    "en": "انګليسي",
    "en_CA": "انګليسي (کاناډا)",
    "eo": "اسپرانتو",
    "es": "هسپانوي",
    "et": "حبشي",
    "eu": "باسکي",
    "fa": "فارسي",
    "fi": "فینلنډي",
    "fil": "فلیپیني",
    "fr": "فرانسوي",
    "fy": "لوېديځ فريشي",
    "ga": "ائيرلېنډي",
    "gd": "سکاټلېنډي ګېلک",
    "gl": "ګلېشيايي",
    "gu": "ګجراتي",
    "ha": "هوسا",
    "haw": "هوایی",
    "he": "عبراني",
    "hi": "هندي",
    "hr": "کروايشيايي",
    "hu": "هنګري",
    "hy": "آرمينيايي",
    "id": "انډونېزي",
    "ig": "اګبو",
    "is": "ايسلنډي",
    "it": "ایټالوي",
    "ja": "جاپاني",
    "ka": "جورجيائي",
    "kk": "قازق",
    "km": "خمر",
    "kn": "کناډا",
    "ko": "کوریایی",
    "ku": "کردي",
    "ky": "کرغيزي",
    "lb": "لوګزامبورګي",
    "lg": "ګانده",
    "ln": "لنګالا",
    "lo": "لاو",
    "lt": "ليتواني",
    "lv": "لېټواني",
    "mai": "مایتھلي",
    "mg": "ملغاسي",
    "mi": "ماوري",
    "mk": "مقدوني",
    "ml": "مالايالم",
    "mn": "منګولیایی",
    "mni_Mtei": "مانی پوری",
    "mr": "مراټهي",
    "ms": "ملایا",
    "mt": "مالټايي",
    "my": "برمایی",
    "nb": "ناروېئي (بوکمال)",
    "ne": "نېپالي",
    "nl": "هالېنډي",
    "nn": "ناروېئي (نائنورسک)",
    "oc": "اوکسيټاني",
    "om": "اورومو",
    "or": "اوڊيا",
    "pa": "پنجابي",
    "pl": "پولنډي",
    "ps": "پښتو",
    "pt": "پورتګالي",
    "pt_BR": "پورتګالي (برازیل)",
    "qu": "کېچوا",
    "ro": "رومانیایی",
    "ru": "روسي",
    "rw": "کینیارونډا",
    "sa": "سنسکریټ",
    "sc": "سارڊيني",
    "sd": "سندهي",
    "si": "سينهالي",
    "sk": "سلوواکي",
    "sl": "سلوواني",
    "sn": "شونا",
    "so": "سومالي",
    "sq": "الباني",
    "sr_Cyrl": "سربيائي",
    "sr_Latn": "سربيائي",
    "sr_Latn_ME": "سربيائي (مونټینیګرو)",
    "su": "سوډاني",
    "sv": "سویډنی",
    "sw": "سواهېلي",
    "ta": "تامل",
    "te": "تېليګو",
    "tg": "تاجکي",
    "th": "تايلېنډي",
    "ti": "تيګريني",
    "tk": "ترکمني",
    "tl": "Tagalog",
    "tr": "ترکي",
    "tt": "تاتار",
    "ug": "اويغوري",
    "uk": "اوکرايني",
    "ur": "اردو",
    "uz_Cyrl": "اوزبکي",
    "uz_Latn": "اوزبکي",
    "vi": "وېتنامي",
    "xh": "خوسا",
    "yi": "يديش",
    "yo": "یوروبا",
    "zh_CN": "چیني (چین)",
    "zh_HK": "چیني (هانګ کانګ Sar چین)",
    "zh_TW": "چیني (تائيوان)",
    "zu": "زولو"
}
