{
    "af": "Africâner",
    "ak": "Akan",
    "am": "Amárico",
    "ar": "Árabe",
    "as": "Assamês",
    "az": "Azerbaijano",
    "be": "Bielorrusso",
    "bg": "Búlgaro",
    "bho": "Bhojpuri",
    "bm": "Bambara",
    "bn": "Bengali",
    "bs": "Bósnio",
    "ca": "Catalão",
    "ceb": "Cebuano",
    "ckb": "Curdo Central",
    "cs": "Tcheco",
    "cy": "Galês",
    "da": "Dinamarquês",
    "de": "Alemão",
    "de_CH": "Alemão (Suíça)",
    "doi": "Dogri",
    "ee": "Ewe",
    "el": "Grego",
    "en": "Inglês",
    "en_CA": "Inglês (Canadá)",
    "eo": "Esperanto",
    "es": "Espanhol",
    "et": "Estoniano",
    "eu": "Basco",
    "fa": "Persa",
    "fi": "Finlandês",
    "fil": "Filipino",
    "fr": "Francês",
    "fy": "Frísio Ocidental",
    "ga": "Irlandês",
    "gd": "Gaélico Escocês",
    "gl": "Galego",
    "gu": "Guzerate",
    "ha": "Hauçá",
    "haw": "Havaiano",
    "he": "Hebraico",
    "hi": "Híndi",
    "hr": "Croata",
    "hu": "Húngaro",
    "hy": "Armênio",
    "id": "Indonésio",
    "ig": "Igbo",
    "is": "Islandês",
    "it": "Italiano",
    "ja": "Japonês",
    "ka": "Georgiano",
    "kk": "Cazaque",
    "km": "Khmer",
    "kn": "Canarim",
    "ko": "Coreano",
    "ku": "Curdo",
    "ky": "Quirguiz",
    "lb": "Luxemburguês",
    "lg": "Luganda",
    "ln": "Lingala",
    "lo": "Laosiano",
    "lt": "Lituano",
    "lv": "Letão",
    "mai": "Maithili",
    "mg": "Malgaxe",
    "mi": "Maori",
    "mk": "Macedônio",
    "ml": "Malaiala",
    "mn": "Mongol",
    "mni_Mtei": "Manipuri",
    "mr": "Marati",
    "ms": "Malaio",
    "mt": "Maltês",
    "my": "Birmanês",
    "nb": "Bokmål Norueguês",
    "ne": "Nepalês",
    "nl": "Holandês",
    "nn": "Nynorsk Norueguês",
    "oc": "Occitânico",
    "om": "Oromo",
    "or": "Oriá",
    "pa": "Panjabi",
    "pl": "Polonês",
    "ps": "Pashto",
    "pt": "Português",
    "pt_BR": "Português (Brasil)",
    "qu": "Quíchua",
    "ro": "Romeno",
    "ru": "Russo",
    "rw": "Quiniaruanda",
    "sa": "Sânscrito",
    "sc": "Sardo",
    "sd": "Sindi",
    "si": "Cingalês",
    "sk": "Eslovaco",
    "sl": "Esloveno",
    "sn": "Xona",
    "so": "Somali",
    "sq": "Albanês",
    "sr_Cyrl": "Sérvio",
    "sr_Latn": "Sérvio",
    "sr_Latn_ME": "Sérvio (Montenegro)",
    "su": "Sundanês",
    "sv": "Sueco",
    "sw": "Suaíli",
    "ta": "Tâmil",
    "te": "Télugo",
    "tg": "Tadjique",
    "th": "Tailandês",
    "ti": "Tigrínia",
    "tk": "Turcomeno",
    "tl": "Tagalo",
    "tr": "Turco",
    "tt": "Tártaro",
    "ug": "Uigur",
    "uk": "Ucraniano",
    "ur": "Urdu",
    "uz_Cyrl": "Uzbeque",
    "uz_Latn": "Uzbeque",
    "vi": "Vietnamita",
    "xh": "Xhosa",
    "yi": "Iídiche",
    "yo": "Iorubá",
    "zh_CN": "Chinês (China)",
    "zh_HK": "Chinês (Hong Kong, Rae Da China)",
    "zh_TW": "Chinês (Taiwan)",
    "zu": "Zulu"
}
