{
    "af": "Afrikaans Simi",
    "ak": "Akan Simi",
    "am": "Amarico Simi",
    "ar": "Arabe Simi",
    "as": "Asames Simi",
    "az": "Azerbaiyano Simi",
    "be": "Bielorruso Simi",
    "bg": "Bulgaro Simi",
    "bho": "Bhojpuri",
    "bm": "Bambara Simi",
    "bn": "Bangla Simi",
    "bs": "Bosnio Simi",
    "ca": "Catalan Simi",
    "ceb": "Cebuano Simi",
    "ckb": "Chawpi Kurdo Simi",
    "cs": "Checo Simi",
    "cy": "Gales Simi",
    "da": "Danes Simi",
    "de": "Aleman Simi",
    "de_CH": "Aleman Simi (Suiza)",
    "doi": "Dogri Simi",
    "ee": "Ewé Simi",
    "el": "Griego Simi",
    "en": "Ingles Simi",
    "en_CA": "Ingles Simi (Canadá)",
    "eo": "Esperanto Simi",
    "es": "Español Simi",
    "et": "Estonio Simi",
    "eu": "Euskera Simi",
    "fa": "Persa Simi",
    "fi": "Fines Simi",
    "fil": "Filipino Simi",
    "fr": "Frances Simi",
    "fy": "Frison Simi",
    "ga": "Irlandes Simi",
    "gd": "Gaelico Escoces Simi",
    "gl": "Gallego Simi",
    "gu": "Gujarati Simi",
    "ha": "Hausa Simi",
    "haw": "Hawaiano Simi",
    "he": "Hebreo Simi",
    "hi": "Hindi Simi",
    "hr": "Croata Simi",
    "hu": "Hungaro Simi",
    "hy": "Armenio Simi",
    "id": "Indonesio Simi",
    "ig": "Igbo Simi",
    "is": "Islandes Simi",
    "it": "Italiano Simi",
    "ja": "Japones Simi",
    "ka": "Georgiano Simi",
    "kk": "Kazajo Simi",
    "km": "Khmer Simi",
    "kn": "Kannada Simi",
    "ko": "Coreano Simi",
    "ku": "Kurdo Simi",
    "ky": "Kirghiz Simi",
    "lb": "Luxemburgues Simi",
    "lg": "Luganda Simi",
    "ln": "Lingala Simi",
    "lo": "Lao Simi",
    "lt": "Lituano Simi",
    "lv": "Leton Simi",
    "mai": "Maithili Simi",
    "mg": "Malgache Simi",
    "mi": "Maori Simi",
    "mk": "Macedonio Simi",
    "ml": "Malayalam Simi",
    "mn": "Mongol Simi",
    "mni_Mtei": "Manipuri Simi",
    "mr": "Marathi Simi",
    "ms": "Malayo Simi",
    "mt": "Maltes Simi",
    "my": "Birmano Simi",
    "nb": "Noruego Bokmål Simi",
    "ne": "Nepali Simi",
    "nl": "Neerlandes Simi",
    "nn": "Noruego Nynorsk Simi",
    "oc": "Occitano Simi",
    "om": "Oromo Simi",
    "or": "Odia Simi",
    "pa": "Punyabi Simi",
    "pl": "Polaco Simi",
    "ps": "Pashto Simi",
    "pt": "Portugues Simi",
    "pt_BR": "Portugues Simi (Brasil)",
    "qu": "Runasimi",
    "ro": "Rumano Simi",
    "ru": "Ruso Simi",
    "rw": "Kinyarwanda Simi",
    "sa": "Sanscrito Simi",
    "sc": "Sardinian Simi",
    "sd": "Sindhi Simi",
    "si": "Cingales Simi",
    "sk": "Eslovaco Simi",
    "sl": "Esloveno Simi",
    "sn": "Shona Simi",
    "so": "Somali Simi",
    "sq": "Albanes Simi",
    "sr_Cyrl": "Serbio Simi",
    "sr_Latn": "Serbio Simi",
    "sr_Latn_ME": "Serbio Simi (Montenegro)",
    "su": "Sundanés Simi",
    "sv": "Sueco Simi",
    "sw": "Suajili Simi",
    "ta": "Tamil Simi",
    "te": "Telugu Simi",
    "tg": "Tayiko Simi",
    "th": "Tailandes Simi",
    "ti": "Tigriña Simi",
    "tk": "Turcomano Simi",
    "tl": "Tagalog",
    "tr": "Turco Simi",
    "tt": "Tartaro Simi",
    "ug": "Uigur Simi",
    "uk": "Ucraniano Simi",
    "ur": "Urdu Simi",
    "uz_Cyrl": "Uzbeko Simi",
    "uz_Latn": "Uzbeko Simi",
    "vi": "Vietnamita Simi",
    "xh": "Isixhosa Simi",
    "yi": "Yiddish Simi",
    "yo": "Yoruba Simi",
    "zh_CN": "Chino Simi (China)",
    "zh_HK": "Chino Simi (Hong Kong Rae China)",
    "zh_TW": "Chino Simi (Taiwán)",
    "zu": "Isizulu Simi"
}
