{
    "af": "Ikinyafurikaneri",
    "ak": "Akan",
    "am": "Inyamuhariki",
    "ar": "Icyarabu",
    "as": "Icyasamizi",
    "az": "Inyazeribayijani",
    "be": "Ikibelarusiya",
    "bg": "Urunyabuligariya",
    "bho": "Bhojpuri",
    "bm": "Bambara",
    "bn": "Ikibengali",
    "bs": "Inyebosiniya",
    "ca": "Igikatalani",
    "ceb": "Cebuano",
    "ckb": "Central Kurdish",
    "cs": "Igiceke",
    "cy": "Ikigaluwa",
    "da": "Ikidaninwa",
    "de": "Ikidage",
    "de_CH": "Ikidage (Ch)",
    "doi": "Dogri",
    "ee": "Ewe",
    "el": "Ikigereki",
    "en": "Icyongereza",
    "en_CA": "Icyongereza (Ca)",
    "eo": "Icyesiperanto",
    "es": "Icyesipanyolo",
    "et": "Icyesitoniya",
    "eu": "Ikibasiki",
    "fa": "Inyeperisi",
    "fi": "Igifinilande",
    "fil": "Ikinyafilipine",
    "fr": "Igifaransa",
    "fy": "Igifiriziyani",
    "ga": "Ikirilandi",
    "gd": "Ikigaluwa Cy’igisweduwa",
    "gl": "Ikigalisiya",
    "gu": "Inyegujarati",
    "ha": "Hausa",
    "haw": "Hawaiian",
    "he": "Igiheburayo",
    "hi": "Igihindi",
    "hr": "Igikorowasiya",
    "hu": "Igihongiriya",
    "hy": "Ikinyarumeniya",
    "id": "Ikinyendoziya",
    "ig": "Igbo",
    "is": "Igisilande",
    "it": "Igitaliyani",
    "ja": "Ikiyapani",
    "ka": "Inyejeworujiya",
    "kk": "Kazakh",
    "km": "Igikambodiya",
    "kn": "Igikanada",
    "ko": "Igikoreya",
    "ku": "Inyekuridishi",
    "ky": "Inkerigizi",
    "lb": "Luxembourgish",
    "lg": "Ganda",
    "ln": "Ilingala",
    "lo": "Ikilawotiyani",
    "lt": "Ikilituwaniya",
    "lv": "Ikinyaletoviyani",
    "mai": "Maithili",
    "mg": "Malagasy",
    "mi": "Māori",
    "mk": "Ikimasedoniya",
    "ml": "Ikimalayalami",
    "mn": "Ikimongoli",
    "mni_Mtei": "Mni",
    "mr": "Ikimarati",
    "ms": "Ikimalayi",
    "mt": "Ikimaliteze",
    "my": "Burmese",
    "nb": "Norwegian Bokmål",
    "ne": "Ikinepali",
    "nl": "Ikinerilande",
    "nn": "Inyenoruveji (Nyonorusiki)",
    "oc": "Inyogusitani",
    "om": "Oromo",
    "or": "Inyoriya",
    "pa": "Igipunjabi",
    "pl": "Igipolone",
    "ps": "Impashito",
    "pt": "Igiporutugali",
    "pt_BR": "Igiporutugali (Br)",
    "qu": "Quechua",
    "ro": "Ikinyarumaniya",
    "ru": "Ikirusiya",
    "rw": "Kinyarwanda",
    "sa": "Igisansikiri",
    "sc": "Sardinian",
    "sd": "Igisindi",
    "si": "Inyesimpaleze",
    "sk": "Igisilovaki",
    "sl": "Ikinyasiloveniya",
    "sn": "Shona",
    "so": "Igisomali",
    "sq": "Icyalubaniya",
    "sr_Cyrl": "Igiseribe",
    "sr_Latn": "Igiseribe",
    "sr_Latn_ME": "Igiseribe (Me)",
    "su": "Inyesudani",
    "sv": "Igisuweduwa",
    "sw": "Igiswahili",
    "ta": "Igitamili",
    "te": "Igitelugu",
    "tg": "Tajik",
    "th": "Igitayi",
    "ti": "Inyatigirinya",
    "tk": "Inyeturukimeni",
    "tl": "Tagalog",
    "tr": "Igiturukiya",
    "tt": "Tatar",
    "ug": "Ikiwiguri",
    "uk": "Ikinyayukereni",
    "ur": "Inyeyurudu",
    "uz_Cyrl": "Inyeyuzubeki",
    "uz_Latn": "Inyeyuzubeki",
    "vi": "Ikinyaviyetinamu",
    "xh": "Inyehawusa",
    "yi": "Inyeyidishi",
    "yo": "Yoruba",
    "zh_CN": "Zh (Cn)",
    "zh_HK": "Zh (Hk)",
    "zh_TW": "Zh (Tw)",
    "zu": "Inyezulu"
}
