{
    "af": "Afrikaans",
    "ak": "Akan",
    "am": "Amàricu",
    "ar": "Àrabu",
    "as": "Assamesu",
    "az": "Azerbaigianu",
    "be": "Bielorussu",
    "bg": "Bùlgaru",
    "bho": "Bhojpuri",
    "bm": "Bambara",
    "bn": "Bengalesu",
    "bs": "Bosnìacu",
    "ca": "Catalanu",
    "ceb": "Cebuanu",
    "ckb": "Curdu Tzentrale",
    "cs": "Tzecu",
    "cy": "Gallesu",
    "da": "Danesu",
    "de": "Tedescu",
    "de_CH": "Tedescu (Isvìtzera)",
    "doi": "Dogri",
    "ee": "Ewe",
    "el": "Grecu",
    "en": "Inglesu",
    "en_CA": "Inglesu (Cànada)",
    "eo": "Esperanto",
    "es": "Ispagnolu",
    "et": "Èstone",
    "eu": "Bascu",
    "fa": "Persianu",
    "fi": "Finlandesu",
    "fil": "Filipinu",
    "fr": "Frantzesu",
    "fy": "Frisone Otzidentale",
    "ga": "Irlandesu",
    "gd": "Gaèlicu Iscotzesu",
    "gl": "Galitzianu",
    "gu": "Gujarati",
    "ha": "Hausa",
    "haw": "Hawaianu",
    "he": "Ebreu",
    "hi": "Hindi",
    "hr": "Croatu",
    "hu": "Ungheresu",
    "hy": "Armenu",
    "id": "Indonesianu",
    "ig": "Igbo",
    "is": "Islandesu",
    "it": "Italianu",
    "ja": "Giaponesu",
    "ka": "Georgianu",
    "kk": "Kazacu",
    "km": "Khmer",
    "kn": "Kannada",
    "ko": "Coreanu",
    "ku": "Curdu",
    "ky": "Chirghisu",
    "lb": "Lussemburghesu",
    "lg": "Ganda",
    "ln": "Lingala",
    "lo": "Laotianu",
    "lt": "Lituanu",
    "lv": "Lètone",
    "mai": "Maithili",
    "mg": "Malgàsciu",
    "mi": "Maori",
    "mk": "Matzèdone",
    "ml": "Malayalam",
    "mn": "Mòngolu",
    "mni_Mtei": "Manipuri",
    "mr": "Marathi",
    "ms": "Malesu",
    "mt": "Maltesu",
    "my": "Burmesu",
    "nb": "Norvegesu Bokmål",
    "ne": "Nepalesu",
    "nl": "Olandesu",
    "nn": "Norvegesu Nynorsk",
    "oc": "Otzitanu",
    "om": "Oromo",
    "or": "Odia",
    "pa": "Punjabi",
    "pl": "Polacu",
    "ps": "Pashto",
    "pt": "Portoghesu",
    "pt_BR": "Portoghesu (Brasile)",
    "qu": "Quechua",
    "ro": "Rumenu",
    "ru": "Russu",
    "rw": "Kinyarwanda",
    "sa": "Sànscritu",
    "sc": "Sardu",
    "sd": "Sindhi",
    "si": "Singalesu",
    "sk": "Islovacu",
    "sl": "Islovenu",
    "sn": "Shona",
    "so": "Sòmalu",
    "sq": "Albanesu",
    "sr_Cyrl": "Serbu",
    "sr_Latn": "Serbu",
    "sr_Latn_ME": "Serbu (Montenegro)",
    "su": "Sundanesu",
    "sv": "Isvedesu",
    "sw": "Swahili",
    "ta": "Tamil",
    "te": "Telugu",
    "tg": "Tagicu",
    "th": "Tailandesu",
    "ti": "Tigrignu",
    "tk": "Turcmenu",
    "tl": "Tagalog",
    "tr": "Turcu",
    "tt": "Tàtaru",
    "ug": "Uiguru",
    "uk": "Ucrainu",
    "ur": "Urdu",
    "uz_Cyrl": "Uzbecu",
    "uz_Latn": "Uzbecu",
    "vi": "Vietnamita",
    "xh": "Xhosa",
    "yi": "Yiddish",
    "yo": "Yoruba",
    "zh_CN": "Tzinesu (Tzina)",
    "zh_HK": "Tzinesu (Ras Tzinesa De Hong Kong)",
    "zh_TW": "Tzinesu (Taiwàn)",
    "zu": "Zulu"
}
