{
    "af": "آفريڪي",
    "ak": "اڪان",
    "am": "امهاري",
    "ar": "عربي",
    "as": "آسامي",
    "az": "آزربائيجاني",
    "be": "بيلاروسي",
    "bg": "بلغاريائي",
    "bho": "ڀوجپوري",
    "bm": "بمبارا",
    "bn": "بنگلا",
    "bs": "بوسنيائي",
    "ca": "ڪيٽالان",
    "ceb": "سبوانو",
    "ckb": "مرڪزي ڪردش",
    "cs": "چيڪ",
    "cy": "ويلش",
    "da": "ڊينش",
    "de": "جرمن",
    "de_CH": "جرمن (سوئزرلينڊ)",
    "doi": "ڊوگري",
    "ee": "ايو",
    "el": "يوناني",
    "en": "انگريزي",
    "en_CA": "انگريزي (ڪينيڊا)",
    "eo": "ايسپرانٽو",
    "es": "هسپانوي",
    "et": "ايستونائي",
    "eu": "باسق",
    "fa": "فارسي",
    "fi": "فنش",
    "fil": "فلپائني",
    "fr": "فرانسيسي",
    "fy": "مغربي فريشن",
    "ga": "آئرش",
    "gd": "اسڪاٽش گيلڪ",
    "gl": "گليشئين",
    "gu": "گجراتي",
    "ha": "هوسا",
    "haw": "هوائي",
    "he": "عبراني",
    "hi": "هندي",
    "hr": "ڪروشيائي",
    "hu": "هنگري",
    "hy": "ارماني",
    "id": "انڊونيشي",
    "ig": "اگبو",
    "is": "آئيس لينڊڪ",
    "it": "اطالوي",
    "ja": "جاپاني",
    "ka": "جارجيائي",
    "kk": "قازق",
    "km": "خمر",
    "kn": "ڪناڊا",
    "ko": "ڪوريائي",
    "ku": "ڪردي",
    "ky": "ڪرغيز",
    "lb": "لگزمبرگ",
    "lg": "گاندا",
    "ln": "لنگالا",
    "lo": "لائو",
    "lt": "ليٿونيائي",
    "lv": "لاتوين",
    "mai": "ميٿلي",
    "mg": "ملاگاسي",
    "mi": "مائوري",
    "mk": "ميسي ڊونيائي",
    "ml": "مليالم",
    "mn": "منگولي",
    "mni_Mtei": "ماني پوري",
    "mr": "مراٺي",
    "ms": "ملي",
    "mt": "مالٽي",
    "my": "برمي",
    "nb": "نارويائي بوڪمال",
    "ne": "نيپالي",
    "nl": "ڊچ",
    "nn": "نارويائي نيوناسڪ",
    "oc": "آڪسيٽن",
    "om": "اورومو",
    "or": "اوڊيا",
    "pa": "پنجابي",
    "pl": "پولش",
    "ps": "پشتو",
    "pt": "پورٽگليز",
    "pt_BR": "پورٽگليز (برازيل)",
    "qu": "ڪيچوا",
    "ro": "روماني",
    "ru": "روسي",
    "rw": "ڪنيار وانڊا",
    "sa": "سنسڪرت",
    "sc": "سارڊيني",
    "sd": "سنڌي",
    "si": "سنهالا",
    "sk": "سلواڪي",
    "sl": "سلوويني",
    "sn": "شونا",
    "so": "سومالي",
    "sq": "الباني",
    "sr_Cyrl": "سربيائي",
    "sr_Latn": "سربيائي",
    "sr_Latn_ME": "سربيائي (مونٽي نيگرو)",
    "su": "سوڊاني",
    "sv": "سويڊش",
    "sw": "سواحيلي",
    "ta": "تامل",
    "te": "تلگو",
    "tg": "تاجڪ",
    "th": "ٿائي",
    "ti": "تگرينيائي",
    "tk": "ترڪمين",
    "tl": "Tagalog",
    "tr": "ترڪش",
    "tt": "تاتار",
    "ug": "يوغور",
    "uk": "يوڪراني",
    "ur": "اردو",
    "uz_Cyrl": "ازبڪ",
    "uz_Latn": "ازبڪ",
    "vi": "ويتنامي",
    "xh": "زھوسا",
    "yi": "يدش",
    "yo": "يوروبا",
    "zh_CN": "چيني (چين)",
    "zh_HK": "چيني (هانگ ڪانگ Sar)",
    "zh_TW": "چيني (تائیوان)",
    "zu": "زولو"
}
