{
    "af": "අෆ්‍රිකාන්ස්",
    "ak": "අකාන්",
    "am": "ඇම්හාරික්",
    "ar": "අරාබි",
    "as": "ඇසෑම්",
    "az": "අසර්බයිජාන්",
    "be": "බෙලරුසියානු",
    "bg": "බල්ගේරියානු",
    "bho": "බොජ්පුරි",
    "bm": "බම්බරා",
    "bn": "බෙංගාලි",
    "bs": "බොස්නියානු",
    "ca": "කැටලන්",
    "ceb": "සෙබුඅනො",
    "ckb": "සොරානි කුර්දිෂ්",
    "cs": "චෙක්",
    "cy": "වෙල්ෂ්",
    "da": "ඩැනිශ්",
    "de": "ජර්මන්",
    "de_CH": "ජර්මන් (ස්විස්ටර්ලන්තය)",
    "doi": "ඩොග්රි",
    "ee": "ඉව්",
    "el": "ග්‍රීක",
    "en": "ඉංග්‍රීසි",
    "en_CA": "ඉංග්‍රීසි (කැනඩාව)",
    "eo": "එස්පැරන්ටෝ",
    "es": "ස්පාඤ්ඤ",
    "et": "එස්තෝනියානු",
    "eu": "බාස්ක්",
    "fa": "පර්සියානු",
    "fi": "ෆින්ලන්ත",
    "fil": "පිලිපීන",
    "fr": "ප්‍රංශ",
    "fy": "බටහිර ෆ්‍රිසියානු",
    "ga": "අයර්ලන්ත",
    "gd": "ස්කොට්ටිශ් ගෙලික්",
    "gl": "ගැලීසියානු",
    "gu": "ගුජරාටි",
    "ha": "හෝසා",
    "haw": "හවායි",
    "he": "හීබෲ",
    "hi": "හින්දි",
    "hr": "කෝඒෂියානු",
    "hu": "හන්ගේරියානු",
    "hy": "ආර්මේනියානු",
    "id": "ඉන්දුනීසියානු",
    "ig": "ඉග්බෝ",
    "is": "අයිස්ලන්ත",
    "it": "ඉතාලි",
    "ja": "ජපන්",
    "ka": "ජෝර්ජියානු",
    "kk": "කසාඛ්",
    "km": "කමර්",
    "kn": "කණ්ණඩ",
    "ko": "කොරියානු",
    "ku": "කුර්දි",
    "ky": "කිර්ගිස්",
    "lb": "ලක්සැම්බර්ග්",
    "lg": "ගන්ඩා",
    "ln": "ලින්ගලා",
    "lo": "ලාඕ",
    "lt": "ලිතුවේනියානු",
    "lv": "ලැට්වියානු",
    "mai": "මයිතිලි",
    "mg": "මලගාසි",
    "mi": "මාවොරි",
    "mk": "මැසිඩෝනියානු",
    "ml": "මලයාලම්",
    "mn": "මොංගෝලියානු",
    "mni_Mtei": "මනිපුරි",
    "mr": "මරාති",
    "ms": "මැලේ",
    "mt": "මොල්ටිස්",
    "my": "බුරුම",
    "nb": "නෝර්වීජියානු බොක්මල්",
    "ne": "නේපාල",
    "nl": "ලන්දේසි",
    "nn": "නෝර්වීජියානු නයිනෝර්ස්ක්",
    "oc": "ඔසිටාන්",
    "om": "ඔරොමෝ",
    "or": "ඔඩියා",
    "pa": "පන්ජාබි",
    "pl": "පෝලන්ත",
    "ps": "පෂ්ටො",
    "pt": "පෘතුගීසි",
    "pt_BR": "පෘතුගීසි (බ්‍රසීලය)",
    "qu": "ක්වීචුවා",
    "ro": "රොමේනියානු",
    "ru": "රුසියානු",
    "rw": "කින්යර්වන්ඩා",
    "sa": "සංස්කෘත",
    "sc": "සාර්ඩිනිඅන්",
    "sd": "සින්ධි",
    "si": "සිංහල",
    "sk": "ස්ලෝවැක්",
    "sl": "ස්ලෝවේනියානු",
    "sn": "ශෝනා",
    "so": "සෝමාලි",
    "sq": "ඇල්බේනියානු",
    "sr_Cyrl": "සර්බියානු",
    "sr_Latn": "සර්බියානු",
    "sr_Latn_ME": "සර්බියානු (මොන්ටෙනීග්‍රෝ)",
    "su": "සන්ඩනීසියානු",
    "sv": "ස්වීඩන්",
    "sw": "ස්වාහිලි",
    "ta": "දෙමළ",
    "te": "තෙළිඟු",
    "tg": "ටජික්",
    "th": "තායි",
    "ti": "ටිග්‍රින්යා",
    "tk": "ටර්ක්මෙන්",
    "tl": "Tagalog",
    "tr": "තුර්කි",
    "tt": "ටාටර්",
    "ug": "උයිගර්",
    "uk": "යුක්රේනියානු",
    "ur": "උර්දු",
    "uz_Cyrl": "උස්බෙක්",
    "uz_Latn": "උස්බෙක්",
    "vi": "වියට්නාම්",
    "xh": "ශෝසා",
    "yi": "යිඩිශ්",
    "yo": "යොරූබා",
    "zh_CN": "චීන (චීනය)",
    "zh_HK": "චීන (හොංකොං විශේෂ පරිපාලන කලාපය චීනය)",
    "zh_TW": "චීන (තායිවානය)",
    "zu": "සුලු"
}
