{
    "af": "Afrikánčina",
    "ak": "Akančina",
    "am": "Amharčina",
    "ar": "Arabčina",
    "as": "Ásamčina",
    "az": "Azerbajdžančina",
    "be": "Bieloruština",
    "bg": "Bulharčina",
    "bho": "Bhódžpurčina",
    "bm": "Bambarčina",
    "bn": "Bengálčina",
    "bs": "Bosniačtina",
    "ca": "Katalánčina",
    "ceb": "Cebuánčina",
    "ckb": "Kurdčina (Sorání)",
    "cs": "Čeština",
    "cy": "Waleština",
    "da": "Dánčina",
    "de": "Nemčina",
    "de_CH": "Nemčina (Švajčiarsko)",
    "doi": "Dógrí",
    "ee": "Eweština",
    "el": "Gréčtina",
    "en": "Angličtina",
    "en_CA": "Angličtina (Kanada)",
    "eo": "Esperanto",
    "es": "Španielčina",
    "et": "Estónčina",
    "eu": "Baskičtina",
    "fa": "Perzština",
    "fi": "Fínčina",
    "fil": "Filipínčina",
    "fr": "Francúzština",
    "fy": "Západná Frízština",
    "ga": "Írčina",
    "gd": "Škótska Gaelčina",
    "gl": "Galícijčina",
    "gu": "Gudžarátčina",
    "ha": "Hauština",
    "haw": "Havajčina",
    "he": "Hebrejčina",
    "hi": "Hindčina",
    "hr": "Chorvátčina",
    "hu": "Maďarčina",
    "hy": "Arménčina",
    "id": "Indonézština",
    "ig": "Igboština",
    "is": "Islandčina",
    "it": "Taliančina",
    "ja": "Japončina",
    "ka": "Gruzínčina",
    "kk": "Kazaština",
    "km": "Khmérčina",
    "kn": "Kannadčina",
    "ko": "Kórejčina",
    "ku": "Kurdčina",
    "ky": "Kirgizština",
    "lb": "Luxemburčina",
    "lg": "Gandčina",
    "ln": "Lingalčina",
    "lo": "Laoština",
    "lt": "Litovčina",
    "lv": "Lotyština",
    "mai": "Maithilčina",
    "mg": "Malgaština",
    "mi": "Maorijčina",
    "mk": "Macedónčina",
    "ml": "Malajálamčina",
    "mn": "Mongolčina",
    "mni_Mtei": "Manípurčina",
    "mr": "Maráthčina",
    "ms": "Malajčina",
    "mt": "Maltčina",
    "my": "Barmčina",
    "nb": "Nórčina (Bokmal)",
    "ne": "Nepálčina",
    "nl": "Holandčina",
    "nn": "Nórčina (Nynorsk)",
    "oc": "Okcitánčina",
    "om": "Oromčina",
    "or": "Uríjčina",
    "pa": "Pandžábčina",
    "pl": "Poľština",
    "ps": "Paštčina",
    "pt": "Portugalčina",
    "pt_BR": "Portugalčina (Brazília)",
    "qu": "Kečuánčina",
    "ro": "Rumunčina",
    "ru": "Ruština",
    "rw": "Rwandčina",
    "sa": "Sanskrit",
    "sc": "Sardínčina",
    "sd": "Sindhčina",
    "si": "Sinhalčina",
    "sk": "Slovenčina",
    "sl": "Slovinčina",
    "sn": "Šončina",
    "so": "Somálčina",
    "sq": "Albánčina",
    "sr_Cyrl": "Srbčina",
    "sr_Latn": "Srbčina",
    "sr_Latn_ME": "Srbčina (Čierna Hora)",
    "su": "Sundčina",
    "sv": "Švédčina",
    "sw": "Swahilčina",
    "ta": "Tamilčina",
    "te": "Telugčina",
    "tg": "Tadžičtina",
    "th": "Thajčina",
    "ti": "Tigriňa",
    "tk": "Turkménčina",
    "tl": "Tagalčina",
    "tr": "Turečtina",
    "tt": "Tatárčina",
    "ug": "Ujgurčina",
    "uk": "Ukrajinčina",
    "ur": "Urdčina",
    "uz_Cyrl": "Uzbečtina",
    "uz_Latn": "Uzbečtina",
    "vi": "Vietnamčina",
    "xh": "Xhoština",
    "yi": "Jidiš",
    "yo": "Jorubčina",
    "zh_CN": "Čínština (Čína)",
    "zh_HK": "Čínština (Hongkong – Oao Číny)",
    "zh_TW": "Čínština (Taiwan)",
    "zu": "Zuluština"
}
