{
    "af": "Afrikanščina",
    "ak": "Akanščina",
    "am": "Amharščina",
    "ar": "Arabščina",
    "as": "Asamščina",
    "az": "Azerbajdžanščina",
    "be": "Beloruščina",
    "bg": "Bolgarščina",
    "bho": "Bodžpuri",
    "bm": "Bambarščina",
    "bn": "Bengalščina",
    "bs": "Bosanščina",
    "ca": "Katalonščina",
    "ceb": "Sebuanščina",
    "ckb": "Soranska Kurdščina",
    "cs": "Češčina",
    "cy": "Valižanščina",
    "da": "Danščina",
    "de": "Nemščina",
    "de_CH": "Nemščina (Švica)",
    "doi": "Dogri",
    "ee": "Evenščina",
    "el": "Grščina",
    "en": "Angleščina",
    "en_CA": "Angleščina (Kanada)",
    "eo": "Esperanto",
    "es": "Španščina",
    "et": "Estonščina",
    "eu": "Baskovščina",
    "fa": "Perzijščina",
    "fi": "Finščina",
    "fil": "Filipinščina",
    "fr": "Francoščina",
    "fy": "Zahodna Frizijščina",
    "ga": "Irščina",
    "gd": "Škotska Gelščina",
    "gl": "Galicijščina",
    "gu": "Gudžaratščina",
    "ha": "Havščina",
    "haw": "Havajščina",
    "he": "Hebrejščina",
    "hi": "Hindijščina",
    "hr": "Hrvaščina",
    "hu": "Madžarščina",
    "hy": "Armenščina",
    "id": "Indonezijščina",
    "ig": "Igboščina",
    "is": "Islandščina",
    "it": "Italijanščina",
    "ja": "Japonščina",
    "ka": "Gruzijščina",
    "kk": "Kazaščina",
    "km": "Kmerščina",
    "kn": "Kanareščina",
    "ko": "Korejščina",
    "ku": "Kurdščina",
    "ky": "Kirgiščina",
    "lb": "Luksemburščina",
    "lg": "Ganda",
    "ln": "Lingala",
    "lo": "Laoščina",
    "lt": "Litovščina",
    "lv": "Latvijščina",
    "mai": "Maitili",
    "mg": "Malgaščina",
    "mi": "Maorščina",
    "mk": "Makedonščina",
    "ml": "Malajalamščina",
    "mn": "Mongolščina",
    "mni_Mtei": "Manipurščina",
    "mr": "Maratščina",
    "ms": "Malajščina",
    "mt": "Malteščina",
    "my": "Burmanščina",
    "nb": "Knjižna Norveščina",
    "ne": "Nepalščina",
    "nl": "Nizozemščina",
    "nn": "Novonorveščina",
    "oc": "Okcitanščina",
    "om": "Oromo",
    "or": "Odijščina",
    "pa": "Pandžabščina",
    "pl": "Poljščina",
    "ps": "Paštunščina",
    "pt": "Portugalščina",
    "pt_BR": "Portugalščina (Brazilija)",
    "qu": "Kečuanščina",
    "ro": "Romunščina",
    "ru": "Ruščina",
    "rw": "Ruandščina",
    "sa": "Sanskrt",
    "sc": "Sardinščina",
    "sd": "Sindščina",
    "si": "Sinhalščina",
    "sk": "Slovaščina",
    "sl": "Slovenščina",
    "sn": "Šonščina",
    "so": "Somalščina",
    "sq": "Albanščina",
    "sr_Cyrl": "Srbščina",
    "sr_Latn": "Srbščina",
    "sr_Latn_ME": "Srbščina (Črna Gora)",
    "su": "Sundanščina",
    "sv": "Švedščina",
    "sw": "Svahili",
    "ta": "Tamilščina",
    "te": "Telugijščina",
    "tg": "Tadžiščina",
    "th": "Tajščina",
    "ti": "Tigrajščina",
    "tk": "Turkmenščina",
    "tl": "Tagalogščina",
    "tr": "Turščina",
    "tt": "Tatarščina",
    "ug": "Ujgurščina",
    "uk": "Ukrajinščina",
    "ur": "Urdujščina",
    "uz_Cyrl": "Uzbeščina",
    "uz_Latn": "Uzbeščina",
    "vi": "Vietnamščina",
    "xh": "Koščina",
    "yi": "Jidiš",
    "yo": "Jorubščina",
    "zh_CN": "Kitajščina (Kitajska)",
    "zh_HK": "Kitajščina (Posebno Upravno Območje Ljudske Republike Kitajske Hongkong)",
    "zh_TW": "Kitajščina (Tajvan)",
    "zu": "Zulujščina"
}
