{
    "af": "Afrikaans",
    "ak": "Chiakani",
    "am": "Chiamaric",
    "ar": "Chiarabu",
    "as": "Assamese",
    "az": "Azerbaijani",
    "be": "Chibelarusi",
    "bg": "Chibulgarian",
    "bho": "Bhojpuri",
    "bm": "Bambara",
    "bn": "Chibengali",
    "bs": "Bosnian",
    "ca": "Catalan",
    "ceb": "Cebuano",
    "ckb": "Central Kurdish",
    "cs": "Chiczech",
    "cy": "Welsh",
    "da": "Danish",
    "de": "Chijerimani",
    "de_CH": "Chijerimani (Switzerland)",
    "doi": "Dogri",
    "ee": "Ewe",
    "el": "Chigreek",
    "en": "Chirungu",
    "en_CA": "Chirungu (Kanada)",
    "eo": "Esperanto",
    "es": "Chispanish",
    "et": "Estonian",
    "eu": "Basque",
    "fa": "Chipeshiya",
    "fi": "Finnish",
    "fil": "Filipino",
    "fr": "Chifurenchi",
    "fy": "Western Frisian",
    "ga": "Irish",
    "gd": "Scottish Gaelic",
    "gl": "Galician",
    "gu": "Gujarati",
    "ha": "Chihausa",
    "haw": "Hawaiian",
    "he": "Hebrew",
    "hi": "Chihindi",
    "hr": "Croatian",
    "hu": "Chihungari",
    "hy": "Armenian",
    "id": "Chiindonesia",
    "ig": "Chiigbo",
    "is": "Icelandic",
    "it": "Chitariana",
    "ja": "Chijapani",
    "ka": "Georgian",
    "kk": "Kazakh",
    "km": "Chikhema",
    "kn": "Kannada",
    "ko": "Chikoria",
    "ku": "Kurdish",
    "ky": "Kyrgyz",
    "lb": "Luxembourgish",
    "lg": "Ganda",
    "ln": "Lingala",
    "lo": "Lao",
    "lt": "Lithuanian",
    "lv": "Latvian",
    "mai": "Maithili",
    "mg": "Malagasy",
    "mi": "Māori",
    "mk": "Macedonian",
    "ml": "Malayalam",
    "mn": "Mongolian",
    "mni_Mtei": "Mni",
    "mr": "Marathi",
    "ms": "Chimalay",
    "mt": "Maltese",
    "my": "Chiburma",
    "nb": "Norwegian Bokmål",
    "ne": "Chinepali",
    "nl": "Chidutch",
    "nn": "Norwegian Nynorsk",
    "oc": "Occitan",
    "om": "Oromo",
    "or": "Odia",
    "pa": "Chipunjabi",
    "pl": "Chipolish",
    "ps": "Pashto",
    "pt": "Chiputukezi",
    "pt_BR": "Chiputukezi (Brazil)",
    "qu": "Quechua",
    "ro": "Chiromanian",
    "ru": "Chirashiya",
    "rw": "Chirwanda",
    "sa": "Sanskrit",
    "sc": "Sardinian",
    "sd": "Sindhi",
    "si": "Sinhala",
    "sk": "Slovak",
    "sl": "Slovenian",
    "sn": "Chishona",
    "so": "Chisomali",
    "sq": "Albanian",
    "sr_Cyrl": "Sr",
    "sr_Latn": "Sr",
    "sr_Latn_ME": "Sr (Me)",
    "su": "Sundanese",
    "sv": "Chiswedish",
    "sw": "Swahili",
    "ta": "Chitamil",
    "te": "Telugu",
    "tg": "Tajik",
    "th": "Chithai",
    "ti": "Tigrinya",
    "tk": "Turkmen",
    "tl": "Tagalog",
    "tr": "Chiturkish",
    "tt": "Tatar",
    "ug": "Uyghur",
    "uk": "Chiukrenia",
    "ur": "Chiurdu",
    "uz_Cyrl": "Uz",
    "uz_Latn": "Uz",
    "vi": "Chivietnam",
    "xh": "Xhosa",
    "yi": "Yiddish",
    "yo": "Chiyoruba",
    "zh_CN": "Chichinese (China)",
    "zh_HK": "Chichinese (Hk)",
    "zh_TW": "Chichinese (Taiwan)",
    "zu": "Chizulu"
}
