{
    "af": "Afrikaanka",
    "ak": "Akan",
    "am": "Axmaar",
    "ar": "Carabi",
    "as": "Asaamiis",
    "az": "Asarbayjan",
    "be": "Beleruusiyaan",
    "bg": "Bulgeeriyaan",
    "bho": "U Dhashay Bhohp",
    "bm": "Bambaara",
    "bn": "Bangladesh",
    "bs": "Bosniyaan",
    "ca": "Katalaan",
    "ceb": "Sebuano",
    "ckb": "Bartamaha Kurdish",
    "cs": "Jeeg",
    "cy": "Welsh",
    "da": "Dhaanish",
    "de": "Jarmal",
    "de_CH": "Jarmal (Swiiserlaand)",
    "doi": "Dogri",
    "ee": "Eewe",
    "el": "Giriik",
    "en": "Ingiriisi",
    "en_CA": "Ingiriisi (Kanada)",
    "eo": "Isberaanto",
    "es": "Isbaanish",
    "et": "Istooniyaan",
    "eu": "Basquu",
    "fa": "Faarisi",
    "fi": "Finishka",
    "fil": "Filibiino",
    "fr": "Faransiis",
    "fy": "Firiisiyan Galbeed",
    "ga": "Ayrish",
    "gd": "Iskot Giilik",
    "gl": "Galiisiyaan",
    "gu": "Gujaraati",
    "ha": "Hawsa",
    "haw": "Hawaay",
    "he": "Cibraani",
    "hi": "Hindi",
    "hr": "Koro’eeshiyaan",
    "hu": "Hangariyaan",
    "hy": "Armeeniyaan",
    "id": "Indunusiyaan",
    "ig": "Igbo",
    "is": "Ayslandays",
    "it": "Talyaani",
    "ja": "Jabaaniis",
    "ka": "Joorijiyaan",
    "kk": "Kasaaq",
    "km": "Kamboodhian",
    "kn": "Kannadays",
    "ko": "Kuuriyaan",
    "ku": "Kurdishka",
    "ky": "Kirgiis",
    "lb": "Luksaamboorgish",
    "lg": "Gandha",
    "ln": "Lingala",
    "lo": "Lao",
    "lt": "Lituwaanays",
    "lv": "Laatfiyaan",
    "mai": "Dadka Maithili",
    "mg": "Malagaasi",
    "mi": "Maaoori",
    "mk": "Masadooniyaan",
    "ml": "Malayalam",
    "mn": "Mangooli",
    "mni_Mtei": "Maniburi",
    "mr": "Maarati",
    "ms": "Malaay",
    "mt": "Maltiis",
    "my": "Burmese",
    "nb": "Nawrijii Bokmål",
    "ne": "Nebaali",
    "nl": "Holandays",
    "nn": "Nawriijiga Nynorsk",
    "oc": "Occitan",
    "om": "Oromo",
    "or": "Oodhiya",
    "pa": "Bunjaabi",
    "pl": "Boolish",
    "ps": "Bashtuu",
    "pt": "Boortaqiis",
    "pt_BR": "Boortaqiis (Baraasiil)",
    "qu": "Quwejuwa",
    "ro": "Romanka",
    "ru": "Ruush",
    "rw": "Ruwaandha",
    "sa": "Sanskrit",
    "sc": "Sardinian",
    "sd": "Siindhi",
    "si": "Sinhaleys",
    "sk": "Isloofaak",
    "sl": "Islofeeniyaan",
    "sn": "Shoona",
    "so": "Soomaali",
    "sq": "Albeeniyaan",
    "sr_Cyrl": "Seerbiyaan",
    "sr_Latn": "Seerbiyaan",
    "sr_Latn_ME": "Seerbiyaan (Moontenegro)",
    "su": "Suudaaniis",
    "sv": "Iswiidhish",
    "sw": "Sawaaxili",
    "ta": "Tamiil",
    "te": "Teluugu",
    "tg": "Taajik",
    "th": "Taaylandays",
    "ti": "Tigrinya",
    "tk": "Turkumaanish",
    "tl": "Tagalog",
    "tr": "Turkish",
    "tt": "Taatar",
    "ug": "Uighur",
    "uk": "Yukreeniyaan",
    "ur": "Urduu",
    "uz_Cyrl": "Usbakis",
    "uz_Latn": "Usbakis",
    "vi": "Fiitnaamays",
    "xh": "Hoosta",
    "yi": "Yadhish",
    "yo": "Yoruuba",
    "zh_CN": "Shiinaha Mandarin (Shiinaha)",
    "zh_HK": "Shiinaha Mandarin (Hong Kong)",
    "zh_TW": "Shiinaha Mandarin (Taywaan)",
    "zu": "Zuulu"
}
