{
    "af": "Afrikanisht",
    "ak": "Akanisht",
    "am": "Amarisht",
    "ar": "Arabisht",
    "as": "Asamezisht",
    "az": "Azerbajxhanisht",
    "be": "Bjellorusisht",
    "bg": "Bullgarisht",
    "bho": "Boxhpurisht",
    "bm": "Bambarisht",
    "bn": "Bengalisht",
    "bs": "Boshnjakisht",
    "ca": "Katalonisht",
    "ceb": "Sebuanisht",
    "ckb": "Kurdishte Qendrore",
    "cs": "Çekisht",
    "cy": "Uellsisht",
    "da": "Danisht",
    "de": "Gjermanisht",
    "de_CH": "Gjermanisht (Zvicër)",
    "doi": "Dogrisht",
    "ee": "Eveisht",
    "el": "Greqisht",
    "en": "Anglisht",
    "en_CA": "Anglisht (Kanada)",
    "eo": "Esperanto",
    "es": "Spanjisht",
    "et": "Estonisht",
    "eu": "Baskisht",
    "fa": "Persisht",
    "fi": "Finlandisht",
    "fil": "Filipinisht",
    "fr": "Frëngjisht",
    "fy": "Frizianishte Perëndimore",
    "ga": "Irlandisht",
    "gd": "Galishte Skoceze",
    "gl": "Galicisht",
    "gu": "Guxharatisht",
    "ha": "Hausisht",
    "haw": "Havaisht",
    "he": "Hebraisht",
    "hi": "Indisht",
    "hr": "Kroatisht",
    "hu": "Hungarisht",
    "hy": "Armenisht",
    "id": "Indonezisht",
    "ig": "Igboisht",
    "is": "Islandisht",
    "it": "Italisht",
    "ja": "Japonisht",
    "ka": "Gjeorgjisht",
    "kk": "Kazakisht",
    "km": "Kmerisht",
    "kn": "Kanadisht",
    "ko": "Koreanisht",
    "ku": "Kurdisht",
    "ky": "Kirgizisht",
    "lb": "Luksemburgisht",
    "lg": "Gandaisht",
    "ln": "Lingalisht",
    "lo": "Laosisht",
    "lt": "Lituanisht",
    "lv": "Letonisht",
    "mai": "Maitilisht",
    "mg": "Madagaskarisht",
    "mi": "Maorisht",
    "mk": "Maqedonisht",
    "ml": "Malajalamisht",
    "mn": "Mongolisht",
    "mni_Mtei": "Manipurisht",
    "mr": "Maratisht",
    "ms": "Malajisht",
    "mt": "Maltisht",
    "my": "Birmanisht",
    "nb": "Norvegjishte Letrare",
    "ne": "Nepalisht",
    "nl": "Holandisht",
    "nn": "Norvegjishte Nynorsk",
    "oc": "Oksitanisht",
    "om": "Oromoisht",
    "or": "Odisht",
    "pa": "Punxhabisht",
    "pl": "Polonisht",
    "ps": "Pashtoisht",
    "pt": "Portugalisht",
    "pt_BR": "Portugalisht (Brazil)",
    "qu": "Keçuaisht",
    "ro": "Rumanisht",
    "ru": "Rusisht",
    "rw": "Kiniaruandisht",
    "sa": "Sanskritisht",
    "sc": "Sardenjisht",
    "sd": "Sindisht",
    "si": "Sinhalisht",
    "sk": "Sllovakisht",
    "sl": "Sllovenisht",
    "sn": "Shonisht",
    "so": "Somalisht",
    "sq": "Shqip",
    "sr_Cyrl": "Serbisht",
    "sr_Latn": "Serbisht",
    "sr_Latn_ME": "Serbisht (Mal I Zi)",
    "su": "Sundanisht",
    "sv": "Suedisht",
    "sw": "Suahilisht",
    "ta": "Tamilisht",
    "te": "Teluguisht",
    "tg": "Taxhikisht",
    "th": "Tajlandisht",
    "ti": "Tigrinjaisht",
    "tk": "Turkmenisht",
    "tl": "Tagalog",
    "tr": "Turqisht",
    "tt": "Tatarisht",
    "ug": "Ujgurisht",
    "uk": "Ukrainisht",
    "ur": "Urduisht",
    "uz_Cyrl": "Uzbekisht",
    "uz_Latn": "Uzbekisht",
    "vi": "Vietnamisht",
    "xh": "Xhosaisht",
    "yi": "Jidisht",
    "yo": "Jorubaisht",
    "zh_CN": "Kinezisht (Kinë)",
    "zh_HK": "Kinezisht (Rpa I Hong-Kongut)",
    "zh_TW": "Kinezisht (Tajvan)",
    "zu": "Zuluisht"
}
