{
    "af": "Afrikans",
    "ak": "Akanski",
    "am": "Amharski",
    "ar": "Arapski",
    "as": "Asamski",
    "az": "Azerbejdžanski",
    "be": "Bjeloruski",
    "bg": "Bugarski",
    "bho": "Bodžpuri",
    "bm": "Bamanankan",
    "bn": "Bangla",
    "bs": "Bosanski",
    "ca": "Katalonski",
    "ceb": "Sebuanski",
    "ckb": "Centralni Kurdski",
    "cs": "Češki",
    "cy": "Velški",
    "da": "Danski",
    "de": "Nemački",
    "de_CH": "Nemački (Švajcarska)",
    "doi": "Dogri",
    "ee": "Eve",
    "el": "Grčki",
    "en": "Engleski",
    "en_CA": "Engleski (Kanada)",
    "eo": "Esperanto",
    "es": "Španski",
    "et": "Estonski",
    "eu": "Baskijski",
    "fa": "Persijski",
    "fi": "Finski",
    "fil": "Filipinski",
    "fr": "Francuski",
    "fy": "Zapadni Frizijski",
    "ga": "Irski",
    "gd": "Škotski Gelski",
    "gl": "Galicijski",
    "gu": "Gudžarati",
    "ha": "Hausa",
    "haw": "Havajski",
    "he": "Hebrejski",
    "hi": "Hindi",
    "hr": "Hrvatski",
    "hu": "Mađarski",
    "hy": "Jermenski",
    "id": "Indonežanski",
    "ig": "Igbo",
    "is": "Islandski",
    "it": "Italijanski",
    "ja": "Japanski",
    "ka": "Gruzijski",
    "kk": "Kazaški",
    "km": "Kmerski",
    "kn": "Kanada",
    "ko": "Korejski",
    "ku": "Kurdski",
    "ky": "Kirgiski",
    "lb": "Luksemburški",
    "lg": "Ganda",
    "ln": "Lingala",
    "lo": "Laoški",
    "lt": "Litvanski",
    "lv": "Letonski",
    "mai": "Maitili",
    "mg": "Malgaški",
    "mi": "Maorski",
    "mk": "Makedonski",
    "ml": "Malajalam",
    "mn": "Mongolski",
    "mni_Mtei": "Manipurski",
    "mr": "Marati",
    "ms": "Malajski",
    "mt": "Malteški",
    "my": "Burmanski",
    "nb": "Norveški Bukmol",
    "ne": "Nepalski",
    "nl": "Holandski",
    "nn": "Norveški Ninorsk",
    "oc": "Oksitanski",
    "om": "Oromo",
    "or": "Odija",
    "pa": "Pendžapski",
    "pl": "Poljski",
    "ps": "Paštunski",
    "pt": "Portugalski",
    "pt_BR": "Portugalski (Brazil)",
    "qu": "Kečua",
    "ro": "Rumunski",
    "ru": "Ruski",
    "rw": "Kinjaruanda",
    "sa": "Sanskrit",
    "sc": "Sardinski",
    "sd": "Sindi",
    "si": "Sinhaleški",
    "sk": "Slovački",
    "sl": "Slovenački",
    "sn": "Šona",
    "so": "Somalski",
    "sq": "Albanski",
    "sr_Cyrl": "Srpski",
    "sr_Latn": "Srpski",
    "sr_Latn_ME": "Srpski (Crna Gora)",
    "su": "Sundanski",
    "sv": "Švedski",
    "sw": "Svahili",
    "ta": "Tamilski",
    "te": "Telugu",
    "tg": "Tadžički",
    "th": "Tajski",
    "ti": "Tigrinja",
    "tk": "Turkmenski",
    "tl": "Tagalog",
    "tr": "Turski",
    "tt": "Tatarski",
    "ug": "Ujgurski",
    "uk": "Ukrajinski",
    "ur": "Urdu",
    "uz_Cyrl": "Uzbečki",
    "uz_Latn": "Uzbečki",
    "vi": "Vijetnamski",
    "xh": "Isikosa",
    "yi": "Jidiš",
    "yo": "Joruba",
    "zh_CN": "Kineski (Kina)",
    "zh_HK": "Kineski (Sar Hongkong (Kina))",
    "zh_TW": "Kineski (Tajvan)",
    "zu": "Isizulu"
}
