{
    "af": "Afrikaans",
    "ak": "Akan",
    "am": "Amharic",
    "ar": "Arabic",
    "as": "Assamese",
    "az": "Azerbaijani",
    "be": "Belarusian",
    "bg": "Bulgarian",
    "bho": "Bhojpuri",
    "bm": "Bambara",
    "bn": "Bangla",
    "bs": "Bosnian",
    "ca": "Catalan",
    "ceb": "Cebuano",
    "ckb": "Central Kurdish",
    "cs": "Czech",
    "cy": "Welsh",
    "da": "Danish",
    "de": "Jérman",
    "de_CH": "Jérman (Ch)",
    "doi": "Dogri",
    "ee": "Ewe",
    "el": "Greek",
    "en": "Inggris",
    "en_CA": "Inggris (Ca)",
    "eo": "Esperanto",
    "es": "Spanyol",
    "et": "Estonian",
    "eu": "Basque",
    "fa": "Persian",
    "fi": "Finnish",
    "fil": "Filipino",
    "fr": "Prancis",
    "fy": "Western Frisian",
    "ga": "Irish",
    "gd": "Scottish Gaelic",
    "gl": "Galician",
    "gu": "Gujarati",
    "ha": "Hausa",
    "haw": "Hawaiian",
    "he": "Hebrew",
    "hi": "Hindi",
    "hr": "Croatian",
    "hu": "Hungarian",
    "hy": "Armenian",
    "id": "Indonesian",
    "ig": "Igbo",
    "is": "Icelandic",
    "it": "Italia",
    "ja": "Jepang",
    "ka": "Georgian",
    "kk": "Kazakh",
    "km": "Khmer",
    "kn": "Kannada",
    "ko": "Korean",
    "ku": "Kurdish",
    "ky": "Kyrgyz",
    "lb": "Luxembourgish",
    "lg": "Ganda",
    "ln": "Lingala",
    "lo": "Lao",
    "lt": "Lithuanian",
    "lv": "Latvian",
    "mai": "Maithili",
    "mg": "Malagasy",
    "mi": "Māori",
    "mk": "Macedonian",
    "ml": "Malayalam",
    "mn": "Mongolian",
    "mni_Mtei": "Mni",
    "mr": "Marathi",
    "ms": "Malay",
    "mt": "Maltese",
    "my": "Burmese",
    "nb": "Norwegian Bokmål",
    "ne": "Nepali",
    "nl": "Dutch",
    "nn": "Norwegian Nynorsk",
    "oc": "Occitan",
    "om": "Oromo",
    "or": "Odia",
    "pa": "Punjabi",
    "pl": "Polish",
    "ps": "Pashto",
    "pt": "Portugis",
    "pt_BR": "Portugis (Brasil)",
    "qu": "Quechua",
    "ro": "Romanian",
    "ru": "Rusia",
    "rw": "Kinyarwanda",
    "sa": "Sanskrit",
    "sc": "Sardinian",
    "sd": "Sindhi",
    "si": "Sinhala",
    "sk": "Slovak",
    "sl": "Slovenian",
    "sn": "Shona",
    "so": "Somali",
    "sq": "Albanian",
    "sr_Cyrl": "Sr",
    "sr_Latn": "Sr",
    "sr_Latn_ME": "Sr (Me)",
    "su": "Basa Sunda",
    "sv": "Swedish",
    "sw": "Swahili",
    "ta": "Tamil",
    "te": "Telugu",
    "tg": "Tajik",
    "th": "Thai",
    "ti": "Tigrinya",
    "tk": "Turkmen",
    "tl": "Tagalog",
    "tr": "Turkish",
    "tt": "Tatar",
    "ug": "Uyghur",
    "uk": "Ukrainian",
    "ur": "Urdu",
    "uz_Cyrl": "Uz",
    "uz_Latn": "Uz",
    "vi": "Vietnamese",
    "xh": "Xhosa",
    "yi": "Yiddish",
    "yo": "Yoruba",
    "zh_CN": "Tiongkok (Tiongkok)",
    "zh_HK": "Tiongkok (Hk)",
    "zh_TW": "Tiongkok (Tw)",
    "zu": "Zulu"
}
