{
    "af": "Afrikaans",
    "ak": "Akan",
    "am": "Amhariska",
    "ar": "Arabiska",
    "as": "Assamesiska",
    "az": "Azerbajdzjanska",
    "be": "Vitryska",
    "bg": "Bulgariska",
    "bho": "Bhojpuri",
    "bm": "Bambara",
    "bn": "Bengali",
    "bs": "Bosniska",
    "ca": "Katalanska",
    "ceb": "Cebuano",
    "ckb": "Soranisk Kurdiska",
    "cs": "Tjeckiska",
    "cy": "Walesiska",
    "da": "Danska",
    "de": "Tyska",
    "de_CH": "Tyska (Schweiz)",
    "doi": "Dogri",
    "ee": "Ewe",
    "el": "Grekiska",
    "en": "Engelska",
    "en_CA": "Engelska (Kanada)",
    "eo": "Esperanto",
    "es": "Spanska",
    "et": "Estniska",
    "eu": "Baskiska",
    "fa": "Persiska",
    "fi": "Finska",
    "fil": "Filippinska",
    "fr": "Franska",
    "fy": "Västfrisiska",
    "ga": "Iriska",
    "gd": "Skotsk Gäliska",
    "gl": "Galiciska",
    "gu": "Gujarati",
    "ha": "Hausa",
    "haw": "Hawaiiska",
    "he": "Hebreiska",
    "hi": "Hindi",
    "hr": "Kroatiska",
    "hu": "Ungerska",
    "hy": "Armeniska",
    "id": "Indonesiska",
    "ig": "Igbo",
    "is": "Isländska",
    "it": "Italienska",
    "ja": "Japanska",
    "ka": "Georgiska",
    "kk": "Kazakiska",
    "km": "Kambodjanska",
    "kn": "Kannada",
    "ko": "Koreanska",
    "ku": "Kurdiska",
    "ky": "Kirgiziska",
    "lb": "Luxemburgiska",
    "lg": "Luganda",
    "ln": "Lingala",
    "lo": "Laotiska",
    "lt": "Litauiska",
    "lv": "Lettiska",
    "mai": "Maithili",
    "mg": "Malagassiska",
    "mi": "Maori",
    "mk": "Makedonska",
    "ml": "Malayalam",
    "mn": "Mongoliska",
    "mni_Mtei": "Manipuri",
    "mr": "Marathi",
    "ms": "Malajiska",
    "mt": "Maltesiska",
    "my": "Burmesiska",
    "nb": "Norskt Bokmål",
    "ne": "Nepalesiska",
    "nl": "Nederländska",
    "nn": "Nynorska",
    "oc": "Occitanska",
    "om": "Oromo",
    "or": "Oriya",
    "pa": "Punjabi",
    "pl": "Polska",
    "ps": "Afghanska",
    "pt": "Portugisiska",
    "pt_BR": "Portugisiska (Brasilien)",
    "qu": "Quechua",
    "ro": "Rumänska",
    "ru": "Ryska",
    "rw": "Kinjarwanda",
    "sa": "Sanskrit",
    "sc": "Sardinska",
    "sd": "Sindhi",
    "si": "Singalesiska",
    "sk": "Slovakiska",
    "sl": "Slovenska",
    "sn": "Shona",
    "so": "Somaliska",
    "sq": "Albanska",
    "sr_Cyrl": "Serbiska",
    "sr_Latn": "Serbiska",
    "sr_Latn_ME": "Serbiska (Montenegro)",
    "su": "Sundanesiska",
    "sv": "Svenska",
    "sw": "Swahili",
    "ta": "Tamil",
    "te": "Telugu",
    "tg": "Tadzjikiska",
    "th": "Thailändska",
    "ti": "Tigrinja",
    "tk": "Turkmeniska",
    "tl": "Tagalog",
    "tr": "Turkiska",
    "tt": "Tatariska",
    "ug": "Uiguriska",
    "uk": "Ukrainska",
    "ur": "Urdu",
    "uz_Cyrl": "Uzbekiska",
    "uz_Latn": "Uzbekiska",
    "vi": "Vietnamesiska",
    "xh": "Xhosa",
    "yi": "Jiddisch",
    "yo": "Yoruba",
    "zh_CN": "Kinesiska (Kina)",
    "zh_HK": "Kinesiska (Hongkong Sar)",
    "zh_TW": "Kinesiska (Taiwan)",
    "zu": "Zulu"
}
