{
    "af": "Kiafrikana",
    "ak": "Kiakani",
    "am": "Kiamhari",
    "ar": "Kiarabu",
    "as": "Kiassam",
    "az": "Kiazerbaijani",
    "be": "Kibelarusi",
    "bg": "Kibulgaria",
    "bho": "Kibhojpuri",
    "bm": "Kibambara",
    "bn": "Kibengali",
    "bs": "Kibosnia",
    "ca": "Kikatalani",
    "ceb": "Kichebuano",
    "ckb": "Kikurdi Cha Sorani",
    "cs": "Kicheki",
    "cy": "Kiwelisi",
    "da": "Kidenmaki",
    "de": "Kijerumani",
    "de_CH": "Kijerumani (Uswisi)",
    "doi": "Kidogri",
    "ee": "Kiewe",
    "el": "Kigiriki",
    "en": "Kiingereza",
    "en_CA": "Kiingereza (Kanada)",
    "eo": "Kiesperanto",
    "es": "Kihispania",
    "et": "Kiestonia",
    "eu": "Kibaski",
    "fa": "Kiajemi",
    "fi": "Kifini",
    "fil": "Kifilipino",
    "fr": "Kifaransa",
    "fy": "Kifrisia Cha Magharibi",
    "ga": "Kiayalandi",
    "gd": "Kigaeli Cha Uskoti",
    "gl": "Kigalisi",
    "gu": "Kigujarati",
    "ha": "Kihausa",
    "haw": "Kihawai",
    "he": "Kiebrania",
    "hi": "Kihindi",
    "hr": "Kikorasia",
    "hu": "Kihungaria",
    "hy": "Kiarmenia",
    "id": "Kiindonesia",
    "ig": "Kiigbo",
    "is": "Kiisilandi",
    "it": "Kiitaliano",
    "ja": "Kijapani",
    "ka": "Kijojia",
    "kk": "Kikazakh",
    "km": "Kikambodia",
    "kn": "Kikannada",
    "ko": "Kikorea",
    "ku": "Kikurdi",
    "ky": "Kikyrgyz",
    "lb": "Kilasembagi",
    "lg": "Kiganda",
    "ln": "Kilingala",
    "lo": "Kilaosi",
    "lt": "Kilithuania",
    "lv": "Kilatvia",
    "mai": "Kimaithili",
    "mg": "Kimalagasi",
    "mi": "Kimaori",
    "mk": "Kimacedonia",
    "ml": "Kimalayalamu",
    "mn": "Kimongolia",
    "mni_Mtei": "Kimanipuri",
    "mr": "Kimarathi",
    "ms": "Kimalei",
    "mt": "Kimalta",
    "my": "Kiburma",
    "nb": "Kinorwe Cha Bokmal",
    "ne": "Kinepali",
    "nl": "Kiholanzi",
    "nn": "Kinorwe Cha Nynorsk",
    "oc": "Kiokitani",
    "om": "Kioromo",
    "or": "Kioriya",
    "pa": "Kipunjabi",
    "pl": "Kipolandi",
    "ps": "Kipashto",
    "pt": "Kireno",
    "pt_BR": "Kireno (Brazil)",
    "qu": "Kikechua",
    "ro": "Kiromania",
    "ru": "Kirusi",
    "rw": "Kinyarwanda",
    "sa": "Kisanskriti",
    "sc": "Kisardinia",
    "sd": "Kisindhi",
    "si": "Kisinhala",
    "sk": "Kislovakia",
    "sl": "Kislovenia",
    "sn": "Kishona",
    "so": "Kisomali",
    "sq": "Kialbania",
    "sr_Cyrl": "Kiserbia",
    "sr_Latn": "Kiserbia",
    "sr_Latn_ME": "Kiserbia (Montenegro)",
    "su": "Kisunda",
    "sv": "Kiswidi",
    "sw": "Kiswahili",
    "ta": "Kitamili",
    "te": "Kitelugu",
    "tg": "Kitajiki",
    "th": "Kithai",
    "ti": "Kitigrinya",
    "tk": "Kiturukimeni",
    "tl": "Tagalog",
    "tr": "Kituruki",
    "tt": "Kitatari",
    "ug": "Kiuyghur",
    "uk": "Kiukraini",
    "ur": "Kiurdu",
    "uz_Cyrl": "Kiuzbeki",
    "uz_Latn": "Kiuzbeki",
    "vi": "Kivietinamu",
    "xh": "Kixhosa",
    "yi": "Kiyiddi",
    "yo": "Kiyoruba",
    "zh_CN": "Kichina (Uchina)",
    "zh_HK": "Kichina (Hong Kong Sar China)",
    "zh_TW": "Kichina (Taiwan)",
    "zu": "Kizulu"
}
