{
    "af": "ஆஃப்ரிகான்ஸ்",
    "ak": "அகான்",
    "am": "அம்ஹாரிக்",
    "ar": "அரபிக்",
    "as": "அஸ்ஸாமீஸ்",
    "az": "அசர்பைஜானி",
    "be": "பெலாருஷியன்",
    "bg": "பல்கேரியன்",
    "bho": "போஜ்பூரி",
    "bm": "பம்பாரா",
    "bn": "வங்காளம்",
    "bs": "போஸ்னியன்",
    "ca": "கேட்டலான்",
    "ceb": "செபுவானோ",
    "ckb": "மத்திய குர்திஷ்",
    "cs": "செக்",
    "cy": "வேல்ஷ்",
    "da": "டேனிஷ்",
    "de": "ஜெர்மன்",
    "de_CH": "ஜெர்மன் (ஸ்விட்சர்லாந்து)",
    "doi": "டோக்ரி",
    "ee": "ஈவ்",
    "el": "கிரேக்கம்",
    "en": "ஆங்கிலம்",
    "en_CA": "ஆங்கிலம் (கனடா)",
    "eo": "எஸ்பரேன்டோ",
    "es": "ஸ்பானிஷ்",
    "et": "எஸ்டோனியன்",
    "eu": "பாஸ்க்",
    "fa": "பெர்ஷியன்",
    "fi": "ஃபின்னிஷ்",
    "fil": "ஃபிலிபினோ",
    "fr": "பிரெஞ்சு",
    "fy": "மேற்கு ஃப்ரிஷியன்",
    "ga": "ஐரிஷ்",
    "gd": "ஸ்காட்ஸ் கேலிக்",
    "gl": "காலிஸியன்",
    "gu": "குஜராத்தி",
    "ha": "ஹௌஸா",
    "haw": "ஹவாயியன்",
    "he": "ஹீப்ரூ",
    "hi": "இந்தி",
    "hr": "குரோஷியன்",
    "hu": "ஹங்கேரியன்",
    "hy": "ஆர்மேனியன்",
    "id": "இந்தோனேஷியன்",
    "ig": "இக்போ",
    "is": "ஐஸ்லேண்டிக்",
    "it": "இத்தாலியன்",
    "ja": "ஜப்பானியம்",
    "ka": "ஜார்ஜியன்",
    "kk": "கசாக்",
    "km": "கெமெர்",
    "kn": "கன்னடம்",
    "ko": "கொரியன்",
    "ku": "குர்திஷ்",
    "ky": "கிர்கிஸ்",
    "lb": "லக்ஸம்போர்கிஷ்",
    "lg": "கான்டா",
    "ln": "லிங்காலா",
    "lo": "லாவோ",
    "lt": "லிதுவேனியன்",
    "lv": "லாட்வியன்",
    "mai": "மைதிலி",
    "mg": "மலகாஸி",
    "mi": "மௌரி",
    "mk": "மாஸிடோனியன்",
    "ml": "மலையாளம்",
    "mn": "மங்கோலியன்",
    "mni_Mtei": "மணிப்புரி",
    "mr": "மராத்தி",
    "ms": "மலாய்",
    "mt": "மால்டிஸ்",
    "my": "பர்மீஸ்",
    "nb": "நார்வேஜியன் பொக்மால்",
    "ne": "நேபாளி",
    "nl": "டச்சு",
    "nn": "நார்வேஜியன் நியூநார்ஸ்க்",
    "oc": "ஒக்கிடன்",
    "om": "ஒரோமோ",
    "or": "ஒடியா",
    "pa": "பஞ்சாபி",
    "pl": "போலிஷ்",
    "ps": "பஷ்தோ",
    "pt": "போர்ச்சுகீஸ்",
    "pt_BR": "போர்ச்சுகீஸ் (பிரேசில்)",
    "qu": "க்வெச்சுவா",
    "ro": "ரோமேனியன்",
    "ru": "ரஷியன்",
    "rw": "கின்யாருவான்டா",
    "sa": "சமஸ்கிருதம்",
    "sc": "சார்தீனியன்",
    "sd": "சிந்தி",
    "si": "சிங்களம்",
    "sk": "ஸ்லோவாக்",
    "sl": "ஸ்லோவேனியன்",
    "sn": "ஷோனா",
    "so": "சோமாலி",
    "sq": "அல்பேனியன்",
    "sr_Cyrl": "செர்பியன்",
    "sr_Latn": "செர்பியன்",
    "sr_Latn_ME": "செர்பியன் (மான்டேனெக்ரோ)",
    "su": "சுண்டானீஸ்",
    "sv": "ஸ்வீடிஷ்",
    "sw": "ஸ்வாஹிலி",
    "ta": "தமிழ்",
    "te": "தெலுங்கு",
    "tg": "தஜிக்",
    "th": "தாய்",
    "ti": "டிக்ரின்யா",
    "tk": "துருக்மென்",
    "tl": "டாகாலோக்",
    "tr": "துருக்கிஷ்",
    "tt": "டாடர்",
    "ug": "உய்குர்",
    "uk": "உக்ரைனியன்",
    "ur": "உருது",
    "uz_Cyrl": "உஸ்பெக்",
    "uz_Latn": "உஸ்பெக்",
    "vi": "வியட்நாமீஸ்",
    "xh": "ஹோசா",
    "yi": "யெட்டிஷ்",
    "yo": "யோருபா",
    "zh_CN": "சீனம் (சீனா)",
    "zh_HK": "சீனம் (ஹாங்காங் எஸ்ஏஆர் சீனா)",
    "zh_TW": "சீனம் (தைவான்)",
    "zu": "ஜுலு"
}
