{
    "af": "ఆఫ్రికాన్స్",
    "ak": "అకాన్",
    "am": "అమ్హారిక్",
    "ar": "అరబిక్",
    "as": "అస్సామీస్",
    "az": "అజర్బైజాని",
    "be": "బెలారుషియన్",
    "bg": "బల్గేరియన్",
    "bho": "భోజ్‌పురి",
    "bm": "బంబారా",
    "bn": "బంగ్లా",
    "bs": "బోస్నియన్",
    "ca": "కాటలాన్",
    "ceb": "సెబువానో",
    "ckb": "సెంట్రల్ కర్డిష్",
    "cs": "చెక్",
    "cy": "వెల్ష్",
    "da": "డానిష్",
    "de": "జర్మన్",
    "de_CH": "జర్మన్ (స్విట్జర్లాండ్)",
    "doi": "డోగ్రి",
    "ee": "యూ",
    "el": "గ్రీక్",
    "en": "ఇంగ్లీష్",
    "en_CA": "ఇంగ్లీష్ (కెనడా)",
    "eo": "ఎస్పెరాంటో",
    "es": "స్పానిష్",
    "et": "ఎస్టోనియన్",
    "eu": "బాస్క్యూ",
    "fa": "పర్షియన్",
    "fi": "ఫిన్నిష్",
    "fil": "ఫిలిపినో",
    "fr": "ఫ్రెంచ్",
    "fy": "పశ్చిమ ఫ్రిసియన్",
    "ga": "ఐరిష్",
    "gd": "స్కాటిష్ గేలిక్",
    "gl": "గాలిషియన్",
    "gu": "గుజరాతి",
    "ha": "హౌసా",
    "haw": "హవాయియన్",
    "he": "హిబ్రూ",
    "hi": "హిందీ",
    "hr": "క్రొయేషియన్",
    "hu": "హంగేరియన్",
    "hy": "ఆర్మేనియన్",
    "id": "ఇండోనేషియన్",
    "ig": "ఇగ్బో",
    "is": "ఐస్లాండిక్",
    "it": "ఇటాలియన్",
    "ja": "జపనీస్",
    "ka": "జార్జియన్",
    "kk": "కజఖ్",
    "km": "ఖ్మేర్",
    "kn": "కన్నడ",
    "ko": "కొరియన్",
    "ku": "కుర్దిష్",
    "ky": "కిర్గిజ్",
    "lb": "లక్సెంబర్గిష్",
    "lg": "గాండా",
    "ln": "లింగాల",
    "lo": "లావో",
    "lt": "లిథువేనియన్",
    "lv": "లాట్వియన్",
    "mai": "మైథిలి",
    "mg": "మలగాసి",
    "mi": "మావొరీ",
    "mk": "మాసిడోనియన్",
    "ml": "మలయాళం",
    "mn": "మంగోలియన్",
    "mni_Mtei": "మణిపురి",
    "mr": "మరాఠీ",
    "ms": "మలయ్",
    "mt": "మాల్టీస్",
    "my": "బర్మీస్",
    "nb": "నార్వేజియన్ బొక్మాల్",
    "ne": "నేపాలి",
    "nl": "డచ్",
    "nn": "నార్వేజియాన్ న్యోర్స్క్",
    "oc": "ఆక్సిటన్",
    "om": "ఒరోమో",
    "or": "ఒడియా",
    "pa": "పంజాబీ",
    "pl": "పోలిష్",
    "ps": "పాష్టో",
    "pt": "పోర్చుగీస్",
    "pt_BR": "పోర్చుగీస్ (బ్రెజిల్)",
    "qu": "కెచువా",
    "ro": "రోమేనియన్",
    "ru": "రష్యన్",
    "rw": "కిన్యర్వాండా",
    "sa": "సంస్కృతం",
    "sc": "సార్డీనియన్",
    "sd": "సింధీ",
    "si": "సింహళం",
    "sk": "స్లోవక్",
    "sl": "స్లోవేనియన్",
    "sn": "షోన",
    "so": "సోమాలి",
    "sq": "అల్బేనియన్",
    "sr_Cyrl": "సెర్బియన్",
    "sr_Latn": "సెర్బియన్",
    "sr_Latn_ME": "సెర్బియన్ (మాంటెనెగ్రో)",
    "su": "సండానీస్",
    "sv": "స్వీడిష్",
    "sw": "స్వాహిలి",
    "ta": "తమిళము",
    "te": "తెలుగు",
    "tg": "తజిక్",
    "th": "థాయ్",
    "ti": "టిగ్రిన్యా",
    "tk": "తుర్క్‌మెన్",
    "tl": "టగలాగ్",
    "tr": "టర్కిష్",
    "tt": "టాటర్",
    "ug": "ఉయ్‌ఘర్",
    "uk": "ఉక్రెయినియన్",
    "ur": "ఉర్దూ",
    "uz_Cyrl": "ఉజ్బెక్",
    "uz_Latn": "ఉజ్బెక్",
    "vi": "వియత్నామీస్",
    "xh": "షోసా",
    "yi": "ఇడ్డిష్",
    "yo": "యోరుబా",
    "zh_CN": "చైనీస్ (చైనా)",
    "zh_HK": "చైనీస్ (హాంకాంగ్ ఎస్ఏఆర్ చైనా)",
    "zh_TW": "చైనీస్ (తైవాన్)",
    "zu": "జూలూ"
}
