{
    "af": "Африкаанс",
    "ak": "Akan",
    "am": "Амҳарӣ",
    "ar": "Арабӣ",
    "as": "Ассомӣ",
    "az": "Озарбойҷонӣ",
    "be": "Белорусӣ",
    "bg": "Булғорӣ",
    "bho": "Bhojpuri",
    "bm": "Bambara",
    "bn": "Бинғолӣ",
    "bs": "Босниягӣ",
    "ca": "Каталонӣ",
    "ceb": "Себуано",
    "ckb": "Курдии Марказӣ",
    "cs": "Чехӣ",
    "cy": "Валлӣ",
    "da": "Даниягӣ",
    "de": "Немисӣ",
    "de_CH": "Немисӣ (Швейтсария)",
    "doi": "Dogri",
    "ee": "Ewe",
    "el": "Юнонӣ",
    "en": "Англисӣ",
    "en_CA": "Англисӣ (Канада)",
    "eo": "Эсперанто",
    "es": "Испанӣ",
    "et": "Эстонӣ",
    "eu": "Баскӣ",
    "fa": "Форсӣ",
    "fi": "Финӣ",
    "fil": "Филиппинӣ",
    "fr": "Франсузӣ",
    "fy": "Фризии Ғарбӣ",
    "ga": "Ирландӣ",
    "gd": "Шотландии Гэлӣ",
    "gl": "Галисиягӣ",
    "gu": "Гуҷаротӣ",
    "ha": "Ҳауса",
    "haw": "Ҳавайӣ",
    "he": "Ибронӣ",
    "hi": "Ҳиндӣ",
    "hr": "Хорватӣ",
    "hu": "Маҷорӣ",
    "hy": "Арманӣ",
    "id": "Индонезӣ",
    "ig": "Игбо",
    "is": "Исландӣ",
    "it": "Италиявӣ",
    "ja": "Японӣ",
    "ka": "Гурҷӣ",
    "kk": "Қазоқӣ",
    "km": "Кхмерӣ",
    "kn": "Каннада",
    "ko": "Кореягӣ",
    "ku": "Курдӣ",
    "ky": "Қирғизӣ",
    "lb": "Люксембургӣ",
    "lg": "Ganda",
    "ln": "Lingala",
    "lo": "Лаосӣ",
    "lt": "Литвонӣ",
    "lv": "Латишӣ",
    "mai": "Maithili",
    "mg": "Малагасӣ",
    "mi": "Маорӣ",
    "mk": "Мақдунӣ",
    "ml": "Малаяламӣ",
    "mn": "Муғулӣ",
    "mni_Mtei": "Манипурӣ",
    "mr": "Маратҳӣ",
    "ms": "Малайӣ",
    "mt": "Малтӣ",
    "my": "Бирманӣ",
    "nb": "Norwegian Bokmål",
    "ne": "Непалӣ",
    "nl": "Голландӣ",
    "nn": "Norwegian Nynorsk",
    "oc": "Окситанӣ",
    "om": "Оромо",
    "or": "Одия",
    "pa": "Панҷобӣ",
    "pl": "Лаҳистонӣ",
    "ps": "Пушту",
    "pt": "Португалӣ",
    "pt_BR": "Португалӣ (Бразилия)",
    "qu": "Кечуа",
    "ro": "Руминӣ",
    "ru": "Русӣ",
    "rw": "Киняруанда",
    "sa": "Санскрит",
    "sc": "Sardinian",
    "sd": "Синдӣ",
    "si": "Сингалӣ",
    "sk": "Словакӣ",
    "sl": "Словенӣ",
    "sn": "Shona",
    "so": "Сомалӣ",
    "sq": "Албанӣ",
    "sr_Cyrl": "Сербӣ",
    "sr_Latn": "Сербӣ",
    "sr_Latn_ME": "Сербӣ (Черногория)",
    "su": "Sundanese",
    "sv": "Шведӣ",
    "sw": "Swahili",
    "ta": "Тамилӣ",
    "te": "Телугу",
    "tg": "Тоҷикӣ",
    "th": "Тайӣ",
    "ti": "Тигриня",
    "tk": "Туркманӣ",
    "tl": "Tagalog",
    "tr": "Туркӣ",
    "tt": "Тоторӣ",
    "ug": "Ӯйғурӣ",
    "uk": "Украинӣ",
    "ur": "Урду",
    "uz_Cyrl": "Ӯзбекӣ",
    "uz_Latn": "Ӯзбекӣ",
    "vi": "Ветнамӣ",
    "xh": "Xhosa",
    "yi": "Идиш",
    "yo": "Йоруба",
    "zh_CN": "Хитоӣ (Хитой)",
    "zh_HK": "Хитоӣ (Ҳонконг (Ммм))",
    "zh_TW": "Хитоӣ (Тайван)",
    "zu": "Zulu"
}
