{
    "af": "ኣፍሪካንስ",
    "ak": "ኣካን",
    "am": "ኣምሓርኛ",
    "ar": "ዓረብ",
    "as": "ኣሳሜዝኛ",
    "az": "ኣዘርባጃንኛ",
    "be": "ቤላሩስኛ",
    "bg": "ቡልጋርኛ",
    "bho": "ቦጅፑሪ",
    "bm": "ባምባራ",
    "bn": "በንጋሊ",
    "bs": "ቦዝንኛ",
    "ca": "ካታላን",
    "ceb": "ሰብዋኖ",
    "ckb": "ሶራኒ ኩርዲሽ",
    "cs": "ቸክኛ",
    "cy": "ዌልስኛ",
    "da": "ዳኒሽ",
    "de": "ጀርመን",
    "de_CH": "ጀርመን (ስዊዘርላንድ)",
    "doi": "ዶግሪ",
    "ee": "ኢው",
    "el": "ግሪኽኛ",
    "en": "እንግሊዝኛ",
    "en_CA": "እንግሊዝኛ (ካናዳ)",
    "eo": "ኤስፐራንቶ",
    "es": "ስጳንኛ",
    "et": "ኤስቶንኛ",
    "eu": "ባስክኛ",
    "fa": "ፋርስኛ",
    "fi": "ፊንላንድኛ",
    "fil": "ፊሊፒንኛ",
    "fr": "ፈረንሳይኛ",
    "fy": "ምዕራባዊ ፍሪስኛ",
    "ga": "ኣየርላንድኛ",
    "gd": "ስኮትላንዳዊ ጋኤሊክኛ",
    "gl": "ጋሊሽያን",
    "gu": "ጉጃራቲ",
    "ha": "ሃውሳ",
    "haw": "ሃዋይኛ",
    "he": "እብራይስጢ",
    "hi": "ሂንዲ",
    "hr": "ክሮኤሽያን",
    "hu": "ሃንጋርኛ",
    "hy": "ኣርሜንኛ",
    "id": "ኢንዶነዥኛ",
    "ig": "ኢግቦ",
    "is": "ኣይስላንድኛ",
    "it": "ጥልያን",
    "ja": "ጃፓንኛ",
    "ka": "ጆርጅያንኛ",
    "kk": "ካዛክ",
    "km": "ክመር",
    "kn": "ካንናዳ",
    "ko": "ኮርይኛ",
    "ku": "ኩርዲሽ",
    "ky": "ኪርጊዝኛ",
    "lb": "ሉክሰምበርግኛ",
    "lg": "ጋንዳ",
    "ln": "ሊንጋላ",
    "lo": "ላኦ",
    "lt": "ሊትዌንኛ",
    "lv": "ላትቭኛ",
    "mai": "ማይቲሊ",
    "mg": "ማላጋሲ",
    "mi": "ማኦሪ",
    "mk": "መቄዶንኛ",
    "ml": "ማላያላም",
    "mn": "ሞንጎልኛ",
    "mni_Mtei": "ማኒፑሪ",
    "mr": "ማራቲ",
    "ms": "ማላይኛ",
    "mt": "ማልትኛ",
    "my": "በርምኛ",
    "nb": "ኖርወያዊ ቦክማል",
    "ne": "ኔፓሊ",
    "nl": "ዳች",
    "nn": "ኖርወያዊ ናይኖርስክ",
    "oc": "ኦክሲታንኛ",
    "om": "ኦሮሞ",
    "or": "ኦድያ",
    "pa": "ፑንጃቢ",
    "pl": "ፖሊሽ",
    "ps": "ፓሽቶ",
    "pt": "ፖርቱጊዝኛ",
    "pt_BR": "ፖርቱጊዝኛ (ብራዚል)",
    "qu": "ቀችዋ",
    "ro": "ሩማንኛ",
    "ru": "ሩስኛ",
    "rw": "ኪንያርዋንዳ",
    "sa": "ሳንስክሪት",
    "sc": "ሳርዲንኛ",
    "sd": "ሲንድሂ",
    "si": "ሲንሃላ",
    "sk": "ስሎቫክኛ",
    "sl": "ስሎቬንኛ",
    "sn": "ሾና",
    "so": "ሶማሊ",
    "sq": "ኣልባንኛ",
    "sr_Cyrl": "ቃንቃ ሰርቢያ",
    "sr_Latn": "ቃንቃ ሰርቢያ",
    "sr_Latn_ME": "ቃንቃ ሰርቢያ (ሞንተኔግሮ)",
    "su": "ሱንዳንኛ",
    "sv": "ስዊድንኛ",
    "sw": "ስዋሂሊ",
    "ta": "ታሚል",
    "te": "ተሉጉ",
    "tg": "ታጂክኛ",
    "th": "ታይኛ",
    "ti": "ትግርኛ",
    "tk": "ቱርክመንኛ",
    "tl": "Tagalog",
    "tr": "ቱርክኛ",
    "tt": "ታታር",
    "ug": "ኡይጉር",
    "uk": "ዩክረይንኛ",
    "ur": "ኡርዱ",
    "uz_Cyrl": "ኡዝበክኛ",
    "uz_Latn": "ኡዝበክኛ",
    "vi": "ቬትናምኛ",
    "xh": "ኮሳ",
    "yi": "ይሁድኛ",
    "yo": "ዮሩባ",
    "zh_CN": "ቻይንኛ (ቻይና)",
    "zh_HK": "ቻይንኛ (ፍሉይ ምምሕዳራዊ ዞባ ሆንግ ኮንግ (ቻይና))",
    "zh_TW": "ቻይንኛ (ታይዋን)",
    "zu": "ዙሉ"
}
