{
    "af": "Afrikaans Dili",
    "ak": "Akan Dili",
    "am": "Amhar Dili",
    "ar": "Arap Dili",
    "as": "Assam Dili",
    "az": "Azerbaýjan Dili",
    "be": "Belarus Dili",
    "bg": "Bolgar Dili",
    "bho": "Bhojpuri Dili",
    "bm": "Bamana",
    "bn": "Bengal Dili",
    "bs": "Bosniýa Dili",
    "ca": "Katalan Dili",
    "ceb": "Sebuan Dili",
    "ckb": "Merkezi Kürt Dili",
    "cs": "Çeh Dili",
    "cy": "Walliý Dili",
    "da": "Daniýa Dili",
    "de": "Nemes Dili",
    "de_CH": "Nemes Dili (Şweýsariýa)",
    "doi": "Dogri",
    "ee": "Ewe Dili",
    "el": "Grek Dili",
    "en": "Iňlis Dili",
    "en_CA": "Iňlis Dili (Kanada)",
    "eo": "Esperanto Dili",
    "es": "Ispan Dili",
    "et": "Eston Dili",
    "eu": "Bask Dili",
    "fa": "Pars Dili",
    "fi": "Fin Dili",
    "fil": "Filippin Dili",
    "fr": "Fransuz Dili",
    "fy": "Günbatar Friz Dili",
    "ga": "Irland Dili",
    "gd": "Şotland Kelt Dili",
    "gl": "Galisiý Dili",
    "gu": "Gujarati Dili",
    "ha": "Hausa Dili",
    "haw": "Gawaý Dili",
    "he": "Ýewreý Dili",
    "hi": "Hindi Dili",
    "hr": "Horwat Dili",
    "hu": "Wenger Dili",
    "hy": "Ermeni Dili",
    "id": "Indonez Dili",
    "ig": "Igbo Dili",
    "is": "Island Dili",
    "it": "Italýan Dili",
    "ja": "Ýapon Dili",
    "ka": "Gruzin Dili",
    "kk": "Gazak Dili",
    "km": "Khmer Dili",
    "kn": "Kannada Dili",
    "ko": "Koreý Dili",
    "ku": "Kürt Dili",
    "ky": "Gyrgyz Dili",
    "lb": "Lýuksemburg Dili",
    "lg": "Ganda Dili",
    "ln": "Lingala Dili",
    "lo": "Laos Dili",
    "lt": "Litwa Dili",
    "lv": "Latyş Dili",
    "mai": "Maýthili Dili",
    "mg": "Malagasiý Dili",
    "mi": "Maori Dili",
    "mk": "Makedon Dili",
    "ml": "Malaýalam Dili",
    "mn": "Mongol Dili",
    "mni_Mtei": "Manipuri Dili",
    "mr": "Marathi Dili",
    "ms": "Malaý Dili",
    "mt": "Malta Dili",
    "my": "Birma Dili",
    "nb": "Norwegiýa Bukmol Dili",
    "ne": "Nepal Dili",
    "nl": "Niderland Dili",
    "nn": "Norwegiýa Nýunorsk Dili",
    "oc": "Oksitan Dili",
    "om": "Oromo Dili",
    "or": "Oriýa Dili",
    "pa": "Penjab Dili",
    "pl": "Polýak Dili",
    "ps": "Peştun Dili",
    "pt": "Portugal Dili",
    "pt_BR": "Portugal Dili (Braziliýa)",
    "qu": "Keçua Dili",
    "ro": "Rumyn Dili",
    "ru": "Rus Dili",
    "rw": "Kinýaruanda Dili",
    "sa": "Sanskrit Dili",
    "sc": "Sardin Dili",
    "sd": "Sindhi Dili",
    "si": "Singal Dili",
    "sk": "Slowak Dili",
    "sl": "Slowen Dili",
    "sn": "Şona Dili",
    "so": "Somali Dili",
    "sq": "Alban Dili",
    "sr_Cyrl": "Serb Dili",
    "sr_Latn": "Serb Dili",
    "sr_Latn_ME": "Serb Dili (Çernogoriýa)",
    "su": "Sundan Dili",
    "sv": "Şwed Dili",
    "sw": "Suahili Dili",
    "ta": "Tamil Dili",
    "te": "Telugu Dili",
    "tg": "Täjik Dili",
    "th": "Taý Dili",
    "ti": "Tigrinýa Dili",
    "tk": "Türkmen Dili",
    "tl": "Tagalog",
    "tr": "Türk Dili",
    "tt": "Tatar Dili",
    "ug": "Uýgur Dili",
    "uk": "Ukrain Dili",
    "ur": "Urdu",
    "uz_Cyrl": "Özbek Dili",
    "uz_Latn": "Özbek Dili",
    "vi": "Wýetnam Dili",
    "xh": "Kosa Dili",
    "yi": "Idiş Dili",
    "yo": "Ýoruba Dili",
    "zh_CN": "Hytaý Dili (Hytaý)",
    "zh_HK": "Hytaý Dili (Gonkong Aas Hytaý)",
    "zh_TW": "Hytaý Dili (Taýwan)",
    "zu": "Zulu Dili"
}
