{
    "af": "Afrikaanca",
    "ak": "Akan",
    "am": "Amharca",
    "ar": "Arapça",
    "as": "Assamca",
    "az": "Azerbaycan Dili",
    "be": "Belarusça",
    "bg": "Bulgarca",
    "bho": "Arayanice",
    "bm": "Bambara",
    "bn": "Bengalce",
    "bs": "Boşnakça",
    "ca": "Katalanca",
    "ceb": "Sebuano Dili",
    "ckb": "Orta Kürtçe",
    "cs": "Çekçe",
    "cy": "Galce",
    "da": "Danca",
    "de": "Almanca",
    "de_CH": "Almanca (İsviçre)",
    "doi": "Dogri",
    "ee": "Ewe",
    "el": "Yunanca",
    "en": "İngilizce",
    "en_CA": "İngilizce (Kanada)",
    "eo": "Esperanto",
    "es": "İspanyolca",
    "et": "Estonca",
    "eu": "Baskça",
    "fa": "Farsça",
    "fi": "Fince",
    "fil": "Filipince",
    "fr": "Fransızca",
    "fy": "Batı Frizcesi",
    "ga": "İrlandaca",
    "gd": "İskoç Gaelcesi",
    "gl": "Galiçyaca",
    "gu": "Güceratça",
    "ha": "Hausa Dili",
    "haw": "Hawaii Dili",
    "he": "İbranice",
    "hi": "Hintçe",
    "hr": "Hırvatça",
    "hu": "Macarca",
    "hy": "Ermenice",
    "id": "Endonezce",
    "ig": "İbo Dili",
    "is": "İzlandaca",
    "it": "İtalyanca",
    "ja": "Japonca",
    "ka": "Gürcüce",
    "kk": "Kazakça",
    "km": "Khmer Dili",
    "kn": "Kannada Dili",
    "ko": "Korece",
    "ku": "Kürtçe",
    "ky": "Kırgızca",
    "lb": "Lüksemburgca",
    "lg": "Ganda",
    "ln": "Lingala",
    "lo": "Lao Dili",
    "lt": "Litvanca",
    "lv": "Letonca",
    "mai": "Maithili",
    "mg": "Malgaşça",
    "mi": "Maori Dili",
    "mk": "Makedonca",
    "ml": "Malayalam Dili",
    "mn": "Moğolca",
    "mni_Mtei": "Manipuri Dili",
    "mr": "Marathi Dili",
    "ms": "Malayca",
    "mt": "Maltaca",
    "my": "Birman Dili",
    "nb": "Norveççe Bokmål",
    "ne": "Nepalce",
    "nl": "Felemenkçe",
    "nn": "Norveççe Nynorsk",
    "oc": "Oksitan Dili",
    "om": "Oromo Dili",
    "or": "Oriya Dili",
    "pa": "Pencapça",
    "pl": "Lehçe",
    "ps": "Peştuca",
    "pt": "Portekizce",
    "pt_BR": "Portekizce (Brezilya)",
    "qu": "Keçuva Dili",
    "ro": "Rumence",
    "ru": "Rusça",
    "rw": "Kinyarwanda",
    "sa": "Sanskrit",
    "sc": "Sardunya Dili",
    "sd": "Sindhi Dili",
    "si": "Sinhali Dili",
    "sk": "Slovakça",
    "sl": "Slovence",
    "sn": "Şona Dili",
    "so": "Somalice",
    "sq": "Arnavutça",
    "sr_Cyrl": "Sırpça",
    "sr_Latn": "Sırpça",
    "sr_Latn_ME": "Sırpça (Karadağ)",
    "su": "Sunda Dili",
    "sv": "İsveççe",
    "sw": "Svahili Dili",
    "ta": "Tamilce",
    "te": "Telugu Dili",
    "tg": "Tacikçe",
    "th": "Tayca",
    "ti": "Tigrinya Dili",
    "tk": "Türkmence",
    "tl": "Tagalogca",
    "tr": "Türkçe",
    "tt": "Tatarca",
    "ug": "Uygurca",
    "uk": "Ukraynaca",
    "ur": "Urduca",
    "uz_Cyrl": "Özbekçe",
    "uz_Latn": "Özbekçe",
    "vi": "Vietnamca",
    "xh": "Zosa Dili",
    "yi": "Yidiş",
    "yo": "Yorubaca",
    "zh_CN": "Çince (Çin)",
    "zh_HK": "Çince (Çin Hong Kong Öi̇b)",
    "zh_TW": "Çince (Tayvan)",
    "zu": "Zuluca"
}
