{
    "af": "Африкаанс",
    "ak": "Akan",
    "am": "Амхар",
    "ar": "Гарәп",
    "as": "Ассам",
    "az": "Әзәрбайҗан",
    "be": "Белорус",
    "bg": "Болгар",
    "bho": "Bhojpuri",
    "bm": "Bambara",
    "bn": "Бенгали",
    "bs": "Босния",
    "ca": "Каталан",
    "ceb": "Себуано",
    "ckb": "Үзәк Көрд",
    "cs": "Чех",
    "cy": "Уэльс",
    "da": "Дания",
    "de": "Алман",
    "de_CH": "Алман (Швейцария)",
    "doi": "Dogri",
    "ee": "Ewe",
    "el": "Грек",
    "en": "Инглиз",
    "en_CA": "Инглиз (Канада)",
    "eo": "Эсперанто",
    "es": "Испан",
    "et": "Эстон",
    "eu": "Баск",
    "fa": "Фарсы",
    "fi": "Фин",
    "fil": "Филиппин",
    "fr": "Француз",
    "fy": "Western Frisian",
    "ga": "Ирланд",
    "gd": "Шотланд Гэль",
    "gl": "Галисия",
    "gu": "Гуҗарати",
    "ha": "Хауса",
    "haw": "Гавайи",
    "he": "Яһүд",
    "hi": "Һинд",
    "hr": "Хорват",
    "hu": "Венгр",
    "hy": "Әрмән",
    "id": "Индонезия",
    "ig": "Игбо",
    "is": "Исланд",
    "it": "Итальян",
    "ja": "Япон",
    "ka": "Грузин",
    "kk": "Казакъ",
    "km": "Кхмер",
    "kn": "Каннада",
    "ko": "Корея",
    "ku": "Көрд",
    "ky": "Кыргыз",
    "lb": "Люксембург",
    "lg": "Ganda",
    "ln": "Lingala",
    "lo": "Лаос",
    "lt": "Литва",
    "lv": "Латыш",
    "mai": "Maithili",
    "mg": "Малагаси",
    "mi": "Маори",
    "mk": "Македон",
    "ml": "Малаялам",
    "mn": "Монгол",
    "mni_Mtei": "Манипури",
    "mr": "Маратхи",
    "ms": "Малай",
    "mt": "Мальта",
    "my": "Бирма",
    "nb": "Norwegian Bokmål",
    "ne": "Непали",
    "nl": "Голланд",
    "nn": "Norwegian Nynorsk",
    "oc": "Окситан",
    "om": "Оромо",
    "or": "Ория",
    "pa": "Пәнҗаби",
    "pl": "Поляк",
    "ps": "Пушту",
    "pt": "Португал",
    "pt_BR": "Португал (Бразилия)",
    "qu": "Кечуа",
    "ro": "Румын",
    "ru": "Рус",
    "rw": "Руанда",
    "sa": "Санскрит",
    "sc": "Sardinian",
    "sd": "Синдһи",
    "si": "Сингал",
    "sk": "Словак",
    "sl": "Словен",
    "sn": "Shona",
    "so": "Сомали",
    "sq": "Албан",
    "sr_Cyrl": "Серб",
    "sr_Latn": "Серб",
    "sr_Latn_ME": "Серб (Черногория)",
    "su": "Sundanese",
    "sv": "Швед",
    "sw": "Swahili",
    "ta": "Тамил",
    "te": "Телугу",
    "tg": "Таҗик",
    "th": "Тай",
    "ti": "Тигринья",
    "tk": "Төрекмән",
    "tl": "Tagalog",
    "tr": "Төрек",
    "tt": "Татар",
    "ug": "Уйгыр",
    "uk": "Украин",
    "ur": "Урду",
    "uz_Cyrl": "Үзбәк",
    "uz_Latn": "Үзбәк",
    "vi": "Вьетнам",
    "xh": "Xhosa",
    "yi": "Идиш",
    "yo": "Йоруба",
    "zh_CN": "Кытай (Кытай)",
    "zh_HK": "Кытай (Гонконг Махсус Идарәле Төбәге)",
    "zh_TW": "Кытай (Тайвань)",
    "zu": "Zulu"
}
