{
    "af": "ئافرىكانچە",
    "ak": "ئاكانچە",
    "am": "ئامھارچە",
    "ar": "ئەرەبچە",
    "as": "ئاسامچە",
    "az": "ئەزەربەيجانچە",
    "be": "بېلارۇسچە",
    "bg": "بۇلغارچە",
    "bho": "بوجپۇرىچە",
    "bm": "بامباراچە",
    "bn": "بېنگالچە",
    "bs": "بوسىنچە",
    "ca": "كاتالانچە",
    "ceb": "سېبۇچە",
    "ckb": "مەركىزىي كۇردچە",
    "cs": "چېخچە",
    "cy": "ۋېلشچە",
    "da": "دانىشچە",
    "de": "گېرمانچە",
    "de_CH": "گېرمانچە (شىۋېتسارىيە)",
    "doi": "دوگرىچە",
    "ee": "ئېۋېچە",
    "el": "گىرېكچە",
    "en": "ئىنگلىزچە",
    "en_CA": "ئىنگلىزچە (كانادا)",
    "eo": "ئېسپرانتوچە",
    "es": "ئىسپانچە",
    "et": "ئېستونچە",
    "eu": "باسكىچە",
    "fa": "پارسچە",
    "fi": "فىنچە",
    "fil": "فىلىپپىنچە",
    "fr": "فىرانسۇزچە",
    "fy": "غەربىي فىرسچە",
    "ga": "ئىرېلاندچە",
    "gd": "شوتلاندىيە گايلچىسى",
    "gl": "گالىچە",
    "gu": "گۇجاراتچە",
    "ha": "خائۇساچە",
    "haw": "ھاۋايچە",
    "he": "ئىبرانىيچە",
    "hi": "ھىندىچە",
    "hr": "كىرودىچە",
    "hu": "ۋېنگىرچە",
    "hy": "ئەرمېنچە",
    "id": "ھىندونېزچە",
    "ig": "ئىگبوچە",
    "is": "ئىسلاندچە",
    "it": "ئىتالىيانچە",
    "ja": "ياپونچە",
    "ka": "گىرۇزچە",
    "kk": "قازاقچە",
    "km": "كىمېرچە",
    "kn": "كانناداچە",
    "ko": "كورېيەچە",
    "ku": "كۇردچە",
    "ky": "قىرغىزچە",
    "lb": "لىيۇكسېمبۇرگچە",
    "lg": "گانداچە",
    "ln": "لىنگالاچە",
    "lo": "لائوسچە",
    "lt": "لىتۋانىچە",
    "lv": "لاتچە",
    "mai": "مايتىلىچە",
    "mg": "مالاگاسچە",
    "mi": "ماۋرىچە",
    "mk": "ماكېدونچە",
    "ml": "مالايالامچە",
    "mn": "موڭغۇلچە",
    "mni_Mtei": "مانىپۇرچە",
    "mr": "ماراتىچە",
    "ms": "مالايچە",
    "mt": "مالتاچە",
    "my": "بىرماچە",
    "nb": "نورۋىگىيە بوكمالچە",
    "ne": "نېپالچە",
    "nl": "گوللاندچە",
    "nn": "يېڭى نورۋېگچە",
    "oc": "ئوكسىتچە",
    "om": "ئوروموچە",
    "or": "ئودىياچە",
    "pa": "پەنجابچە",
    "pl": "پولەكچە",
    "ps": "پۇشتۇچە",
    "pt": "پورتۇگالچە",
    "pt_BR": "پورتۇگالچە (بىرازىلىيە)",
    "qu": "كېچىۋاچە",
    "ro": "رومىنچە",
    "ru": "رۇسچە",
    "rw": "كېنىيەرىۋانداچە",
    "sa": "سانسكرىتچە",
    "sc": "ساردىنىيەچە",
    "sd": "سىندىچە",
    "si": "سىنگالچە",
    "sk": "سىلوۋاكچە",
    "sl": "سىلوۋېنچە",
    "sn": "شوناچە",
    "so": "سومالىچە",
    "sq": "ئالبانچە",
    "sr_Cyrl": "سېربچە",
    "sr_Latn": "سېربچە",
    "sr_Latn_ME": "سېربچە (قارا تاغ)",
    "su": "سۇنداچە",
    "sv": "شىۋېدچە",
    "sw": "سىۋاھىلچە",
    "ta": "تامىلچە",
    "te": "تېلۇگۇچە",
    "tg": "تاجىكچە",
    "th": "تايلاندچە",
    "ti": "تىگرىنياچە",
    "tk": "تۈركمەنچە",
    "tl": "تاگالوگچە",
    "tr": "تۈركچە",
    "tt": "تاتارچە",
    "ug": "ئۇيغۇرچە",
    "uk": "ئۇكرائىنچە",
    "ur": "ئوردۇچە",
    "uz_Cyrl": "ئۆزبېكچە",
    "uz_Latn": "ئۆزبېكچە",
    "vi": "ۋىيېتنامچە",
    "xh": "خوساچە",
    "yi": "يىددىشچە",
    "yo": "يورۇباچە",
    "zh_CN": "خەنزۇچە (جۇڭگو)",
    "zh_HK": "خەنزۇچە (شياڭگاڭ ئالاھىدە مەمۇرىي رايونى (جۇڭگو))",
    "zh_TW": "خەنزۇچە (تەيۋەن)",
    "zu": "زۇلۇچە"
}
