{
    "af": "Африкаанс",
    "ak": "Акан",
    "am": "Амхарська",
    "ar": "Арабська",
    "as": "Асамська",
    "az": "Азербайджанська",
    "be": "Білоруська",
    "bg": "Болгарська",
    "bho": "Бходжпурі",
    "bm": "Бамбара",
    "bn": "Бенгальська",
    "bs": "Боснійська",
    "ca": "Каталонська",
    "ceb": "Себуанська",
    "ckb": "Центральнокурдська",
    "cs": "Чеська",
    "cy": "Валлійська",
    "da": "Данська",
    "de": "Німецька",
    "de_CH": "Німецька (Швейцарія)",
    "doi": "Догрі",
    "ee": "Еве",
    "el": "Грецька",
    "en": "Англійська",
    "en_CA": "Англійська (Канада)",
    "eo": "Есперанто",
    "es": "Іспанська",
    "et": "Естонська",
    "eu": "Баскська",
    "fa": "Перська",
    "fi": "Фінська",
    "fil": "Філіппінська",
    "fr": "Французька",
    "fy": "Західнофризька",
    "ga": "Ірландська",
    "gd": "Шотландська Гельська",
    "gl": "Галісійська",
    "gu": "Гуджараті",
    "ha": "Хауса",
    "haw": "Гавайська",
    "he": "Іврит",
    "hi": "Гінді",
    "hr": "Хорватська",
    "hu": "Угорська",
    "hy": "Вірменська",
    "id": "Індонезійська",
    "ig": "Ігбо",
    "is": "Ісландська",
    "it": "Італійська",
    "ja": "Японська",
    "ka": "Грузинська",
    "kk": "Казахська",
    "km": "Кхмерська",
    "kn": "Каннада",
    "ko": "Корейська",
    "ku": "Курдська",
    "ky": "Киргизька",
    "lb": "Люксембурзька",
    "lg": "Ганда",
    "ln": "Лінгала",
    "lo": "Лаоська",
    "lt": "Литовська",
    "lv": "Латиська",
    "mai": "Майтхілі",
    "mg": "Малагасійська",
    "mi": "Маорі",
    "mk": "Македонська",
    "ml": "Малаялам",
    "mn": "Монгольська",
    "mni_Mtei": "Маніпурі",
    "mr": "Маратхі",
    "ms": "Малайська",
    "mt": "Мальтійська",
    "my": "Бірманська",
    "nb": "Норвезька (Букмол)",
    "ne": "Непальська",
    "nl": "Нідерландська",
    "nn": "Норвезька (Нюношк)",
    "oc": "Окситанська",
    "om": "Оромо",
    "or": "Одія",
    "pa": "Панджабі",
    "pl": "Польська",
    "ps": "Пушту",
    "pt": "Португальська",
    "pt_BR": "Португальська (Бразилія)",
    "qu": "Кечуа",
    "ro": "Румунська",
    "ru": "Російська",
    "rw": "Кіньяруанда",
    "sa": "Санскрит",
    "sc": "Сардинська",
    "sd": "Синдхі",
    "si": "Сингальська",
    "sk": "Словацька",
    "sl": "Словенська",
    "sn": "Шона",
    "so": "Сомалі",
    "sq": "Албанська",
    "sr_Cyrl": "Сербська",
    "sr_Latn": "Сербська",
    "sr_Latn_ME": "Сербська (Чорногорія)",
    "su": "Сунданська",
    "sv": "Шведська",
    "sw": "Суахілі",
    "ta": "Тамільська",
    "te": "Телугу",
    "tg": "Таджицька",
    "th": "Тайська",
    "ti": "Тигринья",
    "tk": "Туркменська",
    "tl": "Тагальська",
    "tr": "Турецька",
    "tt": "Татарська",
    "ug": "Уйгурська",
    "uk": "Українська",
    "ur": "Урду",
    "uz_Cyrl": "Узбецька",
    "uz_Latn": "Узбецька",
    "vi": "Вʼєтнамська",
    "xh": "Кхоса",
    "yi": "Їдиш",
    "yo": "Йоруба",
    "zh_CN": "Китайська (Китай)",
    "zh_HK": "Китайська (Гонконг, Оар Китаю)",
    "zh_TW": "Китайська (Тайвань)",
    "zu": "Зулуська"
}
