{
    "af": "افریقی",
    "ak": "اکان",
    "am": "امہاری",
    "ar": "عربی",
    "as": "آسامی",
    "az": "آذربائیجانی",
    "be": "بیلاروسی",
    "bg": "بلغاری",
    "bho": "بھوجپوری",
    "bm": "بمبارا",
    "bn": "بنگلہ",
    "bs": "بوسنیائی",
    "ca": "کیٹالان",
    "ceb": "سیبوآنو",
    "ckb": "سینٹرل کردش",
    "cs": "چیک",
    "cy": "ویلش",
    "da": "ڈینش",
    "de": "جرمن",
    "de_CH": "جرمن (سوئٹزر لینڈ)",
    "doi": "ڈوگری",
    "ee": "ایو",
    "el": "یونانی",
    "en": "انگریزی",
    "en_CA": "انگریزی (کینیڈا)",
    "eo": "ایسپرانٹو",
    "es": "ہسپانوی",
    "et": "اسٹونین",
    "eu": "باسکی",
    "fa": "فارسی",
    "fi": "فینیش",
    "fil": "فلیپینو",
    "fr": "فرانسیسی",
    "fy": "مغربی فریسیئن",
    "ga": "آئرش",
    "gd": "سکاٹش گیلک",
    "gl": "گالیشیائی",
    "gu": "گجراتی",
    "ha": "ہؤسا",
    "haw": "ہوائی",
    "he": "عبرانی",
    "hi": "ہندی",
    "hr": "کراتی",
    "hu": "ہنگیرین",
    "hy": "آرمینیائی",
    "id": "انڈونیثیائی",
    "ig": "اِگبو",
    "is": "آئس لینڈک",
    "it": "اطالوی",
    "ja": "جاپانی",
    "ka": "جارجیائی",
    "kk": "قزاخ",
    "km": "خمیر",
    "kn": "کنّاڈا",
    "ko": "کوریائی",
    "ku": "کردش",
    "ky": "کرغیزی",
    "lb": "لکسمبرگیش",
    "lg": "گینڈا",
    "ln": "لِنگَلا",
    "lo": "لاؤ",
    "lt": "لیتھوینین",
    "lv": "لیٹوین",
    "mai": "میتھیلی",
    "mg": "ملاگاسی",
    "mi": "ماؤری",
    "mk": "مقدونیائی",
    "ml": "مالایالم",
    "mn": "منگولین",
    "mni_Mtei": "منی پوری",
    "mr": "مراٹهی",
    "ms": "مالے",
    "mt": "مالٹی",
    "my": "برمی",
    "nb": "نارویجین بوکمل",
    "ne": "نیپالی",
    "nl": "ڈچ",
    "nn": "نارویجین نینورسک",
    "oc": "آکسیٹان",
    "om": "اورومو",
    "or": "اڑیہ",
    "pa": "پنجابی",
    "pl": "پولش",
    "ps": "پشتو",
    "pt": "پُرتگالی",
    "pt_BR": "پُرتگالی (برازیل)",
    "qu": "کویچوآ",
    "ro": "رومینین",
    "ru": "روسی",
    "rw": "کینیاروانڈا",
    "sa": "سنسکرت",
    "sc": "سردینین",
    "sd": "سندھی",
    "si": "سنہالا",
    "sk": "سلوواک",
    "sl": "سلووینیائی",
    "sn": "شونا",
    "so": "صومالی",
    "sq": "البانی",
    "sr_Cyrl": "سربین",
    "sr_Latn": "سربین",
    "sr_Latn_ME": "سربین (مونٹے نیگرو)",
    "su": "سنڈانیز",
    "sv": "سویڈش",
    "sw": "سواحلی",
    "ta": "تمل",
    "te": "تیلگو",
    "tg": "تاجک",
    "th": "تھائی",
    "ti": "ٹگرینیا",
    "tk": "ترکمان",
    "tl": "ٹیگا لوگ",
    "tr": "ترکی",
    "tt": "تاتار",
    "ug": "یوئگہر",
    "uk": "یوکرینیائی",
    "ur": "اردو",
    "uz_Cyrl": "ازبیک",
    "uz_Latn": "ازبیک",
    "vi": "ویتنامی",
    "xh": "ژوسا",
    "yi": "یدش",
    "yo": "یوروبا",
    "zh_CN": "چینی (چین)",
    "zh_HK": "چینی (ہانگ کانگ Sar چین)",
    "zh_TW": "چینی (تائیوان)",
    "zu": "زولو"
}
