{
    "af": "Африкаанс",
    "ak": "Аканча",
    "am": "Амхарча",
    "ar": "Арабча",
    "as": "Ассомча",
    "az": "Озарбайжонча",
    "be": "Беларусча",
    "bg": "Болгарча",
    "bho": "Бхожпури",
    "bm": "Бамбарча",
    "bn": "Бенгалча",
    "bs": "Боснийча",
    "ca": "Каталонча",
    "ceb": "Себуанча",
    "ckb": "Сорани-Курдча",
    "cs": "Чехча",
    "cy": "Уэлсча",
    "da": "Датча",
    "de": "Немисча",
    "de_CH": "Немисча (Швейцария)",
    "doi": "Dogri",
    "ee": "Эвеча",
    "el": "Грекча",
    "en": "Инглизча",
    "en_CA": "Инглизча (Канада)",
    "eo": "Эсперанто",
    "es": "Испанча",
    "et": "Эстонча",
    "eu": "Баскча",
    "fa": "Форсий",
    "fi": "Финча",
    "fil": "Филипинча",
    "fr": "Французча",
    "fy": "Ғарбий Фризча",
    "ga": "Ирландча",
    "gd": "Шотландча Гаелик",
    "gl": "Галицийча",
    "gu": "Гужаротча",
    "ha": "Хауса",
    "haw": "Гавайча",
    "he": "Иброний",
    "hi": "Ҳинди",
    "hr": "Хорватча",
    "hu": "Венгерча",
    "hy": "Арманча",
    "id": "Индонезча",
    "ig": "Игбо",
    "is": "Исландча",
    "it": "Италянча",
    "ja": "Японча",
    "ka": "Грузинча",
    "kk": "Қозоқча",
    "km": "Хмерча",
    "kn": "Каннада",
    "ko": "Корейсча",
    "ku": "Курдча",
    "ky": "Қирғизча",
    "lb": "Люксембургча",
    "lg": "Гандача",
    "ln": "Лингалча",
    "lo": "Лаосча",
    "lt": "Литвача",
    "lv": "Латишча",
    "mai": "Maithili",
    "mg": "Малагасийча",
    "mi": "Маори",
    "mk": "Македонча",
    "ml": "Малаялам",
    "mn": "Мўғулча",
    "mni_Mtei": "Манипурча",
    "mr": "Маратхи",
    "ms": "Малай Тил",
    "mt": "Малтача",
    "my": "Бирманча",
    "nb": "Норвегча Бокмал",
    "ne": "Непалча",
    "nl": "Голландча",
    "nn": "Норвегча Нюнорск",
    "oc": "Окситанча",
    "om": "Оромо",
    "or": "Одия",
    "pa": "Панжобча",
    "pl": "Полякча",
    "ps": "Пушту",
    "pt": "Португалча",
    "pt_BR": "Португалча (Бразилия)",
    "qu": "Кечуа",
    "ro": "Руминча",
    "ru": "Русча",
    "rw": "Киняруанда",
    "sa": "Санскрит",
    "sc": "Sardinian",
    "sd": "Синдҳи",
    "si": "Сингалча",
    "sk": "Словакча",
    "sl": "Словенча",
    "sn": "Шона",
    "so": "Сомалича",
    "sq": "Албанча",
    "sr_Cyrl": "Сербча",
    "sr_Latn": "Сербча",
    "sr_Latn_ME": "Сербча (Черногория)",
    "su": "Сунданча",
    "sv": "Шведча",
    "sw": "Суахили",
    "ta": "Тамилча",
    "te": "Телугу",
    "tg": "Тожикча",
    "th": "Тайча",
    "ti": "Тигриняча",
    "tk": "Туркманча",
    "tl": "Tagalog",
    "tr": "Туркча",
    "tt": "Татарча",
    "ug": "Уйғурча",
    "uk": "Украинча",
    "ur": "Урду",
    "uz_Cyrl": "Ўзбекча",
    "uz_Latn": "Ўзбекча",
    "vi": "Ветнамча",
    "xh": "Хоса",
    "yi": "Иддиш",
    "yo": "Йоруба",
    "zh_CN": "Хитойча (Хитой)",
    "zh_HK": "Хитойча (Гонконг (Хитой Ммҳ))",
    "zh_TW": "Хитойча (Тайван)",
    "zu": "Зулу"
}
