{
    "af": "Afrikaans",
    "ak": "Akan",
    "am": "Amxar",
    "ar": "Arab",
    "as": "Assam",
    "az": "Ozarbayjon",
    "be": "Belarus",
    "bg": "Bolgar",
    "bho": "Bxojpuri",
    "bm": "Bambara",
    "bn": "Bengal",
    "bs": "Bosniy",
    "ca": "Katalan",
    "ceb": "Sebuan",
    "ckb": "Sorani-Kurd",
    "cs": "Chex",
    "cy": "Valliy",
    "da": "Dan",
    "de": "Nemischa",
    "de_CH": "Nemischa (Shveytsariya)",
    "doi": "Dogri",
    "ee": "Eve",
    "el": "Grek",
    "en": "Inglizcha",
    "en_CA": "Inglizcha (Kanada)",
    "eo": "Esperanto",
    "es": "Ispancha",
    "et": "Estoncha",
    "eu": "Bask",
    "fa": "Fors",
    "fi": "Fincha",
    "fil": "Filipincha",
    "fr": "Fransuzcha",
    "fy": "G‘arbiy Friz",
    "ga": "Irland",
    "gd": "Shotland-Gel",
    "gl": "Galisiy",
    "gu": "Gujarot",
    "ha": "Xausa",
    "haw": "Gavaycha",
    "he": "Ivrit",
    "hi": "Hind",
    "hr": "Xorvat",
    "hu": "Venger",
    "hy": "Arman",
    "id": "Indonez",
    "ig": "Igbo",
    "is": "Island",
    "it": "Italyan",
    "ja": "Yapon",
    "ka": "Gruzincha",
    "kk": "Qozoqcha",
    "km": "Xmer",
    "kn": "Kannada",
    "ko": "Koreyscha",
    "ku": "Kurdcha",
    "ky": "Qirgʻizcha",
    "lb": "Lyuksemburgcha",
    "lg": "Ganda",
    "ln": "Lingala",
    "lo": "Laos",
    "lt": "Litva",
    "lv": "Latishcha",
    "mai": "Maythili",
    "mg": "Malagasiy",
    "mi": "Maori",
    "mk": "Makedon",
    "ml": "Malayalam",
    "mn": "Mongol",
    "mni_Mtei": "Manipur",
    "mr": "Maratxi",
    "ms": "Malay",
    "mt": "Maltiy",
    "my": "Birman",
    "nb": "Norveg-Bokmal",
    "ne": "Nepal",
    "nl": "Niderland",
    "nn": "Norveg-Nyunorsk",
    "oc": "Oksitan",
    "om": "Oromo",
    "or": "Oriya",
    "pa": "Panjobcha",
    "pl": "Polyakcha",
    "ps": "Pushtu",
    "pt": "Portugalcha",
    "pt_BR": "Portugalcha (Braziliya)",
    "qu": "Kechua",
    "ro": "Rumincha",
    "ru": "Ruscha",
    "rw": "Kinyaruanda",
    "sa": "Sanskrit",
    "sc": "Sardin",
    "sd": "Sindhi",
    "si": "Singal",
    "sk": "Slovakcha",
    "sl": "Slovencha",
    "sn": "Shona",
    "so": "Somalicha",
    "sq": "Alban",
    "sr_Cyrl": "Serbcha",
    "sr_Latn": "Serbcha",
    "sr_Latn_ME": "Serbcha (Chernogoriya)",
    "su": "Sundan",
    "sv": "Shved",
    "sw": "Suaxili",
    "ta": "Tamil",
    "te": "Telugu",
    "tg": "Tojik",
    "th": "Tay",
    "ti": "Tigrinya",
    "tk": "Turkman",
    "tl": "Tagalog",
    "tr": "Turk",
    "tt": "Tatar",
    "ug": "Uyg‘ur",
    "uk": "Ukrain",
    "ur": "Urdu",
    "uz_Cyrl": "O‘zbek",
    "uz_Latn": "O‘zbek",
    "vi": "Vyetnam",
    "xh": "Kxosa",
    "yi": "Idish",
    "yo": "Yoruba",
    "zh_CN": "Xitoy (Xitoy)",
    "zh_HK": "Xitoy (Gonkong (Xitoy Mmh))",
    "zh_TW": "Xitoy (Tayvan)",
    "zu": "Zulu"
}
