{
    "af": "Tiếng Afrikaans",
    "ak": "Tiếng Akan",
    "am": "Tiếng Amharic",
    "ar": "Tiếng Ả Rập",
    "as": "Tiếng Assam",
    "az": "Tiếng Azerbaijan",
    "be": "Tiếng Belarus",
    "bg": "Tiếng Bulgaria",
    "bho": "Tiếng Bhojpuri",
    "bm": "Tiếng Bambara",
    "bn": "Tiếng Bangla",
    "bs": "Tiếng Bosnia",
    "ca": "Tiếng Catalan",
    "ceb": "Tiếng Cebuano",
    "ckb": "Tiếng Kurd Miền Trung",
    "cs": "Tiếng Séc",
    "cy": "Tiếng Wales",
    "da": "Tiếng Đan Mạch",
    "de": "Tiếng Đức",
    "de_CH": "Tiếng Đức (Thụy Sĩ)",
    "doi": "Tiếng Dogri",
    "ee": "Tiếng Ewe",
    "el": "Tiếng Hy Lạp",
    "en": "Tiếng Anh",
    "en_CA": "Tiếng Anh (Canada)",
    "eo": "Tiếng Quốc Tế Ngữ",
    "es": "Tiếng Tây Ban Nha",
    "et": "Tiếng Estonia",
    "eu": "Tiếng Basque",
    "fa": "Tiếng Ba Tư",
    "fi": "Tiếng Phần Lan",
    "fil": "Tiếng Philippines",
    "fr": "Tiếng Pháp",
    "fy": "Tiếng Frisia",
    "ga": "Tiếng Ireland",
    "gd": "Tiếng Gael Scotland",
    "gl": "Tiếng Galician",
    "gu": "Tiếng Gujarati",
    "ha": "Tiếng Hausa",
    "haw": "Tiếng Hawaii",
    "he": "Tiếng Do Thái",
    "hi": "Tiếng Hindi",
    "hr": "Tiếng Croatia",
    "hu": "Tiếng Hungary",
    "hy": "Tiếng Armenia",
    "id": "Tiếng Indonesia",
    "ig": "Tiếng Igbo",
    "is": "Tiếng Iceland",
    "it": "Tiếng Italy",
    "ja": "Tiếng Nhật",
    "ka": "Tiếng Georgia",
    "kk": "Tiếng Kazakh",
    "km": "Tiếng Khmer",
    "kn": "Tiếng Kannada",
    "ko": "Tiếng Hàn",
    "ku": "Tiếng Kurd",
    "ky": "Tiếng Kyrgyz",
    "lb": "Tiếng Luxembourg",
    "lg": "Tiếng Ganda",
    "ln": "Tiếng Lingala",
    "lo": "Tiếng Lào",
    "lt": "Tiếng Litva",
    "lv": "Tiếng Latvia",
    "mai": "Tiếng Maithili",
    "mg": "Tiếng Malagasy",
    "mi": "Tiếng Māori",
    "mk": "Tiếng Macedonia",
    "ml": "Tiếng Malayalam",
    "mn": "Tiếng Mông Cổ",
    "mni_Mtei": "Tiếng Manipuri",
    "mr": "Tiếng Marathi",
    "ms": "Tiếng Mã Lai",
    "mt": "Tiếng Malta",
    "my": "Tiếng Miến Điện",
    "nb": "Tiếng Na Uy (Bokmål)",
    "ne": "Tiếng Nepal",
    "nl": "Tiếng Hà Lan",
    "nn": "Tiếng Na Uy (Nynorsk)",
    "oc": "Tiếng Occitan",
    "om": "Tiếng Oromo",
    "or": "Tiếng Odia",
    "pa": "Tiếng Punjab",
    "pl": "Tiếng Ba Lan",
    "ps": "Tiếng Pashto",
    "pt": "Tiếng Bồ Đào Nha",
    "pt_BR": "Tiếng Bồ Đào Nha (Brazil)",
    "qu": "Tiếng Quechua",
    "ro": "Tiếng Romania",
    "ru": "Tiếng Nga",
    "rw": "Tiếng Kinyarwanda",
    "sa": "Tiếng Phạn",
    "sc": "Tiếng Sardinia",
    "sd": "Tiếng Sindhi",
    "si": "Tiếng Sinhala",
    "sk": "Tiếng Slovak",
    "sl": "Tiếng Slovenia",
    "sn": "Tiếng Shona",
    "so": "Tiếng Somali",
    "sq": "Tiếng Albania",
    "sr_Cyrl": "Tiếng Serbia",
    "sr_Latn": "Tiếng Serbia",
    "sr_Latn_ME": "Tiếng Serbia (Montenegro)",
    "su": "Tiếng Sunda",
    "sv": "Tiếng Thụy Điển",
    "sw": "Tiếng Swahili",
    "ta": "Tiếng Tamil",
    "te": "Tiếng Telugu",
    "tg": "Tiếng Tajik",
    "th": "Tiếng Thái",
    "ti": "Tiếng Tigrinya",
    "tk": "Tiếng Turkmen",
    "tl": "Tiếng Tagalog",
    "tr": "Tiếng Thổ Nhĩ Kỳ",
    "tt": "Tiếng Tatar",
    "ug": "Tiếng Uyghur",
    "uk": "Tiếng Ukraina",
    "ur": "Tiếng Urdu",
    "uz_Cyrl": "Tiếng Uzbek",
    "uz_Latn": "Tiếng Uzbek",
    "vi": "Tiếng Việt",
    "xh": "Tiếng Xhosa",
    "yi": "Tiếng Yiddish",
    "yo": "Tiếng Yoruba",
    "zh_CN": "Tiếng Trung (Trung Quốc)",
    "zh_HK": "Tiếng Trung (Đặc Khu Hành Chính Hồng Kông, Trung Quốc)",
    "zh_TW": "Tiếng Trung (Đài Loan)",
    "zu": "Tiếng Zulu"
}
