{
    "af": "אַפֿריקאַנס",
    "ak": "Akan",
    "am": "אַמהאַריש",
    "ar": "אַראַביש",
    "as": "אַסאַמיש",
    "az": "אַזערביידזשאַניש",
    "be": "בעלאַרוסיש",
    "bg": "בולגאַריש",
    "bho": "Bhojpuri",
    "bm": "Bambara",
    "bn": "בענגאַליש",
    "bs": "באסניש",
    "ca": "קאַטאַלאניש",
    "ceb": "סעבואַניש",
    "ckb": "Central Kurdish",
    "cs": "טשעכיש",
    "cy": "וועלשיש",
    "da": "דעניש",
    "de": "דײַטש",
    "de_CH": "דײַטש (שווייץ)",
    "doi": "Dogri",
    "ee": "Ewe",
    "el": "גריכיש",
    "en": "ענגליש",
    "en_CA": "ענגליש (קאַנאַדע)",
    "eo": "עספּעראַנטא",
    "es": "שפּאַניש",
    "et": "עסטיש",
    "eu": "באַסקיש",
    "fa": "פּערסיש",
    "fi": "פֿיניש",
    "fil": "פֿיליפּינא",
    "fr": "פֿראַנצויזיש",
    "fy": "מערב־פֿריזיש",
    "ga": "איריש",
    "gd": "סקאטיש געליש",
    "gl": "גאַלישיש",
    "gu": "Gujarati",
    "ha": "האַוסאַ",
    "haw": "Hawaiian",
    "he": "העברעאיש",
    "hi": "הינדי",
    "hr": "קראאַטיש",
    "hu": "אונגעריש",
    "hy": "אַרמעניש",
    "id": "אינדאנעזיש",
    "ig": "Igbo",
    "is": "איסלאַנדיש",
    "it": "איטאַליעניש",
    "ja": "יאַפּאַניש",
    "ka": "גרוזיניש",
    "kk": "קאַזאַכיש",
    "km": "כמער",
    "kn": "קאַנאַדאַ",
    "ko": "קארעאיש",
    "ku": "קורדיש",
    "ky": "קירגיזיש",
    "lb": "לוקסעמבורגיש",
    "lg": "Ganda",
    "ln": "Lingala",
    "lo": "לאַא",
    "lt": "ליטוויש",
    "lv": "לעטיש",
    "mai": "Maithili",
    "mg": "Malagasy",
    "mi": "מאַאריש",
    "mk": "מאַקעדאניש",
    "ml": "מאַלאַיאַלאַם",
    "mn": "מאנגאליש",
    "mni_Mtei": "Mni",
    "mr": "Marathi",
    "ms": "Malay",
    "mt": "מאַלטעזיש",
    "my": "בירמאַניש",
    "nb": "Norwegian Bokmål",
    "ne": "נעפּאַליש",
    "nl": "האלענדיש",
    "nn": "נײַ־נארוועגיש",
    "oc": "אקסיטאַניש",
    "om": "Oromo",
    "or": "Odia",
    "pa": "Punjabi",
    "pl": "פּויליש",
    "ps": "פּאַשטאָ",
    "pt": "פּארטוגעזיש",
    "pt_BR": "פּארטוגעזיש (בראַזיל)",
    "qu": "Quechua",
    "ro": "רומעניש",
    "ru": "רוסיש",
    "rw": "Kinyarwanda",
    "sa": "סאַנסקריט",
    "sc": "סאַרדיש",
    "sd": "סינדהי",
    "si": "סינהאַליש",
    "sk": "סלאוואַקיש",
    "sl": "סלאוועניש",
    "sn": "שאנאַ",
    "so": "סאמאַליש",
    "sq": "אַלבאַניש",
    "sr_Cyrl": "סערביש",
    "sr_Latn": "סערביש",
    "sr_Latn_ME": "סערביש (מאנטענעגרא)",
    "su": "Sundanese",
    "sv": "שוועדיש",
    "sw": "סוואַהיליש",
    "ta": "טאַמיל",
    "te": "Telugu",
    "tg": "Tajik",
    "th": "Thai",
    "ti": "Tigrinya",
    "tk": "טורקמעניש",
    "tl": "טאַגאַלאג",
    "tr": "Turkish",
    "tt": "טאָטעריש",
    "ug": "Uyghur",
    "uk": "אוקראַאיניש",
    "ur": "אורדו",
    "uz_Cyrl": "אוזבעקיש",
    "uz_Latn": "אוזבעקיש",
    "vi": "וויעטנאַמעזיש",
    "xh": "Xhosa",
    "yi": "ייִדיש",
    "yo": "Yoruba",
    "zh_CN": "כינעזיש (כינע)",
    "zh_HK": "כינעזיש (Hk)",
    "zh_TW": "כינעזיש (Tw)",
    "zu": "זולו"
}
