{
    "af": "Èdè Afrikani",
    "ak": "Èdè Akani",
    "am": "Èdè Amariki",
    "ar": "Èdè Árábìkì",
    "as": "Èdè Ti Assam",
    "az": "Èdè Azerbaijani",
    "be": "Èdè Belarusi",
    "bg": "Èdè Bugaria",
    "bho": "Èdè Bojuri",
    "bm": "Èdè Báḿbàrà",
    "bn": "Èdè Bengali",
    "bs": "Èdè Bosnia",
    "ca": "Èdè Catala",
    "ceb": "Èdè Cebuano",
    "ckb": "Ààrin Gbùngbùn Kurdish",
    "cs": "Èdè Seeki",
    "cy": "Èdè Welshi",
    "da": "Èdè Ilẹ̀ Denmark",
    "de": "Èdè Jámánì",
    "de_CH": "Èdè Jámánì (Switiṣilandi)",
    "doi": "Èdè Dogiri",
    "ee": "Èdè Ewè",
    "el": "Èdè Giriki",
    "en": "Èdè Gẹ̀ẹ́sì",
    "en_CA": "Èdè Gẹ̀ẹ́sì (Kánádà)",
    "eo": "Èdè Esperanto",
    "es": "Èdè Sípáníìṣì",
    "et": "Èdè Estonia",
    "eu": "Èdè Baski",
    "fa": "Èdè Pasia",
    "fi": "Èdè Finisi",
    "fil": "Èdè Filipino",
    "fr": "Èdè Faransé",
    "fy": "Èdè Frisia",
    "ga": "Èdè Ireland",
    "gd": "Èdè Gaelik Ti Ilu Scotland",
    "gl": "Èdè Galicia",
    "gu": "Èdè Gujarati",
    "ha": "Èdè Hausa",
    "haw": "Hawaiian",
    "he": "Èdè Heberu",
    "hi": "Èdè Híńdì",
    "hr": "Èdè Kroatia",
    "hu": "Èdè Hungaria",
    "hy": "Èdè Ile Armenia",
    "id": "Èdè Indonéṣíà",
    "ig": "Èdè Yíbò",
    "is": "Èdè Icelandic",
    "it": "Èdè Ítálì",
    "ja": "Èdè Jàpáànù",
    "ka": "Èdè Georgia",
    "kk": "Kaṣakì",
    "km": "Èdè Kameri",
    "kn": "Èdè Kannada",
    "ko": "Èdè Kòríà",
    "ku": "Kọdiṣì",
    "ky": "Kírígíìsì",
    "lb": "Lùṣẹ́mbọ́ọ̀gì",
    "lg": "Ganda",
    "ln": "Lìǹgálà",
    "lo": "Láò",
    "lt": "Èdè Lithuania",
    "lv": "Èdè Latvianu",
    "mai": "Èdè Matihi",
    "mg": "Malagasì",
    "mi": "Màórì",
    "mk": "Èdè Macedonia",
    "ml": "Málàyálámù",
    "mn": "Mòngólíà",
    "mni_Mtei": "Èdè Manipuri",
    "mr": "Èdè Marathi",
    "ms": "Èdè Malaya",
    "mt": "Èdè Malta",
    "my": "Èdè Bumiisi",
    "nb": "Nọ́ọ́wè Bokímàl",
    "ne": "Èdè Nepali",
    "nl": "Èdè Dọ́ọ̀ṣì",
    "nn": "Nọ́ọ́wè Nínọ̀sìkì",
    "oc": "Èdè Occitani",
    "om": "Òròmọ́",
    "or": "Òdíà",
    "pa": "Èdè Punjabi",
    "pl": "Èdè Póláǹdì",
    "ps": "Páshítò",
    "pt": "Èdè Pọtogí",
    "pt_BR": "Èdè Pọtogí (Bàràsílì)",
    "qu": "Kúẹ́ńjùà",
    "ro": "Èdè Romania",
    "ru": "Èdè Rọ́ṣíà",
    "rw": "Èdè Ruwanda",
    "sa": "Èdè Awon Ara Indo",
    "sc": "Èdè Sadini",
    "sd": "Èdè Sindhi",
    "si": "Èdè Sinhalese",
    "sk": "Èdè Slovaki",
    "sl": "Èdè Slovenia",
    "sn": "Ṣọnà",
    "so": "Èdè Ara Somalia",
    "sq": "Èdè Albania",
    "sr_Cyrl": "Èdè Serbia",
    "sr_Latn": "Èdè Serbia",
    "sr_Latn_ME": "Èdè Serbia (Montenegro)",
    "su": "Èdè Sudanísì",
    "sv": "Èdè Suwidiisi",
    "sw": "Èdè Swahili",
    "ta": "Èdè Tamili",
    "te": "Èdè Telugu",
    "tg": "Tàjíìkì",
    "th": "Èdè Tai",
    "ti": "Èdè Tigrinya",
    "tk": "Èdè Turkmen",
    "tl": "Tagalog",
    "tr": "Èdè Tọọkisi",
    "tt": "Tatarí",
    "ug": "Yúgọ̀",
    "uk": "Èdè Ukania",
    "ur": "Èdè Udu",
    "uz_Cyrl": "Èdè Uzbek",
    "uz_Latn": "Èdè Uzbek",
    "vi": "Èdè Jetinamu",
    "xh": "Èdè Xhosa",
    "yi": "Èdè Yiddishi",
    "yo": "Èdè Yorùbá",
    "zh_CN": "Edè Ṣáínà (Ṣáínà)",
    "zh_HK": "Edè Ṣáínà (Agbègbè Ìṣàkóso Ìṣúná Hong Kong Tí Ṣánà Ń Darí)",
    "zh_TW": "Edè Ṣáínà (Taiwani)",
    "zu": "Èdè Ṣulu"
}
