{
    "af": "南非荷兰语",
    "ak": "阿肯语",
    "am": "阿姆哈拉语",
    "ar": "阿拉伯语",
    "as": "阿萨姆语",
    "az": "阿塞拜疆语",
    "be": "白俄罗斯语",
    "bg": "保加利亚语",
    "bho": "博杰普尔语",
    "bm": "班巴拉语",
    "bn": "孟加拉语",
    "bs": "波斯尼亚语",
    "ca": "加泰罗尼亚语",
    "ceb": "宿务语",
    "ckb": "中库尔德语",
    "cs": "捷克语",
    "cy": "威尔士语",
    "da": "丹麦语",
    "de": "德语",
    "de_CH": "德语 (瑞士)",
    "doi": "多格拉语",
    "ee": "埃维语",
    "el": "希腊语",
    "en": "英语",
    "en_CA": "英语 (加拿大)",
    "eo": "世界语",
    "es": "西班牙语",
    "et": "爱沙尼亚语",
    "eu": "巴斯克语",
    "fa": "波斯语",
    "fi": "芬兰语",
    "fil": "菲律宾语",
    "fr": "法语",
    "fy": "西弗里西亚语",
    "ga": "爱尔兰语",
    "gd": "苏格兰盖尔语",
    "gl": "加利西亚语",
    "gu": "古吉拉特语",
    "ha": "豪萨语",
    "haw": "夏威夷语",
    "he": "希伯来语",
    "hi": "印地语",
    "hr": "克罗地亚语",
    "hu": "匈牙利语",
    "hy": "亚美尼亚语",
    "id": "印度尼西亚语",
    "ig": "伊博语",
    "is": "冰岛语",
    "it": "意大利语",
    "ja": "日语",
    "ka": "格鲁吉亚语",
    "kk": "哈萨克语",
    "km": "高棉语",
    "kn": "卡纳达语",
    "ko": "韩语",
    "ku": "库尔德语",
    "ky": "柯尔克孜语",
    "lb": "卢森堡语",
    "lg": "卢干达语",
    "ln": "林加拉语",
    "lo": "老挝语",
    "lt": "立陶宛语",
    "lv": "拉脱维亚语",
    "mai": "迈蒂利语",
    "mg": "马拉加斯语",
    "mi": "毛利语",
    "mk": "马其顿语",
    "ml": "马拉雅拉姆语",
    "mn": "蒙古语",
    "mni_Mtei": "曼尼普尔语",
    "mr": "马拉地语",
    "ms": "马来语",
    "mt": "马耳他语",
    "my": "缅甸语",
    "nb": "书面挪威语",
    "ne": "尼泊尔语",
    "nl": "荷兰语",
    "nn": "挪威尼诺斯克语",
    "oc": "奥克语",
    "om": "奥罗莫语",
    "or": "奥里亚语",
    "pa": "旁遮普语",
    "pl": "波兰语",
    "ps": "普什图语",
    "pt": "葡萄牙语",
    "pt_BR": "葡萄牙语 (巴西)",
    "qu": "克丘亚语",
    "ro": "罗马尼亚语",
    "ru": "俄语",
    "rw": "卢旺达语",
    "sa": "梵语",
    "sc": "萨丁语",
    "sd": "信德语",
    "si": "僧伽罗语",
    "sk": "斯洛伐克语",
    "sl": "斯洛文尼亚语",
    "sn": "绍纳语",
    "so": "索马里语",
    "sq": "阿尔巴尼亚语",
    "sr_Cyrl": "塞尔维亚语",
    "sr_Latn": "塞尔维亚语",
    "sr_Latn_ME": "塞尔维亚语 (黑山)",
    "su": "巽他语",
    "sv": "瑞典语",
    "sw": "斯瓦希里语",
    "ta": "泰米尔语",
    "te": "泰卢固语",
    "tg": "塔吉克语",
    "th": "泰语",
    "ti": "提格利尼亚语",
    "tk": "土库曼语",
    "tl": "他加禄语",
    "tr": "土耳其语",
    "tt": "鞑靼语",
    "ug": "维吾尔语",
    "uk": "乌克兰语",
    "ur": "乌尔都语",
    "uz_Cyrl": "乌兹别克语",
    "uz_Latn": "乌兹别克语",
    "vi": "越南语",
    "xh": "科萨语",
    "yi": "意第绪语",
    "yo": "约鲁巴语",
    "zh_CN": "中文 (中国)",
    "zh_HK": "中文 (中国香港特别行政区)",
    "zh_TW": "中文 (台湾)",
    "zu": "祖鲁语"
}
