{
    "af": "I-Afrikaans",
    "ak": "Isi-Akan",
    "am": "Isi-Amharic",
    "ar": "Isi-Arabic",
    "as": "Isi-Assamese",
    "az": "Isi-Azerbaijani",
    "be": "Isi-Belarusian",
    "bg": "Isi-Bulgari",
    "bho": "Isi-Bhojpuri",
    "bm": "Isi-Bambara",
    "bn": "Isi-Bengali",
    "bs": "Isi-Bosnian",
    "ca": "Isi-Catalan",
    "ceb": "Isi-Cebuano",
    "ckb": "Isi-Central Kurdish",
    "cs": "Isi-Czech",
    "cy": "Isi-Welsh",
    "da": "Isi-Danish",
    "de": "Isi-German",
    "de_CH": "Isi-German (I-Switzerland)",
    "doi": "Isi-Dogri",
    "ee": "Isi-Ewe",
    "el": "Isi-Greek",
    "en": "I-English",
    "en_CA": "I-English (I-Canada)",
    "eo": "Isi-Esperanto",
    "es": "Isi-Spanish",
    "et": "Isi-Estonia",
    "eu": "Isi-Basque",
    "fa": "Isi-Persian",
    "fi": "Isi-Finnish",
    "fil": "Isi-Filipino",
    "fr": "Isi-French",
    "fy": "Isi-Western Frisian",
    "ga": "Isi-Irish",
    "gd": "Isi-Scottish Gaelic",
    "gl": "Isi-Galicia",
    "gu": "Isi-Gujarati",
    "ha": "Isi-Hausa",
    "haw": "Isi-Hawaiian",
    "he": "Isi-Hebrew",
    "hi": "Isi-Hindi",
    "hr": "Isi-Croatian",
    "hu": "Isi-Hungarian",
    "hy": "Isi-Armenia",
    "id": "Isi-Indonesian",
    "ig": "Isi-Igbo",
    "is": "Isi-Icelandic",
    "it": "Isi-Italian",
    "ja": "Isi-Japanese",
    "ka": "Isi-Georgian",
    "kk": "Isi-Kazakh",
    "km": "Isi-Khmer",
    "kn": "Isi-Kannada",
    "ko": "Isi-Korean",
    "ku": "Isi-Kurdish",
    "ky": "Isi-Kyrgyz",
    "lb": "Isi-Luxembourgish",
    "lg": "Isi-Ganda",
    "ln": "Isi-Lingala",
    "lo": "Isi-Lao",
    "lt": "Isi-Lithuanian",
    "lv": "Isi-Latvian",
    "mai": "Isi-Maithili",
    "mg": "Isi-Malagasy",
    "mi": "Isi-Maori",
    "mk": "Isi-Macedonian",
    "ml": "Isi-Malayalam",
    "mn": "Isi-Mongolian",
    "mni_Mtei": "Isi-Manipuri",
    "mr": "Isi-Marathi",
    "ms": "Isi-Malay",
    "mt": "Isi-Maltese",
    "my": "Isi-Burmese",
    "nb": "Isi-Norwegian Bokmål",
    "ne": "Isi-Nepali",
    "nl": "Isi-Dutch",
    "nn": "Isi-Norwegian Nynorsk",
    "oc": "Isi-Occitan",
    "om": "Isi-Oromo",
    "or": "Isi-Odia",
    "pa": "Isi-Punjabi",
    "pl": "Isi-Polish",
    "ps": "Isi-Pashto",
    "pt": "Isi-Portuguese",
    "pt_BR": "Isi-Portuguese (I-Brazil)",
    "qu": "Isi-Quechua",
    "ro": "Isi-Romanian",
    "ru": "Isi-Russian",
    "rw": "Isi-Kinyarwanda",
    "sa": "Isi-Sanskrit",
    "sc": "Isi-Sardinian",
    "sd": "Isi-Sindhi",
    "si": "Isi-Sinhala",
    "sk": "Isi-Slovak",
    "sl": "Isi-Slovenian",
    "sn": "Isishona",
    "so": "Isi-Somali",
    "sq": "Isi-Albania",
    "sr_Cyrl": "Isi-Serbian",
    "sr_Latn": "Isi-Serbian",
    "sr_Latn_ME": "Isi-Serbian (I-Montenegro)",
    "su": "Isi-Sundanese",
    "sv": "Isi-Swedish",
    "sw": "Isiswahili",
    "ta": "Isi-Tamil",
    "te": "Isi-Telugu",
    "tg": "Isi-Tajik",
    "th": "Isi-Thai",
    "ti": "Isi-Tigrinya",
    "tk": "Isi-Turkmen",
    "tl": "Tagalog",
    "tr": "Isi-Turkish",
    "tt": "Isi-Tatar",
    "ug": "Isi-Uighur",
    "uk": "Isi-Ukrainian",
    "ur": "Isi-Urdu",
    "uz_Cyrl": "Isi-Uzbek",
    "uz_Latn": "Isi-Uzbek",
    "vi": "Isi-Vietnamese",
    "xh": "Isixhosa",
    "yi": "Isi-Yiddish",
    "yo": "Isi-Yoruba",
    "zh_CN": "Isi-Chinese (I-China)",
    "zh_HK": "Isi-Chinese (I-Hong Kong Sar China)",
    "zh_TW": "Isi-Chinese (I-Taiwan)",
    "zu": "Isizulu"
}
