{"af":{"code":"ZA","native":"Suid-Afrika","localized":"Suid-Afrika"},"ak":{"code":"GH","native":"Gaana","localized":"Gaana"},"am":{"code":"ET","native":"ኢትዮጵያ","localized":"ኢትዮጵያ"},"ar":{"code":"EG","native":"مصر","localized":"مصر"},"as":{"code":"IN","native":"ভাৰত","localized":"ভাৰত"},"az":{"code":"AZ","native":"Azərbaycan","localized":"Azərbaycan"},"be":{"code":"BY","native":"Беларусь","localized":"Беларусь"},"bg":{"code":"BG","native":"България","localized":"България"},"bho":{"code":"IN","native":"भारत","localized":"भारत"},"bm":{"code":"ML","native":"Mali","localized":"Mali"},"bn":{"code":"BD","native":"বাংলাদেশ","localized":"বাংলাদেশ"},"bs":{"code":"BA","native":"Bosna I Hercegovina","localized":"Bosna I Hercegovina"},"ca":{"code":"ES","native":"Espanya","localized":"Espanya"},"ceb":{"code":"PH","native":"Pilipinas","localized":"Pilipinas"},"ckb":{"code":"IQ","native":"عێراق","localized":"عێراق"},"cs":{"code":"CZ","native":"Česko","localized":"Česko"},"cy":{"code":"GB","native":"Y Deyrnas Unedig","localized":"Y Deyrnas Unedig"},"da":{"code":"DK","native":"Danmark","localized":"Danmark"},"de":{"code":"DE","native":"Deutschland","localized":"Deutschland"},"de_CH":{"code":"CH","native":"Schweiz","localized":"Schweiz"},"doi":{"code":"IN","native":"भारत","localized":"भारत"},"ee":{"code":"GH","native":"Ghana Nutome","localized":"Ghana Nutome"},"el":{"code":"GR","native":"Ελλάδα","localized":"Ελλάδα"},"en":{"code":"US","native":"United States","localized":"United States"},"en_CA":{"code":"CA","native":"Canada","localized":"Canada"},"eo":{"code":"001","native":"Mondo","localized":"Mondo"},"es":{"code":"ES","native":"España","localized":"España"},"et":{"code":"EE","native":"Eesti","localized":"Eesti"},"eu":{"code":"ES","native":"Espainia","localized":"Espainia"},"fa":{"code":"IR","native":"ایران","localized":"ایران"},"fi":{"code":"FI","native":"Suomi","localized":"Suomi"},"fil":{"code":"PH","native":"Pilipinas","localized":"Pilipinas"},"fr":{"code":"FR","native":"France","localized":"France"},"fy":{"code":"NL","native":"Nederlân","localized":"Nederlân"},"ga":{"code":"IE","native":"Éire","localized":"Éire"},"gd":{"code":"GB","native":"An Rìoghachd Aonaichte","localized":"An Rìoghachd Aonaichte"},"gl":{"code":"ES","native":"España","localized":"España"},"gu":{"code":"IN","native":"ભારત","localized":"ભારત"},"ha":{"code":"NG","native":"Nijeriya","localized":"Nijeriya"},"haw":{"code":"US","native":"ʻAmelika Hui Pū ʻIa","localized":"ʻAmelika Hui Pū ʻIa"},"he":{"code":"IL","native":"ישראל","localized":"ישראל"},"hi":{"code":"IN","native":"भारत","localized":"भारत"},"hr":{"code":"HR","native":"Hrvatska","localized":"Hrvatska"},"hu":{"code":"HU","native":"Magyarország","localized":"Magyarország"},"hy":{"code":"AM","native":"Հայաստան","localized":"Հայաստան"},"id":{"code":"ID","native":"Indonesia","localized":"Indonesia"},"ig":{"code":"NG","native":"Naịjịrịa","localized":"Naịjịrịa"},"is":{"code":"IS","native":"Ísland","localized":"Ísland"},"it":{"code":"IT","native":"Italia","localized":"Italia"},"ja":{"code":"JP","native":"日本","localized":"日本"},"ka":{"code":"GE","native":"საქართველო","localized":"საქართველო"},"kk":{"code":"KZ","native":"Қазақстан","localized":"Қазақстан"},"km":{"code":"KH","native":"កម្ពុជា","localized":"កម្ពុជា"},"kn":{"code":"IN","native":"ಭಾರತ","localized":"ಭಾರತ"},"ko":{"code":"KR","native":"대한민국","localized":"대한민국"},"ku":{"code":"TR","native":"Tirkiye","localized":"Tirkiye"},"ky":{"code":"KG","native":"Кыргызстан","localized":"Кыргызстан"},"lb":{"code":"LU","native":"Lëtzebuerg","localized":"Lëtzebuerg"},"lg":{"code":"UG","native":"Yuganda","localized":"Yuganda"},"ln":{"code":"CD","native":"Republíki Ya Kongó Demokratíki","localized":"Republíki Ya Kongó Demokratíki"},"lo":{"code":"LA","native":"ລາວ","localized":"ລາວ"},"lt":{"code":"LT","native":"Lietuva","localized":"Lietuva"},"lv":{"code":"LV","native":"Latvija","localized":"Latvija"},"mai":{"code":"IN","native":"भारत","localized":"भारत"},"mg":{"code":"MG","native":"Madagasikara","localized":"Madagasikara"},"mi":{"code":"NZ","native":"Aotearoa","localized":"Aotearoa"},"mk":{"code":"MK","native":"Северна Македонија","localized":"Северна Македонија"},"ml":{"code":"IN","native":"ഇന്ത്യ","localized":"ഇന്ത്യ"},"mn":{"code":"MN","native":"Монгол","localized":"Монгол"},"mni_Mtei":{"code":"IN","native":"India","localized":"India"},"mr":{"code":"IN","native":"भारत","localized":"भारत"},"ms":{"code":"MY","native":"Malaysia","localized":"Malaysia"},"mt":{"code":"MT","native":"Malta","localized":"Malta"},"my":{"code":"MM","native":"မြန်မာ","localized":"မြန်မာ"},"nb":{"code":"NO","native":"Norge","localized":"Norge"},"ne":{"code":"NP","native":"नेपाल","localized":"नेपाल"},"nl":{"code":"NL","native":"Nederland","localized":"Nederland"},"nn":{"code":"NO","native":"Noreg","localized":"Noreg"},"oc":{"code":"FR","native":"Fr","localized":"Fr"},"om":{"code":"ET","native":"Itoophiyaa","localized":"Itoophiyaa"},"or":{"code":"IN","native":"ଭାରତ","localized":"ଭାରତ"},"pa":{"code":"IN","native":"ਭਾਰਤ","localized":"ਭਾਰਤ"},"pl":{"code":"PL","native":"Polska","localized":"Polska"},"ps":{"code":"AF","native":"افغانستان","localized":"افغانستان"},"pt":{"code":"BR","native":"Brasil","localized":"Brasil"},"pt_BR":{"code":"BR","native":"Brasil","localized":"Brasil"},"qu":{"code":"PE","native":"Perú","localized":"Perú"},"ro":{"code":"RO","native":"România","localized":"România"},"ru":{"code":"RU","native":"Россия","localized":"Россия"},"rw":{"code":"RW","native":"U Rwanda","localized":"U Rwanda"},"sa":{"code":"IN","native":"भारतः","localized":"भारतः"},"sc":{"code":"IT","native":"Itàlia","localized":"Itàlia"},"sd":{"code":"PK","native":"پاڪستان","localized":"پاڪستان"},"si":{"code":"LK","native":"ශ්‍රී ලංකාව","localized":"ශ්‍රී ලංකාව"},"sk":{"code":"SK","native":"Slovensko","localized":"Slovensko"},"sl":{"code":"SI","native":"Slovenija","localized":"Slovenija"},"sn":{"code":"ZW","native":"Zimbabwe","localized":"Zimbabwe"},"so":{"code":"SO","native":"Soomaaliya","localized":"Soomaaliya"},"sq":{"code":"AL","native":"Shqipëri","localized":"Shqipëri"},"sr_Cyrl":{"code":"RS","native":"Србија","localized":"Србија"},"sr_Latn":{"code":"RS","native":"Serbia","localized":"Serbia"},"sr_Latn_ME":{"code":"ME","native":"Montenegro","localized":"Montenegro"},"su":{"code":"ID","native":"Indonesia","localized":"Indonesia"},"sv":{"code":"SE","native":"Sverige","localized":"Sverige"},"sw":{"code":"TZ","native":"Tanzania","localized":"Tanzania"},"ta":{"code":"IN","native":"இந்தியா","localized":"இந்தியா"},"te":{"code":"IN","native":"భారతదేశం","localized":"భారతదేశం"},"tg":{"code":"TJ","native":"Тоҷикистон","localized":"Тоҷикистон"},"th":{"code":"TH","native":"ไทย","localized":"ไทย"},"ti":{"code":"ET","native":"ኢትዮጵያ","localized":"ኢትዮጵያ"},"tk":{"code":"TM","native":"Türkmenistan","localized":"Türkmenistan"},"tl":{"code":"PH","native":"Philippines","localized":"Philippines"},"tr":{"code":"TR","native":"Türkiye","localized":"Türkiye"},"tt":{"code":"RU","native":"Россия","localized":"Россия"},"ug":{"code":"CN","native":"جۇڭگو","localized":"جۇڭگو"},"uk":{"code":"UA","native":"Україна","localized":"Україна"},"ur":{"code":"PK","native":"پاکستان","localized":"پاکستان"},"uz_Cyrl":{"code":"UZ","native":"Uzbekistan","localized":"Uzbekistan"},"uz_Latn":{"code":"UZ","native":"Oʻzbekiston","localized":"Oʻzbekiston"},"vi":{"code":"VN","native":"Việt Nam","localized":"Việt Nam"},"xh":{"code":"ZA","native":"Emzantsi Afrika","localized":"Emzantsi Afrika"},"yi":{"code":"001","native":"וועלט","localized":"וועלט"},"yo":{"code":"NG","native":"Nàìjíríà","localized":"Nàìjíríà"},"zh_CN":{"code":"CN","native":"中国","localized":"中国"},"zh_HK":{"code":"HK","native":"中国香港特别行政区","localized":"中国香港特别行政区"},"zh_TW":{"code":"TW","native":"台湾","localized":"台湾"},"zu":{"code":"ZA","native":"Iningizimu Afrika","localized":"Iningizimu Afrika"}}
