{"af":{"code":"ZA","native":"Suid-Afrika","localized":"Suid-Afrika"},"ak":{"code":"GH","native":"Gaana","localized":"Ghana"},"am":{"code":"ET","native":"ኢትዮጵያ","localized":"Ethiopië"},"ar":{"code":"EG","native":"مصر","localized":"Egipte"},"as":{"code":"IN","native":"ভাৰত","localized":"Indië"},"az":{"code":"AZ","native":"Azərbaycan","localized":"Azerbeidjan"},"be":{"code":"BY","native":"Беларусь","localized":"Belarus"},"bg":{"code":"BG","native":"България","localized":"Bulgarye"},"bho":{"code":"IN","native":"भारत","localized":"Indië"},"bm":{"code":"ML","native":"Mali","localized":"Mali"},"bn":{"code":"BD","native":"বাংলাদেশ","localized":"Bangladesj"},"bs":{"code":"BA","native":"Bosna I Hercegovina","localized":"Bosnië En Herzegowina"},"ca":{"code":"ES","native":"Espanya","localized":"Spanje"},"ceb":{"code":"PH","native":"Pilipinas","localized":"Filippyne"},"ckb":{"code":"IQ","native":"عێراق","localized":"Irak"},"cs":{"code":"CZ","native":"Česko","localized":"Tsjeggië"},"cy":{"code":"GB","native":"Y Deyrnas Unedig","localized":"Verenigde Koninkryk"},"da":{"code":"DK","native":"Danmark","localized":"Denemarke"},"de":{"code":"DE","native":"Deutschland","localized":"Duitsland"},"de_CH":{"code":"CH","native":"Schweiz","localized":"Switserland"},"doi":{"code":"IN","native":"भारत","localized":"Indië"},"ee":{"code":"GH","native":"Ghana Nutome","localized":"Ghana"},"el":{"code":"GR","native":"Ελλάδα","localized":"Griekeland"},"en":{"code":"US","native":"United States","localized":"Verenigde State Van Amerika"},"en_CA":{"code":"CA","native":"Canada","localized":"Kanada"},"eo":{"code":"001","native":"Mondo","localized":"Wêreld"},"es":{"code":"ES","native":"España","localized":"Spanje"},"et":{"code":"EE","native":"Eesti","localized":"Estland"},"eu":{"code":"ES","native":"Espainia","localized":"Spanje"},"fa":{"code":"IR","native":"ایران","localized":"Iran"},"fi":{"code":"FI","native":"Suomi","localized":"Finland"},"fil":{"code":"PH","native":"Pilipinas","localized":"Filippyne"},"fr":{"code":"FR","native":"France","localized":"Frankryk"},"fy":{"code":"NL","native":"Nederlân","localized":"Nederland"},"ga":{"code":"IE","native":"Éire","localized":"Ierland"},"gd":{"code":"GB","native":"An Rìoghachd Aonaichte","localized":"Verenigde Koninkryk"},"gl":{"code":"ES","native":"España","localized":"Spanje"},"gu":{"code":"IN","native":"ભારત","localized":"Indië"},"ha":{"code":"NG","native":"Nijeriya","localized":"Nigerië"},"haw":{"code":"US","native":"ʻAmelika Hui Pū ʻIa","localized":"Verenigde State Van Amerika"},"he":{"code":"IL","native":"ישראל","localized":"Israel"},"hi":{"code":"IN","native":"भारत","localized":"Indië"},"hr":{"code":"HR","native":"Hrvatska","localized":"Kroasië"},"hu":{"code":"HU","native":"Magyarország","localized":"Hongarye"},"hy":{"code":"AM","native":"Հայաստան","localized":"Armenië"},"id":{"code":"ID","native":"Indonesia","localized":"Indonesië"},"ig":{"code":"NG","native":"Naịjịrịa","localized":"Nigerië"},"is":{"code":"IS","native":"Ísland","localized":"Ysland"},"it":{"code":"IT","native":"Italia","localized":"Italië"},"ja":{"code":"JP","native":"日本","localized":"Japan"},"ka":{"code":"GE","native":"საქართველო","localized":"Georgië"},"kk":{"code":"KZ","native":"Қазақстан","localized":"Kazakstan"},"km":{"code":"KH","native":"កម្ពុជា","localized":"Kambodja"},"kn":{"code":"IN","native":"ಭಾರತ","localized":"Indië"},"ko":{"code":"KR","native":"대한민국","localized":"Suid-Korea"},"ku":{"code":"TR","native":"Tirkiye","localized":"Turkye"},"ky":{"code":"KG","native":"Кыргызстан","localized":"Kirgistan"},"lb":{"code":"LU","native":"Lëtzebuerg","localized":"Luxemburg"},"lg":{"code":"UG","native":"Yuganda","localized":"Uganda"},"ln":{"code":"CD","native":"Republíki Ya Kongó Demokratíki","localized":"Demokratiese Republiek Van Die Kongo"},"lo":{"code":"LA","native":"ລາວ","localized":"Laos"},"lt":{"code":"LT","native":"Lietuva","localized":"Litaue"},"lv":{"code":"LV","native":"Latvija","localized":"Letland"},"mai":{"code":"IN","native":"भारत","localized":"Indië"},"mg":{"code":"MG","native":"Madagasikara","localized":"Madagaskar"},"mi":{"code":"NZ","native":"Aotearoa","localized":"Nieu-Seeland"},"mk":{"code":"MK","native":"Северна Македонија","localized":"Noord-Macedonië"},"ml":{"code":"IN","native":"ഇന്ത്യ","localized":"Indië"},"mn":{"code":"MN","native":"Монгол","localized":"Mongolië"},"mni_Mtei":{"code":"IN","native":"India","localized":"Indië"},"mr":{"code":"IN","native":"भारत","localized":"Indië"},"ms":{"code":"MY","native":"Malaysia","localized":"Maleisië"},"mt":{"code":"MT","native":"Malta","localized":"Malta"},"my":{"code":"MM","native":"မြန်မာ","localized":"Mianmar (Birma)"},"nb":{"code":"NO","native":"Norge","localized":"Noorweë"},"ne":{"code":"NP","native":"नेपाल","localized":"Nepal"},"nl":{"code":"NL","native":"Nederland","localized":"Nederland"},"nn":{"code":"NO","native":"Noreg","localized":"Noorweë"},"oc":{"code":"FR","native":"Fr","localized":"Frankryk"},"om":{"code":"ET","native":"Itoophiyaa","localized":"Ethiopië"},"or":{"code":"IN","native":"ଭାରତ","localized":"Indië"},"pa":{"code":"IN","native":"ਭਾਰਤ","localized":"Indië"},"pl":{"code":"PL","native":"Polska","localized":"Pole"},"ps":{"code":"AF","native":"افغانستان","localized":"Afganistan"},"pt":{"code":"BR","native":"Brasil","localized":"Brasilië"},"pt_BR":{"code":"BR","native":"Brasil","localized":"Brasilië"},"qu":{"code":"PE","native":"Perú","localized":"Peru"},"ro":{"code":"RO","native":"România","localized":"Roemenië"},"ru":{"code":"RU","native":"Россия","localized":"Rusland"},"rw":{"code":"RW","native":"U Rwanda","localized":"Rwanda"},"sa":{"code":"IN","native":"भारतः","localized":"Indië"},"sc":{"code":"IT","native":"Itàlia","localized":"Italië"},"sd":{"code":"PK","native":"پاڪستان","localized":"Pakistan"},"si":{"code":"LK","native":"ශ්‍රී ලංකාව","localized":"Sri Lanka"},"sk":{"code":"SK","native":"Slovensko","localized":"Slowakye"},"sl":{"code":"SI","native":"Slovenija","localized":"Slowenië"},"sn":{"code":"ZW","native":"Zimbabwe","localized":"Zimbabwe"},"so":{"code":"SO","native":"Soomaaliya","localized":"Somalië"},"sq":{"code":"AL","native":"Shqipëri","localized":"Albanië"},"sr_Cyrl":{"code":"RS","native":"Србија","localized":"Serwië"},"sr_Latn":{"code":"RS","native":"Serbia","localized":"Serwië"},"sr_Latn_ME":{"code":"ME","native":"Montenegro","localized":"Montenegro"},"su":{"code":"ID","native":"Indonesia","localized":"Indonesië"},"sv":{"code":"SE","native":"Sverige","localized":"Swede"},"sw":{"code":"TZ","native":"Tanzania","localized":"Tanzanië"},"ta":{"code":"IN","native":"இந்தியா","localized":"Indië"},"te":{"code":"IN","native":"భారతదేశం","localized":"Indië"},"tg":{"code":"TJ","native":"Тоҷикистон","localized":"Tadjikistan"},"th":{"code":"TH","native":"ไทย","localized":"Thailand"},"ti":{"code":"ET","native":"ኢትዮጵያ","localized":"Ethiopië"},"tk":{"code":"TM","native":"Türkmenistan","localized":"Turkmenistan"},"tl":{"code":"PH","native":"Philippines","localized":"Filippyne"},"tr":{"code":"TR","native":"Türkiye","localized":"Turkye"},"tt":{"code":"RU","native":"Россия","localized":"Rusland"},"ug":{"code":"CN","native":"جۇڭگو","localized":"China"},"uk":{"code":"UA","native":"Україна","localized":"Oekraïne"},"ur":{"code":"PK","native":"پاکستان","localized":"Pakistan"},"uz_Cyrl":{"code":"UZ","native":"Uzbekistan","localized":"Oesbekistan"},"uz_Latn":{"code":"UZ","native":"Oʻzbekiston","localized":"Oesbekistan"},"vi":{"code":"VN","native":"Việt Nam","localized":"Viëtnam"},"xh":{"code":"ZA","native":"Emzantsi Afrika","localized":"Suid-Afrika"},"yi":{"code":"001","native":"וועלט","localized":"Wêreld"},"yo":{"code":"NG","native":"Nàìjíríà","localized":"Nigerië"},"zh_CN":{"code":"CN","native":"中国","localized":"China"},"zh_HK":{"code":"HK","native":"中国香港特别行政区","localized":"Hongkong Sas China"},"zh_TW":{"code":"TW","native":"台湾","localized":"Taiwan"},"zu":{"code":"ZA","native":"Iningizimu Afrika","localized":"Suid-Afrika"}}
