{"af":{"code":"ZA","native":"Suid-Afrika","localized":"Afrika Anaafo"},"ak":{"code":"GH","native":"Gaana","localized":"Gaana"},"am":{"code":"ET","native":"ኢትዮጵያ","localized":"Ithiopia"},"ar":{"code":"EG","native":"مصر","localized":"Nisrim"},"as":{"code":"IN","native":"ভাৰত","localized":"India"},"az":{"code":"AZ","native":"Azərbaycan","localized":"Azebaegyan"},"be":{"code":"BY","native":"Беларусь","localized":"Bɛlarus"},"bg":{"code":"BG","native":"България","localized":"Bɔlgeria"},"bho":{"code":"IN","native":"भारत","localized":"India"},"bm":{"code":"ML","native":"Mali","localized":"Mali"},"bn":{"code":"BD","native":"বাংলাদেশ","localized":"Bangladɛhye"},"bs":{"code":"BA","native":"Bosna I Hercegovina","localized":"Bosnia Ne Hɛzegovina"},"ca":{"code":"ES","native":"Espanya","localized":"Spain"},"ceb":{"code":"PH","native":"Pilipinas","localized":"Philippines"},"ckb":{"code":"IQ","native":"عێراق","localized":"Irak"},"cs":{"code":"CZ","native":"Česko","localized":"Kyɛk Kurokɛse"},"cy":{"code":"GB","native":"Y Deyrnas Unedig","localized":"Ahendiman Nkabom"},"da":{"code":"DK","native":"Danmark","localized":"Dɛnmak"},"de":{"code":"DE","native":"Deutschland","localized":"Gyaaman"},"de_CH":{"code":"CH","native":"Schweiz","localized":"Swetzaland"},"doi":{"code":"IN","native":"भारत","localized":"India"},"ee":{"code":"GH","native":"Ghana Nutome","localized":"Gaana"},"el":{"code":"GR","native":"Ελλάδα","localized":"Greekman"},"en":{"code":"US","native":"United States","localized":"Amɛrika"},"en_CA":{"code":"CA","native":"Canada","localized":"Kanada"},"eo":{"code":"001","native":"Mondo","localized":"001"},"es":{"code":"ES","native":"España","localized":"Spain"},"et":{"code":"EE","native":"Eesti","localized":"Ɛstonia"},"eu":{"code":"ES","native":"Espainia","localized":"Spain"},"fa":{"code":"IR","native":"ایران","localized":"Iran"},"fi":{"code":"FI","native":"Suomi","localized":"Finland"},"fil":{"code":"PH","native":"Pilipinas","localized":"Philippines"},"fr":{"code":"FR","native":"France","localized":"Frɛnkyeman"},"fy":{"code":"NL","native":"Nederlân","localized":"Nɛdɛland"},"ga":{"code":"IE","native":"Éire","localized":"Aereland"},"gd":{"code":"GB","native":"An Rìoghachd Aonaichte","localized":"Ahendiman Nkabom"},"gl":{"code":"ES","native":"España","localized":"Spain"},"gu":{"code":"IN","native":"ભારત","localized":"India"},"ha":{"code":"NG","native":"Nijeriya","localized":"Naegyeria"},"haw":{"code":"US","native":"ʻAmelika Hui Pū ʻIa","localized":"Amɛrika"},"he":{"code":"IL","native":"ישראל","localized":"Israel"},"hi":{"code":"IN","native":"भारत","localized":"India"},"hr":{"code":"HR","native":"Hrvatska","localized":"Krowehyia"},"hu":{"code":"HU","native":"Magyarország","localized":"Hangari"},"hy":{"code":"AM","native":"Հայաստան","localized":"Aamenia"},"id":{"code":"ID","native":"Indonesia","localized":"Indɔnehyia"},"ig":{"code":"NG","native":"Naịjịrịa","localized":"Naegyeria"},"is":{"code":"IS","native":"Ísland","localized":"Aesland"},"it":{"code":"IT","native":"Italia","localized":"Itali"},"ja":{"code":"JP","native":"日本","localized":"Gyapan"},"ka":{"code":"GE","native":"საქართველო","localized":"Gyɔgyea"},"kk":{"code":"KZ","native":"Қазақстан","localized":"Kazakstan"},"km":{"code":"KH","native":"កម្ពុជា","localized":"Kambodia"},"kn":{"code":"IN","native":"ಭಾರತ","localized":"India"},"ko":{"code":"KR","native":"대한민국","localized":"Anaafo Koria"},"ku":{"code":"TR","native":"Tirkiye","localized":"Tɛɛki"},"ky":{"code":"KG","native":"Кыргызстан","localized":"Kɛɛgestan"},"lb":{"code":"LU","native":"Lëtzebuerg","localized":"Laksembɛg"},"lg":{"code":"UG","native":"Yuganda","localized":"Uganda"},"ln":{"code":"CD","native":"Republíki Ya Kongó Demokratíki","localized":"Kongo (Zair)"},"lo":{"code":"LA","native":"ລາວ","localized":"Laos"},"lt":{"code":"LT","native":"Lietuva","localized":"Lituwenia"},"lv":{"code":"LV","native":"Latvija","localized":"Latvia"},"mai":{"code":"IN","native":"भारत","localized":"India"},"mg":{"code":"MG","native":"Madagasikara","localized":"Madagaska"},"mi":{"code":"NZ","native":"Aotearoa","localized":"Ziland Foforo"},"mk":{"code":"MK","native":"Северна Македонија","localized":"Mk"},"ml":{"code":"IN","native":"ഇന്ത്യ","localized":"India"},"mn":{"code":"MN","native":"Монгол","localized":"Mɔngolia"},"mni_Mtei":{"code":"IN","native":"India","localized":"India"},"mr":{"code":"IN","native":"भारत","localized":"India"},"ms":{"code":"MY","native":"Malaysia","localized":"Malehyia"},"mt":{"code":"MT","native":"Malta","localized":"Mɔlta"},"my":{"code":"MM","native":"မြန်မာ","localized":"Miyanma"},"nb":{"code":"NO","native":"Norge","localized":"Nɔɔwe"},"ne":{"code":"NP","native":"नेपाल","localized":"Nɛpɔl"},"nl":{"code":"NL","native":"Nederland","localized":"Nɛdɛland"},"nn":{"code":"NO","native":"Noreg","localized":"Nɔɔwe"},"oc":{"code":"FR","native":"Fr","localized":"Frɛnkyeman"},"om":{"code":"ET","native":"Itoophiyaa","localized":"Ithiopia"},"or":{"code":"IN","native":"ଭାରତ","localized":"India"},"pa":{"code":"IN","native":"ਭਾਰਤ","localized":"India"},"pl":{"code":"PL","native":"Polska","localized":"Poland"},"ps":{"code":"AF","native":"افغانستان","localized":"Afganistan"},"pt":{"code":"BR","native":"Brasil","localized":"Brazil"},"pt_BR":{"code":"BR","native":"Brasil","localized":"Brazil"},"qu":{"code":"PE","native":"Perú","localized":"Peru"},"ro":{"code":"RO","native":"România","localized":"Romenia"},"ru":{"code":"RU","native":"Россия","localized":"Rɔhyea"},"rw":{"code":"RW","native":"U Rwanda","localized":"Rwanda"},"sa":{"code":"IN","native":"भारतः","localized":"India"},"sc":{"code":"IT","native":"Itàlia","localized":"Itali"},"sd":{"code":"PK","native":"پاڪستان","localized":"Pakistan"},"si":{"code":"LK","native":"ශ්‍රී ලංකාව","localized":"Sri Lanka"},"sk":{"code":"SK","native":"Slovensko","localized":"Slovakia"},"sl":{"code":"SI","native":"Slovenija","localized":"Slovinia"},"sn":{"code":"ZW","native":"Zimbabwe","localized":"Zembabwe"},"so":{"code":"SO","native":"Soomaaliya","localized":"Somalia"},"sq":{"code":"AL","native":"Shqipëri","localized":"Albenia"},"sr_Cyrl":{"code":"RS","native":"Србија","localized":"Rs"},"sr_Latn":{"code":"RS","native":"Serbia","localized":"Rs"},"sr_Latn_ME":{"code":"ME","native":"Montenegro","localized":"Me"},"su":{"code":"ID","native":"Indonesia","localized":"Indɔnehyia"},"sv":{"code":"SE","native":"Sverige","localized":"Sweden"},"sw":{"code":"TZ","native":"Tanzania","localized":"Tanzania"},"ta":{"code":"IN","native":"இந்தியா","localized":"India"},"te":{"code":"IN","native":"భారతదేశం","localized":"India"},"tg":{"code":"TJ","native":"Тоҷикистон","localized":"Tajikistan"},"th":{"code":"TH","native":"ไทย","localized":"Taeland"},"ti":{"code":"ET","native":"ኢትዮጵያ","localized":"Ithiopia"},"tk":{"code":"TM","native":"Türkmenistan","localized":"Tɛkmɛnistan"},"tl":{"code":"PH","native":"Philippines","localized":"Philippines"},"tr":{"code":"TR","native":"Türkiye","localized":"Tɛɛki"},"tt":{"code":"RU","native":"Россия","localized":"Rɔhyea"},"ug":{"code":"CN","native":"جۇڭگو","localized":"Kyaena"},"uk":{"code":"UA","native":"Україна","localized":"Ukren"},"ur":{"code":"PK","native":"پاکستان","localized":"Pakistan"},"uz_Cyrl":{"code":"UZ","native":"Uzbekistan","localized":"Uzbɛkistan"},"uz_Latn":{"code":"UZ","native":"Oʻzbekiston","localized":"Uzbɛkistan"},"vi":{"code":"VN","native":"Việt Nam","localized":"Viɛtnam"},"xh":{"code":"ZA","native":"Emzantsi Afrika","localized":"Afrika Anaafo"},"yi":{"code":"001","native":"וועלט","localized":"001"},"yo":{"code":"NG","native":"Nàìjíríà","localized":"Naegyeria"},"zh_CN":{"code":"CN","native":"中国","localized":"Kyaena"},"zh_HK":{"code":"HK","native":"中国香港特别行政区","localized":"Hk"},"zh_TW":{"code":"TW","native":"台湾","localized":"Taiwan"},"zu":{"code":"ZA","native":"Iningizimu Afrika","localized":"Afrika Anaafo"}}
