{"af":{"code":"ZA","native":"Suid-Afrika","localized":"ደቡብ አፍሪካ"},"ak":{"code":"GH","native":"Gaana","localized":"ጋና"},"am":{"code":"ET","native":"ኢትዮጵያ","localized":"ኢትዮጵያ"},"ar":{"code":"EG","native":"مصر","localized":"ግብጽ"},"as":{"code":"IN","native":"ভাৰত","localized":"ህንድ"},"az":{"code":"AZ","native":"Azərbaycan","localized":"አዘርባጃን"},"be":{"code":"BY","native":"Беларусь","localized":"ቤላሩስ"},"bg":{"code":"BG","native":"България","localized":"ቡልጌሪያ"},"bho":{"code":"IN","native":"भारत","localized":"ህንድ"},"bm":{"code":"ML","native":"Mali","localized":"ማሊ"},"bn":{"code":"BD","native":"বাংলাদেশ","localized":"ባንግላዲሽ"},"bs":{"code":"BA","native":"Bosna I Hercegovina","localized":"ቦስኒያ እና ሄርዞጎቪኒያ"},"ca":{"code":"ES","native":"Espanya","localized":"ስፔን"},"ceb":{"code":"PH","native":"Pilipinas","localized":"ፊሊፒንስ"},"ckb":{"code":"IQ","native":"عێراق","localized":"ኢራቅ"},"cs":{"code":"CZ","native":"Česko","localized":"ቼቺያ"},"cy":{"code":"GB","native":"Y Deyrnas Unedig","localized":"ዩናይትድ ኪንግደም"},"da":{"code":"DK","native":"Danmark","localized":"ዴንማርክ"},"de":{"code":"DE","native":"Deutschland","localized":"ጀርመን"},"de_CH":{"code":"CH","native":"Schweiz","localized":"ስዊዘርላንድ"},"doi":{"code":"IN","native":"भारत","localized":"ህንድ"},"ee":{"code":"GH","native":"Ghana Nutome","localized":"ጋና"},"el":{"code":"GR","native":"Ελλάδα","localized":"ግሪክ"},"en":{"code":"US","native":"United States","localized":"ዩናይትድ ስቴትስ"},"en_CA":{"code":"CA","native":"Canada","localized":"ካናዳ"},"eo":{"code":"001","native":"Mondo","localized":"ዓለም"},"es":{"code":"ES","native":"España","localized":"ስፔን"},"et":{"code":"EE","native":"Eesti","localized":"ኤስቶኒያ"},"eu":{"code":"ES","native":"Espainia","localized":"ስፔን"},"fa":{"code":"IR","native":"ایران","localized":"ኢራን"},"fi":{"code":"FI","native":"Suomi","localized":"ፊንላንድ"},"fil":{"code":"PH","native":"Pilipinas","localized":"ፊሊፒንስ"},"fr":{"code":"FR","native":"France","localized":"ፈረንሳይ"},"fy":{"code":"NL","native":"Nederlân","localized":"ኔዘርላንድ"},"ga":{"code":"IE","native":"Éire","localized":"አየርላንድ"},"gd":{"code":"GB","native":"An Rìoghachd Aonaichte","localized":"ዩናይትድ ኪንግደም"},"gl":{"code":"ES","native":"España","localized":"ስፔን"},"gu":{"code":"IN","native":"ભારત","localized":"ህንድ"},"ha":{"code":"NG","native":"Nijeriya","localized":"ናይጄሪያ"},"haw":{"code":"US","native":"ʻAmelika Hui Pū ʻIa","localized":"ዩናይትድ ስቴትስ"},"he":{"code":"IL","native":"ישראל","localized":"እስራኤል"},"hi":{"code":"IN","native":"भारत","localized":"ህንድ"},"hr":{"code":"HR","native":"Hrvatska","localized":"ክሮኤሽያ"},"hu":{"code":"HU","native":"Magyarország","localized":"ሀንጋሪ"},"hy":{"code":"AM","native":"Հայաստան","localized":"አርሜኒያ"},"id":{"code":"ID","native":"Indonesia","localized":"ኢንዶኔዢያ"},"ig":{"code":"NG","native":"Naịjịrịa","localized":"ናይጄሪያ"},"is":{"code":"IS","native":"Ísland","localized":"አይስላንድ"},"it":{"code":"IT","native":"Italia","localized":"ጣሊያን"},"ja":{"code":"JP","native":"日本","localized":"ጃፓን"},"ka":{"code":"GE","native":"საქართველო","localized":"ጆርጂያ"},"kk":{"code":"KZ","native":"Қазақстан","localized":"ካዛኪስታን"},"km":{"code":"KH","native":"កម្ពុជា","localized":"ካምቦዲያ"},"kn":{"code":"IN","native":"ಭಾರತ","localized":"ህንድ"},"ko":{"code":"KR","native":"대한민국","localized":"ደቡብ ኮሪያ"},"ku":{"code":"TR","native":"Tirkiye","localized":"ቱርክ"},"ky":{"code":"KG","native":"Кыргызстан","localized":"ኪርጊስታን"},"lb":{"code":"LU","native":"Lëtzebuerg","localized":"ሉክሰምበርግ"},"lg":{"code":"UG","native":"Yuganda","localized":"ዩጋንዳ"},"ln":{"code":"CD","native":"Republíki Ya Kongó Demokratíki","localized":"ኮንጎ-ኪንሻሳ"},"lo":{"code":"LA","native":"ລາວ","localized":"ላኦስ"},"lt":{"code":"LT","native":"Lietuva","localized":"ሊቱዌኒያ"},"lv":{"code":"LV","native":"Latvija","localized":"ላትቪያ"},"mai":{"code":"IN","native":"भारत","localized":"ህንድ"},"mg":{"code":"MG","native":"Madagasikara","localized":"ማዳጋስካር"},"mi":{"code":"NZ","native":"Aotearoa","localized":"ኒው ዚላንድ"},"mk":{"code":"MK","native":"Северна Македонија","localized":"ሰሜን መቄዶንያ"},"ml":{"code":"IN","native":"ഇന്ത്യ","localized":"ህንድ"},"mn":{"code":"MN","native":"Монгол","localized":"ሞንጎሊያ"},"mni_Mtei":{"code":"IN","native":"India","localized":"ህንድ"},"mr":{"code":"IN","native":"भारत","localized":"ህንድ"},"ms":{"code":"MY","native":"Malaysia","localized":"ማሌዢያ"},"mt":{"code":"MT","native":"Malta","localized":"ማልታ"},"my":{"code":"MM","native":"မြန်မာ","localized":"ማይናማር(በርማ)"},"nb":{"code":"NO","native":"Norge","localized":"ኖርዌይ"},"ne":{"code":"NP","native":"नेपाल","localized":"ኔፓል"},"nl":{"code":"NL","native":"Nederland","localized":"ኔዘርላንድ"},"nn":{"code":"NO","native":"Noreg","localized":"ኖርዌይ"},"oc":{"code":"FR","native":"Fr","localized":"ፈረንሳይ"},"om":{"code":"ET","native":"Itoophiyaa","localized":"ኢትዮጵያ"},"or":{"code":"IN","native":"ଭାରତ","localized":"ህንድ"},"pa":{"code":"IN","native":"ਭਾਰਤ","localized":"ህንድ"},"pl":{"code":"PL","native":"Polska","localized":"ፖላንድ"},"ps":{"code":"AF","native":"افغانستان","localized":"አፍጋኒስታን"},"pt":{"code":"BR","native":"Brasil","localized":"ብራዚል"},"pt_BR":{"code":"BR","native":"Brasil","localized":"ብራዚል"},"qu":{"code":"PE","native":"Perú","localized":"ፔሩ"},"ro":{"code":"RO","native":"România","localized":"ሮሜኒያ"},"ru":{"code":"RU","native":"Россия","localized":"ሩስያ"},"rw":{"code":"RW","native":"U Rwanda","localized":"ሩዋንዳ"},"sa":{"code":"IN","native":"भारतः","localized":"ህንድ"},"sc":{"code":"IT","native":"Itàlia","localized":"ጣሊያን"},"sd":{"code":"PK","native":"پاڪستان","localized":"ፓኪስታን"},"si":{"code":"LK","native":"ශ්‍රී ලංකාව","localized":"ሲሪላንካ"},"sk":{"code":"SK","native":"Slovensko","localized":"ስሎቫኪያ"},"sl":{"code":"SI","native":"Slovenija","localized":"ስሎቬኒያ"},"sn":{"code":"ZW","native":"Zimbabwe","localized":"ዚምቧቤ"},"so":{"code":"SO","native":"Soomaaliya","localized":"ሱማሌ"},"sq":{"code":"AL","native":"Shqipëri","localized":"አልባኒያ"},"sr_Cyrl":{"code":"RS","native":"Србија","localized":"ሰርብያ"},"sr_Latn":{"code":"RS","native":"Serbia","localized":"ሰርብያ"},"sr_Latn_ME":{"code":"ME","native":"Montenegro","localized":"ሞንተኔግሮ"},"su":{"code":"ID","native":"Indonesia","localized":"ኢንዶኔዢያ"},"sv":{"code":"SE","native":"Sverige","localized":"ስዊድን"},"sw":{"code":"TZ","native":"Tanzania","localized":"ታንዛኒያ"},"ta":{"code":"IN","native":"இந்தியா","localized":"ህንድ"},"te":{"code":"IN","native":"భారతదేశం","localized":"ህንድ"},"tg":{"code":"TJ","native":"Тоҷикистон","localized":"ታጃኪስታን"},"th":{"code":"TH","native":"ไทย","localized":"ታይላንድ"},"ti":{"code":"ET","native":"ኢትዮጵያ","localized":"ኢትዮጵያ"},"tk":{"code":"TM","native":"Türkmenistan","localized":"ቱርክሜኒስታን"},"tl":{"code":"PH","native":"Philippines","localized":"ፊሊፒንስ"},"tr":{"code":"TR","native":"Türkiye","localized":"ቱርክ"},"tt":{"code":"RU","native":"Россия","localized":"ሩስያ"},"ug":{"code":"CN","native":"جۇڭگو","localized":"ቻይና"},"uk":{"code":"UA","native":"Україна","localized":"ዩክሬን"},"ur":{"code":"PK","native":"پاکستان","localized":"ፓኪስታን"},"uz_Cyrl":{"code":"UZ","native":"Uzbekistan","localized":"ኡዝቤኪስታን"},"uz_Latn":{"code":"UZ","native":"Oʻzbekiston","localized":"ኡዝቤኪስታን"},"vi":{"code":"VN","native":"Việt Nam","localized":"ቬትናም"},"xh":{"code":"ZA","native":"Emzantsi Afrika","localized":"ደቡብ አፍሪካ"},"yi":{"code":"001","native":"וועלט","localized":"ዓለም"},"yo":{"code":"NG","native":"Nàìjíríà","localized":"ናይጄሪያ"},"zh_CN":{"code":"CN","native":"中国","localized":"ቻይና"},"zh_HK":{"code":"HK","native":"中国香港特别行政区","localized":"ሆንግ ኮንግ ልዩ የአስተዳደር ክልል ቻይና"},"zh_TW":{"code":"TW","native":"台湾","localized":"ታይዋን"},"zu":{"code":"ZA","native":"Iningizimu Afrika","localized":"ደቡብ አፍሪካ"}}
