{"af":{"code":"ZA","native":"Suid-Afrika","localized":"جنوب أفريقيا"},"ak":{"code":"GH","native":"Gaana","localized":"غانا"},"am":{"code":"ET","native":"ኢትዮጵያ","localized":"إثيوبيا"},"ar":{"code":"EG","native":"مصر","localized":"مصر"},"as":{"code":"IN","native":"ভাৰত","localized":"الهند"},"az":{"code":"AZ","native":"Azərbaycan","localized":"أذربيجان"},"be":{"code":"BY","native":"Беларусь","localized":"بيلاروس"},"bg":{"code":"BG","native":"България","localized":"بلغاريا"},"bho":{"code":"IN","native":"भारत","localized":"الهند"},"bm":{"code":"ML","native":"Mali","localized":"مالي"},"bn":{"code":"BD","native":"বাংলাদেশ","localized":"بنغلاديش"},"bs":{"code":"BA","native":"Bosna I Hercegovina","localized":"البوسنة والهرسك"},"ca":{"code":"ES","native":"Espanya","localized":"إسبانيا"},"ceb":{"code":"PH","native":"Pilipinas","localized":"الفلبين"},"ckb":{"code":"IQ","native":"عێراق","localized":"العراق"},"cs":{"code":"CZ","native":"Česko","localized":"التشيك"},"cy":{"code":"GB","native":"Y Deyrnas Unedig","localized":"المملكة المتحدة"},"da":{"code":"DK","native":"Danmark","localized":"الدانمرك"},"de":{"code":"DE","native":"Deutschland","localized":"ألمانيا"},"de_CH":{"code":"CH","native":"Schweiz","localized":"سويسرا"},"doi":{"code":"IN","native":"भारत","localized":"الهند"},"ee":{"code":"GH","native":"Ghana Nutome","localized":"غانا"},"el":{"code":"GR","native":"Ελλάδα","localized":"اليونان"},"en":{"code":"US","native":"United States","localized":"الولايات المتحدة"},"en_CA":{"code":"CA","native":"Canada","localized":"كندا"},"eo":{"code":"001","native":"Mondo","localized":"العالم"},"es":{"code":"ES","native":"España","localized":"إسبانيا"},"et":{"code":"EE","native":"Eesti","localized":"إستونيا"},"eu":{"code":"ES","native":"Espainia","localized":"إسبانيا"},"fa":{"code":"IR","native":"ایران","localized":"إيران"},"fi":{"code":"FI","native":"Suomi","localized":"فنلندا"},"fil":{"code":"PH","native":"Pilipinas","localized":"الفلبين"},"fr":{"code":"FR","native":"France","localized":"فرنسا"},"fy":{"code":"NL","native":"Nederlân","localized":"هولندا"},"ga":{"code":"IE","native":"Éire","localized":"أيرلندا"},"gd":{"code":"GB","native":"An Rìoghachd Aonaichte","localized":"المملكة المتحدة"},"gl":{"code":"ES","native":"España","localized":"إسبانيا"},"gu":{"code":"IN","native":"ભારત","localized":"الهند"},"ha":{"code":"NG","native":"Nijeriya","localized":"نيجيريا"},"haw":{"code":"US","native":"ʻAmelika Hui Pū ʻIa","localized":"الولايات المتحدة"},"he":{"code":"IL","native":"ישראל","localized":"إسرائيل"},"hi":{"code":"IN","native":"भारत","localized":"الهند"},"hr":{"code":"HR","native":"Hrvatska","localized":"كرواتيا"},"hu":{"code":"HU","native":"Magyarország","localized":"هنغاريا"},"hy":{"code":"AM","native":"Հայաստան","localized":"أرمينيا"},"id":{"code":"ID","native":"Indonesia","localized":"إندونيسيا"},"ig":{"code":"NG","native":"Naịjịrịa","localized":"نيجيريا"},"is":{"code":"IS","native":"Ísland","localized":"آيسلندا"},"it":{"code":"IT","native":"Italia","localized":"إيطاليا"},"ja":{"code":"JP","native":"日本","localized":"اليابان"},"ka":{"code":"GE","native":"საქართველო","localized":"جورجيا"},"kk":{"code":"KZ","native":"Қазақстан","localized":"كازاخستان"},"km":{"code":"KH","native":"កម្ពុជា","localized":"كمبوديا"},"kn":{"code":"IN","native":"ಭಾರತ","localized":"الهند"},"ko":{"code":"KR","native":"대한민국","localized":"كوريا الجنوبية"},"ku":{"code":"TR","native":"Tirkiye","localized":"تركيا"},"ky":{"code":"KG","native":"Кыргызстан","localized":"قيرغيزستان"},"lb":{"code":"LU","native":"Lëtzebuerg","localized":"لوكسمبورغ"},"lg":{"code":"UG","native":"Yuganda","localized":"أوغندا"},"ln":{"code":"CD","native":"Republíki Ya Kongó Demokratíki","localized":"الكونغو - كينشاسا"},"lo":{"code":"LA","native":"ລາວ","localized":"لاوس"},"lt":{"code":"LT","native":"Lietuva","localized":"ليتوانيا"},"lv":{"code":"LV","native":"Latvija","localized":"لاتفيا"},"mai":{"code":"IN","native":"भारत","localized":"الهند"},"mg":{"code":"MG","native":"Madagasikara","localized":"مدغشقر"},"mi":{"code":"NZ","native":"Aotearoa","localized":"نيوزيلندا"},"mk":{"code":"MK","native":"Северна Македонија","localized":"مقدونيا الشمالية"},"ml":{"code":"IN","native":"ഇന്ത്യ","localized":"الهند"},"mn":{"code":"MN","native":"Монгол","localized":"منغوليا"},"mni_Mtei":{"code":"IN","native":"India","localized":"الهند"},"mr":{"code":"IN","native":"भारत","localized":"الهند"},"ms":{"code":"MY","native":"Malaysia","localized":"ماليزيا"},"mt":{"code":"MT","native":"Malta","localized":"مالطا"},"my":{"code":"MM","native":"မြန်မာ","localized":"ميانمار (بورما)"},"nb":{"code":"NO","native":"Norge","localized":"النرويج"},"ne":{"code":"NP","native":"नेपाल","localized":"نيبال"},"nl":{"code":"NL","native":"Nederland","localized":"هولندا"},"nn":{"code":"NO","native":"Noreg","localized":"النرويج"},"oc":{"code":"FR","native":"Fr","localized":"فرنسا"},"om":{"code":"ET","native":"Itoophiyaa","localized":"إثيوبيا"},"or":{"code":"IN","native":"ଭାରତ","localized":"الهند"},"pa":{"code":"IN","native":"ਭਾਰਤ","localized":"الهند"},"pl":{"code":"PL","native":"Polska","localized":"بولندا"},"ps":{"code":"AF","native":"افغانستان","localized":"أفغانستان"},"pt":{"code":"BR","native":"Brasil","localized":"البرازيل"},"pt_BR":{"code":"BR","native":"Brasil","localized":"البرازيل"},"qu":{"code":"PE","native":"Perú","localized":"بيرو"},"ro":{"code":"RO","native":"România","localized":"رومانيا"},"ru":{"code":"RU","native":"Россия","localized":"روسيا"},"rw":{"code":"RW","native":"U Rwanda","localized":"رواندا"},"sa":{"code":"IN","native":"भारतः","localized":"الهند"},"sc":{"code":"IT","native":"Itàlia","localized":"إيطاليا"},"sd":{"code":"PK","native":"پاڪستان","localized":"باكستان"},"si":{"code":"LK","native":"ශ්‍රී ලංකාව","localized":"سريلانكا"},"sk":{"code":"SK","native":"Slovensko","localized":"سلوفاكيا"},"sl":{"code":"SI","native":"Slovenija","localized":"سلوفينيا"},"sn":{"code":"ZW","native":"Zimbabwe","localized":"زيمبابوي"},"so":{"code":"SO","native":"Soomaaliya","localized":"الصومال"},"sq":{"code":"AL","native":"Shqipëri","localized":"ألبانيا"},"sr_Cyrl":{"code":"RS","native":"Србија","localized":"صربيا"},"sr_Latn":{"code":"RS","native":"Serbia","localized":"صربيا"},"sr_Latn_ME":{"code":"ME","native":"Montenegro","localized":"الجبل الأسود"},"su":{"code":"ID","native":"Indonesia","localized":"إندونيسيا"},"sv":{"code":"SE","native":"Sverige","localized":"السويد"},"sw":{"code":"TZ","native":"Tanzania","localized":"تنزانيا"},"ta":{"code":"IN","native":"இந்தியா","localized":"الهند"},"te":{"code":"IN","native":"భారతదేశం","localized":"الهند"},"tg":{"code":"TJ","native":"Тоҷикистон","localized":"طاجيكستان"},"th":{"code":"TH","native":"ไทย","localized":"تايلاند"},"ti":{"code":"ET","native":"ኢትዮጵያ","localized":"إثيوبيا"},"tk":{"code":"TM","native":"Türkmenistan","localized":"تركمانستان"},"tl":{"code":"PH","native":"Philippines","localized":"الفلبين"},"tr":{"code":"TR","native":"Türkiye","localized":"تركيا"},"tt":{"code":"RU","native":"Россия","localized":"روسيا"},"ug":{"code":"CN","native":"جۇڭگو","localized":"الصين"},"uk":{"code":"UA","native":"Україна","localized":"أوكرانيا"},"ur":{"code":"PK","native":"پاکستان","localized":"باكستان"},"uz_Cyrl":{"code":"UZ","native":"Uzbekistan","localized":"أوزبكستان"},"uz_Latn":{"code":"UZ","native":"Oʻzbekiston","localized":"أوزبكستان"},"vi":{"code":"VN","native":"Việt Nam","localized":"فيتنام"},"xh":{"code":"ZA","native":"Emzantsi Afrika","localized":"جنوب أفريقيا"},"yi":{"code":"001","native":"וועלט","localized":"العالم"},"yo":{"code":"NG","native":"Nàìjíríà","localized":"نيجيريا"},"zh_CN":{"code":"CN","native":"中国","localized":"الصين"},"zh_HK":{"code":"HK","native":"中国香港特别行政区","localized":"هونغ كونغ الصينية (منطقة إدارية خاصة)"},"zh_TW":{"code":"TW","native":"台湾","localized":"تايوان"},"zu":{"code":"ZA","native":"Iningizimu Afrika","localized":"جنوب أفريقيا"}}
