{"af":{"code":"ZA","native":"Suid-Afrika","localized":"দক্ষিণ আফ্রিকা"},"ak":{"code":"GH","native":"Gaana","localized":"ঘানা"},"am":{"code":"ET","native":"ኢትዮጵያ","localized":"ইথিঅ’পিয়া"},"ar":{"code":"EG","native":"مصر","localized":"ইজিপ্ত"},"as":{"code":"IN","native":"ভাৰত","localized":"ভাৰত"},"az":{"code":"AZ","native":"Azərbaycan","localized":"আজাৰবেইজান"},"be":{"code":"BY","native":"Беларусь","localized":"বেলাৰুছ"},"bg":{"code":"BG","native":"България","localized":"বুলগেৰিয়া"},"bho":{"code":"IN","native":"भारत","localized":"ভাৰত"},"bm":{"code":"ML","native":"Mali","localized":"মালি"},"bn":{"code":"BD","native":"বাংলাদেশ","localized":"বাংলাদেশ"},"bs":{"code":"BA","native":"Bosna I Hercegovina","localized":"ব’ছনিয়া আৰু হাৰ্জেগ’ভিনা"},"ca":{"code":"ES","native":"Espanya","localized":"স্পেইন"},"ceb":{"code":"PH","native":"Pilipinas","localized":"ফিলিপাইনছ"},"ckb":{"code":"IQ","native":"عێراق","localized":"ইৰাক"},"cs":{"code":"CZ","native":"Česko","localized":"চিজেচিয়া"},"cy":{"code":"GB","native":"Y Deyrnas Unedig","localized":"সংযুক্ত ৰাজ্য"},"da":{"code":"DK","native":"Danmark","localized":"ডেনমাৰ্ক"},"de":{"code":"DE","native":"Deutschland","localized":"জাৰ্মানী"},"de_CH":{"code":"CH","native":"Schweiz","localized":"চুইজাৰলেণ্ড"},"doi":{"code":"IN","native":"भारत","localized":"ভাৰত"},"ee":{"code":"GH","native":"Ghana Nutome","localized":"ঘানা"},"el":{"code":"GR","native":"Ελλάδα","localized":"গ্ৰীচ"},"en":{"code":"US","native":"United States","localized":"মাৰ্কিন যুক্তৰাষ্ট্ৰ"},"en_CA":{"code":"CA","native":"Canada","localized":"কানাডা"},"eo":{"code":"001","native":"Mondo","localized":"বিশ্ব"},"es":{"code":"ES","native":"España","localized":"স্পেইন"},"et":{"code":"EE","native":"Eesti","localized":"ইষ্টোনিয়া"},"eu":{"code":"ES","native":"Espainia","localized":"স্পেইন"},"fa":{"code":"IR","native":"ایران","localized":"ইৰান"},"fi":{"code":"FI","native":"Suomi","localized":"ফিনলেণ্ড"},"fil":{"code":"PH","native":"Pilipinas","localized":"ফিলিপাইনছ"},"fr":{"code":"FR","native":"France","localized":"ফ্ৰান্স"},"fy":{"code":"NL","native":"Nederlân","localized":"নেডাৰলেণ্ড"},"ga":{"code":"IE","native":"Éire","localized":"আয়াৰলেণ্ড"},"gd":{"code":"GB","native":"An Rìoghachd Aonaichte","localized":"সংযুক্ত ৰাজ্য"},"gl":{"code":"ES","native":"España","localized":"স্পেইন"},"gu":{"code":"IN","native":"ભારત","localized":"ভাৰত"},"ha":{"code":"NG","native":"Nijeriya","localized":"নাইজেৰিয়া"},"haw":{"code":"US","native":"ʻAmelika Hui Pū ʻIa","localized":"মাৰ্কিন যুক্তৰাষ্ট্ৰ"},"he":{"code":"IL","native":"ישראל","localized":"ইজৰাইল"},"hi":{"code":"IN","native":"भारत","localized":"ভাৰত"},"hr":{"code":"HR","native":"Hrvatska","localized":"ক্ৰোৱেছিয়া"},"hu":{"code":"HU","native":"Magyarország","localized":"হাংগেৰী"},"hy":{"code":"AM","native":"Հայաստան","localized":"আৰ্মেনিয়া"},"id":{"code":"ID","native":"Indonesia","localized":"ইণ্ডোনেচিয়া"},"ig":{"code":"NG","native":"Naịjịrịa","localized":"নাইজেৰিয়া"},"is":{"code":"IS","native":"Ísland","localized":"আইচলেণ্ড"},"it":{"code":"IT","native":"Italia","localized":"ইটালি"},"ja":{"code":"JP","native":"日本","localized":"জাপান"},"ka":{"code":"GE","native":"საქართველო","localized":"জৰ্জিয়া"},"kk":{"code":"KZ","native":"Қазақстан","localized":"কাজাখাস্তান"},"km":{"code":"KH","native":"កម្ពុជា","localized":"কম্বোডিয়া"},"kn":{"code":"IN","native":"ಭಾರತ","localized":"ভাৰত"},"ko":{"code":"KR","native":"대한민국","localized":"দক্ষিণ কোৰিয়া"},"ku":{"code":"TR","native":"Tirkiye","localized":"তুৰ্কি"},"ky":{"code":"KG","native":"Кыргызстан","localized":"কিৰ্গিজস্তান"},"lb":{"code":"LU","native":"Lëtzebuerg","localized":"লাক্সেমবাৰ্গ"},"lg":{"code":"UG","native":"Yuganda","localized":"উগাণ্ডা"},"ln":{"code":"CD","native":"Republíki Ya Kongó Demokratíki","localized":"কঙ্গো - কিনচাছা"},"lo":{"code":"LA","native":"ລາວ","localized":"লাওচ"},"lt":{"code":"LT","native":"Lietuva","localized":"লিথুৱানিয়া"},"lv":{"code":"LV","native":"Latvija","localized":"লাটভিয়া"},"mai":{"code":"IN","native":"भारत","localized":"ভাৰত"},"mg":{"code":"MG","native":"Madagasikara","localized":"মাদাগাস্কাৰ"},"mi":{"code":"NZ","native":"Aotearoa","localized":"নিউজিলেণ্ড"},"mk":{"code":"MK","native":"Северна Македонија","localized":"উত্তৰ মেচিডোনীয়া"},"ml":{"code":"IN","native":"ഇന്ത്യ","localized":"ভাৰত"},"mn":{"code":"MN","native":"Монгол","localized":"মঙ্গোলিয়া"},"mni_Mtei":{"code":"IN","native":"India","localized":"ভাৰত"},"mr":{"code":"IN","native":"भारत","localized":"ভাৰত"},"ms":{"code":"MY","native":"Malaysia","localized":"মালয়েচিয়া"},"mt":{"code":"MT","native":"Malta","localized":"মাল্টা"},"my":{"code":"MM","native":"မြန်မာ","localized":"ম্যানমাৰ (বাৰ্মা)"},"nb":{"code":"NO","native":"Norge","localized":"নৰৱে"},"ne":{"code":"NP","native":"नेपाल","localized":"নেপাল"},"nl":{"code":"NL","native":"Nederland","localized":"নেডাৰলেণ্ড"},"nn":{"code":"NO","native":"Noreg","localized":"নৰৱে"},"oc":{"code":"FR","native":"Fr","localized":"ফ্ৰান্স"},"om":{"code":"ET","native":"Itoophiyaa","localized":"ইথিঅ’পিয়া"},"or":{"code":"IN","native":"ଭାରତ","localized":"ভাৰত"},"pa":{"code":"IN","native":"ਭਾਰਤ","localized":"ভাৰত"},"pl":{"code":"PL","native":"Polska","localized":"পোলেণ্ড"},"ps":{"code":"AF","native":"افغانستان","localized":"আফগানিস্তান"},"pt":{"code":"BR","native":"Brasil","localized":"ব্ৰাজিল"},"pt_BR":{"code":"BR","native":"Brasil","localized":"ব্ৰাজিল"},"qu":{"code":"PE","native":"Perú","localized":"পেৰু"},"ro":{"code":"RO","native":"România","localized":"ৰোমানিয়া"},"ru":{"code":"RU","native":"Россия","localized":"ৰাছিয়া"},"rw":{"code":"RW","native":"U Rwanda","localized":"ৰোৱাণ্ডা"},"sa":{"code":"IN","native":"भारतः","localized":"ভাৰত"},"sc":{"code":"IT","native":"Itàlia","localized":"ইটালি"},"sd":{"code":"PK","native":"پاڪستان","localized":"পাকিস্তান"},"si":{"code":"LK","native":"ශ්‍රී ලංකාව","localized":"শ্রীলংকা"},"sk":{"code":"SK","native":"Slovensko","localized":"শ্লোভাকিয়া"},"sl":{"code":"SI","native":"Slovenija","localized":"শ্লোভেনিয়া"},"sn":{"code":"ZW","native":"Zimbabwe","localized":"জিম্বাবৱে"},"so":{"code":"SO","native":"Soomaaliya","localized":"চোমালিয়া"},"sq":{"code":"AL","native":"Shqipëri","localized":"আলবেনিয়া"},"sr_Cyrl":{"code":"RS","native":"Србија","localized":"ছাৰ্বিয়া"},"sr_Latn":{"code":"RS","native":"Serbia","localized":"ছাৰ্বিয়া"},"sr_Latn_ME":{"code":"ME","native":"Montenegro","localized":"মণ্টেনেগ্ৰু"},"su":{"code":"ID","native":"Indonesia","localized":"ইণ্ডোনেচিয়া"},"sv":{"code":"SE","native":"Sverige","localized":"চুইডেন"},"sw":{"code":"TZ","native":"Tanzania","localized":"তাঞ্জানিয়া"},"ta":{"code":"IN","native":"இந்தியா","localized":"ভাৰত"},"te":{"code":"IN","native":"భారతదేశం","localized":"ভাৰত"},"tg":{"code":"TJ","native":"Тоҷикистон","localized":"তাজিকিস্তান"},"th":{"code":"TH","native":"ไทย","localized":"থাইলেণ্ড"},"ti":{"code":"ET","native":"ኢትዮጵያ","localized":"ইথিঅ’পিয়া"},"tk":{"code":"TM","native":"Türkmenistan","localized":"তুৰ্কমেনিস্তান"},"tl":{"code":"PH","native":"Philippines","localized":"ফিলিপাইনছ"},"tr":{"code":"TR","native":"Türkiye","localized":"তুৰ্কি"},"tt":{"code":"RU","native":"Россия","localized":"ৰাছিয়া"},"ug":{"code":"CN","native":"جۇڭگو","localized":"চীন"},"uk":{"code":"UA","native":"Україна","localized":"ইউক্ৰেইন"},"ur":{"code":"PK","native":"پاکستان","localized":"পাকিস্তান"},"uz_Cyrl":{"code":"UZ","native":"Uzbekistan","localized":"উজবেকিস্তান"},"uz_Latn":{"code":"UZ","native":"Oʻzbekiston","localized":"উজবেকিস্তান"},"vi":{"code":"VN","native":"Việt Nam","localized":"ভিয়েটনাম"},"xh":{"code":"ZA","native":"Emzantsi Afrika","localized":"দক্ষিণ আফ্রিকা"},"yi":{"code":"001","native":"וועלט","localized":"বিশ্ব"},"yo":{"code":"NG","native":"Nàìjíríà","localized":"নাইজেৰিয়া"},"zh_CN":{"code":"CN","native":"中国","localized":"চীন"},"zh_HK":{"code":"HK","native":"中国香港特别行政区","localized":"হং কং এছ. এ. আৰ. চীন"},"zh_TW":{"code":"TW","native":"台湾","localized":"টাইৱান"},"zu":{"code":"ZA","native":"Iningizimu Afrika","localized":"দক্ষিণ আফ্রিকা"}}
