{"af":{"code":"ZA","native":"Suid-Afrika","localized":"Cənub Afrika"},"ak":{"code":"GH","native":"Gaana","localized":"Qana"},"am":{"code":"ET","native":"ኢትዮጵያ","localized":"Efiopiya"},"ar":{"code":"EG","native":"مصر","localized":"Misir"},"as":{"code":"IN","native":"ভাৰত","localized":"Hindistan"},"az":{"code":"AZ","native":"Azərbaycan","localized":"Azərbaycan"},"be":{"code":"BY","native":"Беларусь","localized":"Belarus"},"bg":{"code":"BG","native":"България","localized":"Bolqarıstan"},"bho":{"code":"IN","native":"भारत","localized":"Hindistan"},"bm":{"code":"ML","native":"Mali","localized":"Mali"},"bn":{"code":"BD","native":"বাংলাদেশ","localized":"Banqladeş"},"bs":{"code":"BA","native":"Bosna I Hercegovina","localized":"Bosniya Və Herseqovina"},"ca":{"code":"ES","native":"Espanya","localized":"İspaniya"},"ceb":{"code":"PH","native":"Pilipinas","localized":"Filippin"},"ckb":{"code":"IQ","native":"عێراق","localized":"İraq"},"cs":{"code":"CZ","native":"Česko","localized":"Çexiya"},"cy":{"code":"GB","native":"Y Deyrnas Unedig","localized":"Birləşmiş Krallıq"},"da":{"code":"DK","native":"Danmark","localized":"Danimarka"},"de":{"code":"DE","native":"Deutschland","localized":"Almaniya"},"de_CH":{"code":"CH","native":"Schweiz","localized":"İsveçrə"},"doi":{"code":"IN","native":"भारत","localized":"Hindistan"},"ee":{"code":"GH","native":"Ghana Nutome","localized":"Qana"},"el":{"code":"GR","native":"Ελλάδα","localized":"Yunanıstan"},"en":{"code":"US","native":"United States","localized":"Amerika Birləşmiş Ştatları"},"en_CA":{"code":"CA","native":"Canada","localized":"Kanada"},"eo":{"code":"001","native":"Mondo","localized":"Dünya"},"es":{"code":"ES","native":"España","localized":"İspaniya"},"et":{"code":"EE","native":"Eesti","localized":"Estoniya"},"eu":{"code":"ES","native":"Espainia","localized":"İspaniya"},"fa":{"code":"IR","native":"ایران","localized":"İran"},"fi":{"code":"FI","native":"Suomi","localized":"Finlandiya"},"fil":{"code":"PH","native":"Pilipinas","localized":"Filippin"},"fr":{"code":"FR","native":"France","localized":"Fransa"},"fy":{"code":"NL","native":"Nederlân","localized":"Niderland"},"ga":{"code":"IE","native":"Éire","localized":"İrlandiya"},"gd":{"code":"GB","native":"An Rìoghachd Aonaichte","localized":"Birləşmiş Krallıq"},"gl":{"code":"ES","native":"España","localized":"İspaniya"},"gu":{"code":"IN","native":"ભારત","localized":"Hindistan"},"ha":{"code":"NG","native":"Nijeriya","localized":"Nigeriya"},"haw":{"code":"US","native":"ʻAmelika Hui Pū ʻIa","localized":"Amerika Birləşmiş Ştatları"},"he":{"code":"IL","native":"ישראל","localized":"İsrail"},"hi":{"code":"IN","native":"भारत","localized":"Hindistan"},"hr":{"code":"HR","native":"Hrvatska","localized":"Xorvatiya"},"hu":{"code":"HU","native":"Magyarország","localized":"Macarıstan"},"hy":{"code":"AM","native":"Հայաստան","localized":"Ermənistan"},"id":{"code":"ID","native":"Indonesia","localized":"İndoneziya"},"ig":{"code":"NG","native":"Naịjịrịa","localized":"Nigeriya"},"is":{"code":"IS","native":"Ísland","localized":"İslandiya"},"it":{"code":"IT","native":"Italia","localized":"İtaliya"},"ja":{"code":"JP","native":"日本","localized":"Yaponiya"},"ka":{"code":"GE","native":"საქართველო","localized":"Gürcüstan"},"kk":{"code":"KZ","native":"Қазақстан","localized":"Qazaxıstan"},"km":{"code":"KH","native":"កម្ពុជា","localized":"Kamboca"},"kn":{"code":"IN","native":"ಭಾರತ","localized":"Hindistan"},"ko":{"code":"KR","native":"대한민국","localized":"Cənubi Koreya"},"ku":{"code":"TR","native":"Tirkiye","localized":"Türkiyə"},"ky":{"code":"KG","native":"Кыргызстан","localized":"Qırğızıstan"},"lb":{"code":"LU","native":"Lëtzebuerg","localized":"Lüksemburq"},"lg":{"code":"UG","native":"Yuganda","localized":"Uqanda"},"ln":{"code":"CD","native":"Republíki Ya Kongó Demokratíki","localized":"Konqo - Kinşasa"},"lo":{"code":"LA","native":"ລາວ","localized":"Laos"},"lt":{"code":"LT","native":"Lietuva","localized":"Litva"},"lv":{"code":"LV","native":"Latvija","localized":"Latviya"},"mai":{"code":"IN","native":"भारत","localized":"Hindistan"},"mg":{"code":"MG","native":"Madagasikara","localized":"Madaqaskar"},"mi":{"code":"NZ","native":"Aotearoa","localized":"Yeni Zelandiya"},"mk":{"code":"MK","native":"Северна Македонија","localized":"Şimali Makedoniya"},"ml":{"code":"IN","native":"ഇന്ത്യ","localized":"Hindistan"},"mn":{"code":"MN","native":"Монгол","localized":"Monqolustan"},"mni_Mtei":{"code":"IN","native":"India","localized":"Hindistan"},"mr":{"code":"IN","native":"भारत","localized":"Hindistan"},"ms":{"code":"MY","native":"Malaysia","localized":"Malayziya"},"mt":{"code":"MT","native":"Malta","localized":"Malta"},"my":{"code":"MM","native":"မြန်မာ","localized":"Myanma"},"nb":{"code":"NO","native":"Norge","localized":"Norveç"},"ne":{"code":"NP","native":"नेपाल","localized":"Nepal"},"nl":{"code":"NL","native":"Nederland","localized":"Niderland"},"nn":{"code":"NO","native":"Noreg","localized":"Norveç"},"oc":{"code":"FR","native":"Fr","localized":"Fransa"},"om":{"code":"ET","native":"Itoophiyaa","localized":"Efiopiya"},"or":{"code":"IN","native":"ଭାରତ","localized":"Hindistan"},"pa":{"code":"IN","native":"ਭਾਰਤ","localized":"Hindistan"},"pl":{"code":"PL","native":"Polska","localized":"Polşa"},"ps":{"code":"AF","native":"افغانستان","localized":"Əfqanıstan"},"pt":{"code":"BR","native":"Brasil","localized":"Braziliya"},"pt_BR":{"code":"BR","native":"Brasil","localized":"Braziliya"},"qu":{"code":"PE","native":"Perú","localized":"Peru"},"ro":{"code":"RO","native":"România","localized":"Rumıniya"},"ru":{"code":"RU","native":"Россия","localized":"Rusiya"},"rw":{"code":"RW","native":"U Rwanda","localized":"Ruanda"},"sa":{"code":"IN","native":"भारतः","localized":"Hindistan"},"sc":{"code":"IT","native":"Itàlia","localized":"İtaliya"},"sd":{"code":"PK","native":"پاڪستان","localized":"Pakistan"},"si":{"code":"LK","native":"ශ්‍රී ලංකාව","localized":"Şri-Lanka"},"sk":{"code":"SK","native":"Slovensko","localized":"Slovakiya"},"sl":{"code":"SI","native":"Slovenija","localized":"Sloveniya"},"sn":{"code":"ZW","native":"Zimbabwe","localized":"Zimbabve"},"so":{"code":"SO","native":"Soomaaliya","localized":"Somali"},"sq":{"code":"AL","native":"Shqipëri","localized":"Albaniya"},"sr_Cyrl":{"code":"RS","native":"Србија","localized":"Serbiya"},"sr_Latn":{"code":"RS","native":"Serbia","localized":"Serbiya"},"sr_Latn_ME":{"code":"ME","native":"Montenegro","localized":"Monteneqro"},"su":{"code":"ID","native":"Indonesia","localized":"İndoneziya"},"sv":{"code":"SE","native":"Sverige","localized":"İsveç"},"sw":{"code":"TZ","native":"Tanzania","localized":"Tanzaniya"},"ta":{"code":"IN","native":"இந்தியா","localized":"Hindistan"},"te":{"code":"IN","native":"భారతదేశం","localized":"Hindistan"},"tg":{"code":"TJ","native":"Тоҷикистон","localized":"Tacikistan"},"th":{"code":"TH","native":"ไทย","localized":"Tailand"},"ti":{"code":"ET","native":"ኢትዮጵያ","localized":"Efiopiya"},"tk":{"code":"TM","native":"Türkmenistan","localized":"Türkmənistan"},"tl":{"code":"PH","native":"Philippines","localized":"Filippin"},"tr":{"code":"TR","native":"Türkiye","localized":"Türkiyə"},"tt":{"code":"RU","native":"Россия","localized":"Rusiya"},"ug":{"code":"CN","native":"جۇڭگو","localized":"Çin"},"uk":{"code":"UA","native":"Україна","localized":"Ukrayna"},"ur":{"code":"PK","native":"پاکستان","localized":"Pakistan"},"uz_Cyrl":{"code":"UZ","native":"Uzbekistan","localized":"Özbəkistan"},"uz_Latn":{"code":"UZ","native":"Oʻzbekiston","localized":"Özbəkistan"},"vi":{"code":"VN","native":"Việt Nam","localized":"Vyetnam"},"xh":{"code":"ZA","native":"Emzantsi Afrika","localized":"Cənub Afrika"},"yi":{"code":"001","native":"וועלט","localized":"Dünya"},"yo":{"code":"NG","native":"Nàìjíríà","localized":"Nigeriya"},"zh_CN":{"code":"CN","native":"中国","localized":"Çin"},"zh_HK":{"code":"HK","native":"中国香港特别行政区","localized":"Honq Konq Xüsusi İnzibati Rayonu Çin"},"zh_TW":{"code":"TW","native":"台湾","localized":"Tayvan"},"zu":{"code":"ZA","native":"Iningizimu Afrika","localized":"Cənub Afrika"}}
