{"af":{"code":"ZA","native":"Suid-Afrika","localized":"Паўднёва-Афрыканская Рэспубліка"},"ak":{"code":"GH","native":"Gaana","localized":"Гана"},"am":{"code":"ET","native":"ኢትዮጵያ","localized":"Эфіопія"},"ar":{"code":"EG","native":"مصر","localized":"Егіпет"},"as":{"code":"IN","native":"ভাৰত","localized":"Індыя"},"az":{"code":"AZ","native":"Azərbaycan","localized":"Азербайджан"},"be":{"code":"BY","native":"Беларусь","localized":"Беларусь"},"bg":{"code":"BG","native":"България","localized":"Балгарыя"},"bho":{"code":"IN","native":"भारत","localized":"Індыя"},"bm":{"code":"ML","native":"Mali","localized":"Малі"},"bn":{"code":"BD","native":"বাংলাদেশ","localized":"Бангладэш"},"bs":{"code":"BA","native":"Bosna I Hercegovina","localized":"Боснія І Герцагавіна"},"ca":{"code":"ES","native":"Espanya","localized":"Іспанія"},"ceb":{"code":"PH","native":"Pilipinas","localized":"Філіпіны"},"ckb":{"code":"IQ","native":"عێراق","localized":"Ірак"},"cs":{"code":"CZ","native":"Česko","localized":"Чэхія"},"cy":{"code":"GB","native":"Y Deyrnas Unedig","localized":"Вялікабрытанія"},"da":{"code":"DK","native":"Danmark","localized":"Данія"},"de":{"code":"DE","native":"Deutschland","localized":"Германія"},"de_CH":{"code":"CH","native":"Schweiz","localized":"Швейцарыя"},"doi":{"code":"IN","native":"भारत","localized":"Індыя"},"ee":{"code":"GH","native":"Ghana Nutome","localized":"Гана"},"el":{"code":"GR","native":"Ελλάδα","localized":"Грэцыя"},"en":{"code":"US","native":"United States","localized":"Злучаныя Штаты"},"en_CA":{"code":"CA","native":"Canada","localized":"Канада"},"eo":{"code":"001","native":"Mondo","localized":"Свет"},"es":{"code":"ES","native":"España","localized":"Іспанія"},"et":{"code":"EE","native":"Eesti","localized":"Эстонія"},"eu":{"code":"ES","native":"Espainia","localized":"Іспанія"},"fa":{"code":"IR","native":"ایران","localized":"Іран"},"fi":{"code":"FI","native":"Suomi","localized":"Фінляндыя"},"fil":{"code":"PH","native":"Pilipinas","localized":"Філіпіны"},"fr":{"code":"FR","native":"France","localized":"Францыя"},"fy":{"code":"NL","native":"Nederlân","localized":"Нідэрланды"},"ga":{"code":"IE","native":"Éire","localized":"Ірландыя"},"gd":{"code":"GB","native":"An Rìoghachd Aonaichte","localized":"Вялікабрытанія"},"gl":{"code":"ES","native":"España","localized":"Іспанія"},"gu":{"code":"IN","native":"ભારત","localized":"Індыя"},"ha":{"code":"NG","native":"Nijeriya","localized":"Нігерыя"},"haw":{"code":"US","native":"ʻAmelika Hui Pū ʻIa","localized":"Злучаныя Штаты"},"he":{"code":"IL","native":"ישראל","localized":"Ізраіль"},"hi":{"code":"IN","native":"भारत","localized":"Індыя"},"hr":{"code":"HR","native":"Hrvatska","localized":"Харватыя"},"hu":{"code":"HU","native":"Magyarország","localized":"Венгрыя"},"hy":{"code":"AM","native":"Հայաստան","localized":"Арменія"},"id":{"code":"ID","native":"Indonesia","localized":"Інданезія"},"ig":{"code":"NG","native":"Naịjịrịa","localized":"Нігерыя"},"is":{"code":"IS","native":"Ísland","localized":"Ісландыя"},"it":{"code":"IT","native":"Italia","localized":"Італія"},"ja":{"code":"JP","native":"日本","localized":"Японія"},"ka":{"code":"GE","native":"საქართველო","localized":"Грузія"},"kk":{"code":"KZ","native":"Қазақстан","localized":"Казахстан"},"km":{"code":"KH","native":"កម្ពុជា","localized":"Камбоджа"},"kn":{"code":"IN","native":"ಭಾರತ","localized":"Індыя"},"ko":{"code":"KR","native":"대한민국","localized":"Паўднёвая Карэя"},"ku":{"code":"TR","native":"Tirkiye","localized":"Турцыя"},"ky":{"code":"KG","native":"Кыргызстан","localized":"Кыргызстан"},"lb":{"code":"LU","native":"Lëtzebuerg","localized":"Люксембург"},"lg":{"code":"UG","native":"Yuganda","localized":"Уганда"},"ln":{"code":"CD","native":"Republíki Ya Kongó Demokratíki","localized":"Конга (Кіншаса)"},"lo":{"code":"LA","native":"ລາວ","localized":"Лаос"},"lt":{"code":"LT","native":"Lietuva","localized":"Літва"},"lv":{"code":"LV","native":"Latvija","localized":"Латвія"},"mai":{"code":"IN","native":"भारत","localized":"Індыя"},"mg":{"code":"MG","native":"Madagasikara","localized":"Мадагаскар"},"mi":{"code":"NZ","native":"Aotearoa","localized":"Новая Зеландыя"},"mk":{"code":"MK","native":"Северна Македонија","localized":"Паўночная Македонія"},"ml":{"code":"IN","native":"ഇന്ത്യ","localized":"Індыя"},"mn":{"code":"MN","native":"Монгол","localized":"Манголія"},"mni_Mtei":{"code":"IN","native":"India","localized":"Індыя"},"mr":{"code":"IN","native":"भारत","localized":"Індыя"},"ms":{"code":"MY","native":"Malaysia","localized":"Малайзія"},"mt":{"code":"MT","native":"Malta","localized":"Мальта"},"my":{"code":"MM","native":"မြန်မာ","localized":"М’янма (Бірма)"},"nb":{"code":"NO","native":"Norge","localized":"Нарвегія"},"ne":{"code":"NP","native":"नेपाल","localized":"Непал"},"nl":{"code":"NL","native":"Nederland","localized":"Нідэрланды"},"nn":{"code":"NO","native":"Noreg","localized":"Нарвегія"},"oc":{"code":"FR","native":"Fr","localized":"Францыя"},"om":{"code":"ET","native":"Itoophiyaa","localized":"Эфіопія"},"or":{"code":"IN","native":"ଭାରତ","localized":"Індыя"},"pa":{"code":"IN","native":"ਭਾਰਤ","localized":"Індыя"},"pl":{"code":"PL","native":"Polska","localized":"Польшча"},"ps":{"code":"AF","native":"افغانستان","localized":"Афганістан"},"pt":{"code":"BR","native":"Brasil","localized":"Бразілія"},"pt_BR":{"code":"BR","native":"Brasil","localized":"Бразілія"},"qu":{"code":"PE","native":"Perú","localized":"Перу"},"ro":{"code":"RO","native":"România","localized":"Румынія"},"ru":{"code":"RU","native":"Россия","localized":"Расія"},"rw":{"code":"RW","native":"U Rwanda","localized":"Руанда"},"sa":{"code":"IN","native":"भारतः","localized":"Індыя"},"sc":{"code":"IT","native":"Itàlia","localized":"Італія"},"sd":{"code":"PK","native":"پاڪستان","localized":"Пакістан"},"si":{"code":"LK","native":"ශ්‍රී ලංකාව","localized":"Шры-Ланка"},"sk":{"code":"SK","native":"Slovensko","localized":"Славакія"},"sl":{"code":"SI","native":"Slovenija","localized":"Славенія"},"sn":{"code":"ZW","native":"Zimbabwe","localized":"Зімбабвэ"},"so":{"code":"SO","native":"Soomaaliya","localized":"Самалі"},"sq":{"code":"AL","native":"Shqipëri","localized":"Албанія"},"sr_Cyrl":{"code":"RS","native":"Србија","localized":"Сербія"},"sr_Latn":{"code":"RS","native":"Serbia","localized":"Сербія"},"sr_Latn_ME":{"code":"ME","native":"Montenegro","localized":"Чарнагорыя"},"su":{"code":"ID","native":"Indonesia","localized":"Інданезія"},"sv":{"code":"SE","native":"Sverige","localized":"Швецыя"},"sw":{"code":"TZ","native":"Tanzania","localized":"Танзанія"},"ta":{"code":"IN","native":"இந்தியா","localized":"Індыя"},"te":{"code":"IN","native":"భారతదేశం","localized":"Індыя"},"tg":{"code":"TJ","native":"Тоҷикистон","localized":"Таджыкістан"},"th":{"code":"TH","native":"ไทย","localized":"Тайланд"},"ti":{"code":"ET","native":"ኢትዮጵያ","localized":"Эфіопія"},"tk":{"code":"TM","native":"Türkmenistan","localized":"Туркменістан"},"tl":{"code":"PH","native":"Philippines","localized":"Філіпіны"},"tr":{"code":"TR","native":"Türkiye","localized":"Турцыя"},"tt":{"code":"RU","native":"Россия","localized":"Расія"},"ug":{"code":"CN","native":"جۇڭگو","localized":"Кітай"},"uk":{"code":"UA","native":"Україна","localized":"Украіна"},"ur":{"code":"PK","native":"پاکستان","localized":"Пакістан"},"uz_Cyrl":{"code":"UZ","native":"Uzbekistan","localized":"Узбекістан"},"uz_Latn":{"code":"UZ","native":"Oʻzbekiston","localized":"Узбекістан"},"vi":{"code":"VN","native":"Việt Nam","localized":"В’етнам"},"xh":{"code":"ZA","native":"Emzantsi Afrika","localized":"Паўднёва-Афрыканская Рэспубліка"},"yi":{"code":"001","native":"וועלט","localized":"Свет"},"yo":{"code":"NG","native":"Nàìjíríà","localized":"Нігерыя"},"zh_CN":{"code":"CN","native":"中国","localized":"Кітай"},"zh_HK":{"code":"HK","native":"中国香港特别行政区","localized":"Ганконг, Сар (Кітай)"},"zh_TW":{"code":"TW","native":"台湾","localized":"Тайвань"},"zu":{"code":"ZA","native":"Iningizimu Afrika","localized":"Паўднёва-Афрыканская Рэспубліка"}}
