{"af":{"code":"ZA","native":"Suid-Afrika","localized":"Worodugu Afriki"},"ak":{"code":"GH","native":"Gaana","localized":"Gana"},"am":{"code":"ET","native":"ኢትዮጵያ","localized":"Etiopi"},"ar":{"code":"EG","native":"مصر","localized":"Eziputi"},"as":{"code":"IN","native":"ভাৰত","localized":"Ɛndujamana"},"az":{"code":"AZ","native":"Azərbaycan","localized":"Azɛrbayjaŋ"},"be":{"code":"BY","native":"Беларусь","localized":"Belarusi"},"bg":{"code":"BG","native":"България","localized":"Buligari"},"bho":{"code":"IN","native":"भारत","localized":"Ɛndujamana"},"bm":{"code":"ML","native":"Mali","localized":"Mali"},"bn":{"code":"BD","native":"বাংলাদেশ","localized":"Bɛngiladɛsi"},"bs":{"code":"BA","native":"Bosna I Hercegovina","localized":"Bozni-Ɛrizigovini"},"ca":{"code":"ES","native":"Espanya","localized":"Esipaɲi"},"ceb":{"code":"PH","native":"Pilipinas","localized":"Filipini"},"ckb":{"code":"IQ","native":"عێراق","localized":"Iraki"},"cs":{"code":"CZ","native":"Česko","localized":"Ceki Republiki"},"cy":{"code":"GB","native":"Y Deyrnas Unedig","localized":"Angilɛtɛri"},"da":{"code":"DK","native":"Danmark","localized":"Danemarki"},"de":{"code":"DE","native":"Deutschland","localized":"Alimaɲi"},"de_CH":{"code":"CH","native":"Schweiz","localized":"Suwisi"},"doi":{"code":"IN","native":"भारत","localized":"Ɛndujamana"},"ee":{"code":"GH","native":"Ghana Nutome","localized":"Gana"},"el":{"code":"GR","native":"Ελλάδα","localized":"Gɛrɛsi"},"en":{"code":"US","native":"United States","localized":"Ameriki"},"en_CA":{"code":"CA","native":"Canada","localized":"Kanada"},"eo":{"code":"001","native":"Mondo","localized":"001"},"es":{"code":"ES","native":"España","localized":"Esipaɲi"},"et":{"code":"EE","native":"Eesti","localized":"Esetoni"},"eu":{"code":"ES","native":"Espainia","localized":"Esipaɲi"},"fa":{"code":"IR","native":"ایران","localized":"Iraŋ"},"fi":{"code":"FI","native":"Suomi","localized":"Finilandi"},"fil":{"code":"PH","native":"Pilipinas","localized":"Filipini"},"fr":{"code":"FR","native":"France","localized":"Faransi"},"fy":{"code":"NL","native":"Nederlân","localized":"Peyiba"},"ga":{"code":"IE","native":"Éire","localized":"Irilandi"},"gd":{"code":"GB","native":"An Rìoghachd Aonaichte","localized":"Angilɛtɛri"},"gl":{"code":"ES","native":"España","localized":"Esipaɲi"},"gu":{"code":"IN","native":"ભારત","localized":"Ɛndujamana"},"ha":{"code":"NG","native":"Nijeriya","localized":"Nizeriya"},"haw":{"code":"US","native":"ʻAmelika Hui Pū ʻIa","localized":"Ameriki"},"he":{"code":"IL","native":"ישראל","localized":"Isirayeli"},"hi":{"code":"IN","native":"भारत","localized":"Ɛndujamana"},"hr":{"code":"HR","native":"Hrvatska","localized":"Kroasi"},"hu":{"code":"HU","native":"Magyarország","localized":"Hɔngri"},"hy":{"code":"AM","native":"Հայաստան","localized":"Arimeni"},"id":{"code":"ID","native":"Indonesia","localized":"Ɛndonezi"},"ig":{"code":"NG","native":"Naịjịrịa","localized":"Nizeriya"},"is":{"code":"IS","native":"Ísland","localized":"Isilandi"},"it":{"code":"IT","native":"Italia","localized":"Itali"},"ja":{"code":"JP","native":"日本","localized":"Zapɔn"},"ka":{"code":"GE","native":"საქართველო","localized":"Zeyɔrzi"},"kk":{"code":"KZ","native":"Қазақстан","localized":"Kazakistaŋ"},"km":{"code":"KH","native":"កម្ពុជា","localized":"Kamboji"},"kn":{"code":"IN","native":"ಭಾರತ","localized":"Ɛndujamana"},"ko":{"code":"KR","native":"대한민국","localized":"Worodugu Kore"},"ku":{"code":"TR","native":"Tirkiye","localized":"Turiki"},"ky":{"code":"KG","native":"Кыргызстан","localized":"Kirigizisitaŋ"},"lb":{"code":"LU","native":"Lëtzebuerg","localized":"Likisanburu"},"lg":{"code":"UG","native":"Yuganda","localized":"Uganda"},"ln":{"code":"CD","native":"Republíki Ya Kongó Demokratíki","localized":"Kongo Ka Republiki Demɔkratiki"},"lo":{"code":"LA","native":"ລາວ","localized":"Layosi"},"lt":{"code":"LT","native":"Lietuva","localized":"Lituyani"},"lv":{"code":"LV","native":"Latvija","localized":"Letoni"},"mai":{"code":"IN","native":"भारत","localized":"Ɛndujamana"},"mg":{"code":"MG","native":"Madagasikara","localized":"Madagasikari"},"mi":{"code":"NZ","native":"Aotearoa","localized":"Zelandi Koura"},"mk":{"code":"MK","native":"Северна Македонија","localized":"Mk"},"ml":{"code":"IN","native":"ഇന്ത്യ","localized":"Ɛndujamana"},"mn":{"code":"MN","native":"Монгол","localized":"Moŋoli"},"mni_Mtei":{"code":"IN","native":"India","localized":"Ɛndujamana"},"mr":{"code":"IN","native":"भारत","localized":"Ɛndujamana"},"ms":{"code":"MY","native":"Malaysia","localized":"Malɛzi"},"mt":{"code":"MT","native":"Malta","localized":"Malti"},"my":{"code":"MM","native":"မြန်မာ","localized":"Myanimari"},"nb":{"code":"NO","native":"Norge","localized":"Nɔriwɛzi"},"ne":{"code":"NP","native":"नेपाल","localized":"Nepali"},"nl":{"code":"NL","native":"Nederland","localized":"Peyiba"},"nn":{"code":"NO","native":"Noreg","localized":"Nɔriwɛzi"},"oc":{"code":"FR","native":"Fr","localized":"Faransi"},"om":{"code":"ET","native":"Itoophiyaa","localized":"Etiopi"},"or":{"code":"IN","native":"ଭାରତ","localized":"Ɛndujamana"},"pa":{"code":"IN","native":"ਭਾਰਤ","localized":"Ɛndujamana"},"pl":{"code":"PL","native":"Polska","localized":"Poloɲi"},"ps":{"code":"AF","native":"افغانستان","localized":"Afiganistaŋ"},"pt":{"code":"BR","native":"Brasil","localized":"Berezili"},"pt_BR":{"code":"BR","native":"Brasil","localized":"Berezili"},"qu":{"code":"PE","native":"Perú","localized":"Peru"},"ro":{"code":"RO","native":"România","localized":"Rumani"},"ru":{"code":"RU","native":"Россия","localized":"Irisi"},"rw":{"code":"RW","native":"U Rwanda","localized":"Ruwanda"},"sa":{"code":"IN","native":"भारतः","localized":"Ɛndujamana"},"sc":{"code":"IT","native":"Itàlia","localized":"Itali"},"sd":{"code":"PK","native":"پاڪستان","localized":"Pakisitaŋ"},"si":{"code":"LK","native":"ශ්‍රී ලංකාව","localized":"Sirilanka"},"sk":{"code":"SK","native":"Slovensko","localized":"Slowaki"},"sl":{"code":"SI","native":"Slovenija","localized":"Sloveni"},"sn":{"code":"ZW","native":"Zimbabwe","localized":"Zimbabuwe"},"so":{"code":"SO","native":"Soomaaliya","localized":"Somali"},"sq":{"code":"AL","native":"Shqipëri","localized":"Alibani"},"sr_Cyrl":{"code":"RS","native":"Србија","localized":"Rs"},"sr_Latn":{"code":"RS","native":"Serbia","localized":"Rs"},"sr_Latn_ME":{"code":"ME","native":"Montenegro","localized":"Me"},"su":{"code":"ID","native":"Indonesia","localized":"Ɛndonezi"},"sv":{"code":"SE","native":"Sverige","localized":"Suwɛdi"},"sw":{"code":"TZ","native":"Tanzania","localized":"Tanzani"},"ta":{"code":"IN","native":"இந்தியா","localized":"Ɛndujamana"},"te":{"code":"IN","native":"భారతదేశం","localized":"Ɛndujamana"},"tg":{"code":"TJ","native":"Тоҷикистон","localized":"Tajikisitani"},"th":{"code":"TH","native":"ไทย","localized":"Tayilandi"},"ti":{"code":"ET","native":"ኢትዮጵያ","localized":"Etiopi"},"tk":{"code":"TM","native":"Türkmenistan","localized":"Turikimenisitani"},"tl":{"code":"PH","native":"Philippines","localized":"Filipini"},"tr":{"code":"TR","native":"Türkiye","localized":"Turiki"},"tt":{"code":"RU","native":"Россия","localized":"Irisi"},"ug":{"code":"CN","native":"جۇڭگو","localized":"Siniwajamana"},"uk":{"code":"UA","native":"Україна","localized":"Ukɛrɛni"},"ur":{"code":"PK","native":"پاکستان","localized":"Pakisitaŋ"},"uz_Cyrl":{"code":"UZ","native":"Uzbekistan","localized":"Uzebekisitani"},"uz_Latn":{"code":"UZ","native":"Oʻzbekiston","localized":"Uzebekisitani"},"vi":{"code":"VN","native":"Việt Nam","localized":"Wiyɛtinamu"},"xh":{"code":"ZA","native":"Emzantsi Afrika","localized":"Worodugu Afriki"},"yi":{"code":"001","native":"וועלט","localized":"001"},"yo":{"code":"NG","native":"Nàìjíríà","localized":"Nizeriya"},"zh_CN":{"code":"CN","native":"中国","localized":"Siniwajamana"},"zh_HK":{"code":"HK","native":"中国香港特别行政区","localized":"Hk"},"zh_TW":{"code":"TW","native":"台湾","localized":"Tayiwani"},"zu":{"code":"ZA","native":"Iningizimu Afrika","localized":"Worodugu Afriki"}}
