{"af":{"code":"ZA","native":"Suid-Afrika","localized":"দক্ষিণ আফ্রিকা"},"ak":{"code":"GH","native":"Gaana","localized":"ঘানা"},"am":{"code":"ET","native":"ኢትዮጵያ","localized":"ইথিওপিয়া"},"ar":{"code":"EG","native":"مصر","localized":"মিশর"},"as":{"code":"IN","native":"ভাৰত","localized":"ভারত"},"az":{"code":"AZ","native":"Azərbaycan","localized":"আজারবাইজান"},"be":{"code":"BY","native":"Беларусь","localized":"বেলারুশ"},"bg":{"code":"BG","native":"България","localized":"বুলগেরিয়া"},"bho":{"code":"IN","native":"भारत","localized":"ভারত"},"bm":{"code":"ML","native":"Mali","localized":"মালি"},"bn":{"code":"BD","native":"বাংলাদেশ","localized":"বাংলাদেশ"},"bs":{"code":"BA","native":"Bosna I Hercegovina","localized":"বসনিয়া ও হার্জেগোভিনা"},"ca":{"code":"ES","native":"Espanya","localized":"স্পেন"},"ceb":{"code":"PH","native":"Pilipinas","localized":"ফিলিপাইন"},"ckb":{"code":"IQ","native":"عێراق","localized":"ইরাক"},"cs":{"code":"CZ","native":"Česko","localized":"চেকিয়া"},"cy":{"code":"GB","native":"Y Deyrnas Unedig","localized":"যুক্তরাজ্য"},"da":{"code":"DK","native":"Danmark","localized":"ডেনমার্ক"},"de":{"code":"DE","native":"Deutschland","localized":"জার্মানি"},"de_CH":{"code":"CH","native":"Schweiz","localized":"সুইজারল্যান্ড"},"doi":{"code":"IN","native":"भारत","localized":"ভারত"},"ee":{"code":"GH","native":"Ghana Nutome","localized":"ঘানা"},"el":{"code":"GR","native":"Ελλάδα","localized":"গ্রীস"},"en":{"code":"US","native":"United States","localized":"মার্কিন যুক্তরাষ্ট্র"},"en_CA":{"code":"CA","native":"Canada","localized":"কানাডা"},"eo":{"code":"001","native":"Mondo","localized":"পৃথিবী"},"es":{"code":"ES","native":"España","localized":"স্পেন"},"et":{"code":"EE","native":"Eesti","localized":"এস্তোনিয়া"},"eu":{"code":"ES","native":"Espainia","localized":"স্পেন"},"fa":{"code":"IR","native":"ایران","localized":"ইরান"},"fi":{"code":"FI","native":"Suomi","localized":"ফিনল্যান্ড"},"fil":{"code":"PH","native":"Pilipinas","localized":"ফিলিপাইন"},"fr":{"code":"FR","native":"France","localized":"ফ্রান্স"},"fy":{"code":"NL","native":"Nederlân","localized":"নেদারল্যান্ডস"},"ga":{"code":"IE","native":"Éire","localized":"আয়ারল্যান্ড"},"gd":{"code":"GB","native":"An Rìoghachd Aonaichte","localized":"যুক্তরাজ্য"},"gl":{"code":"ES","native":"España","localized":"স্পেন"},"gu":{"code":"IN","native":"ભારત","localized":"ভারত"},"ha":{"code":"NG","native":"Nijeriya","localized":"নাইজেরিয়া"},"haw":{"code":"US","native":"ʻAmelika Hui Pū ʻIa","localized":"মার্কিন যুক্তরাষ্ট্র"},"he":{"code":"IL","native":"ישראל","localized":"ইজরায়েল"},"hi":{"code":"IN","native":"भारत","localized":"ভারত"},"hr":{"code":"HR","native":"Hrvatska","localized":"ক্রোয়েশিয়া"},"hu":{"code":"HU","native":"Magyarország","localized":"হাঙ্গেরি"},"hy":{"code":"AM","native":"Հայաստան","localized":"আর্মেনিয়া"},"id":{"code":"ID","native":"Indonesia","localized":"ইন্দোনেশিয়া"},"ig":{"code":"NG","native":"Naịjịrịa","localized":"নাইজেরিয়া"},"is":{"code":"IS","native":"Ísland","localized":"আইসল্যান্ড"},"it":{"code":"IT","native":"Italia","localized":"ইতালি"},"ja":{"code":"JP","native":"日本","localized":"জাপান"},"ka":{"code":"GE","native":"საქართველო","localized":"জর্জিয়া"},"kk":{"code":"KZ","native":"Қазақстан","localized":"কাজাখস্তান"},"km":{"code":"KH","native":"កម្ពុជា","localized":"কম্বোডিয়া"},"kn":{"code":"IN","native":"ಭಾರತ","localized":"ভারত"},"ko":{"code":"KR","native":"대한민국","localized":"দক্ষিণ কোরিয়া"},"ku":{"code":"TR","native":"Tirkiye","localized":"তুরস্ক"},"ky":{"code":"KG","native":"Кыргызстан","localized":"কিরগিজিস্তান"},"lb":{"code":"LU","native":"Lëtzebuerg","localized":"লাক্সেমবার্গ"},"lg":{"code":"UG","native":"Yuganda","localized":"উগান্ডা"},"ln":{"code":"CD","native":"Republíki Ya Kongó Demokratíki","localized":"কঙ্গো-কিনশাসা"},"lo":{"code":"LA","native":"ລາວ","localized":"লাওস"},"lt":{"code":"LT","native":"Lietuva","localized":"লিথুয়ানিয়া"},"lv":{"code":"LV","native":"Latvija","localized":"লাটভিয়া"},"mai":{"code":"IN","native":"भारत","localized":"ভারত"},"mg":{"code":"MG","native":"Madagasikara","localized":"মাদাগাস্কার"},"mi":{"code":"NZ","native":"Aotearoa","localized":"নিউজিল্যান্ড"},"mk":{"code":"MK","native":"Северна Македонија","localized":"উত্তর ম্যাসেডোনিয়া"},"ml":{"code":"IN","native":"ഇന്ത്യ","localized":"ভারত"},"mn":{"code":"MN","native":"Монгол","localized":"মঙ্গোলিয়া"},"mni_Mtei":{"code":"IN","native":"India","localized":"ভারত"},"mr":{"code":"IN","native":"भारत","localized":"ভারত"},"ms":{"code":"MY","native":"Malaysia","localized":"মালয়েশিয়া"},"mt":{"code":"MT","native":"Malta","localized":"মাল্টা"},"my":{"code":"MM","native":"မြန်မာ","localized":"মায়ানমার (বার্মা)"},"nb":{"code":"NO","native":"Norge","localized":"নরওয়ে"},"ne":{"code":"NP","native":"नेपाल","localized":"নেপাল"},"nl":{"code":"NL","native":"Nederland","localized":"নেদারল্যান্ডস"},"nn":{"code":"NO","native":"Noreg","localized":"নরওয়ে"},"oc":{"code":"FR","native":"Fr","localized":"ফ্রান্স"},"om":{"code":"ET","native":"Itoophiyaa","localized":"ইথিওপিয়া"},"or":{"code":"IN","native":"ଭାରତ","localized":"ভারত"},"pa":{"code":"IN","native":"ਭਾਰਤ","localized":"ভারত"},"pl":{"code":"PL","native":"Polska","localized":"পোল্যান্ড"},"ps":{"code":"AF","native":"افغانستان","localized":"আফগানিস্তান"},"pt":{"code":"BR","native":"Brasil","localized":"ব্রাজিল"},"pt_BR":{"code":"BR","native":"Brasil","localized":"ব্রাজিল"},"qu":{"code":"PE","native":"Perú","localized":"পেরু"},"ro":{"code":"RO","native":"România","localized":"রোমানিয়া"},"ru":{"code":"RU","native":"Россия","localized":"রাশিয়া"},"rw":{"code":"RW","native":"U Rwanda","localized":"রুয়ান্ডা"},"sa":{"code":"IN","native":"भारतः","localized":"ভারত"},"sc":{"code":"IT","native":"Itàlia","localized":"ইতালি"},"sd":{"code":"PK","native":"پاڪستان","localized":"পাকিস্তান"},"si":{"code":"LK","native":"ශ්‍රී ලංකාව","localized":"শ্রীলঙ্কা"},"sk":{"code":"SK","native":"Slovensko","localized":"স্লোভাকিয়া"},"sl":{"code":"SI","native":"Slovenija","localized":"স্লোভানিয়া"},"sn":{"code":"ZW","native":"Zimbabwe","localized":"জিম্বাবোয়ে"},"so":{"code":"SO","native":"Soomaaliya","localized":"সোমালিয়া"},"sq":{"code":"AL","native":"Shqipëri","localized":"আলবেনিয়া"},"sr_Cyrl":{"code":"RS","native":"Србија","localized":"সার্বিয়া"},"sr_Latn":{"code":"RS","native":"Serbia","localized":"সার্বিয়া"},"sr_Latn_ME":{"code":"ME","native":"Montenegro","localized":"মন্টিনিগ্রো"},"su":{"code":"ID","native":"Indonesia","localized":"ইন্দোনেশিয়া"},"sv":{"code":"SE","native":"Sverige","localized":"সুইডেন"},"sw":{"code":"TZ","native":"Tanzania","localized":"তাঞ্জানিয়া"},"ta":{"code":"IN","native":"இந்தியா","localized":"ভারত"},"te":{"code":"IN","native":"భారతదేశం","localized":"ভারত"},"tg":{"code":"TJ","native":"Тоҷикистон","localized":"তাজিকিস্তান"},"th":{"code":"TH","native":"ไทย","localized":"থাইল্যান্ড"},"ti":{"code":"ET","native":"ኢትዮጵያ","localized":"ইথিওপিয়া"},"tk":{"code":"TM","native":"Türkmenistan","localized":"তুর্কমেনিস্তান"},"tl":{"code":"PH","native":"Philippines","localized":"ফিলিপাইন"},"tr":{"code":"TR","native":"Türkiye","localized":"তুরস্ক"},"tt":{"code":"RU","native":"Россия","localized":"রাশিয়া"},"ug":{"code":"CN","native":"جۇڭگو","localized":"চীন"},"uk":{"code":"UA","native":"Україна","localized":"ইউক্রেন"},"ur":{"code":"PK","native":"پاکستان","localized":"পাকিস্তান"},"uz_Cyrl":{"code":"UZ","native":"Uzbekistan","localized":"উজবেকিস্তান"},"uz_Latn":{"code":"UZ","native":"Oʻzbekiston","localized":"উজবেকিস্তান"},"vi":{"code":"VN","native":"Việt Nam","localized":"ভিয়েতনাম"},"xh":{"code":"ZA","native":"Emzantsi Afrika","localized":"দক্ষিণ আফ্রিকা"},"yi":{"code":"001","native":"וועלט","localized":"পৃথিবী"},"yo":{"code":"NG","native":"Nàìjíríà","localized":"নাইজেরিয়া"},"zh_CN":{"code":"CN","native":"中国","localized":"চীন"},"zh_HK":{"code":"HK","native":"中国香港特别行政区","localized":"হংকং এসএআর চীনা"},"zh_TW":{"code":"TW","native":"台湾","localized":"তাইওয়ান"},"zu":{"code":"ZA","native":"Iningizimu Afrika","localized":"দক্ষিণ আফ্রিকা"}}
