{"af":{"code":"ZA","native":"Suid-Afrika","localized":"Južnoafrička Republika"},"ak":{"code":"GH","native":"Gaana","localized":"Gana"},"am":{"code":"ET","native":"ኢትዮጵያ","localized":"Etiopija"},"ar":{"code":"EG","native":"مصر","localized":"Egipat"},"as":{"code":"IN","native":"ভাৰত","localized":"Indija"},"az":{"code":"AZ","native":"Azərbaycan","localized":"Azerbejdžan"},"be":{"code":"BY","native":"Беларусь","localized":"Bjelorusija"},"bg":{"code":"BG","native":"България","localized":"Bugarska"},"bho":{"code":"IN","native":"भारत","localized":"Indija"},"bm":{"code":"ML","native":"Mali","localized":"Mali"},"bn":{"code":"BD","native":"বাংলাদেশ","localized":"Bangladeš"},"bs":{"code":"BA","native":"Bosna I Hercegovina","localized":"Bosna I Hercegovina"},"ca":{"code":"ES","native":"Espanya","localized":"Španija"},"ceb":{"code":"PH","native":"Pilipinas","localized":"Filipini"},"ckb":{"code":"IQ","native":"عێراق","localized":"Irak"},"cs":{"code":"CZ","native":"Česko","localized":"Češka"},"cy":{"code":"GB","native":"Y Deyrnas Unedig","localized":"Ujedinjeno Kraljevstvo"},"da":{"code":"DK","native":"Danmark","localized":"Danska"},"de":{"code":"DE","native":"Deutschland","localized":"Njemačka"},"de_CH":{"code":"CH","native":"Schweiz","localized":"Švicarska"},"doi":{"code":"IN","native":"भारत","localized":"Indija"},"ee":{"code":"GH","native":"Ghana Nutome","localized":"Gana"},"el":{"code":"GR","native":"Ελλάδα","localized":"Grčka"},"en":{"code":"US","native":"United States","localized":"Sjedinjene Države"},"en_CA":{"code":"CA","native":"Canada","localized":"Kanada"},"eo":{"code":"001","native":"Mondo","localized":"Svijet"},"es":{"code":"ES","native":"España","localized":"Španija"},"et":{"code":"EE","native":"Eesti","localized":"Estonija"},"eu":{"code":"ES","native":"Espainia","localized":"Španija"},"fa":{"code":"IR","native":"ایران","localized":"Iran"},"fi":{"code":"FI","native":"Suomi","localized":"Finska"},"fil":{"code":"PH","native":"Pilipinas","localized":"Filipini"},"fr":{"code":"FR","native":"France","localized":"Francuska"},"fy":{"code":"NL","native":"Nederlân","localized":"Holandija"},"ga":{"code":"IE","native":"Éire","localized":"Irska"},"gd":{"code":"GB","native":"An Rìoghachd Aonaichte","localized":"Ujedinjeno Kraljevstvo"},"gl":{"code":"ES","native":"España","localized":"Španija"},"gu":{"code":"IN","native":"ભારત","localized":"Indija"},"ha":{"code":"NG","native":"Nijeriya","localized":"Nigerija"},"haw":{"code":"US","native":"ʻAmelika Hui Pū ʻIa","localized":"Sjedinjene Države"},"he":{"code":"IL","native":"ישראל","localized":"Izrael"},"hi":{"code":"IN","native":"भारत","localized":"Indija"},"hr":{"code":"HR","native":"Hrvatska","localized":"Hrvatska"},"hu":{"code":"HU","native":"Magyarország","localized":"Mađarska"},"hy":{"code":"AM","native":"Հայաստան","localized":"Armenija"},"id":{"code":"ID","native":"Indonesia","localized":"Indonezija"},"ig":{"code":"NG","native":"Naịjịrịa","localized":"Nigerija"},"is":{"code":"IS","native":"Ísland","localized":"Island"},"it":{"code":"IT","native":"Italia","localized":"Italija"},"ja":{"code":"JP","native":"日本","localized":"Japan"},"ka":{"code":"GE","native":"საქართველო","localized":"Gruzija"},"kk":{"code":"KZ","native":"Қазақстан","localized":"Kazahstan"},"km":{"code":"KH","native":"កម្ពុជា","localized":"Kambodža"},"kn":{"code":"IN","native":"ಭಾರತ","localized":"Indija"},"ko":{"code":"KR","native":"대한민국","localized":"Južna Koreja"},"ku":{"code":"TR","native":"Tirkiye","localized":"Turska"},"ky":{"code":"KG","native":"Кыргызстан","localized":"Kirgistan"},"lb":{"code":"LU","native":"Lëtzebuerg","localized":"Luksemburg"},"lg":{"code":"UG","native":"Yuganda","localized":"Uganda"},"ln":{"code":"CD","native":"Republíki Ya Kongó Demokratíki","localized":"Demokratska Republika Kongo"},"lo":{"code":"LA","native":"ລາວ","localized":"Laos"},"lt":{"code":"LT","native":"Lietuva","localized":"Litvanija"},"lv":{"code":"LV","native":"Latvija","localized":"Latvija"},"mai":{"code":"IN","native":"भारत","localized":"Indija"},"mg":{"code":"MG","native":"Madagasikara","localized":"Madagaskar"},"mi":{"code":"NZ","native":"Aotearoa","localized":"Novi Zeland"},"mk":{"code":"MK","native":"Северна Македонија","localized":"Sjeverna Makedonija"},"ml":{"code":"IN","native":"ഇന്ത്യ","localized":"Indija"},"mn":{"code":"MN","native":"Монгол","localized":"Mongolija"},"mni_Mtei":{"code":"IN","native":"India","localized":"Indija"},"mr":{"code":"IN","native":"भारत","localized":"Indija"},"ms":{"code":"MY","native":"Malaysia","localized":"Malezija"},"mt":{"code":"MT","native":"Malta","localized":"Malta"},"my":{"code":"MM","native":"မြန်မာ","localized":"Mjanmar"},"nb":{"code":"NO","native":"Norge","localized":"Norveška"},"ne":{"code":"NP","native":"नेपाल","localized":"Nepal"},"nl":{"code":"NL","native":"Nederland","localized":"Holandija"},"nn":{"code":"NO","native":"Noreg","localized":"Norveška"},"oc":{"code":"FR","native":"Fr","localized":"Francuska"},"om":{"code":"ET","native":"Itoophiyaa","localized":"Etiopija"},"or":{"code":"IN","native":"ଭାରତ","localized":"Indija"},"pa":{"code":"IN","native":"ਭਾਰਤ","localized":"Indija"},"pl":{"code":"PL","native":"Polska","localized":"Poljska"},"ps":{"code":"AF","native":"افغانستان","localized":"Afganistan"},"pt":{"code":"BR","native":"Brasil","localized":"Brazil"},"pt_BR":{"code":"BR","native":"Brasil","localized":"Brazil"},"qu":{"code":"PE","native":"Perú","localized":"Peru"},"ro":{"code":"RO","native":"România","localized":"Rumunija"},"ru":{"code":"RU","native":"Россия","localized":"Rusija"},"rw":{"code":"RW","native":"U Rwanda","localized":"Ruanda"},"sa":{"code":"IN","native":"भारतः","localized":"Indija"},"sc":{"code":"IT","native":"Itàlia","localized":"Italija"},"sd":{"code":"PK","native":"پاڪستان","localized":"Pakistan"},"si":{"code":"LK","native":"ශ්‍රී ලංකාව","localized":"Šri Lanka"},"sk":{"code":"SK","native":"Slovensko","localized":"Slovačka"},"sl":{"code":"SI","native":"Slovenija","localized":"Slovenija"},"sn":{"code":"ZW","native":"Zimbabwe","localized":"Zimbabve"},"so":{"code":"SO","native":"Soomaaliya","localized":"Somalija"},"sq":{"code":"AL","native":"Shqipëri","localized":"Albanija"},"sr_Cyrl":{"code":"RS","native":"Србија","localized":"Srbija"},"sr_Latn":{"code":"RS","native":"Serbia","localized":"Srbija"},"sr_Latn_ME":{"code":"ME","native":"Montenegro","localized":"Crna Gora"},"su":{"code":"ID","native":"Indonesia","localized":"Indonezija"},"sv":{"code":"SE","native":"Sverige","localized":"Švedska"},"sw":{"code":"TZ","native":"Tanzania","localized":"Tanzanija"},"ta":{"code":"IN","native":"இந்தியா","localized":"Indija"},"te":{"code":"IN","native":"భారతదేశం","localized":"Indija"},"tg":{"code":"TJ","native":"Тоҷикистон","localized":"Tadžikistan"},"th":{"code":"TH","native":"ไทย","localized":"Tajland"},"ti":{"code":"ET","native":"ኢትዮጵያ","localized":"Etiopija"},"tk":{"code":"TM","native":"Türkmenistan","localized":"Turkmenistan"},"tl":{"code":"PH","native":"Philippines","localized":"Filipini"},"tr":{"code":"TR","native":"Türkiye","localized":"Turska"},"tt":{"code":"RU","native":"Россия","localized":"Rusija"},"ug":{"code":"CN","native":"جۇڭگو","localized":"Kina"},"uk":{"code":"UA","native":"Україна","localized":"Ukrajina"},"ur":{"code":"PK","native":"پاکستان","localized":"Pakistan"},"uz_Cyrl":{"code":"UZ","native":"Uzbekistan","localized":"Uzbekistan"},"uz_Latn":{"code":"UZ","native":"Oʻzbekiston","localized":"Uzbekistan"},"vi":{"code":"VN","native":"Việt Nam","localized":"Vijetnam"},"xh":{"code":"ZA","native":"Emzantsi Afrika","localized":"Južnoafrička Republika"},"yi":{"code":"001","native":"וועלט","localized":"Svijet"},"yo":{"code":"NG","native":"Nàìjíríà","localized":"Nigerija"},"zh_CN":{"code":"CN","native":"中国","localized":"Kina"},"zh_HK":{"code":"HK","native":"中国香港特别行政区","localized":"Hong Kong (Sar Kina)"},"zh_TW":{"code":"TW","native":"台湾","localized":"Tajvan"},"zu":{"code":"ZA","native":"Iningizimu Afrika","localized":"Južnoafrička Republika"}}
