{"af":{"code":"ZA","native":"Suid-Afrika","localized":"República De Sud-Àfrica"},"ak":{"code":"GH","native":"Gaana","localized":"Ghana"},"am":{"code":"ET","native":"ኢትዮጵያ","localized":"Etiòpia"},"ar":{"code":"EG","native":"مصر","localized":"Egipte"},"as":{"code":"IN","native":"ভাৰত","localized":"Índia"},"az":{"code":"AZ","native":"Azərbaycan","localized":"Azerbaidjan"},"be":{"code":"BY","native":"Беларусь","localized":"Belarús"},"bg":{"code":"BG","native":"България","localized":"Bulgària"},"bho":{"code":"IN","native":"भारत","localized":"Índia"},"bm":{"code":"ML","native":"Mali","localized":"Mali"},"bn":{"code":"BD","native":"বাংলাদেশ","localized":"Bangladesh"},"bs":{"code":"BA","native":"Bosna I Hercegovina","localized":"Bòsnia I Hercegovina"},"ca":{"code":"ES","native":"Espanya","localized":"Espanya"},"ceb":{"code":"PH","native":"Pilipinas","localized":"Filipines"},"ckb":{"code":"IQ","native":"عێراق","localized":"Iraq"},"cs":{"code":"CZ","native":"Česko","localized":"Txèquia"},"cy":{"code":"GB","native":"Y Deyrnas Unedig","localized":"Regne Unit"},"da":{"code":"DK","native":"Danmark","localized":"Dinamarca"},"de":{"code":"DE","native":"Deutschland","localized":"Alemanya"},"de_CH":{"code":"CH","native":"Schweiz","localized":"Suïssa"},"doi":{"code":"IN","native":"भारत","localized":"Índia"},"ee":{"code":"GH","native":"Ghana Nutome","localized":"Ghana"},"el":{"code":"GR","native":"Ελλάδα","localized":"Grècia"},"en":{"code":"US","native":"United States","localized":"Estats Units"},"en_CA":{"code":"CA","native":"Canada","localized":"Canadà"},"eo":{"code":"001","native":"Mondo","localized":"Món"},"es":{"code":"ES","native":"España","localized":"Espanya"},"et":{"code":"EE","native":"Eesti","localized":"Estònia"},"eu":{"code":"ES","native":"Espainia","localized":"Espanya"},"fa":{"code":"IR","native":"ایران","localized":"Iran"},"fi":{"code":"FI","native":"Suomi","localized":"Finlàndia"},"fil":{"code":"PH","native":"Pilipinas","localized":"Filipines"},"fr":{"code":"FR","native":"France","localized":"França"},"fy":{"code":"NL","native":"Nederlân","localized":"Països Baixos"},"ga":{"code":"IE","native":"Éire","localized":"Irlanda"},"gd":{"code":"GB","native":"An Rìoghachd Aonaichte","localized":"Regne Unit"},"gl":{"code":"ES","native":"España","localized":"Espanya"},"gu":{"code":"IN","native":"ભારત","localized":"Índia"},"ha":{"code":"NG","native":"Nijeriya","localized":"Nigèria"},"haw":{"code":"US","native":"ʻAmelika Hui Pū ʻIa","localized":"Estats Units"},"he":{"code":"IL","native":"ישראל","localized":"Israel"},"hi":{"code":"IN","native":"भारत","localized":"Índia"},"hr":{"code":"HR","native":"Hrvatska","localized":"Croàcia"},"hu":{"code":"HU","native":"Magyarország","localized":"Hongria"},"hy":{"code":"AM","native":"Հայաստան","localized":"Armènia"},"id":{"code":"ID","native":"Indonesia","localized":"Indonèsia"},"ig":{"code":"NG","native":"Naịjịrịa","localized":"Nigèria"},"is":{"code":"IS","native":"Ísland","localized":"Islàndia"},"it":{"code":"IT","native":"Italia","localized":"Itàlia"},"ja":{"code":"JP","native":"日本","localized":"Japó"},"ka":{"code":"GE","native":"საქართველო","localized":"Geòrgia"},"kk":{"code":"KZ","native":"Қазақстан","localized":"Kazakhstan"},"km":{"code":"KH","native":"កម្ពុជា","localized":"Cambodja"},"kn":{"code":"IN","native":"ಭಾರತ","localized":"Índia"},"ko":{"code":"KR","native":"대한민국","localized":"Corea Del Sud"},"ku":{"code":"TR","native":"Tirkiye","localized":"Turquia"},"ky":{"code":"KG","native":"Кыргызстан","localized":"Kirguizstan"},"lb":{"code":"LU","native":"Lëtzebuerg","localized":"Luxemburg"},"lg":{"code":"UG","native":"Yuganda","localized":"Uganda"},"ln":{"code":"CD","native":"Republíki Ya Kongó Demokratíki","localized":"Congo - Kinshasa"},"lo":{"code":"LA","native":"ລາວ","localized":"Laos"},"lt":{"code":"LT","native":"Lietuva","localized":"Lituània"},"lv":{"code":"LV","native":"Latvija","localized":"Letònia"},"mai":{"code":"IN","native":"भारत","localized":"Índia"},"mg":{"code":"MG","native":"Madagasikara","localized":"Madagascar"},"mi":{"code":"NZ","native":"Aotearoa","localized":"Nova Zelanda"},"mk":{"code":"MK","native":"Северна Македонија","localized":"Macedònia Del Nord"},"ml":{"code":"IN","native":"ഇന്ത്യ","localized":"Índia"},"mn":{"code":"MN","native":"Монгол","localized":"Mongòlia"},"mni_Mtei":{"code":"IN","native":"India","localized":"Índia"},"mr":{"code":"IN","native":"भारत","localized":"Índia"},"ms":{"code":"MY","native":"Malaysia","localized":"Malàisia"},"mt":{"code":"MT","native":"Malta","localized":"Malta"},"my":{"code":"MM","native":"မြန်မာ","localized":"Myanmar (Birmània)"},"nb":{"code":"NO","native":"Norge","localized":"Noruega"},"ne":{"code":"NP","native":"नेपाल","localized":"Nepal"},"nl":{"code":"NL","native":"Nederland","localized":"Països Baixos"},"nn":{"code":"NO","native":"Noreg","localized":"Noruega"},"oc":{"code":"FR","native":"Fr","localized":"França"},"om":{"code":"ET","native":"Itoophiyaa","localized":"Etiòpia"},"or":{"code":"IN","native":"ଭାରତ","localized":"Índia"},"pa":{"code":"IN","native":"ਭਾਰਤ","localized":"Índia"},"pl":{"code":"PL","native":"Polska","localized":"Polònia"},"ps":{"code":"AF","native":"افغانستان","localized":"Afganistan"},"pt":{"code":"BR","native":"Brasil","localized":"Brasil"},"pt_BR":{"code":"BR","native":"Brasil","localized":"Brasil"},"qu":{"code":"PE","native":"Perú","localized":"Perú"},"ro":{"code":"RO","native":"România","localized":"Romania"},"ru":{"code":"RU","native":"Россия","localized":"Rússia"},"rw":{"code":"RW","native":"U Rwanda","localized":"Ruanda"},"sa":{"code":"IN","native":"भारतः","localized":"Índia"},"sc":{"code":"IT","native":"Itàlia","localized":"Itàlia"},"sd":{"code":"PK","native":"پاڪستان","localized":"Pakistan"},"si":{"code":"LK","native":"ශ්‍රී ලංකාව","localized":"Sri Lanka"},"sk":{"code":"SK","native":"Slovensko","localized":"Eslovàquia"},"sl":{"code":"SI","native":"Slovenija","localized":"Eslovènia"},"sn":{"code":"ZW","native":"Zimbabwe","localized":"Zimbàbue"},"so":{"code":"SO","native":"Soomaaliya","localized":"Somàlia"},"sq":{"code":"AL","native":"Shqipëri","localized":"Albània"},"sr_Cyrl":{"code":"RS","native":"Србија","localized":"Sèrbia"},"sr_Latn":{"code":"RS","native":"Serbia","localized":"Sèrbia"},"sr_Latn_ME":{"code":"ME","native":"Montenegro","localized":"Montenegro"},"su":{"code":"ID","native":"Indonesia","localized":"Indonèsia"},"sv":{"code":"SE","native":"Sverige","localized":"Suècia"},"sw":{"code":"TZ","native":"Tanzania","localized":"Tanzània"},"ta":{"code":"IN","native":"இந்தியா","localized":"Índia"},"te":{"code":"IN","native":"భారతదేశం","localized":"Índia"},"tg":{"code":"TJ","native":"Тоҷикистон","localized":"Tadjikistan"},"th":{"code":"TH","native":"ไทย","localized":"Tailàndia"},"ti":{"code":"ET","native":"ኢትዮጵያ","localized":"Etiòpia"},"tk":{"code":"TM","native":"Türkmenistan","localized":"Turkmenistan"},"tl":{"code":"PH","native":"Philippines","localized":"Filipines"},"tr":{"code":"TR","native":"Türkiye","localized":"Turquia"},"tt":{"code":"RU","native":"Россия","localized":"Rússia"},"ug":{"code":"CN","native":"جۇڭگو","localized":"Xina"},"uk":{"code":"UA","native":"Україна","localized":"Ucraïna"},"ur":{"code":"PK","native":"پاکستان","localized":"Pakistan"},"uz_Cyrl":{"code":"UZ","native":"Uzbekistan","localized":"Uzbekistan"},"uz_Latn":{"code":"UZ","native":"Oʻzbekiston","localized":"Uzbekistan"},"vi":{"code":"VN","native":"Việt Nam","localized":"Vietnam"},"xh":{"code":"ZA","native":"Emzantsi Afrika","localized":"República De Sud-Àfrica"},"yi":{"code":"001","native":"וועלט","localized":"Món"},"yo":{"code":"NG","native":"Nàìjíríà","localized":"Nigèria"},"zh_CN":{"code":"CN","native":"中国","localized":"Xina"},"zh_HK":{"code":"HK","native":"中国香港特别行政区","localized":"Hong Kong (Rae Xina)"},"zh_TW":{"code":"TW","native":"台湾","localized":"Taiwan"},"zu":{"code":"ZA","native":"Iningizimu Afrika","localized":"República De Sud-Àfrica"}}
