{"af":{"code":"ZA","native":"Suid-Afrika","localized":"ئەفریقای باشوور"},"ak":{"code":"GH","native":"Gaana","localized":"غەنا"},"am":{"code":"ET","native":"ኢትዮጵያ","localized":"ئەتیۆپیا"},"ar":{"code":"EG","native":"مصر","localized":"میسر"},"as":{"code":"IN","native":"ভাৰত","localized":"ھیندستان"},"az":{"code":"AZ","native":"Azərbaycan","localized":"ئازەربایجان"},"be":{"code":"BY","native":"Беларусь","localized":"بیلاڕووس"},"bg":{"code":"BG","native":"България","localized":"بولگاریا"},"bho":{"code":"IN","native":"भारत","localized":"ھیندستان"},"bm":{"code":"ML","native":"Mali","localized":"مالی"},"bn":{"code":"BD","native":"বাংলাদেশ","localized":"بەنگلادیش"},"bs":{"code":"BA","native":"Bosna I Hercegovina","localized":"بۆسنیا و ھەرزەگۆڤینا"},"ca":{"code":"ES","native":"Espanya","localized":"ئیسپانیا"},"ceb":{"code":"PH","native":"Pilipinas","localized":"فلیپین"},"ckb":{"code":"IQ","native":"عێراق","localized":"عێراق"},"cs":{"code":"CZ","native":"Česko","localized":"کۆماری چیک"},"cy":{"code":"GB","native":"Y Deyrnas Unedig","localized":"شانشینی یەکگرتوو"},"da":{"code":"DK","native":"Danmark","localized":"دانمارک"},"de":{"code":"DE","native":"Deutschland","localized":"ئەڵمانیا"},"de_CH":{"code":"CH","native":"Schweiz","localized":"سویسڕا"},"doi":{"code":"IN","native":"भारत","localized":"ھیندستان"},"ee":{"code":"GH","native":"Ghana Nutome","localized":"غەنا"},"el":{"code":"GR","native":"Ελλάδα","localized":"یۆنان"},"en":{"code":"US","native":"United States","localized":"ویلایەتە یەکگرتووەکان"},"en_CA":{"code":"CA","native":"Canada","localized":"کەنەدا"},"eo":{"code":"001","native":"Mondo","localized":"جیهان"},"es":{"code":"ES","native":"España","localized":"ئیسپانیا"},"et":{"code":"EE","native":"Eesti","localized":"ئیستۆنیا"},"eu":{"code":"ES","native":"Espainia","localized":"ئیسپانیا"},"fa":{"code":"IR","native":"ایران","localized":"ئێران"},"fi":{"code":"FI","native":"Suomi","localized":"فینلاند"},"fil":{"code":"PH","native":"Pilipinas","localized":"فلیپین"},"fr":{"code":"FR","native":"France","localized":"فەڕەنسا"},"fy":{"code":"NL","native":"Nederlân","localized":"ھۆڵەندا"},"ga":{"code":"IE","native":"Éire","localized":"ئیرلەند"},"gd":{"code":"GB","native":"An Rìoghachd Aonaichte","localized":"شانشینی یەکگرتوو"},"gl":{"code":"ES","native":"España","localized":"ئیسپانیا"},"gu":{"code":"IN","native":"ભારત","localized":"ھیندستان"},"ha":{"code":"NG","native":"Nijeriya","localized":"نیجریا"},"haw":{"code":"US","native":"ʻAmelika Hui Pū ʻIa","localized":"ویلایەتە یەکگرتووەکان"},"he":{"code":"IL","native":"ישראל","localized":"ئیسرائیل"},"hi":{"code":"IN","native":"भारत","localized":"ھیندستان"},"hr":{"code":"HR","native":"Hrvatska","localized":"کرۆواتیا"},"hu":{"code":"HU","native":"Magyarország","localized":"هەنگاریا"},"hy":{"code":"AM","native":"Հայաստան","localized":"ئەرمەنستان"},"id":{"code":"ID","native":"Indonesia","localized":"ئیندۆنیزیا"},"ig":{"code":"NG","native":"Naịjịrịa","localized":"نیجریا"},"is":{"code":"IS","native":"Ísland","localized":"ئایسلەند"},"it":{"code":"IT","native":"Italia","localized":"ئیتالیا"},"ja":{"code":"JP","native":"日本","localized":"ژاپۆن"},"ka":{"code":"GE","native":"საქართველო","localized":"گورجستان"},"kk":{"code":"KZ","native":"Қазақстан","localized":"کازاخستان"},"km":{"code":"KH","native":"កម្ពុជា","localized":"کەمبۆدیا"},"kn":{"code":"IN","native":"ಭಾರತ","localized":"ھیندستان"},"ko":{"code":"KR","native":"대한민국","localized":"کۆریای باشوور"},"ku":{"code":"TR","native":"Tirkiye","localized":"تورکیا"},"ky":{"code":"KG","native":"Кыргызстан","localized":"کرگیزستان"},"lb":{"code":"LU","native":"Lëtzebuerg","localized":"لوکسەمبورگ"},"lg":{"code":"UG","native":"Yuganda","localized":"ئوگاندا"},"ln":{"code":"CD","native":"Republíki Ya Kongó Demokratíki","localized":"کۆنگۆ کینشاسا"},"lo":{"code":"LA","native":"ລາວ","localized":"لاوس"},"lt":{"code":"LT","native":"Lietuva","localized":"لیتوانایا"},"lv":{"code":"LV","native":"Latvija","localized":"لاتڤیا"},"mai":{"code":"IN","native":"भारत","localized":"ھیندستان"},"mg":{"code":"MG","native":"Madagasikara","localized":"ماداگاسکار"},"mi":{"code":"NZ","native":"Aotearoa","localized":"نیوزیلاند"},"mk":{"code":"MK","native":"Северна Македонија","localized":"مەکدۆنیای باکوور"},"ml":{"code":"IN","native":"ഇന്ത്യ","localized":"ھیندستان"},"mn":{"code":"MN","native":"Монгол","localized":"مەنگۆلیا"},"mni_Mtei":{"code":"IN","native":"India","localized":"ھیندستان"},"mr":{"code":"IN","native":"भारत","localized":"ھیندستان"},"ms":{"code":"MY","native":"Malaysia","localized":"مالیزیا"},"mt":{"code":"MT","native":"Malta","localized":"ماڵتا"},"my":{"code":"MM","native":"မြန်မာ","localized":"میانمار"},"nb":{"code":"NO","native":"Norge","localized":"نۆرویژ"},"ne":{"code":"NP","native":"नेपाल","localized":"نیپال"},"nl":{"code":"NL","native":"Nederland","localized":"ھۆڵەندا"},"nn":{"code":"NO","native":"Noreg","localized":"نۆرویژ"},"oc":{"code":"FR","native":"Fr","localized":"فەڕەنسا"},"om":{"code":"ET","native":"Itoophiyaa","localized":"ئەتیۆپیا"},"or":{"code":"IN","native":"ଭାରତ","localized":"ھیندستان"},"pa":{"code":"IN","native":"ਭਾਰਤ","localized":"ھیندستان"},"pl":{"code":"PL","native":"Polska","localized":"پۆڵەندا"},"ps":{"code":"AF","native":"افغانستان","localized":"ئەفغانستان"},"pt":{"code":"BR","native":"Brasil","localized":"برازیل"},"pt_BR":{"code":"BR","native":"Brasil","localized":"برازیل"},"qu":{"code":"PE","native":"Perú","localized":"پێروو"},"ro":{"code":"RO","native":"România","localized":"ڕۆمانیا"},"ru":{"code":"RU","native":"Россия","localized":"ڕووسیا"},"rw":{"code":"RW","native":"U Rwanda","localized":"ڕواندا"},"sa":{"code":"IN","native":"भारतः","localized":"ھیندستان"},"sc":{"code":"IT","native":"Itàlia","localized":"ئیتالیا"},"sd":{"code":"PK","native":"پاڪستان","localized":"پاکستان"},"si":{"code":"LK","native":"ශ්‍රී ලංකාව","localized":"سریلانکا"},"sk":{"code":"SK","native":"Slovensko","localized":"سلۆڤاکیا"},"sl":{"code":"SI","native":"Slovenija","localized":"سلۆڤێنیا"},"sn":{"code":"ZW","native":"Zimbabwe","localized":"زیمبابوی"},"so":{"code":"SO","native":"Soomaaliya","localized":"سۆمالیا"},"sq":{"code":"AL","native":"Shqipëri","localized":"ئەڵبانیا"},"sr_Cyrl":{"code":"RS","native":"Србија","localized":"سربیا"},"sr_Latn":{"code":"RS","native":"Serbia","localized":"سربیا"},"sr_Latn_ME":{"code":"ME","native":"Montenegro","localized":"مۆنتینیگرۆ"},"su":{"code":"ID","native":"Indonesia","localized":"ئیندۆنیزیا"},"sv":{"code":"SE","native":"Sverige","localized":"سوید"},"sw":{"code":"TZ","native":"Tanzania","localized":"تانزانیا"},"ta":{"code":"IN","native":"இந்தியா","localized":"ھیندستان"},"te":{"code":"IN","native":"భారతదేశం","localized":"ھیندستان"},"tg":{"code":"TJ","native":"Тоҷикистон","localized":"تاجیکستان"},"th":{"code":"TH","native":"ไทย","localized":"تایلەند"},"ti":{"code":"ET","native":"ኢትዮጵያ","localized":"ئەتیۆپیا"},"tk":{"code":"TM","native":"Türkmenistan","localized":"تورکمانستان"},"tl":{"code":"PH","native":"Philippines","localized":"فلیپین"},"tr":{"code":"TR","native":"Türkiye","localized":"تورکیا"},"tt":{"code":"RU","native":"Россия","localized":"ڕووسیا"},"ug":{"code":"CN","native":"جۇڭگو","localized":"چین"},"uk":{"code":"UA","native":"Україна","localized":"ئۆکرانیا"},"ur":{"code":"PK","native":"پاکستان","localized":"پاکستان"},"uz_Cyrl":{"code":"UZ","native":"Uzbekistan","localized":"ئوزبەکستان"},"uz_Latn":{"code":"UZ","native":"Oʻzbekiston","localized":"ئوزبەکستان"},"vi":{"code":"VN","native":"Việt Nam","localized":"ڤیەتنام"},"xh":{"code":"ZA","native":"Emzantsi Afrika","localized":"ئەفریقای باشوور"},"yi":{"code":"001","native":"וועלט","localized":"جیهان"},"yo":{"code":"NG","native":"Nàìjíríà","localized":"نیجریا"},"zh_CN":{"code":"CN","native":"中国","localized":"چین"},"zh_HK":{"code":"HK","native":"中国香港特别行政区","localized":"هۆنگ کۆنگ"},"zh_TW":{"code":"TW","native":"台湾","localized":"تایوان"},"zu":{"code":"ZA","native":"Iningizimu Afrika","localized":"ئەفریقای باشوور"}}
