{"af":{"code":"ZA","native":"Suid-Afrika","localized":"Jihoafrická Republika"},"ak":{"code":"GH","native":"Gaana","localized":"Ghana"},"am":{"code":"ET","native":"ኢትዮጵያ","localized":"Etiopie"},"ar":{"code":"EG","native":"مصر","localized":"Egypt"},"as":{"code":"IN","native":"ভাৰত","localized":"Indie"},"az":{"code":"AZ","native":"Azərbaycan","localized":"Ázerbájdžán"},"be":{"code":"BY","native":"Беларусь","localized":"Bělorusko"},"bg":{"code":"BG","native":"България","localized":"Bulharsko"},"bho":{"code":"IN","native":"भारत","localized":"Indie"},"bm":{"code":"ML","native":"Mali","localized":"Mali"},"bn":{"code":"BD","native":"বাংলাদেশ","localized":"Bangladéš"},"bs":{"code":"BA","native":"Bosna I Hercegovina","localized":"Bosna A Hercegovina"},"ca":{"code":"ES","native":"Espanya","localized":"Španělsko"},"ceb":{"code":"PH","native":"Pilipinas","localized":"Filipíny"},"ckb":{"code":"IQ","native":"عێراق","localized":"Irák"},"cs":{"code":"CZ","native":"Česko","localized":"Česko"},"cy":{"code":"GB","native":"Y Deyrnas Unedig","localized":"Spojené Království"},"da":{"code":"DK","native":"Danmark","localized":"Dánsko"},"de":{"code":"DE","native":"Deutschland","localized":"Německo"},"de_CH":{"code":"CH","native":"Schweiz","localized":"Švýcarsko"},"doi":{"code":"IN","native":"भारत","localized":"Indie"},"ee":{"code":"GH","native":"Ghana Nutome","localized":"Ghana"},"el":{"code":"GR","native":"Ελλάδα","localized":"Řecko"},"en":{"code":"US","native":"United States","localized":"Spojené Státy"},"en_CA":{"code":"CA","native":"Canada","localized":"Kanada"},"eo":{"code":"001","native":"Mondo","localized":"Svět"},"es":{"code":"ES","native":"España","localized":"Španělsko"},"et":{"code":"EE","native":"Eesti","localized":"Estonsko"},"eu":{"code":"ES","native":"Espainia","localized":"Španělsko"},"fa":{"code":"IR","native":"ایران","localized":"Írán"},"fi":{"code":"FI","native":"Suomi","localized":"Finsko"},"fil":{"code":"PH","native":"Pilipinas","localized":"Filipíny"},"fr":{"code":"FR","native":"France","localized":"Francie"},"fy":{"code":"NL","native":"Nederlân","localized":"Nizozemsko"},"ga":{"code":"IE","native":"Éire","localized":"Irsko"},"gd":{"code":"GB","native":"An Rìoghachd Aonaichte","localized":"Spojené Království"},"gl":{"code":"ES","native":"España","localized":"Španělsko"},"gu":{"code":"IN","native":"ભારત","localized":"Indie"},"ha":{"code":"NG","native":"Nijeriya","localized":"Nigérie"},"haw":{"code":"US","native":"ʻAmelika Hui Pū ʻIa","localized":"Spojené Státy"},"he":{"code":"IL","native":"ישראל","localized":"Izrael"},"hi":{"code":"IN","native":"भारत","localized":"Indie"},"hr":{"code":"HR","native":"Hrvatska","localized":"Chorvatsko"},"hu":{"code":"HU","native":"Magyarország","localized":"Maďarsko"},"hy":{"code":"AM","native":"Հայաստան","localized":"Arménie"},"id":{"code":"ID","native":"Indonesia","localized":"Indonésie"},"ig":{"code":"NG","native":"Naịjịrịa","localized":"Nigérie"},"is":{"code":"IS","native":"Ísland","localized":"Island"},"it":{"code":"IT","native":"Italia","localized":"Itálie"},"ja":{"code":"JP","native":"日本","localized":"Japonsko"},"ka":{"code":"GE","native":"საქართველო","localized":"Gruzie"},"kk":{"code":"KZ","native":"Қазақстан","localized":"Kazachstán"},"km":{"code":"KH","native":"កម្ពុជា","localized":"Kambodža"},"kn":{"code":"IN","native":"ಭಾರತ","localized":"Indie"},"ko":{"code":"KR","native":"대한민국","localized":"Jižní Korea"},"ku":{"code":"TR","native":"Tirkiye","localized":"Turecko"},"ky":{"code":"KG","native":"Кыргызстан","localized":"Kyrgyzstán"},"lb":{"code":"LU","native":"Lëtzebuerg","localized":"Lucembursko"},"lg":{"code":"UG","native":"Yuganda","localized":"Uganda"},"ln":{"code":"CD","native":"Republíki Ya Kongó Demokratíki","localized":"Kongo – Kinshasa"},"lo":{"code":"LA","native":"ລາວ","localized":"Laos"},"lt":{"code":"LT","native":"Lietuva","localized":"Litva"},"lv":{"code":"LV","native":"Latvija","localized":"Lotyšsko"},"mai":{"code":"IN","native":"भारत","localized":"Indie"},"mg":{"code":"MG","native":"Madagasikara","localized":"Madagaskar"},"mi":{"code":"NZ","native":"Aotearoa","localized":"Nový Zéland"},"mk":{"code":"MK","native":"Северна Македонија","localized":"Severní Makedonie"},"ml":{"code":"IN","native":"ഇന്ത്യ","localized":"Indie"},"mn":{"code":"MN","native":"Монгол","localized":"Mongolsko"},"mni_Mtei":{"code":"IN","native":"India","localized":"Indie"},"mr":{"code":"IN","native":"भारत","localized":"Indie"},"ms":{"code":"MY","native":"Malaysia","localized":"Malajsie"},"mt":{"code":"MT","native":"Malta","localized":"Malta"},"my":{"code":"MM","native":"မြန်မာ","localized":"Myanmar (Barma)"},"nb":{"code":"NO","native":"Norge","localized":"Norsko"},"ne":{"code":"NP","native":"नेपाल","localized":"Nepál"},"nl":{"code":"NL","native":"Nederland","localized":"Nizozemsko"},"nn":{"code":"NO","native":"Noreg","localized":"Norsko"},"oc":{"code":"FR","native":"Fr","localized":"Francie"},"om":{"code":"ET","native":"Itoophiyaa","localized":"Etiopie"},"or":{"code":"IN","native":"ଭାରତ","localized":"Indie"},"pa":{"code":"IN","native":"ਭਾਰਤ","localized":"Indie"},"pl":{"code":"PL","native":"Polska","localized":"Polsko"},"ps":{"code":"AF","native":"افغانستان","localized":"Afghánistán"},"pt":{"code":"BR","native":"Brasil","localized":"Brazílie"},"pt_BR":{"code":"BR","native":"Brasil","localized":"Brazílie"},"qu":{"code":"PE","native":"Perú","localized":"Peru"},"ro":{"code":"RO","native":"România","localized":"Rumunsko"},"ru":{"code":"RU","native":"Россия","localized":"Rusko"},"rw":{"code":"RW","native":"U Rwanda","localized":"Rwanda"},"sa":{"code":"IN","native":"भारतः","localized":"Indie"},"sc":{"code":"IT","native":"Itàlia","localized":"Itálie"},"sd":{"code":"PK","native":"پاڪستان","localized":"Pákistán"},"si":{"code":"LK","native":"ශ්‍රී ලංකාව","localized":"Srí Lanka"},"sk":{"code":"SK","native":"Slovensko","localized":"Slovensko"},"sl":{"code":"SI","native":"Slovenija","localized":"Slovinsko"},"sn":{"code":"ZW","native":"Zimbabwe","localized":"Zimbabwe"},"so":{"code":"SO","native":"Soomaaliya","localized":"Somálsko"},"sq":{"code":"AL","native":"Shqipëri","localized":"Albánie"},"sr_Cyrl":{"code":"RS","native":"Србија","localized":"Srbsko"},"sr_Latn":{"code":"RS","native":"Serbia","localized":"Srbsko"},"sr_Latn_ME":{"code":"ME","native":"Montenegro","localized":"Černá Hora"},"su":{"code":"ID","native":"Indonesia","localized":"Indonésie"},"sv":{"code":"SE","native":"Sverige","localized":"Švédsko"},"sw":{"code":"TZ","native":"Tanzania","localized":"Tanzanie"},"ta":{"code":"IN","native":"இந்தியா","localized":"Indie"},"te":{"code":"IN","native":"భారతదేశం","localized":"Indie"},"tg":{"code":"TJ","native":"Тоҷикистон","localized":"Tádžikistán"},"th":{"code":"TH","native":"ไทย","localized":"Thajsko"},"ti":{"code":"ET","native":"ኢትዮጵያ","localized":"Etiopie"},"tk":{"code":"TM","native":"Türkmenistan","localized":"Turkmenistán"},"tl":{"code":"PH","native":"Philippines","localized":"Filipíny"},"tr":{"code":"TR","native":"Türkiye","localized":"Turecko"},"tt":{"code":"RU","native":"Россия","localized":"Rusko"},"ug":{"code":"CN","native":"جۇڭگو","localized":"Čína"},"uk":{"code":"UA","native":"Україна","localized":"Ukrajina"},"ur":{"code":"PK","native":"پاکستان","localized":"Pákistán"},"uz_Cyrl":{"code":"UZ","native":"Uzbekistan","localized":"Uzbekistán"},"uz_Latn":{"code":"UZ","native":"Oʻzbekiston","localized":"Uzbekistán"},"vi":{"code":"VN","native":"Việt Nam","localized":"Vietnam"},"xh":{"code":"ZA","native":"Emzantsi Afrika","localized":"Jihoafrická Republika"},"yi":{"code":"001","native":"וועלט","localized":"Svět"},"yo":{"code":"NG","native":"Nàìjíríà","localized":"Nigérie"},"zh_CN":{"code":"CN","native":"中国","localized":"Čína"},"zh_HK":{"code":"HK","native":"中国香港特别行政区","localized":"Hongkong – Zao Číny"},"zh_TW":{"code":"TW","native":"台湾","localized":"Tchaj-Wan"},"zu":{"code":"ZA","native":"Iningizimu Afrika","localized":"Jihoafrická Republika"}}
