{"af":{"code":"ZA","native":"Suid-Afrika","localized":"De Affrica"},"ak":{"code":"GH","native":"Gaana","localized":"Ghana"},"am":{"code":"ET","native":"ኢትዮጵያ","localized":"Ethiopia"},"ar":{"code":"EG","native":"مصر","localized":"Yr Aifft"},"as":{"code":"IN","native":"ভাৰত","localized":"India"},"az":{"code":"AZ","native":"Azərbaycan","localized":"Aserbaijan"},"be":{"code":"BY","native":"Беларусь","localized":"Belarws"},"bg":{"code":"BG","native":"България","localized":"Bwlgaria"},"bho":{"code":"IN","native":"भारत","localized":"India"},"bm":{"code":"ML","native":"Mali","localized":"Mali"},"bn":{"code":"BD","native":"বাংলাদেশ","localized":"Bangladesh"},"bs":{"code":"BA","native":"Bosna I Hercegovina","localized":"Bosnia A Herzegovina"},"ca":{"code":"ES","native":"Espanya","localized":"Sbaen"},"ceb":{"code":"PH","native":"Pilipinas","localized":"Y Philipinau"},"ckb":{"code":"IQ","native":"عێراق","localized":"Irac"},"cs":{"code":"CZ","native":"Česko","localized":"Tsiecia"},"cy":{"code":"GB","native":"Y Deyrnas Unedig","localized":"Y Deyrnas Unedig"},"da":{"code":"DK","native":"Danmark","localized":"Denmarc"},"de":{"code":"DE","native":"Deutschland","localized":"Yr Almaen"},"de_CH":{"code":"CH","native":"Schweiz","localized":"Y Swistir"},"doi":{"code":"IN","native":"भारत","localized":"India"},"ee":{"code":"GH","native":"Ghana Nutome","localized":"Ghana"},"el":{"code":"GR","native":"Ελλάδα","localized":"Gwlad Groeg"},"en":{"code":"US","native":"United States","localized":"Yr Unol Daleithiau"},"en_CA":{"code":"CA","native":"Canada","localized":"Canada"},"eo":{"code":"001","native":"Mondo","localized":"Y Byd"},"es":{"code":"ES","native":"España","localized":"Sbaen"},"et":{"code":"EE","native":"Eesti","localized":"Estonia"},"eu":{"code":"ES","native":"Espainia","localized":"Sbaen"},"fa":{"code":"IR","native":"ایران","localized":"Iran"},"fi":{"code":"FI","native":"Suomi","localized":"Y Ffindir"},"fil":{"code":"PH","native":"Pilipinas","localized":"Y Philipinau"},"fr":{"code":"FR","native":"France","localized":"Ffrainc"},"fy":{"code":"NL","native":"Nederlân","localized":"Yr Iseldiroedd"},"ga":{"code":"IE","native":"Éire","localized":"Iwerddon"},"gd":{"code":"GB","native":"An Rìoghachd Aonaichte","localized":"Y Deyrnas Unedig"},"gl":{"code":"ES","native":"España","localized":"Sbaen"},"gu":{"code":"IN","native":"ભારત","localized":"India"},"ha":{"code":"NG","native":"Nijeriya","localized":"Nigeria"},"haw":{"code":"US","native":"ʻAmelika Hui Pū ʻIa","localized":"Yr Unol Daleithiau"},"he":{"code":"IL","native":"ישראל","localized":"Israel"},"hi":{"code":"IN","native":"भारत","localized":"India"},"hr":{"code":"HR","native":"Hrvatska","localized":"Croatia"},"hu":{"code":"HU","native":"Magyarország","localized":"Hwngari"},"hy":{"code":"AM","native":"Հայաստան","localized":"Armenia"},"id":{"code":"ID","native":"Indonesia","localized":"Indonesia"},"ig":{"code":"NG","native":"Naịjịrịa","localized":"Nigeria"},"is":{"code":"IS","native":"Ísland","localized":"Gwlad Yr Iâ"},"it":{"code":"IT","native":"Italia","localized":"Yr Eidal"},"ja":{"code":"JP","native":"日本","localized":"Japan"},"ka":{"code":"GE","native":"საქართველო","localized":"Georgia"},"kk":{"code":"KZ","native":"Қазақстан","localized":"Kazakhstan"},"km":{"code":"KH","native":"កម្ពុជា","localized":"Cambodia"},"kn":{"code":"IN","native":"ಭಾರತ","localized":"India"},"ko":{"code":"KR","native":"대한민국","localized":"De Corea"},"ku":{"code":"TR","native":"Tirkiye","localized":"Twrci"},"ky":{"code":"KG","native":"Кыргызстан","localized":"Kyrgyzstan"},"lb":{"code":"LU","native":"Lëtzebuerg","localized":"Lwcsembwrg"},"lg":{"code":"UG","native":"Yuganda","localized":"Uganda"},"ln":{"code":"CD","native":"Republíki Ya Kongó Demokratíki","localized":"Y Congo - Kinshasa"},"lo":{"code":"LA","native":"ລາວ","localized":"Laos"},"lt":{"code":"LT","native":"Lietuva","localized":"Lithwania"},"lv":{"code":"LV","native":"Latvija","localized":"Latfia"},"mai":{"code":"IN","native":"भारत","localized":"India"},"mg":{"code":"MG","native":"Madagasikara","localized":"Madagascar"},"mi":{"code":"NZ","native":"Aotearoa","localized":"Seland Newydd"},"mk":{"code":"MK","native":"Северна Македонија","localized":"Gogledd Macedonia"},"ml":{"code":"IN","native":"ഇന്ത്യ","localized":"India"},"mn":{"code":"MN","native":"Монгол","localized":"Mongolia"},"mni_Mtei":{"code":"IN","native":"India","localized":"India"},"mr":{"code":"IN","native":"भारत","localized":"India"},"ms":{"code":"MY","native":"Malaysia","localized":"Malaysia"},"mt":{"code":"MT","native":"Malta","localized":"Malta"},"my":{"code":"MM","native":"မြန်မာ","localized":"Myanmar (Burma)"},"nb":{"code":"NO","native":"Norge","localized":"Norwy"},"ne":{"code":"NP","native":"नेपाल","localized":"Nepal"},"nl":{"code":"NL","native":"Nederland","localized":"Yr Iseldiroedd"},"nn":{"code":"NO","native":"Noreg","localized":"Norwy"},"oc":{"code":"FR","native":"Fr","localized":"Ffrainc"},"om":{"code":"ET","native":"Itoophiyaa","localized":"Ethiopia"},"or":{"code":"IN","native":"ଭାରତ","localized":"India"},"pa":{"code":"IN","native":"ਭਾਰਤ","localized":"India"},"pl":{"code":"PL","native":"Polska","localized":"Gwlad Pwyl"},"ps":{"code":"AF","native":"افغانستان","localized":"Afghanistan"},"pt":{"code":"BR","native":"Brasil","localized":"Brasil"},"pt_BR":{"code":"BR","native":"Brasil","localized":"Brasil"},"qu":{"code":"PE","native":"Perú","localized":"Periw"},"ro":{"code":"RO","native":"România","localized":"Rwmania"},"ru":{"code":"RU","native":"Россия","localized":"Rwsia"},"rw":{"code":"RW","native":"U Rwanda","localized":"Rwanda"},"sa":{"code":"IN","native":"भारतः","localized":"India"},"sc":{"code":"IT","native":"Itàlia","localized":"Yr Eidal"},"sd":{"code":"PK","native":"پاڪستان","localized":"Pakistan"},"si":{"code":"LK","native":"ශ්‍රී ලංකාව","localized":"Sri Lanka"},"sk":{"code":"SK","native":"Slovensko","localized":"Slofacia"},"sl":{"code":"SI","native":"Slovenija","localized":"Slofenia"},"sn":{"code":"ZW","native":"Zimbabwe","localized":"Zimbabwe"},"so":{"code":"SO","native":"Soomaaliya","localized":"Somalia"},"sq":{"code":"AL","native":"Shqipëri","localized":"Albania"},"sr_Cyrl":{"code":"RS","native":"Србија","localized":"Serbia"},"sr_Latn":{"code":"RS","native":"Serbia","localized":"Serbia"},"sr_Latn_ME":{"code":"ME","native":"Montenegro","localized":"Montenegro"},"su":{"code":"ID","native":"Indonesia","localized":"Indonesia"},"sv":{"code":"SE","native":"Sverige","localized":"Sweden"},"sw":{"code":"TZ","native":"Tanzania","localized":"Tanzania"},"ta":{"code":"IN","native":"இந்தியா","localized":"India"},"te":{"code":"IN","native":"భారతదేశం","localized":"India"},"tg":{"code":"TJ","native":"Тоҷикистон","localized":"Tajicistan"},"th":{"code":"TH","native":"ไทย","localized":"Gwlad Thai"},"ti":{"code":"ET","native":"ኢትዮጵያ","localized":"Ethiopia"},"tk":{"code":"TM","native":"Türkmenistan","localized":"Tyrcmenistan"},"tl":{"code":"PH","native":"Philippines","localized":"Y Philipinau"},"tr":{"code":"TR","native":"Türkiye","localized":"Twrci"},"tt":{"code":"RU","native":"Россия","localized":"Rwsia"},"ug":{"code":"CN","native":"جۇڭگو","localized":"Tsieina"},"uk":{"code":"UA","native":"Україна","localized":"Wcráin"},"ur":{"code":"PK","native":"پاکستان","localized":"Pakistan"},"uz_Cyrl":{"code":"UZ","native":"Uzbekistan","localized":"Uzbekistan"},"uz_Latn":{"code":"UZ","native":"Oʻzbekiston","localized":"Uzbekistan"},"vi":{"code":"VN","native":"Việt Nam","localized":"Fietnam"},"xh":{"code":"ZA","native":"Emzantsi Afrika","localized":"De Affrica"},"yi":{"code":"001","native":"וועלט","localized":"Y Byd"},"yo":{"code":"NG","native":"Nàìjíríà","localized":"Nigeria"},"zh_CN":{"code":"CN","native":"中国","localized":"Tsieina"},"zh_HK":{"code":"HK","native":"中国香港特别行政区","localized":"Hong Kong Sar Tsieina"},"zh_TW":{"code":"TW","native":"台湾","localized":"Taiwan"},"zu":{"code":"ZA","native":"Iningizimu Afrika","localized":"De Affrica"}}
