{"af":{"code":"ZA","native":"Suid-Afrika","localized":"Südafrika"},"ak":{"code":"GH","native":"Gaana","localized":"Ghana"},"am":{"code":"ET","native":"ኢትዮጵያ","localized":"Äthiopien"},"ar":{"code":"EG","native":"مصر","localized":"Ägypten"},"as":{"code":"IN","native":"ভাৰত","localized":"Indien"},"az":{"code":"AZ","native":"Azərbaycan","localized":"Aserbaidschan"},"be":{"code":"BY","native":"Беларусь","localized":"Belarus"},"bg":{"code":"BG","native":"България","localized":"Bulgarien"},"bho":{"code":"IN","native":"भारत","localized":"Indien"},"bm":{"code":"ML","native":"Mali","localized":"Mali"},"bn":{"code":"BD","native":"বাংলাদেশ","localized":"Bangladesch"},"bs":{"code":"BA","native":"Bosna I Hercegovina","localized":"Bosnien Und Herzegowina"},"ca":{"code":"ES","native":"Espanya","localized":"Spanien"},"ceb":{"code":"PH","native":"Pilipinas","localized":"Philippinen"},"ckb":{"code":"IQ","native":"عێراق","localized":"Irak"},"cs":{"code":"CZ","native":"Česko","localized":"Tschechien"},"cy":{"code":"GB","native":"Y Deyrnas Unedig","localized":"Vereinigtes Königreich"},"da":{"code":"DK","native":"Danmark","localized":"Dänemark"},"de":{"code":"DE","native":"Deutschland","localized":"Deutschland"},"de_CH":{"code":"CH","native":"Schweiz","localized":"Schweiz"},"doi":{"code":"IN","native":"भारत","localized":"Indien"},"ee":{"code":"GH","native":"Ghana Nutome","localized":"Ghana"},"el":{"code":"GR","native":"Ελλάδα","localized":"Griechenland"},"en":{"code":"US","native":"United States","localized":"Vereinigte Staaten"},"en_CA":{"code":"CA","native":"Canada","localized":"Kanada"},"eo":{"code":"001","native":"Mondo","localized":"Welt"},"es":{"code":"ES","native":"España","localized":"Spanien"},"et":{"code":"EE","native":"Eesti","localized":"Estland"},"eu":{"code":"ES","native":"Espainia","localized":"Spanien"},"fa":{"code":"IR","native":"ایران","localized":"Iran"},"fi":{"code":"FI","native":"Suomi","localized":"Finnland"},"fil":{"code":"PH","native":"Pilipinas","localized":"Philippinen"},"fr":{"code":"FR","native":"France","localized":"Frankreich"},"fy":{"code":"NL","native":"Nederlân","localized":"Niederlande"},"ga":{"code":"IE","native":"Éire","localized":"Irland"},"gd":{"code":"GB","native":"An Rìoghachd Aonaichte","localized":"Vereinigtes Königreich"},"gl":{"code":"ES","native":"España","localized":"Spanien"},"gu":{"code":"IN","native":"ભારત","localized":"Indien"},"ha":{"code":"NG","native":"Nijeriya","localized":"Nigeria"},"haw":{"code":"US","native":"ʻAmelika Hui Pū ʻIa","localized":"Vereinigte Staaten"},"he":{"code":"IL","native":"ישראל","localized":"Israel"},"hi":{"code":"IN","native":"भारत","localized":"Indien"},"hr":{"code":"HR","native":"Hrvatska","localized":"Kroatien"},"hu":{"code":"HU","native":"Magyarország","localized":"Ungarn"},"hy":{"code":"AM","native":"Հայաստան","localized":"Armenien"},"id":{"code":"ID","native":"Indonesia","localized":"Indonesien"},"ig":{"code":"NG","native":"Naịjịrịa","localized":"Nigeria"},"is":{"code":"IS","native":"Ísland","localized":"Island"},"it":{"code":"IT","native":"Italia","localized":"Italien"},"ja":{"code":"JP","native":"日本","localized":"Japan"},"ka":{"code":"GE","native":"საქართველო","localized":"Georgien"},"kk":{"code":"KZ","native":"Қазақстан","localized":"Kasachstan"},"km":{"code":"KH","native":"កម្ពុជា","localized":"Kambodscha"},"kn":{"code":"IN","native":"ಭಾರತ","localized":"Indien"},"ko":{"code":"KR","native":"대한민국","localized":"Südkorea"},"ku":{"code":"TR","native":"Tirkiye","localized":"Türkei"},"ky":{"code":"KG","native":"Кыргызстан","localized":"Kirgisistan"},"lb":{"code":"LU","native":"Lëtzebuerg","localized":"Luxemburg"},"lg":{"code":"UG","native":"Yuganda","localized":"Uganda"},"ln":{"code":"CD","native":"Republíki Ya Kongó Demokratíki","localized":"Kongo-Kinshasa"},"lo":{"code":"LA","native":"ລາວ","localized":"Laos"},"lt":{"code":"LT","native":"Lietuva","localized":"Litauen"},"lv":{"code":"LV","native":"Latvija","localized":"Lettland"},"mai":{"code":"IN","native":"भारत","localized":"Indien"},"mg":{"code":"MG","native":"Madagasikara","localized":"Madagaskar"},"mi":{"code":"NZ","native":"Aotearoa","localized":"Neuseeland"},"mk":{"code":"MK","native":"Северна Македонија","localized":"Nordmazedonien"},"ml":{"code":"IN","native":"ഇന്ത്യ","localized":"Indien"},"mn":{"code":"MN","native":"Монгол","localized":"Mongolei"},"mni_Mtei":{"code":"IN","native":"India","localized":"Indien"},"mr":{"code":"IN","native":"भारत","localized":"Indien"},"ms":{"code":"MY","native":"Malaysia","localized":"Malaysia"},"mt":{"code":"MT","native":"Malta","localized":"Malta"},"my":{"code":"MM","native":"မြန်မာ","localized":"Myanmar"},"nb":{"code":"NO","native":"Norge","localized":"Norwegen"},"ne":{"code":"NP","native":"नेपाल","localized":"Nepal"},"nl":{"code":"NL","native":"Nederland","localized":"Niederlande"},"nn":{"code":"NO","native":"Noreg","localized":"Norwegen"},"oc":{"code":"FR","native":"Fr","localized":"Frankreich"},"om":{"code":"ET","native":"Itoophiyaa","localized":"Äthiopien"},"or":{"code":"IN","native":"ଭାରତ","localized":"Indien"},"pa":{"code":"IN","native":"ਭਾਰਤ","localized":"Indien"},"pl":{"code":"PL","native":"Polska","localized":"Polen"},"ps":{"code":"AF","native":"افغانستان","localized":"Afghanistan"},"pt":{"code":"BR","native":"Brasil","localized":"Brasilien"},"pt_BR":{"code":"BR","native":"Brasil","localized":"Brasilien"},"qu":{"code":"PE","native":"Perú","localized":"Peru"},"ro":{"code":"RO","native":"România","localized":"Rumänien"},"ru":{"code":"RU","native":"Россия","localized":"Russland"},"rw":{"code":"RW","native":"U Rwanda","localized":"Ruanda"},"sa":{"code":"IN","native":"भारतः","localized":"Indien"},"sc":{"code":"IT","native":"Itàlia","localized":"Italien"},"sd":{"code":"PK","native":"پاڪستان","localized":"Pakistan"},"si":{"code":"LK","native":"ශ්‍රී ලංකාව","localized":"Sri Lanka"},"sk":{"code":"SK","native":"Slovensko","localized":"Slowakei"},"sl":{"code":"SI","native":"Slovenija","localized":"Slowenien"},"sn":{"code":"ZW","native":"Zimbabwe","localized":"Simbabwe"},"so":{"code":"SO","native":"Soomaaliya","localized":"Somalia"},"sq":{"code":"AL","native":"Shqipëri","localized":"Albanien"},"sr_Cyrl":{"code":"RS","native":"Србија","localized":"Serbien"},"sr_Latn":{"code":"RS","native":"Serbia","localized":"Serbien"},"sr_Latn_ME":{"code":"ME","native":"Montenegro","localized":"Montenegro"},"su":{"code":"ID","native":"Indonesia","localized":"Indonesien"},"sv":{"code":"SE","native":"Sverige","localized":"Schweden"},"sw":{"code":"TZ","native":"Tanzania","localized":"Tansania"},"ta":{"code":"IN","native":"இந்தியா","localized":"Indien"},"te":{"code":"IN","native":"భారతదేశం","localized":"Indien"},"tg":{"code":"TJ","native":"Тоҷикистон","localized":"Tadschikistan"},"th":{"code":"TH","native":"ไทย","localized":"Thailand"},"ti":{"code":"ET","native":"ኢትዮጵያ","localized":"Äthiopien"},"tk":{"code":"TM","native":"Türkmenistan","localized":"Turkmenistan"},"tl":{"code":"PH","native":"Philippines","localized":"Philippinen"},"tr":{"code":"TR","native":"Türkiye","localized":"Türkei"},"tt":{"code":"RU","native":"Россия","localized":"Russland"},"ug":{"code":"CN","native":"جۇڭگو","localized":"China"},"uk":{"code":"UA","native":"Україна","localized":"Ukraine"},"ur":{"code":"PK","native":"پاکستان","localized":"Pakistan"},"uz_Cyrl":{"code":"UZ","native":"Uzbekistan","localized":"Usbekistan"},"uz_Latn":{"code":"UZ","native":"Oʻzbekiston","localized":"Usbekistan"},"vi":{"code":"VN","native":"Việt Nam","localized":"Vietnam"},"xh":{"code":"ZA","native":"Emzantsi Afrika","localized":"Südafrika"},"yi":{"code":"001","native":"וועלט","localized":"Welt"},"yo":{"code":"NG","native":"Nàìjíríà","localized":"Nigeria"},"zh_CN":{"code":"CN","native":"中国","localized":"China"},"zh_HK":{"code":"HK","native":"中国香港特别行政区","localized":"Sonderverwaltungsregion Hongkong"},"zh_TW":{"code":"TW","native":"台湾","localized":"Taiwan"},"zu":{"code":"ZA","native":"Iningizimu Afrika","localized":"Südafrika"}}
