{"af":{"code":"ZA","native":"Suid-Afrika","localized":"Anyiehe Africa Nutome"},"ak":{"code":"GH","native":"Gaana","localized":"Ghana Nutome"},"am":{"code":"ET","native":"ኢትዮጵያ","localized":"Etiopia Nutome"},"ar":{"code":"EG","native":"مصر","localized":"Egypte Nutome"},"as":{"code":"IN","native":"ভাৰত","localized":"India Nutome"},"az":{"code":"AZ","native":"Azərbaycan","localized":"Azerbaijan Nutome"},"be":{"code":"BY","native":"Беларусь","localized":"Belarus Nutome"},"bg":{"code":"BG","native":"България","localized":"Bulgaria Nutome"},"bho":{"code":"IN","native":"भारत","localized":"India Nutome"},"bm":{"code":"ML","native":"Mali","localized":"Mali Nutome"},"bn":{"code":"BD","native":"বাংলাদেশ","localized":"Bangladesh Nutome"},"bs":{"code":"BA","native":"Bosna I Hercegovina","localized":"Bosnia Kple Herzergovina Nutome"},"ca":{"code":"ES","native":"Espanya","localized":"Spain Nutome"},"ceb":{"code":"PH","native":"Pilipinas","localized":"Filipini Nutome"},"ckb":{"code":"IQ","native":"عێراق","localized":"Iraqdukɔ"},"cs":{"code":"CZ","native":"Česko","localized":"Tsɛk Repɔblik Nutome"},"cy":{"code":"GB","native":"Y Deyrnas Unedig","localized":"United Kingdom Nutome"},"da":{"code":"DK","native":"Danmark","localized":"Denmark Nutome"},"de":{"code":"DE","native":"Deutschland","localized":"Germania Nutome"},"de_CH":{"code":"CH","native":"Schweiz","localized":"Switzerland Nutome"},"doi":{"code":"IN","native":"भारत","localized":"India Nutome"},"ee":{"code":"GH","native":"Ghana Nutome","localized":"Ghana Nutome"},"el":{"code":"GR","native":"Ελλάδα","localized":"Greece Nutome"},"en":{"code":"US","native":"United States","localized":"Usa Nutome"},"en_CA":{"code":"CA","native":"Canada","localized":"Canada Nutome"},"eo":{"code":"001","native":"Mondo","localized":"Xexeme"},"es":{"code":"ES","native":"España","localized":"Spain Nutome"},"et":{"code":"EE","native":"Eesti","localized":"Estonia Nutome"},"eu":{"code":"ES","native":"Espainia","localized":"Spain Nutome"},"fa":{"code":"IR","native":"ایران","localized":"Iran Nutome"},"fi":{"code":"FI","native":"Suomi","localized":"Finland Nutome"},"fil":{"code":"PH","native":"Pilipinas","localized":"Filipini Nutome"},"fr":{"code":"FR","native":"France","localized":"France Nutome"},"fy":{"code":"NL","native":"Nederlân","localized":"Netherlands Nutome"},"ga":{"code":"IE","native":"Éire","localized":"Ireland Nutome"},"gd":{"code":"GB","native":"An Rìoghachd Aonaichte","localized":"United Kingdom Nutome"},"gl":{"code":"ES","native":"España","localized":"Spain Nutome"},"gu":{"code":"IN","native":"ભારત","localized":"India Nutome"},"ha":{"code":"NG","native":"Nijeriya","localized":"Nigeria Nutome"},"haw":{"code":"US","native":"ʻAmelika Hui Pū ʻIa","localized":"Usa Nutome"},"he":{"code":"IL","native":"ישראל","localized":"Israel Nutome"},"hi":{"code":"IN","native":"भारत","localized":"India Nutome"},"hr":{"code":"HR","native":"Hrvatska","localized":"Kroatsia Nutome"},"hu":{"code":"HU","native":"Magyarország","localized":"Hungari Nutome"},"hy":{"code":"AM","native":"Հայաստան","localized":"Armenia Nutome"},"id":{"code":"ID","native":"Indonesia","localized":"Indonesia Nutome"},"ig":{"code":"NG","native":"Naịjịrịa","localized":"Nigeria Nutome"},"is":{"code":"IS","native":"Ísland","localized":"Aiseland Nutome"},"it":{"code":"IT","native":"Italia","localized":"Italia Nutome"},"ja":{"code":"JP","native":"日本","localized":"Dzapan Nutome"},"ka":{"code":"GE","native":"საქართველო","localized":"Georgia Nutome"},"kk":{"code":"KZ","native":"Қазақстан","localized":"Kazakstan Nutome"},"km":{"code":"KH","native":"កម្ពុជា","localized":"Kambodia Nutome"},"kn":{"code":"IN","native":"ಭಾರತ","localized":"India Nutome"},"ko":{"code":"KR","native":"대한민국","localized":"Anyiehe Korea Nutome"},"ku":{"code":"TR","native":"Tirkiye","localized":"Tɛki Nutome"},"ky":{"code":"KG","native":"Кыргызстан","localized":"Kirgizstan Nutome"},"lb":{"code":"LU","native":"Lëtzebuerg","localized":"Lazembɔg Nutome"},"lg":{"code":"UG","native":"Yuganda","localized":"Uganda Nutome"},"ln":{"code":"CD","native":"Republíki Ya Kongó Demokratíki","localized":"Kongo Kinshasa Nutome"},"lo":{"code":"LA","native":"ລາວ","localized":"Laos Nutome"},"lt":{"code":"LT","native":"Lietuva","localized":"Lituania Nutome"},"lv":{"code":"LV","native":"Latvija","localized":"Latvia Nutome"},"mai":{"code":"IN","native":"भारत","localized":"India Nutome"},"mg":{"code":"MG","native":"Madagasikara","localized":"Madagaska Nutome"},"mi":{"code":"NZ","native":"Aotearoa","localized":"New Zealand Nutome"},"mk":{"code":"MK","native":"Северна Македонија","localized":"Mk"},"ml":{"code":"IN","native":"ഇന്ത്യ","localized":"India Nutome"},"mn":{"code":"MN","native":"Монгол","localized":"Mongolia Nutome"},"mni_Mtei":{"code":"IN","native":"India","localized":"India Nutome"},"mr":{"code":"IN","native":"भारत","localized":"India Nutome"},"ms":{"code":"MY","native":"Malaysia","localized":"Malaysia Nutome"},"mt":{"code":"MT","native":"Malta","localized":"Malta Nutome"},"my":{"code":"MM","native":"မြန်မာ","localized":"Myanmar (Burma) Nutome"},"nb":{"code":"NO","native":"Norge","localized":"Norway Nutome"},"ne":{"code":"NP","native":"नेपाल","localized":"Nepal Nutome"},"nl":{"code":"NL","native":"Nederland","localized":"Netherlands Nutome"},"nn":{"code":"NO","native":"Noreg","localized":"Norway Nutome"},"oc":{"code":"FR","native":"Fr","localized":"France Nutome"},"om":{"code":"ET","native":"Itoophiyaa","localized":"Etiopia Nutome"},"or":{"code":"IN","native":"ଭାରତ","localized":"India Nutome"},"pa":{"code":"IN","native":"ਭਾਰਤ","localized":"India Nutome"},"pl":{"code":"PL","native":"Polska","localized":"Poland Nutome"},"ps":{"code":"AF","native":"افغانستان","localized":"Afghanistan Nutome"},"pt":{"code":"BR","native":"Brasil","localized":"Brazil Nutome"},"pt_BR":{"code":"BR","native":"Brasil","localized":"Brazil Nutome"},"qu":{"code":"PE","native":"Perú","localized":"Peru Nutome"},"ro":{"code":"RO","native":"România","localized":"Romania Nutome"},"ru":{"code":"RU","native":"Россия","localized":"Russia Nutome"},"rw":{"code":"RW","native":"U Rwanda","localized":"Rwanda Nutome"},"sa":{"code":"IN","native":"भारतः","localized":"India Nutome"},"sc":{"code":"IT","native":"Itàlia","localized":"Italia Nutome"},"sd":{"code":"PK","native":"پاڪستان","localized":"Pakistan Nutome"},"si":{"code":"LK","native":"ශ්‍රී ලංකාව","localized":"Sri Lanka Nutome"},"sk":{"code":"SK","native":"Slovensko","localized":"Slovakia Nutome"},"sl":{"code":"SI","native":"Slovenija","localized":"Slovenia Nutome"},"sn":{"code":"ZW","native":"Zimbabwe","localized":"Zimbabwe Nutome"},"so":{"code":"SO","native":"Soomaaliya","localized":"Somalia Nutome"},"sq":{"code":"AL","native":"Shqipëri","localized":"Albania Nutome"},"sr_Cyrl":{"code":"RS","native":"Србија","localized":"Rs"},"sr_Latn":{"code":"RS","native":"Serbia","localized":"Rs"},"sr_Latn_ME":{"code":"ME","native":"Montenegro","localized":"Montenegro Nutome"},"su":{"code":"ID","native":"Indonesia","localized":"Indonesia Nutome"},"sv":{"code":"SE","native":"Sverige","localized":"Sweden Nutome"},"sw":{"code":"TZ","native":"Tanzania","localized":"Tanzania Nutome"},"ta":{"code":"IN","native":"இந்தியா","localized":"India Nutome"},"te":{"code":"IN","native":"భారతదేశం","localized":"India Nutome"},"tg":{"code":"TJ","native":"Тоҷикистон","localized":"Tajikistan Nutome"},"th":{"code":"TH","native":"ไทย","localized":"Thailand Nutome"},"ti":{"code":"ET","native":"ኢትዮጵያ","localized":"Etiopia Nutome"},"tk":{"code":"TM","native":"Türkmenistan","localized":"Tɛkmenistan Nutome"},"tl":{"code":"PH","native":"Philippines","localized":"Filipini Nutome"},"tr":{"code":"TR","native":"Türkiye","localized":"Tɛki Nutome"},"tt":{"code":"RU","native":"Россия","localized":"Russia Nutome"},"ug":{"code":"CN","native":"جۇڭگو","localized":"Tsaina Nutome"},"uk":{"code":"UA","native":"Україна","localized":"Ukraine Nutome"},"ur":{"code":"PK","native":"پاکستان","localized":"Pakistan Nutome"},"uz_Cyrl":{"code":"UZ","native":"Uzbekistan","localized":"Uzbekistan Nutome"},"uz_Latn":{"code":"UZ","native":"Oʻzbekiston","localized":"Uzbekistan Nutome"},"vi":{"code":"VN","native":"Việt Nam","localized":"Vietnam Nutome"},"xh":{"code":"ZA","native":"Emzantsi Afrika","localized":"Anyiehe Africa Nutome"},"yi":{"code":"001","native":"וועלט","localized":"Xexeme"},"yo":{"code":"NG","native":"Nàìjíríà","localized":"Nigeria Nutome"},"zh_CN":{"code":"CN","native":"中国","localized":"Tsaina Nutome"},"zh_HK":{"code":"HK","native":"中国香港特别行政区","localized":"Hɔng Kɔng Sar Tsaina Nutome"},"zh_TW":{"code":"TW","native":"台湾","localized":"Taiwan Nutome"},"zu":{"code":"ZA","native":"Iningizimu Afrika","localized":"Anyiehe Africa Nutome"}}
