{"af":{"code":"ZA","native":"Suid-Afrika","localized":"Νότια Αφρική"},"ak":{"code":"GH","native":"Gaana","localized":"Γκάνα"},"am":{"code":"ET","native":"ኢትዮጵያ","localized":"Αιθιοπία"},"ar":{"code":"EG","native":"مصر","localized":"Αίγυπτος"},"as":{"code":"IN","native":"ভাৰত","localized":"Ινδία"},"az":{"code":"AZ","native":"Azərbaycan","localized":"Αζερμπαϊτζάν"},"be":{"code":"BY","native":"Беларусь","localized":"Λευκορωσία"},"bg":{"code":"BG","native":"България","localized":"Βουλγαρία"},"bho":{"code":"IN","native":"भारत","localized":"Ινδία"},"bm":{"code":"ML","native":"Mali","localized":"Μάλι"},"bn":{"code":"BD","native":"বাংলাদেশ","localized":"Μπανγκλαντές"},"bs":{"code":"BA","native":"Bosna I Hercegovina","localized":"Βοσνία - Ερζεγοβίνη"},"ca":{"code":"ES","native":"Espanya","localized":"Ισπανία"},"ceb":{"code":"PH","native":"Pilipinas","localized":"Φιλιππίνες"},"ckb":{"code":"IQ","native":"عێراق","localized":"Ιράκ"},"cs":{"code":"CZ","native":"Česko","localized":"Τσεχία"},"cy":{"code":"GB","native":"Y Deyrnas Unedig","localized":"Ηνωμένο Βασίλειο"},"da":{"code":"DK","native":"Danmark","localized":"Δανία"},"de":{"code":"DE","native":"Deutschland","localized":"Γερμανία"},"de_CH":{"code":"CH","native":"Schweiz","localized":"Ελβετία"},"doi":{"code":"IN","native":"भारत","localized":"Ινδία"},"ee":{"code":"GH","native":"Ghana Nutome","localized":"Γκάνα"},"el":{"code":"GR","native":"Ελλάδα","localized":"Ελλάδα"},"en":{"code":"US","native":"United States","localized":"Ηνωμένες Πολιτείες"},"en_CA":{"code":"CA","native":"Canada","localized":"Καναδάς"},"eo":{"code":"001","native":"Mondo","localized":"Κόσμος"},"es":{"code":"ES","native":"España","localized":"Ισπανία"},"et":{"code":"EE","native":"Eesti","localized":"Εσθονία"},"eu":{"code":"ES","native":"Espainia","localized":"Ισπανία"},"fa":{"code":"IR","native":"ایران","localized":"Ιράν"},"fi":{"code":"FI","native":"Suomi","localized":"Φινλανδία"},"fil":{"code":"PH","native":"Pilipinas","localized":"Φιλιππίνες"},"fr":{"code":"FR","native":"France","localized":"Γαλλία"},"fy":{"code":"NL","native":"Nederlân","localized":"Κάτω Χώρες"},"ga":{"code":"IE","native":"Éire","localized":"Ιρλανδία"},"gd":{"code":"GB","native":"An Rìoghachd Aonaichte","localized":"Ηνωμένο Βασίλειο"},"gl":{"code":"ES","native":"España","localized":"Ισπανία"},"gu":{"code":"IN","native":"ભારત","localized":"Ινδία"},"ha":{"code":"NG","native":"Nijeriya","localized":"Νιγηρία"},"haw":{"code":"US","native":"ʻAmelika Hui Pū ʻIa","localized":"Ηνωμένες Πολιτείες"},"he":{"code":"IL","native":"ישראל","localized":"Ισραήλ"},"hi":{"code":"IN","native":"भारत","localized":"Ινδία"},"hr":{"code":"HR","native":"Hrvatska","localized":"Κροατία"},"hu":{"code":"HU","native":"Magyarország","localized":"Ουγγαρία"},"hy":{"code":"AM","native":"Հայաստան","localized":"Αρμενία"},"id":{"code":"ID","native":"Indonesia","localized":"Ινδονησία"},"ig":{"code":"NG","native":"Naịjịrịa","localized":"Νιγηρία"},"is":{"code":"IS","native":"Ísland","localized":"Ισλανδία"},"it":{"code":"IT","native":"Italia","localized":"Ιταλία"},"ja":{"code":"JP","native":"日本","localized":"Ιαπωνία"},"ka":{"code":"GE","native":"საქართველო","localized":"Γεωργία"},"kk":{"code":"KZ","native":"Қазақстан","localized":"Καζακστάν"},"km":{"code":"KH","native":"កម្ពុជា","localized":"Καμπότζη"},"kn":{"code":"IN","native":"ಭಾರತ","localized":"Ινδία"},"ko":{"code":"KR","native":"대한민국","localized":"Νότια Κορέα"},"ku":{"code":"TR","native":"Tirkiye","localized":"Τουρκία"},"ky":{"code":"KG","native":"Кыргызстан","localized":"Κιργιστάν"},"lb":{"code":"LU","native":"Lëtzebuerg","localized":"Λουξεμβούργο"},"lg":{"code":"UG","native":"Yuganda","localized":"Ουγκάντα"},"ln":{"code":"CD","native":"Republíki Ya Kongó Demokratíki","localized":"Κονγκό - Κινσάσα"},"lo":{"code":"LA","native":"ລາວ","localized":"Λάος"},"lt":{"code":"LT","native":"Lietuva","localized":"Λιθουανία"},"lv":{"code":"LV","native":"Latvija","localized":"Λετονία"},"mai":{"code":"IN","native":"भारत","localized":"Ινδία"},"mg":{"code":"MG","native":"Madagasikara","localized":"Μαδαγασκάρη"},"mi":{"code":"NZ","native":"Aotearoa","localized":"Νέα Ζηλανδία"},"mk":{"code":"MK","native":"Северна Македонија","localized":"Βόρεια Μακεδονία"},"ml":{"code":"IN","native":"ഇന്ത്യ","localized":"Ινδία"},"mn":{"code":"MN","native":"Монгол","localized":"Μογγολία"},"mni_Mtei":{"code":"IN","native":"India","localized":"Ινδία"},"mr":{"code":"IN","native":"भारत","localized":"Ινδία"},"ms":{"code":"MY","native":"Malaysia","localized":"Μαλαισία"},"mt":{"code":"MT","native":"Malta","localized":"Μάλτα"},"my":{"code":"MM","native":"မြန်မာ","localized":"Μιανμάρ (Βιρμανία)"},"nb":{"code":"NO","native":"Norge","localized":"Νορβηγία"},"ne":{"code":"NP","native":"नेपाल","localized":"Νεπάλ"},"nl":{"code":"NL","native":"Nederland","localized":"Κάτω Χώρες"},"nn":{"code":"NO","native":"Noreg","localized":"Νορβηγία"},"oc":{"code":"FR","native":"Fr","localized":"Γαλλία"},"om":{"code":"ET","native":"Itoophiyaa","localized":"Αιθιοπία"},"or":{"code":"IN","native":"ଭାରତ","localized":"Ινδία"},"pa":{"code":"IN","native":"ਭਾਰਤ","localized":"Ινδία"},"pl":{"code":"PL","native":"Polska","localized":"Πολωνία"},"ps":{"code":"AF","native":"افغانستان","localized":"Αφγανιστάν"},"pt":{"code":"BR","native":"Brasil","localized":"Βραζιλία"},"pt_BR":{"code":"BR","native":"Brasil","localized":"Βραζιλία"},"qu":{"code":"PE","native":"Perú","localized":"Περού"},"ro":{"code":"RO","native":"România","localized":"Ρουμανία"},"ru":{"code":"RU","native":"Россия","localized":"Ρωσία"},"rw":{"code":"RW","native":"U Rwanda","localized":"Ρουάντα"},"sa":{"code":"IN","native":"भारतः","localized":"Ινδία"},"sc":{"code":"IT","native":"Itàlia","localized":"Ιταλία"},"sd":{"code":"PK","native":"پاڪستان","localized":"Πακιστάν"},"si":{"code":"LK","native":"ශ්‍රී ලංකාව","localized":"Σρι Λάνκα"},"sk":{"code":"SK","native":"Slovensko","localized":"Σλοβακία"},"sl":{"code":"SI","native":"Slovenija","localized":"Σλοβενία"},"sn":{"code":"ZW","native":"Zimbabwe","localized":"Ζιμπάμπουε"},"so":{"code":"SO","native":"Soomaaliya","localized":"Σομαλία"},"sq":{"code":"AL","native":"Shqipëri","localized":"Αλβανία"},"sr_Cyrl":{"code":"RS","native":"Србија","localized":"Σερβία"},"sr_Latn":{"code":"RS","native":"Serbia","localized":"Σερβία"},"sr_Latn_ME":{"code":"ME","native":"Montenegro","localized":"Μαυροβούνιο"},"su":{"code":"ID","native":"Indonesia","localized":"Ινδονησία"},"sv":{"code":"SE","native":"Sverige","localized":"Σουηδία"},"sw":{"code":"TZ","native":"Tanzania","localized":"Τανζανία"},"ta":{"code":"IN","native":"இந்தியா","localized":"Ινδία"},"te":{"code":"IN","native":"భారతదేశం","localized":"Ινδία"},"tg":{"code":"TJ","native":"Тоҷикистон","localized":"Τατζικιστάν"},"th":{"code":"TH","native":"ไทย","localized":"Ταϊλάνδη"},"ti":{"code":"ET","native":"ኢትዮጵያ","localized":"Αιθιοπία"},"tk":{"code":"TM","native":"Türkmenistan","localized":"Τουρκμενιστάν"},"tl":{"code":"PH","native":"Philippines","localized":"Φιλιππίνες"},"tr":{"code":"TR","native":"Türkiye","localized":"Τουρκία"},"tt":{"code":"RU","native":"Россия","localized":"Ρωσία"},"ug":{"code":"CN","native":"جۇڭگو","localized":"Κίνα"},"uk":{"code":"UA","native":"Україна","localized":"Ουκρανία"},"ur":{"code":"PK","native":"پاکستان","localized":"Πακιστάν"},"uz_Cyrl":{"code":"UZ","native":"Uzbekistan","localized":"Ουζμπεκιστάν"},"uz_Latn":{"code":"UZ","native":"Oʻzbekiston","localized":"Ουζμπεκιστάν"},"vi":{"code":"VN","native":"Việt Nam","localized":"Βιετνάμ"},"xh":{"code":"ZA","native":"Emzantsi Afrika","localized":"Νότια Αφρική"},"yi":{"code":"001","native":"וועלט","localized":"Κόσμος"},"yo":{"code":"NG","native":"Nàìjíríà","localized":"Νιγηρία"},"zh_CN":{"code":"CN","native":"中国","localized":"Κίνα"},"zh_HK":{"code":"HK","native":"中国香港特别行政区","localized":"Χονγκ Κονγκ Εδπ Κίνας"},"zh_TW":{"code":"TW","native":"台湾","localized":"Ταϊβάν"},"zu":{"code":"ZA","native":"Iningizimu Afrika","localized":"Νότια Αφρική"}}
