{"af":{"code":"ZA","native":"Suid-Afrika","localized":"South Africa"},"ak":{"code":"GH","native":"Gaana","localized":"Ghana"},"am":{"code":"ET","native":"ኢትዮጵያ","localized":"Ethiopia"},"ar":{"code":"EG","native":"مصر","localized":"Egypt"},"as":{"code":"IN","native":"ভাৰত","localized":"India"},"az":{"code":"AZ","native":"Azərbaycan","localized":"Azerbaijan"},"be":{"code":"BY","native":"Беларусь","localized":"Belarus"},"bg":{"code":"BG","native":"България","localized":"Bulgaria"},"bho":{"code":"IN","native":"भारत","localized":"India"},"bm":{"code":"ML","native":"Mali","localized":"Mali"},"bn":{"code":"BD","native":"বাংলাদেশ","localized":"Bangladesh"},"bs":{"code":"BA","native":"Bosna I Hercegovina","localized":"Bosnia & Herzegovina"},"ca":{"code":"ES","native":"Espanya","localized":"Spain"},"ceb":{"code":"PH","native":"Pilipinas","localized":"Philippines"},"ckb":{"code":"IQ","native":"عێراق","localized":"Iraq"},"cs":{"code":"CZ","native":"Česko","localized":"Czechia"},"cy":{"code":"GB","native":"Y Deyrnas Unedig","localized":"United Kingdom"},"da":{"code":"DK","native":"Danmark","localized":"Denmark"},"de":{"code":"DE","native":"Deutschland","localized":"Germany"},"de_CH":{"code":"CH","native":"Schweiz","localized":"Switzerland"},"doi":{"code":"IN","native":"भारत","localized":"India"},"ee":{"code":"GH","native":"Ghana Nutome","localized":"Ghana"},"el":{"code":"GR","native":"Ελλάδα","localized":"Greece"},"en":{"code":"US","native":"United States","localized":"United States"},"en_CA":{"code":"CA","native":"Canada","localized":"Canada"},"eo":{"code":"001","native":"Mondo","localized":"World"},"es":{"code":"ES","native":"España","localized":"Spain"},"et":{"code":"EE","native":"Eesti","localized":"Estonia"},"eu":{"code":"ES","native":"Espainia","localized":"Spain"},"fa":{"code":"IR","native":"ایران","localized":"Iran"},"fi":{"code":"FI","native":"Suomi","localized":"Finland"},"fil":{"code":"PH","native":"Pilipinas","localized":"Philippines"},"fr":{"code":"FR","native":"France","localized":"France"},"fy":{"code":"NL","native":"Nederlân","localized":"Netherlands"},"ga":{"code":"IE","native":"Éire","localized":"Ireland"},"gd":{"code":"GB","native":"An Rìoghachd Aonaichte","localized":"United Kingdom"},"gl":{"code":"ES","native":"España","localized":"Spain"},"gu":{"code":"IN","native":"ભારત","localized":"India"},"ha":{"code":"NG","native":"Nijeriya","localized":"Nigeria"},"haw":{"code":"US","native":"ʻAmelika Hui Pū ʻIa","localized":"United States"},"he":{"code":"IL","native":"ישראל","localized":"Israel"},"hi":{"code":"IN","native":"भारत","localized":"India"},"hr":{"code":"HR","native":"Hrvatska","localized":"Croatia"},"hu":{"code":"HU","native":"Magyarország","localized":"Hungary"},"hy":{"code":"AM","native":"Հայաստան","localized":"Armenia"},"id":{"code":"ID","native":"Indonesia","localized":"Indonesia"},"ig":{"code":"NG","native":"Naịjịrịa","localized":"Nigeria"},"is":{"code":"IS","native":"Ísland","localized":"Iceland"},"it":{"code":"IT","native":"Italia","localized":"Italy"},"ja":{"code":"JP","native":"日本","localized":"Japan"},"ka":{"code":"GE","native":"საქართველო","localized":"Georgia"},"kk":{"code":"KZ","native":"Қазақстан","localized":"Kazakhstan"},"km":{"code":"KH","native":"កម្ពុជា","localized":"Cambodia"},"kn":{"code":"IN","native":"ಭಾರತ","localized":"India"},"ko":{"code":"KR","native":"대한민국","localized":"South Korea"},"ku":{"code":"TR","native":"Tirkiye","localized":"Turkey"},"ky":{"code":"KG","native":"Кыргызстан","localized":"Kyrgyzstan"},"lb":{"code":"LU","native":"Lëtzebuerg","localized":"Luxembourg"},"lg":{"code":"UG","native":"Yuganda","localized":"Uganda"},"ln":{"code":"CD","native":"Republíki Ya Kongó Demokratíki","localized":"Congo - Kinshasa"},"lo":{"code":"LA","native":"ລາວ","localized":"Laos"},"lt":{"code":"LT","native":"Lietuva","localized":"Lithuania"},"lv":{"code":"LV","native":"Latvija","localized":"Latvia"},"mai":{"code":"IN","native":"भारत","localized":"India"},"mg":{"code":"MG","native":"Madagasikara","localized":"Madagascar"},"mi":{"code":"NZ","native":"Aotearoa","localized":"New Zealand"},"mk":{"code":"MK","native":"Северна Македонија","localized":"North Macedonia"},"ml":{"code":"IN","native":"ഇന്ത്യ","localized":"India"},"mn":{"code":"MN","native":"Монгол","localized":"Mongolia"},"mni_Mtei":{"code":"IN","native":"India","localized":"India"},"mr":{"code":"IN","native":"भारत","localized":"India"},"ms":{"code":"MY","native":"Malaysia","localized":"Malaysia"},"mt":{"code":"MT","native":"Malta","localized":"Malta"},"my":{"code":"MM","native":"မြန်မာ","localized":"Myanmar (Burma)"},"nb":{"code":"NO","native":"Norge","localized":"Norway"},"ne":{"code":"NP","native":"नेपाल","localized":"Nepal"},"nl":{"code":"NL","native":"Nederland","localized":"Netherlands"},"nn":{"code":"NO","native":"Noreg","localized":"Norway"},"oc":{"code":"FR","native":"Fr","localized":"France"},"om":{"code":"ET","native":"Itoophiyaa","localized":"Ethiopia"},"or":{"code":"IN","native":"ଭାରତ","localized":"India"},"pa":{"code":"IN","native":"ਭਾਰਤ","localized":"India"},"pl":{"code":"PL","native":"Polska","localized":"Poland"},"ps":{"code":"AF","native":"افغانستان","localized":"Afghanistan"},"pt":{"code":"BR","native":"Brasil","localized":"Brazil"},"pt_BR":{"code":"BR","native":"Brasil","localized":"Brazil"},"qu":{"code":"PE","native":"Perú","localized":"Peru"},"ro":{"code":"RO","native":"România","localized":"Romania"},"ru":{"code":"RU","native":"Россия","localized":"Russia"},"rw":{"code":"RW","native":"U Rwanda","localized":"Rwanda"},"sa":{"code":"IN","native":"भारतः","localized":"India"},"sc":{"code":"IT","native":"Itàlia","localized":"Italy"},"sd":{"code":"PK","native":"پاڪستان","localized":"Pakistan"},"si":{"code":"LK","native":"ශ්‍රී ලංකාව","localized":"Sri Lanka"},"sk":{"code":"SK","native":"Slovensko","localized":"Slovakia"},"sl":{"code":"SI","native":"Slovenija","localized":"Slovenia"},"sn":{"code":"ZW","native":"Zimbabwe","localized":"Zimbabwe"},"so":{"code":"SO","native":"Soomaaliya","localized":"Somalia"},"sq":{"code":"AL","native":"Shqipëri","localized":"Albania"},"sr_Cyrl":{"code":"RS","native":"Србија","localized":"Serbia"},"sr_Latn":{"code":"RS","native":"Serbia","localized":"Serbia"},"sr_Latn_ME":{"code":"ME","native":"Montenegro","localized":"Montenegro"},"su":{"code":"ID","native":"Indonesia","localized":"Indonesia"},"sv":{"code":"SE","native":"Sverige","localized":"Sweden"},"sw":{"code":"TZ","native":"Tanzania","localized":"Tanzania"},"ta":{"code":"IN","native":"இந்தியா","localized":"India"},"te":{"code":"IN","native":"భారతదేశం","localized":"India"},"tg":{"code":"TJ","native":"Тоҷикистон","localized":"Tajikistan"},"th":{"code":"TH","native":"ไทย","localized":"Thailand"},"ti":{"code":"ET","native":"ኢትዮጵያ","localized":"Ethiopia"},"tk":{"code":"TM","native":"Türkmenistan","localized":"Turkmenistan"},"tl":{"code":"PH","native":"Philippines","localized":"Philippines"},"tr":{"code":"TR","native":"Türkiye","localized":"Turkey"},"tt":{"code":"RU","native":"Россия","localized":"Russia"},"ug":{"code":"CN","native":"جۇڭگو","localized":"China"},"uk":{"code":"UA","native":"Україна","localized":"Ukraine"},"ur":{"code":"PK","native":"پاکستان","localized":"Pakistan"},"uz_Cyrl":{"code":"UZ","native":"Uzbekistan","localized":"Uzbekistan"},"uz_Latn":{"code":"UZ","native":"Oʻzbekiston","localized":"Uzbekistan"},"vi":{"code":"VN","native":"Việt Nam","localized":"Vietnam"},"xh":{"code":"ZA","native":"Emzantsi Afrika","localized":"South Africa"},"yi":{"code":"001","native":"וועלט","localized":"World"},"yo":{"code":"NG","native":"Nàìjíríà","localized":"Nigeria"},"zh_CN":{"code":"CN","native":"中国","localized":"China"},"zh_HK":{"code":"HK","native":"中国香港特别行政区","localized":"Hong Kong Sar China"},"zh_TW":{"code":"TW","native":"台湾","localized":"Taiwan"},"zu":{"code":"ZA","native":"Iningizimu Afrika","localized":"South Africa"}}
