{"af":{"code":"ZA","native":"Suid-Afrika","localized":"Sud-Afriko"},"ak":{"code":"GH","native":"Gaana","localized":"Ganao"},"am":{"code":"ET","native":"ኢትዮጵያ","localized":"Etiopujo"},"ar":{"code":"EG","native":"مصر","localized":"Egipto"},"as":{"code":"IN","native":"ভাৰত","localized":"Hindujo"},"az":{"code":"AZ","native":"Azərbaycan","localized":"Azerbajĝano"},"be":{"code":"BY","native":"Беларусь","localized":"Belorusujo"},"bg":{"code":"BG","native":"България","localized":"Bulgarujo"},"bho":{"code":"IN","native":"भारत","localized":"Hindujo"},"bm":{"code":"ML","native":"Mali","localized":"Malio"},"bn":{"code":"BD","native":"বাংলাদেশ","localized":"Bangladeŝo"},"bs":{"code":"BA","native":"Bosna I Hercegovina","localized":"Bosnio-Hercegovino"},"ca":{"code":"ES","native":"Espanya","localized":"Hispanujo"},"ceb":{"code":"PH","native":"Pilipinas","localized":"Filipinoj"},"ckb":{"code":"IQ","native":"عێراق","localized":"Irako"},"cs":{"code":"CZ","native":"Česko","localized":"Ĉeĥujo"},"cy":{"code":"GB","native":"Y Deyrnas Unedig","localized":"Unuiĝinta Reĝlando"},"da":{"code":"DK","native":"Danmark","localized":"Danujo"},"de":{"code":"DE","native":"Deutschland","localized":"Germanujo"},"de_CH":{"code":"CH","native":"Schweiz","localized":"Svisujo"},"doi":{"code":"IN","native":"भारत","localized":"Hindujo"},"ee":{"code":"GH","native":"Ghana Nutome","localized":"Ganao"},"el":{"code":"GR","native":"Ελλάδα","localized":"Grekujo"},"en":{"code":"US","native":"United States","localized":"Usono"},"en_CA":{"code":"CA","native":"Canada","localized":"Kanado"},"eo":{"code":"001","native":"Mondo","localized":"Mondo"},"es":{"code":"ES","native":"España","localized":"Hispanujo"},"et":{"code":"EE","native":"Eesti","localized":"Estonujo"},"eu":{"code":"ES","native":"Espainia","localized":"Hispanujo"},"fa":{"code":"IR","native":"ایران","localized":"Irano"},"fi":{"code":"FI","native":"Suomi","localized":"Finnlando"},"fil":{"code":"PH","native":"Pilipinas","localized":"Filipinoj"},"fr":{"code":"FR","native":"France","localized":"Francujo"},"fy":{"code":"NL","native":"Nederlân","localized":"Nederlando"},"ga":{"code":"IE","native":"Éire","localized":"Irlando"},"gd":{"code":"GB","native":"An Rìoghachd Aonaichte","localized":"Unuiĝinta Reĝlando"},"gl":{"code":"ES","native":"España","localized":"Hispanujo"},"gu":{"code":"IN","native":"ભારત","localized":"Hindujo"},"ha":{"code":"NG","native":"Nijeriya","localized":"Niĝerio"},"haw":{"code":"US","native":"ʻAmelika Hui Pū ʻIa","localized":"Usono"},"he":{"code":"IL","native":"ישראל","localized":"Israelo"},"hi":{"code":"IN","native":"भारत","localized":"Hindujo"},"hr":{"code":"HR","native":"Hrvatska","localized":"Kroatujo"},"hu":{"code":"HU","native":"Magyarország","localized":"Hungarujo"},"hy":{"code":"AM","native":"Հայաստան","localized":"Armenujo"},"id":{"code":"ID","native":"Indonesia","localized":"Indonezio"},"ig":{"code":"NG","native":"Naịjịrịa","localized":"Niĝerio"},"is":{"code":"IS","native":"Ísland","localized":"Islando"},"it":{"code":"IT","native":"Italia","localized":"Italujo"},"ja":{"code":"JP","native":"日本","localized":"Japanujo"},"ka":{"code":"GE","native":"საქართველო","localized":"Kartvelujo"},"kk":{"code":"KZ","native":"Қазақстан","localized":"Kazaĥstano"},"km":{"code":"KH","native":"កម្ពុជា","localized":"Kamboĝo"},"kn":{"code":"IN","native":"ಭಾರತ","localized":"Hindujo"},"ko":{"code":"KR","native":"대한민국","localized":"Sud-Koreo"},"ku":{"code":"TR","native":"Tirkiye","localized":"Turkujo"},"ky":{"code":"KG","native":"Кыргызстан","localized":"Kirgizistano"},"lb":{"code":"LU","native":"Lëtzebuerg","localized":"Luksemburgo"},"lg":{"code":"UG","native":"Yuganda","localized":"Ugando"},"ln":{"code":"CD","native":"Republíki Ya Kongó Demokratíki","localized":"Cd"},"lo":{"code":"LA","native":"ລາວ","localized":"Laoso"},"lt":{"code":"LT","native":"Lietuva","localized":"Litovujo"},"lv":{"code":"LV","native":"Latvija","localized":"Latvujo"},"mai":{"code":"IN","native":"भारत","localized":"Hindujo"},"mg":{"code":"MG","native":"Madagasikara","localized":"Madagaskaro"},"mi":{"code":"NZ","native":"Aotearoa","localized":"Nov-Zelando"},"mk":{"code":"MK","native":"Северна Македонија","localized":"Mk"},"ml":{"code":"IN","native":"ഇന്ത്യ","localized":"Hindujo"},"mn":{"code":"MN","native":"Монгол","localized":"Mongolujo"},"mni_Mtei":{"code":"IN","native":"India","localized":"Hindujo"},"mr":{"code":"IN","native":"भारत","localized":"Hindujo"},"ms":{"code":"MY","native":"Malaysia","localized":"Malajzio"},"mt":{"code":"MT","native":"Malta","localized":"Malto"},"my":{"code":"MM","native":"မြန်မာ","localized":"Mjanmao"},"nb":{"code":"NO","native":"Norge","localized":"Norvegujo"},"ne":{"code":"NP","native":"नेपाल","localized":"Nepalo"},"nl":{"code":"NL","native":"Nederland","localized":"Nederlando"},"nn":{"code":"NO","native":"Noreg","localized":"Norvegujo"},"oc":{"code":"FR","native":"Fr","localized":"Francujo"},"om":{"code":"ET","native":"Itoophiyaa","localized":"Etiopujo"},"or":{"code":"IN","native":"ଭାରତ","localized":"Hindujo"},"pa":{"code":"IN","native":"ਭਾਰਤ","localized":"Hindujo"},"pl":{"code":"PL","native":"Polska","localized":"Pollando"},"ps":{"code":"AF","native":"افغانستان","localized":"Afganujo"},"pt":{"code":"BR","native":"Brasil","localized":"Brazilo"},"pt_BR":{"code":"BR","native":"Brasil","localized":"Brazilo"},"qu":{"code":"PE","native":"Perú","localized":"Peruo"},"ro":{"code":"RO","native":"România","localized":"Rumanujo"},"ru":{"code":"RU","native":"Россия","localized":"Rusujo"},"rw":{"code":"RW","native":"U Rwanda","localized":"Ruando"},"sa":{"code":"IN","native":"भारतः","localized":"Hindujo"},"sc":{"code":"IT","native":"Itàlia","localized":"Italujo"},"sd":{"code":"PK","native":"پاڪستان","localized":"Pakistano"},"si":{"code":"LK","native":"ශ්‍රී ලංකාව","localized":"Sri-Lanko"},"sk":{"code":"SK","native":"Slovensko","localized":"Slovakujo"},"sl":{"code":"SI","native":"Slovenija","localized":"Slovenujo"},"sn":{"code":"ZW","native":"Zimbabwe","localized":"Zimbabvo"},"so":{"code":"SO","native":"Soomaaliya","localized":"Somalujo"},"sq":{"code":"AL","native":"Shqipëri","localized":"Albanujo"},"sr_Cyrl":{"code":"RS","native":"Србија","localized":"Rs"},"sr_Latn":{"code":"RS","native":"Serbia","localized":"Rs"},"sr_Latn_ME":{"code":"ME","native":"Montenegro","localized":"Me"},"su":{"code":"ID","native":"Indonesia","localized":"Indonezio"},"sv":{"code":"SE","native":"Sverige","localized":"Svedujo"},"sw":{"code":"TZ","native":"Tanzania","localized":"Tanzanio"},"ta":{"code":"IN","native":"இந்தியா","localized":"Hindujo"},"te":{"code":"IN","native":"భారతదేశం","localized":"Hindujo"},"tg":{"code":"TJ","native":"Тоҷикистон","localized":"Taĝikujo"},"th":{"code":"TH","native":"ไทย","localized":"Tajlando"},"ti":{"code":"ET","native":"ኢትዮጵያ","localized":"Etiopujo"},"tk":{"code":"TM","native":"Türkmenistan","localized":"Turkmenujo"},"tl":{"code":"PH","native":"Philippines","localized":"Filipinoj"},"tr":{"code":"TR","native":"Türkiye","localized":"Turkujo"},"tt":{"code":"RU","native":"Россия","localized":"Rusujo"},"ug":{"code":"CN","native":"جۇڭگو","localized":"Ĉinujo"},"uk":{"code":"UA","native":"Україна","localized":"Ukrajno"},"ur":{"code":"PK","native":"پاکستان","localized":"Pakistano"},"uz_Cyrl":{"code":"UZ","native":"Uzbekistan","localized":"Uzbekujo"},"uz_Latn":{"code":"UZ","native":"Oʻzbekiston","localized":"Uzbekujo"},"vi":{"code":"VN","native":"Việt Nam","localized":"Vjetnamo"},"xh":{"code":"ZA","native":"Emzantsi Afrika","localized":"Sud-Afriko"},"yi":{"code":"001","native":"וועלט","localized":"Mondo"},"yo":{"code":"NG","native":"Nàìjíríà","localized":"Niĝerio"},"zh_CN":{"code":"CN","native":"中国","localized":"Ĉinujo"},"zh_HK":{"code":"HK","native":"中国香港特别行政区","localized":"Hk"},"zh_TW":{"code":"TW","native":"台湾","localized":"Tajvano"},"zu":{"code":"ZA","native":"Iningizimu Afrika","localized":"Sud-Afriko"}}
