{"af":{"code":"ZA","native":"Suid-Afrika","localized":"Lõuna-Aafrika Vabariik"},"ak":{"code":"GH","native":"Gaana","localized":"Ghana"},"am":{"code":"ET","native":"ኢትዮጵያ","localized":"Etioopia"},"ar":{"code":"EG","native":"مصر","localized":"Egiptus"},"as":{"code":"IN","native":"ভাৰত","localized":"India"},"az":{"code":"AZ","native":"Azərbaycan","localized":"Aserbaidžaan"},"be":{"code":"BY","native":"Беларусь","localized":"Valgevene"},"bg":{"code":"BG","native":"България","localized":"Bulgaaria"},"bho":{"code":"IN","native":"भारत","localized":"India"},"bm":{"code":"ML","native":"Mali","localized":"Mali"},"bn":{"code":"BD","native":"বাংলাদেশ","localized":"Bangladesh"},"bs":{"code":"BA","native":"Bosna I Hercegovina","localized":"Bosnia Ja Hertsegoviina"},"ca":{"code":"ES","native":"Espanya","localized":"Hispaania"},"ceb":{"code":"PH","native":"Pilipinas","localized":"Filipiinid"},"ckb":{"code":"IQ","native":"عێراق","localized":"Iraak"},"cs":{"code":"CZ","native":"Česko","localized":"Tšehhi"},"cy":{"code":"GB","native":"Y Deyrnas Unedig","localized":"Ühendkuningriik"},"da":{"code":"DK","native":"Danmark","localized":"Taani"},"de":{"code":"DE","native":"Deutschland","localized":"Saksamaa"},"de_CH":{"code":"CH","native":"Schweiz","localized":"Šveits"},"doi":{"code":"IN","native":"भारत","localized":"India"},"ee":{"code":"GH","native":"Ghana Nutome","localized":"Ghana"},"el":{"code":"GR","native":"Ελλάδα","localized":"Kreeka"},"en":{"code":"US","native":"United States","localized":"Ameerika Ühendriigid"},"en_CA":{"code":"CA","native":"Canada","localized":"Kanada"},"eo":{"code":"001","native":"Mondo","localized":"Maailm"},"es":{"code":"ES","native":"España","localized":"Hispaania"},"et":{"code":"EE","native":"Eesti","localized":"Eesti"},"eu":{"code":"ES","native":"Espainia","localized":"Hispaania"},"fa":{"code":"IR","native":"ایران","localized":"Iraan"},"fi":{"code":"FI","native":"Suomi","localized":"Soome"},"fil":{"code":"PH","native":"Pilipinas","localized":"Filipiinid"},"fr":{"code":"FR","native":"France","localized":"Prantsusmaa"},"fy":{"code":"NL","native":"Nederlân","localized":"Holland"},"ga":{"code":"IE","native":"Éire","localized":"Iirimaa"},"gd":{"code":"GB","native":"An Rìoghachd Aonaichte","localized":"Ühendkuningriik"},"gl":{"code":"ES","native":"España","localized":"Hispaania"},"gu":{"code":"IN","native":"ભારત","localized":"India"},"ha":{"code":"NG","native":"Nijeriya","localized":"Nigeeria"},"haw":{"code":"US","native":"ʻAmelika Hui Pū ʻIa","localized":"Ameerika Ühendriigid"},"he":{"code":"IL","native":"ישראל","localized":"Iisrael"},"hi":{"code":"IN","native":"भारत","localized":"India"},"hr":{"code":"HR","native":"Hrvatska","localized":"Horvaatia"},"hu":{"code":"HU","native":"Magyarország","localized":"Ungari"},"hy":{"code":"AM","native":"Հայաստան","localized":"Armeenia"},"id":{"code":"ID","native":"Indonesia","localized":"Indoneesia"},"ig":{"code":"NG","native":"Naịjịrịa","localized":"Nigeeria"},"is":{"code":"IS","native":"Ísland","localized":"Island"},"it":{"code":"IT","native":"Italia","localized":"Itaalia"},"ja":{"code":"JP","native":"日本","localized":"Jaapan"},"ka":{"code":"GE","native":"საქართველო","localized":"Gruusia"},"kk":{"code":"KZ","native":"Қазақстан","localized":"Kasahstan"},"km":{"code":"KH","native":"កម្ពុជា","localized":"Kambodža"},"kn":{"code":"IN","native":"ಭಾರತ","localized":"India"},"ko":{"code":"KR","native":"대한민국","localized":"Lõuna-Korea"},"ku":{"code":"TR","native":"Tirkiye","localized":"Türgi"},"ky":{"code":"KG","native":"Кыргызстан","localized":"Kõrgõzstan"},"lb":{"code":"LU","native":"Lëtzebuerg","localized":"Luksemburg"},"lg":{"code":"UG","native":"Yuganda","localized":"Uganda"},"ln":{"code":"CD","native":"Republíki Ya Kongó Demokratíki","localized":"Kongo Dv"},"lo":{"code":"LA","native":"ລາວ","localized":"Laos"},"lt":{"code":"LT","native":"Lietuva","localized":"Leedu"},"lv":{"code":"LV","native":"Latvija","localized":"Läti"},"mai":{"code":"IN","native":"भारत","localized":"India"},"mg":{"code":"MG","native":"Madagasikara","localized":"Madagaskar"},"mi":{"code":"NZ","native":"Aotearoa","localized":"Uus-Meremaa"},"mk":{"code":"MK","native":"Северна Македонија","localized":"Põhja-Makedoonia"},"ml":{"code":"IN","native":"ഇന്ത്യ","localized":"India"},"mn":{"code":"MN","native":"Монгол","localized":"Mongoolia"},"mni_Mtei":{"code":"IN","native":"India","localized":"India"},"mr":{"code":"IN","native":"भारत","localized":"India"},"ms":{"code":"MY","native":"Malaysia","localized":"Malaisia"},"mt":{"code":"MT","native":"Malta","localized":"Malta"},"my":{"code":"MM","native":"မြန်မာ","localized":"Myanmar (Birma)"},"nb":{"code":"NO","native":"Norge","localized":"Norra"},"ne":{"code":"NP","native":"नेपाल","localized":"Nepal"},"nl":{"code":"NL","native":"Nederland","localized":"Holland"},"nn":{"code":"NO","native":"Noreg","localized":"Norra"},"oc":{"code":"FR","native":"Fr","localized":"Prantsusmaa"},"om":{"code":"ET","native":"Itoophiyaa","localized":"Etioopia"},"or":{"code":"IN","native":"ଭାରତ","localized":"India"},"pa":{"code":"IN","native":"ਭਾਰਤ","localized":"India"},"pl":{"code":"PL","native":"Polska","localized":"Poola"},"ps":{"code":"AF","native":"افغانستان","localized":"Afganistan"},"pt":{"code":"BR","native":"Brasil","localized":"Brasiilia"},"pt_BR":{"code":"BR","native":"Brasil","localized":"Brasiilia"},"qu":{"code":"PE","native":"Perú","localized":"Peruu"},"ro":{"code":"RO","native":"România","localized":"Rumeenia"},"ru":{"code":"RU","native":"Россия","localized":"Venemaa"},"rw":{"code":"RW","native":"U Rwanda","localized":"Rwanda"},"sa":{"code":"IN","native":"भारतः","localized":"India"},"sc":{"code":"IT","native":"Itàlia","localized":"Itaalia"},"sd":{"code":"PK","native":"پاڪستان","localized":"Pakistan"},"si":{"code":"LK","native":"ශ්‍රී ලංකාව","localized":"Sri Lanka"},"sk":{"code":"SK","native":"Slovensko","localized":"Slovakkia"},"sl":{"code":"SI","native":"Slovenija","localized":"Sloveenia"},"sn":{"code":"ZW","native":"Zimbabwe","localized":"Zimbabwe"},"so":{"code":"SO","native":"Soomaaliya","localized":"Somaalia"},"sq":{"code":"AL","native":"Shqipëri","localized":"Albaania"},"sr_Cyrl":{"code":"RS","native":"Србија","localized":"Serbia"},"sr_Latn":{"code":"RS","native":"Serbia","localized":"Serbia"},"sr_Latn_ME":{"code":"ME","native":"Montenegro","localized":"Montenegro"},"su":{"code":"ID","native":"Indonesia","localized":"Indoneesia"},"sv":{"code":"SE","native":"Sverige","localized":"Rootsi"},"sw":{"code":"TZ","native":"Tanzania","localized":"Tansaania"},"ta":{"code":"IN","native":"இந்தியா","localized":"India"},"te":{"code":"IN","native":"భారతదేశం","localized":"India"},"tg":{"code":"TJ","native":"Тоҷикистон","localized":"Tadžikistan"},"th":{"code":"TH","native":"ไทย","localized":"Tai"},"ti":{"code":"ET","native":"ኢትዮጵያ","localized":"Etioopia"},"tk":{"code":"TM","native":"Türkmenistan","localized":"Türkmenistan"},"tl":{"code":"PH","native":"Philippines","localized":"Filipiinid"},"tr":{"code":"TR","native":"Türkiye","localized":"Türgi"},"tt":{"code":"RU","native":"Россия","localized":"Venemaa"},"ug":{"code":"CN","native":"جۇڭگو","localized":"Hiina"},"uk":{"code":"UA","native":"Україна","localized":"Ukraina"},"ur":{"code":"PK","native":"پاکستان","localized":"Pakistan"},"uz_Cyrl":{"code":"UZ","native":"Uzbekistan","localized":"Usbekistan"},"uz_Latn":{"code":"UZ","native":"Oʻzbekiston","localized":"Usbekistan"},"vi":{"code":"VN","native":"Việt Nam","localized":"Vietnam"},"xh":{"code":"ZA","native":"Emzantsi Afrika","localized":"Lõuna-Aafrika Vabariik"},"yi":{"code":"001","native":"וועלט","localized":"Maailm"},"yo":{"code":"NG","native":"Nàìjíríà","localized":"Nigeeria"},"zh_CN":{"code":"CN","native":"中国","localized":"Hiina"},"zh_HK":{"code":"HK","native":"中国香港特别行政区","localized":"Hongkongi Erihalduspiirkond"},"zh_TW":{"code":"TW","native":"台湾","localized":"Taiwan"},"zu":{"code":"ZA","native":"Iningizimu Afrika","localized":"Lõuna-Aafrika Vabariik"}}
