{"af":{"code":"ZA","native":"Suid-Afrika","localized":"Hegoafrika"},"ak":{"code":"GH","native":"Gaana","localized":"Ghana"},"am":{"code":"ET","native":"ኢትዮጵያ","localized":"Etiopia"},"ar":{"code":"EG","native":"مصر","localized":"Egipto"},"as":{"code":"IN","native":"ভাৰত","localized":"India"},"az":{"code":"AZ","native":"Azərbaycan","localized":"Azerbaijan"},"be":{"code":"BY","native":"Беларусь","localized":"Bielorrusia"},"bg":{"code":"BG","native":"България","localized":"Bulgaria"},"bho":{"code":"IN","native":"भारत","localized":"India"},"bm":{"code":"ML","native":"Mali","localized":"Mali"},"bn":{"code":"BD","native":"বাংলাদেশ","localized":"Bangladesh"},"bs":{"code":"BA","native":"Bosna I Hercegovina","localized":"Bosnia-Herzegovina"},"ca":{"code":"ES","native":"Espanya","localized":"Espainia"},"ceb":{"code":"PH","native":"Pilipinas","localized":"Filipinak"},"ckb":{"code":"IQ","native":"عێراق","localized":"Irak"},"cs":{"code":"CZ","native":"Česko","localized":"Txekia"},"cy":{"code":"GB","native":"Y Deyrnas Unedig","localized":"Erresuma Batua"},"da":{"code":"DK","native":"Danmark","localized":"Danimarka"},"de":{"code":"DE","native":"Deutschland","localized":"Alemania"},"de_CH":{"code":"CH","native":"Schweiz","localized":"Suitza"},"doi":{"code":"IN","native":"भारत","localized":"India"},"ee":{"code":"GH","native":"Ghana Nutome","localized":"Ghana"},"el":{"code":"GR","native":"Ελλάδα","localized":"Grezia"},"en":{"code":"US","native":"United States","localized":"Ameriketako Estatu Batuak"},"en_CA":{"code":"CA","native":"Canada","localized":"Kanada"},"eo":{"code":"001","native":"Mondo","localized":"Mundua"},"es":{"code":"ES","native":"España","localized":"Espainia"},"et":{"code":"EE","native":"Eesti","localized":"Estonia"},"eu":{"code":"ES","native":"Espainia","localized":"Espainia"},"fa":{"code":"IR","native":"ایران","localized":"Iran"},"fi":{"code":"FI","native":"Suomi","localized":"Finlandia"},"fil":{"code":"PH","native":"Pilipinas","localized":"Filipinak"},"fr":{"code":"FR","native":"France","localized":"Frantzia"},"fy":{"code":"NL","native":"Nederlân","localized":"Herbehereak"},"ga":{"code":"IE","native":"Éire","localized":"Irlanda"},"gd":{"code":"GB","native":"An Rìoghachd Aonaichte","localized":"Erresuma Batua"},"gl":{"code":"ES","native":"España","localized":"Espainia"},"gu":{"code":"IN","native":"ભારત","localized":"India"},"ha":{"code":"NG","native":"Nijeriya","localized":"Nigeria"},"haw":{"code":"US","native":"ʻAmelika Hui Pū ʻIa","localized":"Ameriketako Estatu Batuak"},"he":{"code":"IL","native":"ישראל","localized":"Israel"},"hi":{"code":"IN","native":"भारत","localized":"India"},"hr":{"code":"HR","native":"Hrvatska","localized":"Kroazia"},"hu":{"code":"HU","native":"Magyarország","localized":"Hungaria"},"hy":{"code":"AM","native":"Հայաստան","localized":"Armenia"},"id":{"code":"ID","native":"Indonesia","localized":"Indonesia"},"ig":{"code":"NG","native":"Naịjịrịa","localized":"Nigeria"},"is":{"code":"IS","native":"Ísland","localized":"Islandia"},"it":{"code":"IT","native":"Italia","localized":"Italia"},"ja":{"code":"JP","native":"日本","localized":"Japonia"},"ka":{"code":"GE","native":"საქართველო","localized":"Georgia"},"kk":{"code":"KZ","native":"Қазақстан","localized":"Kazakhstan"},"km":{"code":"KH","native":"កម្ពុជា","localized":"Kanbodia"},"kn":{"code":"IN","native":"ಭಾರತ","localized":"India"},"ko":{"code":"KR","native":"대한민국","localized":"Hego Korea"},"ku":{"code":"TR","native":"Tirkiye","localized":"Turkia"},"ky":{"code":"KG","native":"Кыргызстан","localized":"Kirgizistan"},"lb":{"code":"LU","native":"Lëtzebuerg","localized":"Luxenburgo"},"lg":{"code":"UG","native":"Yuganda","localized":"Uganda"},"ln":{"code":"CD","native":"Republíki Ya Kongó Demokratíki","localized":"Kongoko Errepublika Demokratikoa"},"lo":{"code":"LA","native":"ລາວ","localized":"Laos"},"lt":{"code":"LT","native":"Lietuva","localized":"Lituania"},"lv":{"code":"LV","native":"Latvija","localized":"Letonia"},"mai":{"code":"IN","native":"भारत","localized":"India"},"mg":{"code":"MG","native":"Madagasikara","localized":"Madagaskar"},"mi":{"code":"NZ","native":"Aotearoa","localized":"Zeelanda Berria"},"mk":{"code":"MK","native":"Северна Македонија","localized":"Ipar Mazedonia"},"ml":{"code":"IN","native":"ഇന്ത്യ","localized":"India"},"mn":{"code":"MN","native":"Монгол","localized":"Mongolia"},"mni_Mtei":{"code":"IN","native":"India","localized":"India"},"mr":{"code":"IN","native":"भारत","localized":"India"},"ms":{"code":"MY","native":"Malaysia","localized":"Malaysia"},"mt":{"code":"MT","native":"Malta","localized":"Malta"},"my":{"code":"MM","native":"မြန်မာ","localized":"Myanmar (Birmania)"},"nb":{"code":"NO","native":"Norge","localized":"Norvegia"},"ne":{"code":"NP","native":"नेपाल","localized":"Nepal"},"nl":{"code":"NL","native":"Nederland","localized":"Herbehereak"},"nn":{"code":"NO","native":"Noreg","localized":"Norvegia"},"oc":{"code":"FR","native":"Fr","localized":"Frantzia"},"om":{"code":"ET","native":"Itoophiyaa","localized":"Etiopia"},"or":{"code":"IN","native":"ଭାରତ","localized":"India"},"pa":{"code":"IN","native":"ਭਾਰਤ","localized":"India"},"pl":{"code":"PL","native":"Polska","localized":"Polonia"},"ps":{"code":"AF","native":"افغانستان","localized":"Afganistan"},"pt":{"code":"BR","native":"Brasil","localized":"Brasil"},"pt_BR":{"code":"BR","native":"Brasil","localized":"Brasil"},"qu":{"code":"PE","native":"Perú","localized":"Peru"},"ro":{"code":"RO","native":"România","localized":"Errumania"},"ru":{"code":"RU","native":"Россия","localized":"Errusia"},"rw":{"code":"RW","native":"U Rwanda","localized":"Ruanda"},"sa":{"code":"IN","native":"भारतः","localized":"India"},"sc":{"code":"IT","native":"Itàlia","localized":"Italia"},"sd":{"code":"PK","native":"پاڪستان","localized":"Pakistan"},"si":{"code":"LK","native":"ශ්‍රී ලංකාව","localized":"Sri Lanka"},"sk":{"code":"SK","native":"Slovensko","localized":"Eslovakia"},"sl":{"code":"SI","native":"Slovenija","localized":"Eslovenia"},"sn":{"code":"ZW","native":"Zimbabwe","localized":"Zimbabwe"},"so":{"code":"SO","native":"Soomaaliya","localized":"Somalia"},"sq":{"code":"AL","native":"Shqipëri","localized":"Albania"},"sr_Cyrl":{"code":"RS","native":"Србија","localized":"Serbia"},"sr_Latn":{"code":"RS","native":"Serbia","localized":"Serbia"},"sr_Latn_ME":{"code":"ME","native":"Montenegro","localized":"Montenegro"},"su":{"code":"ID","native":"Indonesia","localized":"Indonesia"},"sv":{"code":"SE","native":"Sverige","localized":"Suedia"},"sw":{"code":"TZ","native":"Tanzania","localized":"Tanzania"},"ta":{"code":"IN","native":"இந்தியா","localized":"India"},"te":{"code":"IN","native":"భారతదేశం","localized":"India"},"tg":{"code":"TJ","native":"Тоҷикистон","localized":"Tajikistan"},"th":{"code":"TH","native":"ไทย","localized":"Thailandia"},"ti":{"code":"ET","native":"ኢትዮጵያ","localized":"Etiopia"},"tk":{"code":"TM","native":"Türkmenistan","localized":"Turkmenistan"},"tl":{"code":"PH","native":"Philippines","localized":"Filipinak"},"tr":{"code":"TR","native":"Türkiye","localized":"Turkia"},"tt":{"code":"RU","native":"Россия","localized":"Errusia"},"ug":{"code":"CN","native":"جۇڭگو","localized":"Txina"},"uk":{"code":"UA","native":"Україна","localized":"Ukraina"},"ur":{"code":"PK","native":"پاکستان","localized":"Pakistan"},"uz_Cyrl":{"code":"UZ","native":"Uzbekistan","localized":"Uzbekistan"},"uz_Latn":{"code":"UZ","native":"Oʻzbekiston","localized":"Uzbekistan"},"vi":{"code":"VN","native":"Việt Nam","localized":"Vietnam"},"xh":{"code":"ZA","native":"Emzantsi Afrika","localized":"Hegoafrika"},"yi":{"code":"001","native":"וועלט","localized":"Mundua"},"yo":{"code":"NG","native":"Nàìjíríà","localized":"Nigeria"},"zh_CN":{"code":"CN","native":"中国","localized":"Txina"},"zh_HK":{"code":"HK","native":"中国香港特别行政区","localized":"Hong Kong Txinako Aeb"},"zh_TW":{"code":"TW","native":"台湾","localized":"Taiwan"},"zu":{"code":"ZA","native":"Iningizimu Afrika","localized":"Hegoafrika"}}
