{"af":{"code":"ZA","native":"Suid-Afrika","localized":"افریقای جنوبی"},"ak":{"code":"GH","native":"Gaana","localized":"غنا"},"am":{"code":"ET","native":"ኢትዮጵያ","localized":"اتیوپی"},"ar":{"code":"EG","native":"مصر","localized":"مصر"},"as":{"code":"IN","native":"ভাৰত","localized":"هند"},"az":{"code":"AZ","native":"Azərbaycan","localized":"جمهوری آذربایجان"},"be":{"code":"BY","native":"Беларусь","localized":"بلاروس"},"bg":{"code":"BG","native":"България","localized":"بلغارستان"},"bho":{"code":"IN","native":"भारत","localized":"هند"},"bm":{"code":"ML","native":"Mali","localized":"مالی"},"bn":{"code":"BD","native":"বাংলাদেশ","localized":"بنگلادش"},"bs":{"code":"BA","native":"Bosna I Hercegovina","localized":"بوسنی و هرزگوین"},"ca":{"code":"ES","native":"Espanya","localized":"اسپانیا"},"ceb":{"code":"PH","native":"Pilipinas","localized":"فیلیپین"},"ckb":{"code":"IQ","native":"عێراق","localized":"عراق"},"cs":{"code":"CZ","native":"Česko","localized":"چک"},"cy":{"code":"GB","native":"Y Deyrnas Unedig","localized":"بریتانیا"},"da":{"code":"DK","native":"Danmark","localized":"دانمارک"},"de":{"code":"DE","native":"Deutschland","localized":"آلمان"},"de_CH":{"code":"CH","native":"Schweiz","localized":"سوئیس"},"doi":{"code":"IN","native":"भारत","localized":"هند"},"ee":{"code":"GH","native":"Ghana Nutome","localized":"غنا"},"el":{"code":"GR","native":"Ελλάδα","localized":"یونان"},"en":{"code":"US","native":"United States","localized":"ایالات متحده"},"en_CA":{"code":"CA","native":"Canada","localized":"کانادا"},"eo":{"code":"001","native":"Mondo","localized":"جهان"},"es":{"code":"ES","native":"España","localized":"اسپانیا"},"et":{"code":"EE","native":"Eesti","localized":"استونی"},"eu":{"code":"ES","native":"Espainia","localized":"اسپانیا"},"fa":{"code":"IR","native":"ایران","localized":"ایران"},"fi":{"code":"FI","native":"Suomi","localized":"فنلاند"},"fil":{"code":"PH","native":"Pilipinas","localized":"فیلیپین"},"fr":{"code":"FR","native":"France","localized":"فرانسه"},"fy":{"code":"NL","native":"Nederlân","localized":"هلند"},"ga":{"code":"IE","native":"Éire","localized":"ایرلند"},"gd":{"code":"GB","native":"An Rìoghachd Aonaichte","localized":"بریتانیا"},"gl":{"code":"ES","native":"España","localized":"اسپانیا"},"gu":{"code":"IN","native":"ભારત","localized":"هند"},"ha":{"code":"NG","native":"Nijeriya","localized":"نیجریه"},"haw":{"code":"US","native":"ʻAmelika Hui Pū ʻIa","localized":"ایالات متحده"},"he":{"code":"IL","native":"ישראל","localized":"اسرائیل"},"hi":{"code":"IN","native":"भारत","localized":"هند"},"hr":{"code":"HR","native":"Hrvatska","localized":"کرواسی"},"hu":{"code":"HU","native":"Magyarország","localized":"مجارستان"},"hy":{"code":"AM","native":"Հայաստան","localized":"ارمنستان"},"id":{"code":"ID","native":"Indonesia","localized":"اندونزی"},"ig":{"code":"NG","native":"Naịjịrịa","localized":"نیجریه"},"is":{"code":"IS","native":"Ísland","localized":"ایسلند"},"it":{"code":"IT","native":"Italia","localized":"ایتالیا"},"ja":{"code":"JP","native":"日本","localized":"ژاپن"},"ka":{"code":"GE","native":"საქართველო","localized":"گرجستان"},"kk":{"code":"KZ","native":"Қазақстан","localized":"قزاقستان"},"km":{"code":"KH","native":"កម្ពុជា","localized":"کامبوج"},"kn":{"code":"IN","native":"ಭಾರತ","localized":"هند"},"ko":{"code":"KR","native":"대한민국","localized":"کرهٔ جنوبی"},"ku":{"code":"TR","native":"Tirkiye","localized":"ترکیه"},"ky":{"code":"KG","native":"Кыргызстан","localized":"قرقیزستان"},"lb":{"code":"LU","native":"Lëtzebuerg","localized":"لوکزامبورگ"},"lg":{"code":"UG","native":"Yuganda","localized":"اوگاندا"},"ln":{"code":"CD","native":"Republíki Ya Kongó Demokratíki","localized":"کنگو - کینشاسا"},"lo":{"code":"LA","native":"ລາວ","localized":"لائوس"},"lt":{"code":"LT","native":"Lietuva","localized":"لیتوانی"},"lv":{"code":"LV","native":"Latvija","localized":"لتونی"},"mai":{"code":"IN","native":"भारत","localized":"هند"},"mg":{"code":"MG","native":"Madagasikara","localized":"ماداگاسکار"},"mi":{"code":"NZ","native":"Aotearoa","localized":"نیوزیلند"},"mk":{"code":"MK","native":"Северна Македонија","localized":"مقدونیهٔ شمالی"},"ml":{"code":"IN","native":"ഇന്ത്യ","localized":"هند"},"mn":{"code":"MN","native":"Монгол","localized":"مغولستان"},"mni_Mtei":{"code":"IN","native":"India","localized":"هند"},"mr":{"code":"IN","native":"भारत","localized":"هند"},"ms":{"code":"MY","native":"Malaysia","localized":"مالزی"},"mt":{"code":"MT","native":"Malta","localized":"مالت"},"my":{"code":"MM","native":"မြန်မာ","localized":"میانمار (برمه)"},"nb":{"code":"NO","native":"Norge","localized":"نروژ"},"ne":{"code":"NP","native":"नेपाल","localized":"نپال"},"nl":{"code":"NL","native":"Nederland","localized":"هلند"},"nn":{"code":"NO","native":"Noreg","localized":"نروژ"},"oc":{"code":"FR","native":"Fr","localized":"فرانسه"},"om":{"code":"ET","native":"Itoophiyaa","localized":"اتیوپی"},"or":{"code":"IN","native":"ଭାରତ","localized":"هند"},"pa":{"code":"IN","native":"ਭਾਰਤ","localized":"هند"},"pl":{"code":"PL","native":"Polska","localized":"لهستان"},"ps":{"code":"AF","native":"افغانستان","localized":"افغانستان"},"pt":{"code":"BR","native":"Brasil","localized":"برزیل"},"pt_BR":{"code":"BR","native":"Brasil","localized":"برزیل"},"qu":{"code":"PE","native":"Perú","localized":"پرو"},"ro":{"code":"RO","native":"România","localized":"رومانی"},"ru":{"code":"RU","native":"Россия","localized":"روسیه"},"rw":{"code":"RW","native":"U Rwanda","localized":"رواندا"},"sa":{"code":"IN","native":"भारतः","localized":"هند"},"sc":{"code":"IT","native":"Itàlia","localized":"ایتالیا"},"sd":{"code":"PK","native":"پاڪستان","localized":"پاکستان"},"si":{"code":"LK","native":"ශ්‍රී ලංකාව","localized":"سری‌لانکا"},"sk":{"code":"SK","native":"Slovensko","localized":"اسلواکی"},"sl":{"code":"SI","native":"Slovenija","localized":"اسلوونی"},"sn":{"code":"ZW","native":"Zimbabwe","localized":"زیمبابوه"},"so":{"code":"SO","native":"Soomaaliya","localized":"سومالی"},"sq":{"code":"AL","native":"Shqipëri","localized":"آلبانی"},"sr_Cyrl":{"code":"RS","native":"Србија","localized":"صربستان"},"sr_Latn":{"code":"RS","native":"Serbia","localized":"صربستان"},"sr_Latn_ME":{"code":"ME","native":"Montenegro","localized":"مونته‌نگرو"},"su":{"code":"ID","native":"Indonesia","localized":"اندونزی"},"sv":{"code":"SE","native":"Sverige","localized":"سوئد"},"sw":{"code":"TZ","native":"Tanzania","localized":"تانزانیا"},"ta":{"code":"IN","native":"இந்தியா","localized":"هند"},"te":{"code":"IN","native":"భారతదేశం","localized":"هند"},"tg":{"code":"TJ","native":"Тоҷикистон","localized":"تاجیکستان"},"th":{"code":"TH","native":"ไทย","localized":"تایلند"},"ti":{"code":"ET","native":"ኢትዮጵያ","localized":"اتیوپی"},"tk":{"code":"TM","native":"Türkmenistan","localized":"ترکمنستان"},"tl":{"code":"PH","native":"Philippines","localized":"فیلیپین"},"tr":{"code":"TR","native":"Türkiye","localized":"ترکیه"},"tt":{"code":"RU","native":"Россия","localized":"روسیه"},"ug":{"code":"CN","native":"جۇڭگو","localized":"چین"},"uk":{"code":"UA","native":"Україна","localized":"اوکراین"},"ur":{"code":"PK","native":"پاکستان","localized":"پاکستان"},"uz_Cyrl":{"code":"UZ","native":"Uzbekistan","localized":"ازبکستان"},"uz_Latn":{"code":"UZ","native":"Oʻzbekiston","localized":"ازبکستان"},"vi":{"code":"VN","native":"Việt Nam","localized":"ویتنام"},"xh":{"code":"ZA","native":"Emzantsi Afrika","localized":"افریقای جنوبی"},"yi":{"code":"001","native":"וועלט","localized":"جهان"},"yo":{"code":"NG","native":"Nàìjíríà","localized":"نیجریه"},"zh_CN":{"code":"CN","native":"中国","localized":"چین"},"zh_HK":{"code":"HK","native":"中国香港特别行政区","localized":"هنگ‌کنگ، منطقهٔ ویژهٔ اداری چین"},"zh_TW":{"code":"TW","native":"台湾","localized":"تایوان"},"zu":{"code":"ZA","native":"Iningizimu Afrika","localized":"افریقای جنوبی"}}
