{"af":{"code":"ZA","native":"Suid-Afrika","localized":"Etelä-Afrikka"},"ak":{"code":"GH","native":"Gaana","localized":"Ghana"},"am":{"code":"ET","native":"ኢትዮጵያ","localized":"Etiopia"},"ar":{"code":"EG","native":"مصر","localized":"Egypti"},"as":{"code":"IN","native":"ভাৰত","localized":"Intia"},"az":{"code":"AZ","native":"Azərbaycan","localized":"Azerbaidžan"},"be":{"code":"BY","native":"Беларусь","localized":"Valko-Venäjä"},"bg":{"code":"BG","native":"България","localized":"Bulgaria"},"bho":{"code":"IN","native":"भारत","localized":"Intia"},"bm":{"code":"ML","native":"Mali","localized":"Mali"},"bn":{"code":"BD","native":"বাংলাদেশ","localized":"Bangladesh"},"bs":{"code":"BA","native":"Bosna I Hercegovina","localized":"Bosnia Ja Hertsegovina"},"ca":{"code":"ES","native":"Espanya","localized":"Espanja"},"ceb":{"code":"PH","native":"Pilipinas","localized":"Filippiinit"},"ckb":{"code":"IQ","native":"عێراق","localized":"Irak"},"cs":{"code":"CZ","native":"Česko","localized":"Tšekki"},"cy":{"code":"GB","native":"Y Deyrnas Unedig","localized":"Iso-Britannia"},"da":{"code":"DK","native":"Danmark","localized":"Tanska"},"de":{"code":"DE","native":"Deutschland","localized":"Saksa"},"de_CH":{"code":"CH","native":"Schweiz","localized":"Sveitsi"},"doi":{"code":"IN","native":"भारत","localized":"Intia"},"ee":{"code":"GH","native":"Ghana Nutome","localized":"Ghana"},"el":{"code":"GR","native":"Ελλάδα","localized":"Kreikka"},"en":{"code":"US","native":"United States","localized":"Yhdysvallat"},"en_CA":{"code":"CA","native":"Canada","localized":"Kanada"},"eo":{"code":"001","native":"Mondo","localized":"Maailma"},"es":{"code":"ES","native":"España","localized":"Espanja"},"et":{"code":"EE","native":"Eesti","localized":"Viro"},"eu":{"code":"ES","native":"Espainia","localized":"Espanja"},"fa":{"code":"IR","native":"ایران","localized":"Iran"},"fi":{"code":"FI","native":"Suomi","localized":"Suomi"},"fil":{"code":"PH","native":"Pilipinas","localized":"Filippiinit"},"fr":{"code":"FR","native":"France","localized":"Ranska"},"fy":{"code":"NL","native":"Nederlân","localized":"Alankomaat"},"ga":{"code":"IE","native":"Éire","localized":"Irlanti"},"gd":{"code":"GB","native":"An Rìoghachd Aonaichte","localized":"Iso-Britannia"},"gl":{"code":"ES","native":"España","localized":"Espanja"},"gu":{"code":"IN","native":"ભારત","localized":"Intia"},"ha":{"code":"NG","native":"Nijeriya","localized":"Nigeria"},"haw":{"code":"US","native":"ʻAmelika Hui Pū ʻIa","localized":"Yhdysvallat"},"he":{"code":"IL","native":"ישראל","localized":"Israel"},"hi":{"code":"IN","native":"भारत","localized":"Intia"},"hr":{"code":"HR","native":"Hrvatska","localized":"Kroatia"},"hu":{"code":"HU","native":"Magyarország","localized":"Unkari"},"hy":{"code":"AM","native":"Հայաստան","localized":"Armenia"},"id":{"code":"ID","native":"Indonesia","localized":"Indonesia"},"ig":{"code":"NG","native":"Naịjịrịa","localized":"Nigeria"},"is":{"code":"IS","native":"Ísland","localized":"Islanti"},"it":{"code":"IT","native":"Italia","localized":"Italia"},"ja":{"code":"JP","native":"日本","localized":"Japani"},"ka":{"code":"GE","native":"საქართველო","localized":"Georgia"},"kk":{"code":"KZ","native":"Қазақстан","localized":"Kazakstan"},"km":{"code":"KH","native":"កម្ពុជា","localized":"Kambodža"},"kn":{"code":"IN","native":"ಭಾರತ","localized":"Intia"},"ko":{"code":"KR","native":"대한민국","localized":"Etelä-Korea"},"ku":{"code":"TR","native":"Tirkiye","localized":"Turkki"},"ky":{"code":"KG","native":"Кыргызстан","localized":"Kirgisia"},"lb":{"code":"LU","native":"Lëtzebuerg","localized":"Luxemburg"},"lg":{"code":"UG","native":"Yuganda","localized":"Uganda"},"ln":{"code":"CD","native":"Republíki Ya Kongó Demokratíki","localized":"Kongon Demokraattinen Tasavalta"},"lo":{"code":"LA","native":"ລາວ","localized":"Laos"},"lt":{"code":"LT","native":"Lietuva","localized":"Liettua"},"lv":{"code":"LV","native":"Latvija","localized":"Latvia"},"mai":{"code":"IN","native":"भारत","localized":"Intia"},"mg":{"code":"MG","native":"Madagasikara","localized":"Madagaskar"},"mi":{"code":"NZ","native":"Aotearoa","localized":"Uusi-Seelanti"},"mk":{"code":"MK","native":"Северна Македонија","localized":"Pohjois-Makedonia"},"ml":{"code":"IN","native":"ഇന്ത്യ","localized":"Intia"},"mn":{"code":"MN","native":"Монгол","localized":"Mongolia"},"mni_Mtei":{"code":"IN","native":"India","localized":"Intia"},"mr":{"code":"IN","native":"भारत","localized":"Intia"},"ms":{"code":"MY","native":"Malaysia","localized":"Malesia"},"mt":{"code":"MT","native":"Malta","localized":"Malta"},"my":{"code":"MM","native":"မြန်မာ","localized":"Myanmar (Burma)"},"nb":{"code":"NO","native":"Norge","localized":"Norja"},"ne":{"code":"NP","native":"नेपाल","localized":"Nepal"},"nl":{"code":"NL","native":"Nederland","localized":"Alankomaat"},"nn":{"code":"NO","native":"Noreg","localized":"Norja"},"oc":{"code":"FR","native":"Fr","localized":"Ranska"},"om":{"code":"ET","native":"Itoophiyaa","localized":"Etiopia"},"or":{"code":"IN","native":"ଭାରତ","localized":"Intia"},"pa":{"code":"IN","native":"ਭਾਰਤ","localized":"Intia"},"pl":{"code":"PL","native":"Polska","localized":"Puola"},"ps":{"code":"AF","native":"افغانستان","localized":"Afganistan"},"pt":{"code":"BR","native":"Brasil","localized":"Brasilia"},"pt_BR":{"code":"BR","native":"Brasil","localized":"Brasilia"},"qu":{"code":"PE","native":"Perú","localized":"Peru"},"ro":{"code":"RO","native":"România","localized":"Romania"},"ru":{"code":"RU","native":"Россия","localized":"Venäjä"},"rw":{"code":"RW","native":"U Rwanda","localized":"Ruanda"},"sa":{"code":"IN","native":"भारतः","localized":"Intia"},"sc":{"code":"IT","native":"Itàlia","localized":"Italia"},"sd":{"code":"PK","native":"پاڪستان","localized":"Pakistan"},"si":{"code":"LK","native":"ශ්‍රී ලංකාව","localized":"Sri Lanka"},"sk":{"code":"SK","native":"Slovensko","localized":"Slovakia"},"sl":{"code":"SI","native":"Slovenija","localized":"Slovenia"},"sn":{"code":"ZW","native":"Zimbabwe","localized":"Zimbabwe"},"so":{"code":"SO","native":"Soomaaliya","localized":"Somalia"},"sq":{"code":"AL","native":"Shqipëri","localized":"Albania"},"sr_Cyrl":{"code":"RS","native":"Србија","localized":"Serbia"},"sr_Latn":{"code":"RS","native":"Serbia","localized":"Serbia"},"sr_Latn_ME":{"code":"ME","native":"Montenegro","localized":"Montenegro"},"su":{"code":"ID","native":"Indonesia","localized":"Indonesia"},"sv":{"code":"SE","native":"Sverige","localized":"Ruotsi"},"sw":{"code":"TZ","native":"Tanzania","localized":"Tansania"},"ta":{"code":"IN","native":"இந்தியா","localized":"Intia"},"te":{"code":"IN","native":"భారతదేశం","localized":"Intia"},"tg":{"code":"TJ","native":"Тоҷикистон","localized":"Tadžikistan"},"th":{"code":"TH","native":"ไทย","localized":"Thaimaa"},"ti":{"code":"ET","native":"ኢትዮጵያ","localized":"Etiopia"},"tk":{"code":"TM","native":"Türkmenistan","localized":"Turkmenistan"},"tl":{"code":"PH","native":"Philippines","localized":"Filippiinit"},"tr":{"code":"TR","native":"Türkiye","localized":"Turkki"},"tt":{"code":"RU","native":"Россия","localized":"Venäjä"},"ug":{"code":"CN","native":"جۇڭگو","localized":"Kiina"},"uk":{"code":"UA","native":"Україна","localized":"Ukraina"},"ur":{"code":"PK","native":"پاکستان","localized":"Pakistan"},"uz_Cyrl":{"code":"UZ","native":"Uzbekistan","localized":"Uzbekistan"},"uz_Latn":{"code":"UZ","native":"Oʻzbekiston","localized":"Uzbekistan"},"vi":{"code":"VN","native":"Việt Nam","localized":"Vietnam"},"xh":{"code":"ZA","native":"Emzantsi Afrika","localized":"Etelä-Afrikka"},"yi":{"code":"001","native":"וועלט","localized":"Maailma"},"yo":{"code":"NG","native":"Nàìjíríà","localized":"Nigeria"},"zh_CN":{"code":"CN","native":"中国","localized":"Kiina"},"zh_HK":{"code":"HK","native":"中国香港特别行政区","localized":"Hongkong – Kiinan Erityishallintoalue"},"zh_TW":{"code":"TW","native":"台湾","localized":"Taiwan"},"zu":{"code":"ZA","native":"Iningizimu Afrika","localized":"Etelä-Afrikka"}}
