{"af":{"code":"ZA","native":"Suid-Afrika","localized":"Afrique Du Sud"},"ak":{"code":"GH","native":"Gaana","localized":"Ghana"},"am":{"code":"ET","native":"ኢትዮጵያ","localized":"Éthiopie"},"ar":{"code":"EG","native":"مصر","localized":"Égypte"},"as":{"code":"IN","native":"ভাৰত","localized":"Inde"},"az":{"code":"AZ","native":"Azərbaycan","localized":"Azerbaïdjan"},"be":{"code":"BY","native":"Беларусь","localized":"Biélorussie"},"bg":{"code":"BG","native":"България","localized":"Bulgarie"},"bho":{"code":"IN","native":"भारत","localized":"Inde"},"bm":{"code":"ML","native":"Mali","localized":"Mali"},"bn":{"code":"BD","native":"বাংলাদেশ","localized":"Bangladesh"},"bs":{"code":"BA","native":"Bosna I Hercegovina","localized":"Bosnie-Herzégovine"},"ca":{"code":"ES","native":"Espanya","localized":"Espagne"},"ceb":{"code":"PH","native":"Pilipinas","localized":"Philippines"},"ckb":{"code":"IQ","native":"عێراق","localized":"Irak"},"cs":{"code":"CZ","native":"Česko","localized":"Tchéquie"},"cy":{"code":"GB","native":"Y Deyrnas Unedig","localized":"Royaume-Uni"},"da":{"code":"DK","native":"Danmark","localized":"Danemark"},"de":{"code":"DE","native":"Deutschland","localized":"Allemagne"},"de_CH":{"code":"CH","native":"Schweiz","localized":"Suisse"},"doi":{"code":"IN","native":"भारत","localized":"Inde"},"ee":{"code":"GH","native":"Ghana Nutome","localized":"Ghana"},"el":{"code":"GR","native":"Ελλάδα","localized":"Grèce"},"en":{"code":"US","native":"United States","localized":"États-Unis"},"en_CA":{"code":"CA","native":"Canada","localized":"Canada"},"eo":{"code":"001","native":"Mondo","localized":"Monde"},"es":{"code":"ES","native":"España","localized":"Espagne"},"et":{"code":"EE","native":"Eesti","localized":"Estonie"},"eu":{"code":"ES","native":"Espainia","localized":"Espagne"},"fa":{"code":"IR","native":"ایران","localized":"Iran"},"fi":{"code":"FI","native":"Suomi","localized":"Finlande"},"fil":{"code":"PH","native":"Pilipinas","localized":"Philippines"},"fr":{"code":"FR","native":"France","localized":"France"},"fy":{"code":"NL","native":"Nederlân","localized":"Pays-Bas"},"ga":{"code":"IE","native":"Éire","localized":"Irlande"},"gd":{"code":"GB","native":"An Rìoghachd Aonaichte","localized":"Royaume-Uni"},"gl":{"code":"ES","native":"España","localized":"Espagne"},"gu":{"code":"IN","native":"ભારત","localized":"Inde"},"ha":{"code":"NG","native":"Nijeriya","localized":"Nigeria"},"haw":{"code":"US","native":"ʻAmelika Hui Pū ʻIa","localized":"États-Unis"},"he":{"code":"IL","native":"ישראל","localized":"Israël"},"hi":{"code":"IN","native":"भारत","localized":"Inde"},"hr":{"code":"HR","native":"Hrvatska","localized":"Croatie"},"hu":{"code":"HU","native":"Magyarország","localized":"Hongrie"},"hy":{"code":"AM","native":"Հայաստան","localized":"Arménie"},"id":{"code":"ID","native":"Indonesia","localized":"Indonésie"},"ig":{"code":"NG","native":"Naịjịrịa","localized":"Nigeria"},"is":{"code":"IS","native":"Ísland","localized":"Islande"},"it":{"code":"IT","native":"Italia","localized":"Italie"},"ja":{"code":"JP","native":"日本","localized":"Japon"},"ka":{"code":"GE","native":"საქართველო","localized":"Géorgie"},"kk":{"code":"KZ","native":"Қазақстан","localized":"Kazakhstan"},"km":{"code":"KH","native":"កម្ពុជា","localized":"Cambodge"},"kn":{"code":"IN","native":"ಭಾರತ","localized":"Inde"},"ko":{"code":"KR","native":"대한민국","localized":"Corée Du Sud"},"ku":{"code":"TR","native":"Tirkiye","localized":"Turquie"},"ky":{"code":"KG","native":"Кыргызстан","localized":"Kirghizstan"},"lb":{"code":"LU","native":"Lëtzebuerg","localized":"Luxembourg"},"lg":{"code":"UG","native":"Yuganda","localized":"Ouganda"},"ln":{"code":"CD","native":"Republíki Ya Kongó Demokratíki","localized":"Congo-Kinshasa"},"lo":{"code":"LA","native":"ລາວ","localized":"Laos"},"lt":{"code":"LT","native":"Lietuva","localized":"Lituanie"},"lv":{"code":"LV","native":"Latvija","localized":"Lettonie"},"mai":{"code":"IN","native":"भारत","localized":"Inde"},"mg":{"code":"MG","native":"Madagasikara","localized":"Madagascar"},"mi":{"code":"NZ","native":"Aotearoa","localized":"Nouvelle-Zélande"},"mk":{"code":"MK","native":"Северна Македонија","localized":"Macédoine Du Nord"},"ml":{"code":"IN","native":"ഇന്ത്യ","localized":"Inde"},"mn":{"code":"MN","native":"Монгол","localized":"Mongolie"},"mni_Mtei":{"code":"IN","native":"India","localized":"Inde"},"mr":{"code":"IN","native":"भारत","localized":"Inde"},"ms":{"code":"MY","native":"Malaysia","localized":"Malaisie"},"mt":{"code":"MT","native":"Malta","localized":"Malte"},"my":{"code":"MM","native":"မြန်မာ","localized":"Myanmar (Birmanie)"},"nb":{"code":"NO","native":"Norge","localized":"Norvège"},"ne":{"code":"NP","native":"नेपाल","localized":"Népal"},"nl":{"code":"NL","native":"Nederland","localized":"Pays-Bas"},"nn":{"code":"NO","native":"Noreg","localized":"Norvège"},"oc":{"code":"FR","native":"Fr","localized":"France"},"om":{"code":"ET","native":"Itoophiyaa","localized":"Éthiopie"},"or":{"code":"IN","native":"ଭାରତ","localized":"Inde"},"pa":{"code":"IN","native":"ਭਾਰਤ","localized":"Inde"},"pl":{"code":"PL","native":"Polska","localized":"Pologne"},"ps":{"code":"AF","native":"افغانستان","localized":"Afghanistan"},"pt":{"code":"BR","native":"Brasil","localized":"Brésil"},"pt_BR":{"code":"BR","native":"Brasil","localized":"Brésil"},"qu":{"code":"PE","native":"Perú","localized":"Pérou"},"ro":{"code":"RO","native":"România","localized":"Roumanie"},"ru":{"code":"RU","native":"Россия","localized":"Russie"},"rw":{"code":"RW","native":"U Rwanda","localized":"Rwanda"},"sa":{"code":"IN","native":"भारतः","localized":"Inde"},"sc":{"code":"IT","native":"Itàlia","localized":"Italie"},"sd":{"code":"PK","native":"پاڪستان","localized":"Pakistan"},"si":{"code":"LK","native":"ශ්‍රී ලංකාව","localized":"Sri Lanka"},"sk":{"code":"SK","native":"Slovensko","localized":"Slovaquie"},"sl":{"code":"SI","native":"Slovenija","localized":"Slovénie"},"sn":{"code":"ZW","native":"Zimbabwe","localized":"Zimbabwe"},"so":{"code":"SO","native":"Soomaaliya","localized":"Somalie"},"sq":{"code":"AL","native":"Shqipëri","localized":"Albanie"},"sr_Cyrl":{"code":"RS","native":"Србија","localized":"Serbie"},"sr_Latn":{"code":"RS","native":"Serbia","localized":"Serbie"},"sr_Latn_ME":{"code":"ME","native":"Montenegro","localized":"Monténégro"},"su":{"code":"ID","native":"Indonesia","localized":"Indonésie"},"sv":{"code":"SE","native":"Sverige","localized":"Suède"},"sw":{"code":"TZ","native":"Tanzania","localized":"Tanzanie"},"ta":{"code":"IN","native":"இந்தியா","localized":"Inde"},"te":{"code":"IN","native":"భారతదేశం","localized":"Inde"},"tg":{"code":"TJ","native":"Тоҷикистон","localized":"Tadjikistan"},"th":{"code":"TH","native":"ไทย","localized":"Thaïlande"},"ti":{"code":"ET","native":"ኢትዮጵያ","localized":"Éthiopie"},"tk":{"code":"TM","native":"Türkmenistan","localized":"Turkménistan"},"tl":{"code":"PH","native":"Philippines","localized":"Philippines"},"tr":{"code":"TR","native":"Türkiye","localized":"Turquie"},"tt":{"code":"RU","native":"Россия","localized":"Russie"},"ug":{"code":"CN","native":"جۇڭگو","localized":"Chine"},"uk":{"code":"UA","native":"Україна","localized":"Ukraine"},"ur":{"code":"PK","native":"پاکستان","localized":"Pakistan"},"uz_Cyrl":{"code":"UZ","native":"Uzbekistan","localized":"Ouzbékistan"},"uz_Latn":{"code":"UZ","native":"Oʻzbekiston","localized":"Ouzbékistan"},"vi":{"code":"VN","native":"Việt Nam","localized":"Viêt Nam"},"xh":{"code":"ZA","native":"Emzantsi Afrika","localized":"Afrique Du Sud"},"yi":{"code":"001","native":"וועלט","localized":"Monde"},"yo":{"code":"NG","native":"Nàìjíríà","localized":"Nigeria"},"zh_CN":{"code":"CN","native":"中国","localized":"Chine"},"zh_HK":{"code":"HK","native":"中国香港特别行政区","localized":"R.a.s. Chinoise De Hong Kong"},"zh_TW":{"code":"TW","native":"台湾","localized":"Taïwan"},"zu":{"code":"ZA","native":"Iningizimu Afrika","localized":"Afrique Du Sud"}}
