{"af":{"code":"ZA","native":"Suid-Afrika","localized":"Sûd-Afrika"},"ak":{"code":"GH","native":"Gaana","localized":"Ghana"},"am":{"code":"ET","native":"ኢትዮጵያ","localized":"Ethiopië"},"ar":{"code":"EG","native":"مصر","localized":"Egypte"},"as":{"code":"IN","native":"ভাৰত","localized":"India"},"az":{"code":"AZ","native":"Azərbaycan","localized":"Azerbeidzjan"},"be":{"code":"BY","native":"Беларусь","localized":"Wit-Ruslân"},"bg":{"code":"BG","native":"България","localized":"Bulgarije"},"bho":{"code":"IN","native":"भारत","localized":"India"},"bm":{"code":"ML","native":"Mali","localized":"Mali"},"bn":{"code":"BD","native":"বাংলাদেশ","localized":"Bangladesh"},"bs":{"code":"BA","native":"Bosna I Hercegovina","localized":"Bosnië En Herzegovina"},"ca":{"code":"ES","native":"Espanya","localized":"Spanje"},"ceb":{"code":"PH","native":"Pilipinas","localized":"Filipijnen"},"ckb":{"code":"IQ","native":"عێراق","localized":"Irak"},"cs":{"code":"CZ","native":"Česko","localized":"Tsjechje"},"cy":{"code":"GB","native":"Y Deyrnas Unedig","localized":"Verenigd Koninkrijk"},"da":{"code":"DK","native":"Danmark","localized":"Denemarken"},"de":{"code":"DE","native":"Deutschland","localized":"Dútslân"},"de_CH":{"code":"CH","native":"Schweiz","localized":"Switserlân"},"doi":{"code":"IN","native":"भारत","localized":"India"},"ee":{"code":"GH","native":"Ghana Nutome","localized":"Ghana"},"el":{"code":"GR","native":"Ελλάδα","localized":"Grikelân"},"en":{"code":"US","native":"United States","localized":"Ferienigde Staten"},"en_CA":{"code":"CA","native":"Canada","localized":"Canada"},"eo":{"code":"001","native":"Mondo","localized":"Wrâld"},"es":{"code":"ES","native":"España","localized":"Spanje"},"et":{"code":"EE","native":"Eesti","localized":"Estlân"},"eu":{"code":"ES","native":"Espainia","localized":"Spanje"},"fa":{"code":"IR","native":"ایران","localized":"Iran"},"fi":{"code":"FI","native":"Suomi","localized":"Finlân"},"fil":{"code":"PH","native":"Pilipinas","localized":"Filipijnen"},"fr":{"code":"FR","native":"France","localized":"Frankrijk"},"fy":{"code":"NL","native":"Nederlân","localized":"Nederlân"},"ga":{"code":"IE","native":"Éire","localized":"Ierlân"},"gd":{"code":"GB","native":"An Rìoghachd Aonaichte","localized":"Verenigd Koninkrijk"},"gl":{"code":"ES","native":"España","localized":"Spanje"},"gu":{"code":"IN","native":"ભારત","localized":"India"},"ha":{"code":"NG","native":"Nijeriya","localized":"Nigeria"},"haw":{"code":"US","native":"ʻAmelika Hui Pū ʻIa","localized":"Ferienigde Staten"},"he":{"code":"IL","native":"ישראל","localized":"Israël"},"hi":{"code":"IN","native":"भारत","localized":"India"},"hr":{"code":"HR","native":"Hrvatska","localized":"Kroatië"},"hu":{"code":"HU","native":"Magyarország","localized":"Hongarije"},"hy":{"code":"AM","native":"Հայաստան","localized":"Armenië"},"id":{"code":"ID","native":"Indonesia","localized":"Yndonesië"},"ig":{"code":"NG","native":"Naịjịrịa","localized":"Nigeria"},"is":{"code":"IS","native":"Ísland","localized":"Yslân"},"it":{"code":"IT","native":"Italia","localized":"Italië"},"ja":{"code":"JP","native":"日本","localized":"Japan"},"ka":{"code":"GE","native":"საქართველო","localized":"Georgië"},"kk":{"code":"KZ","native":"Қазақстан","localized":"Kazachstan"},"km":{"code":"KH","native":"កម្ពុជា","localized":"Cambodja"},"kn":{"code":"IN","native":"ಭಾರತ","localized":"India"},"ko":{"code":"KR","native":"대한민국","localized":"Sûd-Korea"},"ku":{"code":"TR","native":"Tirkiye","localized":"Turkije"},"ky":{"code":"KG","native":"Кыргызстан","localized":"Kirgizië"},"lb":{"code":"LU","native":"Lëtzebuerg","localized":"Luxemburg"},"lg":{"code":"UG","native":"Yuganda","localized":"Oeganda"},"ln":{"code":"CD","native":"Republíki Ya Kongó Demokratíki","localized":"Congo-Kinshasa"},"lo":{"code":"LA","native":"ລາວ","localized":"Laos"},"lt":{"code":"LT","native":"Lietuva","localized":"Litouwen"},"lv":{"code":"LV","native":"Latvija","localized":"Letlân"},"mai":{"code":"IN","native":"भारत","localized":"India"},"mg":{"code":"MG","native":"Madagasikara","localized":"Madeiaskar"},"mi":{"code":"NZ","native":"Aotearoa","localized":"Nij-Seelân"},"mk":{"code":"MK","native":"Северна Македонија","localized":"Mk"},"ml":{"code":"IN","native":"ഇന്ത്യ","localized":"India"},"mn":{"code":"MN","native":"Монгол","localized":"Mongolië"},"mni_Mtei":{"code":"IN","native":"India","localized":"India"},"mr":{"code":"IN","native":"भारत","localized":"India"},"ms":{"code":"MY","native":"Malaysia","localized":"Maleisië"},"mt":{"code":"MT","native":"Malta","localized":"Malta"},"my":{"code":"MM","native":"မြန်မာ","localized":"Myanmar (Birma)"},"nb":{"code":"NO","native":"Norge","localized":"Noarwegen"},"ne":{"code":"NP","native":"नेपाल","localized":"Nepal"},"nl":{"code":"NL","native":"Nederland","localized":"Nederlân"},"nn":{"code":"NO","native":"Noreg","localized":"Noarwegen"},"oc":{"code":"FR","native":"Fr","localized":"Frankrijk"},"om":{"code":"ET","native":"Itoophiyaa","localized":"Ethiopië"},"or":{"code":"IN","native":"ଭାରତ","localized":"India"},"pa":{"code":"IN","native":"ਭਾਰਤ","localized":"India"},"pl":{"code":"PL","native":"Polska","localized":"Polen"},"ps":{"code":"AF","native":"افغانستان","localized":"Afghanistan"},"pt":{"code":"BR","native":"Brasil","localized":"Brazilië"},"pt_BR":{"code":"BR","native":"Brasil","localized":"Brazilië"},"qu":{"code":"PE","native":"Perú","localized":"Peru"},"ro":{"code":"RO","native":"România","localized":"Roemenië"},"ru":{"code":"RU","native":"Россия","localized":"Ruslân"},"rw":{"code":"RW","native":"U Rwanda","localized":"Rwanda"},"sa":{"code":"IN","native":"भारतः","localized":"India"},"sc":{"code":"IT","native":"Itàlia","localized":"Italië"},"sd":{"code":"PK","native":"پاڪستان","localized":"Pakistan"},"si":{"code":"LK","native":"ශ්‍රී ලංකාව","localized":"Sri Lanka"},"sk":{"code":"SK","native":"Slovensko","localized":"Slowakije"},"sl":{"code":"SI","native":"Slovenija","localized":"Slovenië"},"sn":{"code":"ZW","native":"Zimbabwe","localized":"Zimbabwe"},"so":{"code":"SO","native":"Soomaaliya","localized":"Somalië"},"sq":{"code":"AL","native":"Shqipëri","localized":"Albanië"},"sr_Cyrl":{"code":"RS","native":"Србија","localized":"Servië"},"sr_Latn":{"code":"RS","native":"Serbia","localized":"Servië"},"sr_Latn_ME":{"code":"ME","native":"Montenegro","localized":"Montenegro"},"su":{"code":"ID","native":"Indonesia","localized":"Yndonesië"},"sv":{"code":"SE","native":"Sverige","localized":"Zweden"},"sw":{"code":"TZ","native":"Tanzania","localized":"Tanzania"},"ta":{"code":"IN","native":"இந்தியா","localized":"India"},"te":{"code":"IN","native":"భారతదేశం","localized":"India"},"tg":{"code":"TJ","native":"Тоҷикистон","localized":"Tadzjikistan"},"th":{"code":"TH","native":"ไทย","localized":"Thailân"},"ti":{"code":"ET","native":"ኢትዮጵያ","localized":"Ethiopië"},"tk":{"code":"TM","native":"Türkmenistan","localized":"Turkmenistan"},"tl":{"code":"PH","native":"Philippines","localized":"Filipijnen"},"tr":{"code":"TR","native":"Türkiye","localized":"Turkije"},"tt":{"code":"RU","native":"Россия","localized":"Ruslân"},"ug":{"code":"CN","native":"جۇڭگو","localized":"Sina"},"uk":{"code":"UA","native":"Україна","localized":"Oekraïne"},"ur":{"code":"PK","native":"پاکستان","localized":"Pakistan"},"uz_Cyrl":{"code":"UZ","native":"Uzbekistan","localized":"Oezbekistan"},"uz_Latn":{"code":"UZ","native":"Oʻzbekiston","localized":"Oezbekistan"},"vi":{"code":"VN","native":"Việt Nam","localized":"Vietnam"},"xh":{"code":"ZA","native":"Emzantsi Afrika","localized":"Sûd-Afrika"},"yi":{"code":"001","native":"וועלט","localized":"Wrâld"},"yo":{"code":"NG","native":"Nàìjíríà","localized":"Nigeria"},"zh_CN":{"code":"CN","native":"中国","localized":"Sina"},"zh_HK":{"code":"HK","native":"中国香港特别行政区","localized":"Hongkong Sar Van Sina"},"zh_TW":{"code":"TW","native":"台湾","localized":"Taiwan"},"zu":{"code":"ZA","native":"Iningizimu Afrika","localized":"Sûd-Afrika"}}
