{"af":{"code":"ZA","native":"Suid-Afrika","localized":"An Afraic Theas"},"ak":{"code":"GH","native":"Gaana","localized":"Gána"},"am":{"code":"ET","native":"ኢትዮጵያ","localized":"An Aetóip"},"ar":{"code":"EG","native":"مصر","localized":"An Éigipt"},"as":{"code":"IN","native":"ভাৰত","localized":"An India"},"az":{"code":"AZ","native":"Azərbaycan","localized":"An Asarbaiseáin"},"be":{"code":"BY","native":"Беларусь","localized":"An Bhealarúis"},"bg":{"code":"BG","native":"България","localized":"An Bhulgáir"},"bho":{"code":"IN","native":"भारत","localized":"An India"},"bm":{"code":"ML","native":"Mali","localized":"Mailí"},"bn":{"code":"BD","native":"বাংলাদেশ","localized":"An Bhanglaidéis"},"bs":{"code":"BA","native":"Bosna I Hercegovina","localized":"An Bhoisnia Agus An Heirseagaivéin"},"ca":{"code":"ES","native":"Espanya","localized":"An Spáinn"},"ceb":{"code":"PH","native":"Pilipinas","localized":"Na Hoileáin Fhilipíneacha"},"ckb":{"code":"IQ","native":"عێراق","localized":"An Iaráic"},"cs":{"code":"CZ","native":"Česko","localized":"An Tseicia"},"cy":{"code":"GB","native":"Y Deyrnas Unedig","localized":"An Ríocht Aontaithe"},"da":{"code":"DK","native":"Danmark","localized":"An Danmhairg"},"de":{"code":"DE","native":"Deutschland","localized":"An Ghearmáin"},"de_CH":{"code":"CH","native":"Schweiz","localized":"An Eilvéis"},"doi":{"code":"IN","native":"भारत","localized":"An India"},"ee":{"code":"GH","native":"Ghana Nutome","localized":"Gána"},"el":{"code":"GR","native":"Ελλάδα","localized":"An Ghréig"},"en":{"code":"US","native":"United States","localized":"Stáit Aontaithe Mheiriceá"},"en_CA":{"code":"CA","native":"Canada","localized":"Ceanada"},"eo":{"code":"001","native":"Mondo","localized":"An Domhan"},"es":{"code":"ES","native":"España","localized":"An Spáinn"},"et":{"code":"EE","native":"Eesti","localized":"An Eastóin"},"eu":{"code":"ES","native":"Espainia","localized":"An Spáinn"},"fa":{"code":"IR","native":"ایران","localized":"An Iaráin"},"fi":{"code":"FI","native":"Suomi","localized":"An Fhionlainn"},"fil":{"code":"PH","native":"Pilipinas","localized":"Na Hoileáin Fhilipíneacha"},"fr":{"code":"FR","native":"France","localized":"An Fhrainc"},"fy":{"code":"NL","native":"Nederlân","localized":"An Ísiltír"},"ga":{"code":"IE","native":"Éire","localized":"Éire"},"gd":{"code":"GB","native":"An Rìoghachd Aonaichte","localized":"An Ríocht Aontaithe"},"gl":{"code":"ES","native":"España","localized":"An Spáinn"},"gu":{"code":"IN","native":"ભારત","localized":"An India"},"ha":{"code":"NG","native":"Nijeriya","localized":"An Nigéir"},"haw":{"code":"US","native":"ʻAmelika Hui Pū ʻIa","localized":"Stáit Aontaithe Mheiriceá"},"he":{"code":"IL","native":"ישראל","localized":"Iosrael"},"hi":{"code":"IN","native":"भारत","localized":"An India"},"hr":{"code":"HR","native":"Hrvatska","localized":"An Chróit"},"hu":{"code":"HU","native":"Magyarország","localized":"An Ungáir"},"hy":{"code":"AM","native":"Հայաստան","localized":"An Airméin"},"id":{"code":"ID","native":"Indonesia","localized":"An Indinéis"},"ig":{"code":"NG","native":"Naịjịrịa","localized":"An Nigéir"},"is":{"code":"IS","native":"Ísland","localized":"An Íoslainn"},"it":{"code":"IT","native":"Italia","localized":"An Iodáil"},"ja":{"code":"JP","native":"日本","localized":"An Tseapáin"},"ka":{"code":"GE","native":"საქართველო","localized":"An Tseoirsia"},"kk":{"code":"KZ","native":"Қазақстан","localized":"An Chasacstáin"},"km":{"code":"KH","native":"កម្ពុជា","localized":"An Chambóid"},"kn":{"code":"IN","native":"ಭಾರತ","localized":"An India"},"ko":{"code":"KR","native":"대한민국","localized":"An Chóiré Theas"},"ku":{"code":"TR","native":"Tirkiye","localized":"An Tuirc"},"ky":{"code":"KG","native":"Кыргызстан","localized":"An Chirgeastáin"},"lb":{"code":"LU","native":"Lëtzebuerg","localized":"Lucsamburg"},"lg":{"code":"UG","native":"Yuganda","localized":"Uganda"},"ln":{"code":"CD","native":"Republíki Ya Kongó Demokratíki","localized":"Poblacht Dhaonlathach An Chongó"},"lo":{"code":"LA","native":"ລາວ","localized":"Laos"},"lt":{"code":"LT","native":"Lietuva","localized":"An Liotuáin"},"lv":{"code":"LV","native":"Latvija","localized":"An Laitvia"},"mai":{"code":"IN","native":"भारत","localized":"An India"},"mg":{"code":"MG","native":"Madagasikara","localized":"Madagascar"},"mi":{"code":"NZ","native":"Aotearoa","localized":"An Nua-Shéalainn"},"mk":{"code":"MK","native":"Северна Македонија","localized":"An Mhacadóin Thuaidh"},"ml":{"code":"IN","native":"ഇന്ത്യ","localized":"An India"},"mn":{"code":"MN","native":"Монгол","localized":"An Mhongóil"},"mni_Mtei":{"code":"IN","native":"India","localized":"An India"},"mr":{"code":"IN","native":"भारत","localized":"An India"},"ms":{"code":"MY","native":"Malaysia","localized":"An Mhalaeisia"},"mt":{"code":"MT","native":"Malta","localized":"Málta"},"my":{"code":"MM","native":"မြန်မာ","localized":"Maenmar (Burma)"},"nb":{"code":"NO","native":"Norge","localized":"An Iorua"},"ne":{"code":"NP","native":"नेपाल","localized":"Neipeal"},"nl":{"code":"NL","native":"Nederland","localized":"An Ísiltír"},"nn":{"code":"NO","native":"Noreg","localized":"An Iorua"},"oc":{"code":"FR","native":"Fr","localized":"An Fhrainc"},"om":{"code":"ET","native":"Itoophiyaa","localized":"An Aetóip"},"or":{"code":"IN","native":"ଭାରତ","localized":"An India"},"pa":{"code":"IN","native":"ਭਾਰਤ","localized":"An India"},"pl":{"code":"PL","native":"Polska","localized":"An Pholainn"},"ps":{"code":"AF","native":"افغانستان","localized":"An Afganastáin"},"pt":{"code":"BR","native":"Brasil","localized":"An Bhrasaíl"},"pt_BR":{"code":"BR","native":"Brasil","localized":"An Bhrasaíl"},"qu":{"code":"PE","native":"Perú","localized":"Peiriú"},"ro":{"code":"RO","native":"România","localized":"An Rómáin"},"ru":{"code":"RU","native":"Россия","localized":"An Rúis"},"rw":{"code":"RW","native":"U Rwanda","localized":"Ruanda"},"sa":{"code":"IN","native":"भारतः","localized":"An India"},"sc":{"code":"IT","native":"Itàlia","localized":"An Iodáil"},"sd":{"code":"PK","native":"پاڪستان","localized":"An Phacastáin"},"si":{"code":"LK","native":"ශ්‍රී ලංකාව","localized":"Srí Lanca"},"sk":{"code":"SK","native":"Slovensko","localized":"An Tslóvaic"},"sl":{"code":"SI","native":"Slovenija","localized":"An Tslóivéin"},"sn":{"code":"ZW","native":"Zimbabwe","localized":"An Tsiombáib"},"so":{"code":"SO","native":"Soomaaliya","localized":"An Tsomáil"},"sq":{"code":"AL","native":"Shqipëri","localized":"An Albáin"},"sr_Cyrl":{"code":"RS","native":"Србија","localized":"An Tseirbia"},"sr_Latn":{"code":"RS","native":"Serbia","localized":"An Tseirbia"},"sr_Latn_ME":{"code":"ME","native":"Montenegro","localized":"Montainéagró"},"su":{"code":"ID","native":"Indonesia","localized":"An Indinéis"},"sv":{"code":"SE","native":"Sverige","localized":"An Tsualainn"},"sw":{"code":"TZ","native":"Tanzania","localized":"An Tansáin"},"ta":{"code":"IN","native":"இந்தியா","localized":"An India"},"te":{"code":"IN","native":"భారతదేశం","localized":"An India"},"tg":{"code":"TJ","native":"Тоҷикистон","localized":"An Táidsíceastáin"},"th":{"code":"TH","native":"ไทย","localized":"An Téalainn"},"ti":{"code":"ET","native":"ኢትዮጵያ","localized":"An Aetóip"},"tk":{"code":"TM","native":"Türkmenistan","localized":"An Tuircméanastáin"},"tl":{"code":"PH","native":"Philippines","localized":"Na Hoileáin Fhilipíneacha"},"tr":{"code":"TR","native":"Türkiye","localized":"An Tuirc"},"tt":{"code":"RU","native":"Россия","localized":"An Rúis"},"ug":{"code":"CN","native":"جۇڭگو","localized":"An Tsín"},"uk":{"code":"UA","native":"Україна","localized":"An Úcráin"},"ur":{"code":"PK","native":"پاکستان","localized":"An Phacastáin"},"uz_Cyrl":{"code":"UZ","native":"Uzbekistan","localized":"An Úisbéiceastáin"},"uz_Latn":{"code":"UZ","native":"Oʻzbekiston","localized":"An Úisbéiceastáin"},"vi":{"code":"VN","native":"Việt Nam","localized":"Vítneam"},"xh":{"code":"ZA","native":"Emzantsi Afrika","localized":"An Afraic Theas"},"yi":{"code":"001","native":"וועלט","localized":"An Domhan"},"yo":{"code":"NG","native":"Nàìjíríà","localized":"An Nigéir"},"zh_CN":{"code":"CN","native":"中国","localized":"An Tsín"},"zh_HK":{"code":"HK","native":"中国香港特别行政区","localized":"Sainréigiún Riaracháin Hong Cong, Daonphoblacht Na Síne"},"zh_TW":{"code":"TW","native":"台湾","localized":"An Téaváin"},"zu":{"code":"ZA","native":"Iningizimu Afrika","localized":"An Afraic Theas"}}
