{"af":{"code":"ZA","native":"Suid-Afrika","localized":"Afraga A Deas"},"ak":{"code":"GH","native":"Gaana","localized":"Gàna"},"am":{"code":"ET","native":"ኢትዮጵያ","localized":"An Itiop"},"ar":{"code":"EG","native":"مصر","localized":"An Èiphit"},"as":{"code":"IN","native":"ভাৰত","localized":"Na H-Innseachan"},"az":{"code":"AZ","native":"Azərbaycan","localized":"Asarbaideàn"},"be":{"code":"BY","native":"Беларусь","localized":"A’ Bhealaruis"},"bg":{"code":"BG","native":"България","localized":"A’ Bhulgair"},"bho":{"code":"IN","native":"भारत","localized":"Na H-Innseachan"},"bm":{"code":"ML","native":"Mali","localized":"Màili"},"bn":{"code":"BD","native":"বাংলাদেশ","localized":"Bangladais"},"bs":{"code":"BA","native":"Bosna I Hercegovina","localized":"Bosna Is Hearsagobhana"},"ca":{"code":"ES","native":"Espanya","localized":"An Spàinnt"},"ceb":{"code":"PH","native":"Pilipinas","localized":"Na H-Eileanan Filipineach"},"ckb":{"code":"IQ","native":"عێراق","localized":"Ioràc"},"cs":{"code":"CZ","native":"Česko","localized":"An T-Seic"},"cy":{"code":"GB","native":"Y Deyrnas Unedig","localized":"An Rìoghachd Aonaichte"},"da":{"code":"DK","native":"Danmark","localized":"An Danmhairg"},"de":{"code":"DE","native":"Deutschland","localized":"A’ Ghearmailt"},"de_CH":{"code":"CH","native":"Schweiz","localized":"An Eilbheis"},"doi":{"code":"IN","native":"भारत","localized":"Na H-Innseachan"},"ee":{"code":"GH","native":"Ghana Nutome","localized":"Gàna"},"el":{"code":"GR","native":"Ελλάδα","localized":"A’ Ghreug"},"en":{"code":"US","native":"United States","localized":"Na Stàitean Aonaichte"},"en_CA":{"code":"CA","native":"Canada","localized":"Canada"},"eo":{"code":"001","native":"Mondo","localized":"An Saoghal"},"es":{"code":"ES","native":"España","localized":"An Spàinnt"},"et":{"code":"EE","native":"Eesti","localized":"An Eastoin"},"eu":{"code":"ES","native":"Espainia","localized":"An Spàinnt"},"fa":{"code":"IR","native":"ایران","localized":"Ioràn"},"fi":{"code":"FI","native":"Suomi","localized":"An Fhionnlann"},"fil":{"code":"PH","native":"Pilipinas","localized":"Na H-Eileanan Filipineach"},"fr":{"code":"FR","native":"France","localized":"An Fhraing"},"fy":{"code":"NL","native":"Nederlân","localized":"Na Tìrean Ìsle"},"ga":{"code":"IE","native":"Éire","localized":"Èirinn"},"gd":{"code":"GB","native":"An Rìoghachd Aonaichte","localized":"An Rìoghachd Aonaichte"},"gl":{"code":"ES","native":"España","localized":"An Spàinnt"},"gu":{"code":"IN","native":"ભારત","localized":"Na H-Innseachan"},"ha":{"code":"NG","native":"Nijeriya","localized":"Nigèiria"},"haw":{"code":"US","native":"ʻAmelika Hui Pū ʻIa","localized":"Na Stàitean Aonaichte"},"he":{"code":"IL","native":"ישראל","localized":"Iosrael"},"hi":{"code":"IN","native":"भारत","localized":"Na H-Innseachan"},"hr":{"code":"HR","native":"Hrvatska","localized":"A’ Chròthais"},"hu":{"code":"HU","native":"Magyarország","localized":"An Ungair"},"hy":{"code":"AM","native":"Հայաստան","localized":"Airmeinea"},"id":{"code":"ID","native":"Indonesia","localized":"Na H-Innd-Innse"},"ig":{"code":"NG","native":"Naịjịrịa","localized":"Nigèiria"},"is":{"code":"IS","native":"Ísland","localized":"Innis Tìle"},"it":{"code":"IT","native":"Italia","localized":"An Eadailt"},"ja":{"code":"JP","native":"日本","localized":"An T-Seapan"},"ka":{"code":"GE","native":"საქართველო","localized":"A’ Chairtbheil"},"kk":{"code":"KZ","native":"Қазақстан","localized":"Casachstàn"},"km":{"code":"KH","native":"កម្ពុជា","localized":"Cambuidea"},"kn":{"code":"IN","native":"ಭಾರತ","localized":"Na H-Innseachan"},"ko":{"code":"KR","native":"대한민국","localized":"Coirèa"},"ku":{"code":"TR","native":"Tirkiye","localized":"An Tuirc"},"ky":{"code":"KG","native":"Кыргызстан","localized":"Cìorgastan"},"lb":{"code":"LU","native":"Lëtzebuerg","localized":"Lugsamburg"},"lg":{"code":"UG","native":"Yuganda","localized":"Uganda"},"ln":{"code":"CD","native":"Republíki Ya Kongó Demokratíki","localized":"Congo - Kinshasa"},"lo":{"code":"LA","native":"ລາວ","localized":"Làthos"},"lt":{"code":"LT","native":"Lietuva","localized":"An Liotuain"},"lv":{"code":"LV","native":"Latvija","localized":"An Laitbhe"},"mai":{"code":"IN","native":"भारत","localized":"Na H-Innseachan"},"mg":{"code":"MG","native":"Madagasikara","localized":"Madagasgar"},"mi":{"code":"NZ","native":"Aotearoa","localized":"Sealainn Nuadh"},"mk":{"code":"MK","native":"Северна Македонија","localized":"A’ Mhasadon A Tuath"},"ml":{"code":"IN","native":"ഇന്ത്യ","localized":"Na H-Innseachan"},"mn":{"code":"MN","native":"Монгол","localized":"Dùthaich Nam Mongol"},"mni_Mtei":{"code":"IN","native":"India","localized":"Na H-Innseachan"},"mr":{"code":"IN","native":"भारत","localized":"Na H-Innseachan"},"ms":{"code":"MY","native":"Malaysia","localized":"Malaidhsea"},"mt":{"code":"MT","native":"Malta","localized":"Malta"},"my":{"code":"MM","native":"မြန်မာ","localized":"Miànmar"},"nb":{"code":"NO","native":"Norge","localized":"Nirribhidh"},"ne":{"code":"NP","native":"नेपाल","localized":"Neapàl"},"nl":{"code":"NL","native":"Nederland","localized":"Na Tìrean Ìsle"},"nn":{"code":"NO","native":"Noreg","localized":"Nirribhidh"},"oc":{"code":"FR","native":"Fr","localized":"An Fhraing"},"om":{"code":"ET","native":"Itoophiyaa","localized":"An Itiop"},"or":{"code":"IN","native":"ଭାରତ","localized":"Na H-Innseachan"},"pa":{"code":"IN","native":"ਭਾਰਤ","localized":"Na H-Innseachan"},"pl":{"code":"PL","native":"Polska","localized":"A’ Phòlainn"},"ps":{"code":"AF","native":"افغانستان","localized":"Afghanastàn"},"pt":{"code":"BR","native":"Brasil","localized":"Braisil"},"pt_BR":{"code":"BR","native":"Brasil","localized":"Braisil"},"qu":{"code":"PE","native":"Perú","localized":"Pearù"},"ro":{"code":"RO","native":"România","localized":"Romàinia"},"ru":{"code":"RU","native":"Россия","localized":"An Ruis"},"rw":{"code":"RW","native":"U Rwanda","localized":"Rubhanda"},"sa":{"code":"IN","native":"भारतः","localized":"Na H-Innseachan"},"sc":{"code":"IT","native":"Itàlia","localized":"An Eadailt"},"sd":{"code":"PK","native":"پاڪستان","localized":"Pagastàn"},"si":{"code":"LK","native":"ශ්‍රී ලංකාව","localized":"Sri Lanca"},"sk":{"code":"SK","native":"Slovensko","localized":"An T-Slòbhac"},"sl":{"code":"SI","native":"Slovenija","localized":"An T-Slòbhain"},"sn":{"code":"ZW","native":"Zimbabwe","localized":"An T-Sìombab"},"so":{"code":"SO","native":"Soomaaliya","localized":"Somàilia"},"sq":{"code":"AL","native":"Shqipëri","localized":"Albàinia"},"sr_Cyrl":{"code":"RS","native":"Србија","localized":"An T-Sèirb"},"sr_Latn":{"code":"RS","native":"Serbia","localized":"An T-Sèirb"},"sr_Latn_ME":{"code":"ME","native":"Montenegro","localized":"Am Monadh Neagrach"},"su":{"code":"ID","native":"Indonesia","localized":"Na H-Innd-Innse"},"sv":{"code":"SE","native":"Sverige","localized":"An T-Suain"},"sw":{"code":"TZ","native":"Tanzania","localized":"An Tansan"},"ta":{"code":"IN","native":"இந்தியா","localized":"Na H-Innseachan"},"te":{"code":"IN","native":"భారతదేశం","localized":"Na H-Innseachan"},"tg":{"code":"TJ","native":"Тоҷикистон","localized":"Taidigeastàn"},"th":{"code":"TH","native":"ไทย","localized":"Dùthaich Nan Tàidh"},"ti":{"code":"ET","native":"ኢትዮጵያ","localized":"An Itiop"},"tk":{"code":"TM","native":"Türkmenistan","localized":"Turcmanastàn"},"tl":{"code":"PH","native":"Philippines","localized":"Na H-Eileanan Filipineach"},"tr":{"code":"TR","native":"Türkiye","localized":"An Tuirc"},"tt":{"code":"RU","native":"Россия","localized":"An Ruis"},"ug":{"code":"CN","native":"جۇڭگو","localized":"An T-Sìn"},"uk":{"code":"UA","native":"Україна","localized":"An Ucràin"},"ur":{"code":"PK","native":"پاکستان","localized":"Pagastàn"},"uz_Cyrl":{"code":"UZ","native":"Uzbekistan","localized":"Usbagastàn"},"uz_Latn":{"code":"UZ","native":"Oʻzbekiston","localized":"Usbagastàn"},"vi":{"code":"VN","native":"Việt Nam","localized":"Bhiet-Nam"},"xh":{"code":"ZA","native":"Emzantsi Afrika","localized":"Afraga A Deas"},"yi":{"code":"001","native":"וועלט","localized":"An Saoghal"},"yo":{"code":"NG","native":"Nàìjíríà","localized":"Nigèiria"},"zh_CN":{"code":"CN","native":"中国","localized":"An T-Sìn"},"zh_HK":{"code":"HK","native":"中国香港特别行政区","localized":"Hong Kong Sar Na Sìne"},"zh_TW":{"code":"TW","native":"台湾","localized":"Taidh-Bhàn"},"zu":{"code":"ZA","native":"Iningizimu Afrika","localized":"Afraga A Deas"}}
