{"af":{"code":"ZA","native":"Suid-Afrika","localized":"Suráfrica"},"ak":{"code":"GH","native":"Gaana","localized":"Ghana"},"am":{"code":"ET","native":"ኢትዮጵያ","localized":"Etiopía"},"ar":{"code":"EG","native":"مصر","localized":"Exipto"},"as":{"code":"IN","native":"ভাৰত","localized":"A India"},"az":{"code":"AZ","native":"Azərbaycan","localized":"Acerbaixán"},"be":{"code":"BY","native":"Беларусь","localized":"Belarús"},"bg":{"code":"BG","native":"България","localized":"Bulgaria"},"bho":{"code":"IN","native":"भारत","localized":"A India"},"bm":{"code":"ML","native":"Mali","localized":"Malí"},"bn":{"code":"BD","native":"বাংলাদেশ","localized":"Bangladesh"},"bs":{"code":"BA","native":"Bosna I Hercegovina","localized":"Bosnia E Hercegovina"},"ca":{"code":"ES","native":"Espanya","localized":"España"},"ceb":{"code":"PH","native":"Pilipinas","localized":"Filipinas"},"ckb":{"code":"IQ","native":"عێراق","localized":"Iraq"},"cs":{"code":"CZ","native":"Česko","localized":"Chequia"},"cy":{"code":"GB","native":"Y Deyrnas Unedig","localized":"O Reino Unido"},"da":{"code":"DK","native":"Danmark","localized":"Dinamarca"},"de":{"code":"DE","native":"Deutschland","localized":"Alemaña"},"de_CH":{"code":"CH","native":"Schweiz","localized":"Suíza"},"doi":{"code":"IN","native":"भारत","localized":"A India"},"ee":{"code":"GH","native":"Ghana Nutome","localized":"Ghana"},"el":{"code":"GR","native":"Ελλάδα","localized":"Grecia"},"en":{"code":"US","native":"United States","localized":"Os Estados Unidos"},"en_CA":{"code":"CA","native":"Canada","localized":"O Canadá"},"eo":{"code":"001","native":"Mondo","localized":"Mundo"},"es":{"code":"ES","native":"España","localized":"España"},"et":{"code":"EE","native":"Eesti","localized":"Estonia"},"eu":{"code":"ES","native":"Espainia","localized":"España"},"fa":{"code":"IR","native":"ایران","localized":"Irán"},"fi":{"code":"FI","native":"Suomi","localized":"Finlandia"},"fil":{"code":"PH","native":"Pilipinas","localized":"Filipinas"},"fr":{"code":"FR","native":"France","localized":"Francia"},"fy":{"code":"NL","native":"Nederlân","localized":"Países Baixos"},"ga":{"code":"IE","native":"Éire","localized":"Irlanda"},"gd":{"code":"GB","native":"An Rìoghachd Aonaichte","localized":"O Reino Unido"},"gl":{"code":"ES","native":"España","localized":"España"},"gu":{"code":"IN","native":"ભારત","localized":"A India"},"ha":{"code":"NG","native":"Nijeriya","localized":"Nixeria"},"haw":{"code":"US","native":"ʻAmelika Hui Pū ʻIa","localized":"Os Estados Unidos"},"he":{"code":"IL","native":"ישראל","localized":"Israel"},"hi":{"code":"IN","native":"भारत","localized":"A India"},"hr":{"code":"HR","native":"Hrvatska","localized":"Croacia"},"hu":{"code":"HU","native":"Magyarország","localized":"Hungría"},"hy":{"code":"AM","native":"Հայաստան","localized":"Armenia"},"id":{"code":"ID","native":"Indonesia","localized":"Indonesia"},"ig":{"code":"NG","native":"Naịjịrịa","localized":"Nixeria"},"is":{"code":"IS","native":"Ísland","localized":"Islandia"},"it":{"code":"IT","native":"Italia","localized":"Italia"},"ja":{"code":"JP","native":"日本","localized":"O Xapón"},"ka":{"code":"GE","native":"საქართველო","localized":"Xeorxia"},"kk":{"code":"KZ","native":"Қазақстан","localized":"Kazakistán"},"km":{"code":"KH","native":"កម្ពុជា","localized":"Camboxa"},"kn":{"code":"IN","native":"ಭಾರತ","localized":"A India"},"ko":{"code":"KR","native":"대한민국","localized":"Corea Do Sur"},"ku":{"code":"TR","native":"Tirkiye","localized":"Turquía"},"ky":{"code":"KG","native":"Кыргызстан","localized":"Kirguizistán"},"lb":{"code":"LU","native":"Lëtzebuerg","localized":"Luxemburgo"},"lg":{"code":"UG","native":"Yuganda","localized":"Uganda"},"ln":{"code":"CD","native":"Republíki Ya Kongó Demokratíki","localized":"República Democrática Do Congo"},"lo":{"code":"LA","native":"ລາວ","localized":"Laos"},"lt":{"code":"LT","native":"Lietuva","localized":"Lituania"},"lv":{"code":"LV","native":"Latvija","localized":"Letonia"},"mai":{"code":"IN","native":"भारत","localized":"A India"},"mg":{"code":"MG","native":"Madagasikara","localized":"Madagascar"},"mi":{"code":"NZ","native":"Aotearoa","localized":"Nova Zelandia"},"mk":{"code":"MK","native":"Северна Македонија","localized":"Macedonia Do Norte"},"ml":{"code":"IN","native":"ഇന്ത്യ","localized":"A India"},"mn":{"code":"MN","native":"Монгол","localized":"Mongolia"},"mni_Mtei":{"code":"IN","native":"India","localized":"A India"},"mr":{"code":"IN","native":"भारत","localized":"A India"},"ms":{"code":"MY","native":"Malaysia","localized":"Malaisia"},"mt":{"code":"MT","native":"Malta","localized":"Malta"},"my":{"code":"MM","native":"မြန်မာ","localized":"Myanmar (Birmania)"},"nb":{"code":"NO","native":"Norge","localized":"Noruega"},"ne":{"code":"NP","native":"नेपाल","localized":"Nepal"},"nl":{"code":"NL","native":"Nederland","localized":"Países Baixos"},"nn":{"code":"NO","native":"Noreg","localized":"Noruega"},"oc":{"code":"FR","native":"Fr","localized":"Francia"},"om":{"code":"ET","native":"Itoophiyaa","localized":"Etiopía"},"or":{"code":"IN","native":"ଭାରତ","localized":"A India"},"pa":{"code":"IN","native":"ਭਾਰਤ","localized":"A India"},"pl":{"code":"PL","native":"Polska","localized":"Polonia"},"ps":{"code":"AF","native":"افغانستان","localized":"Afganistán"},"pt":{"code":"BR","native":"Brasil","localized":"O Brasil"},"pt_BR":{"code":"BR","native":"Brasil","localized":"O Brasil"},"qu":{"code":"PE","native":"Perú","localized":"O Perú"},"ro":{"code":"RO","native":"România","localized":"Romanía"},"ru":{"code":"RU","native":"Россия","localized":"Rusia"},"rw":{"code":"RW","native":"U Rwanda","localized":"Ruanda"},"sa":{"code":"IN","native":"भारतः","localized":"A India"},"sc":{"code":"IT","native":"Itàlia","localized":"Italia"},"sd":{"code":"PK","native":"پاڪستان","localized":"Paquistán"},"si":{"code":"LK","native":"ශ්‍රී ලංකාව","localized":"Sri Lanka"},"sk":{"code":"SK","native":"Slovensko","localized":"Eslovaquia"},"sl":{"code":"SI","native":"Slovenija","localized":"Eslovenia"},"sn":{"code":"ZW","native":"Zimbabwe","localized":"Zimbabwe"},"so":{"code":"SO","native":"Soomaaliya","localized":"Somalia"},"sq":{"code":"AL","native":"Shqipëri","localized":"Albania"},"sr_Cyrl":{"code":"RS","native":"Србија","localized":"Serbia"},"sr_Latn":{"code":"RS","native":"Serbia","localized":"Serbia"},"sr_Latn_ME":{"code":"ME","native":"Montenegro","localized":"Montenegro"},"su":{"code":"ID","native":"Indonesia","localized":"Indonesia"},"sv":{"code":"SE","native":"Sverige","localized":"Suecia"},"sw":{"code":"TZ","native":"Tanzania","localized":"Tanzania"},"ta":{"code":"IN","native":"இந்தியா","localized":"A India"},"te":{"code":"IN","native":"భారతదేశం","localized":"A India"},"tg":{"code":"TJ","native":"Тоҷикистон","localized":"Taxiquistán"},"th":{"code":"TH","native":"ไทย","localized":"Tailandia"},"ti":{"code":"ET","native":"ኢትዮጵያ","localized":"Etiopía"},"tk":{"code":"TM","native":"Türkmenistan","localized":"Turkmenistán"},"tl":{"code":"PH","native":"Philippines","localized":"Filipinas"},"tr":{"code":"TR","native":"Türkiye","localized":"Turquía"},"tt":{"code":"RU","native":"Россия","localized":"Rusia"},"ug":{"code":"CN","native":"جۇڭگو","localized":"A China"},"uk":{"code":"UA","native":"Україна","localized":"Ucraína"},"ur":{"code":"PK","native":"پاکستان","localized":"Paquistán"},"uz_Cyrl":{"code":"UZ","native":"Uzbekistan","localized":"Uzbekistán"},"uz_Latn":{"code":"UZ","native":"Oʻzbekiston","localized":"Uzbekistán"},"vi":{"code":"VN","native":"Việt Nam","localized":"Vietnam"},"xh":{"code":"ZA","native":"Emzantsi Afrika","localized":"Suráfrica"},"yi":{"code":"001","native":"וועלט","localized":"Mundo"},"yo":{"code":"NG","native":"Nàìjíríà","localized":"Nixeria"},"zh_CN":{"code":"CN","native":"中国","localized":"A China"},"zh_HK":{"code":"HK","native":"中国香港特别行政区","localized":"Hong Kong Rae Da China"},"zh_TW":{"code":"TW","native":"台湾","localized":"Taiwán"},"zu":{"code":"ZA","native":"Iningizimu Afrika","localized":"Suráfrica"}}
