{"af":{"code":"ZA","native":"Suid-Afrika","localized":"દક્ષિણ આફ્રિકા"},"ak":{"code":"GH","native":"Gaana","localized":"ઘાના"},"am":{"code":"ET","native":"ኢትዮጵያ","localized":"ઇથિઓપિયા"},"ar":{"code":"EG","native":"مصر","localized":"ઇજિપ્ત"},"as":{"code":"IN","native":"ভাৰত","localized":"ભારત"},"az":{"code":"AZ","native":"Azərbaycan","localized":"અઝરબૈજાન"},"be":{"code":"BY","native":"Беларусь","localized":"બેલારુસ"},"bg":{"code":"BG","native":"България","localized":"બલ્ગેરિયા"},"bho":{"code":"IN","native":"भारत","localized":"ભારત"},"bm":{"code":"ML","native":"Mali","localized":"માલી"},"bn":{"code":"BD","native":"বাংলাদেশ","localized":"બાંગ્લાદેશ"},"bs":{"code":"BA","native":"Bosna I Hercegovina","localized":"બોસ્નિયા અને હર્ઝેગોવિના"},"ca":{"code":"ES","native":"Espanya","localized":"સ્પેન"},"ceb":{"code":"PH","native":"Pilipinas","localized":"ફિલિપિન્સ"},"ckb":{"code":"IQ","native":"عێراق","localized":"ઇરાક"},"cs":{"code":"CZ","native":"Česko","localized":"ચેકીયા"},"cy":{"code":"GB","native":"Y Deyrnas Unedig","localized":"યુનાઇટેડ કિંગડમ"},"da":{"code":"DK","native":"Danmark","localized":"ડેનમાર્ક"},"de":{"code":"DE","native":"Deutschland","localized":"જર્મની"},"de_CH":{"code":"CH","native":"Schweiz","localized":"સ્વિટ્ઝર્લૅન્ડ"},"doi":{"code":"IN","native":"भारत","localized":"ભારત"},"ee":{"code":"GH","native":"Ghana Nutome","localized":"ઘાના"},"el":{"code":"GR","native":"Ελλάδα","localized":"ગ્રીસ"},"en":{"code":"US","native":"United States","localized":"યુનાઇટેડ સ્ટેટ્સ"},"en_CA":{"code":"CA","native":"Canada","localized":"કેનેડા"},"eo":{"code":"001","native":"Mondo","localized":"વિશ્વ"},"es":{"code":"ES","native":"España","localized":"સ્પેન"},"et":{"code":"EE","native":"Eesti","localized":"એસ્ટોનિયા"},"eu":{"code":"ES","native":"Espainia","localized":"સ્પેન"},"fa":{"code":"IR","native":"ایران","localized":"ઈરાન"},"fi":{"code":"FI","native":"Suomi","localized":"ફિનલેન્ડ"},"fil":{"code":"PH","native":"Pilipinas","localized":"ફિલિપિન્સ"},"fr":{"code":"FR","native":"France","localized":"ફ્રાંસ"},"fy":{"code":"NL","native":"Nederlân","localized":"નેધરલેન્ડ્સ"},"ga":{"code":"IE","native":"Éire","localized":"આયર્લેન્ડ"},"gd":{"code":"GB","native":"An Rìoghachd Aonaichte","localized":"યુનાઇટેડ કિંગડમ"},"gl":{"code":"ES","native":"España","localized":"સ્પેન"},"gu":{"code":"IN","native":"ભારત","localized":"ભારત"},"ha":{"code":"NG","native":"Nijeriya","localized":"નાઇજેરિયા"},"haw":{"code":"US","native":"ʻAmelika Hui Pū ʻIa","localized":"યુનાઇટેડ સ્ટેટ્સ"},"he":{"code":"IL","native":"ישראל","localized":"ઇઝરાઇલ"},"hi":{"code":"IN","native":"भारत","localized":"ભારત"},"hr":{"code":"HR","native":"Hrvatska","localized":"ક્રોએશિયા"},"hu":{"code":"HU","native":"Magyarország","localized":"હંગેરી"},"hy":{"code":"AM","native":"Հայաստան","localized":"આર્મેનિયા"},"id":{"code":"ID","native":"Indonesia","localized":"ઇન્ડોનેશિયા"},"ig":{"code":"NG","native":"Naịjịrịa","localized":"નાઇજેરિયા"},"is":{"code":"IS","native":"Ísland","localized":"આઇસલેન્ડ"},"it":{"code":"IT","native":"Italia","localized":"ઇટાલી"},"ja":{"code":"JP","native":"日本","localized":"જાપાન"},"ka":{"code":"GE","native":"საქართველო","localized":"જ્યોર્જિયા"},"kk":{"code":"KZ","native":"Қазақстан","localized":"કઝાકિસ્તાન"},"km":{"code":"KH","native":"កម្ពុជា","localized":"કંબોડિયા"},"kn":{"code":"IN","native":"ಭಾರತ","localized":"ભારત"},"ko":{"code":"KR","native":"대한민국","localized":"દક્ષિણ કોરિયા"},"ku":{"code":"TR","native":"Tirkiye","localized":"તુર્કી"},"ky":{"code":"KG","native":"Кыргызстан","localized":"કિર્ગિઝ્સ્તાન"},"lb":{"code":"LU","native":"Lëtzebuerg","localized":"લક્ઝમબર્ગ"},"lg":{"code":"UG","native":"Yuganda","localized":"યુગાંડા"},"ln":{"code":"CD","native":"Republíki Ya Kongó Demokratíki","localized":"કોંગો - કિંશાસા"},"lo":{"code":"LA","native":"ລາວ","localized":"લાઓસ"},"lt":{"code":"LT","native":"Lietuva","localized":"લિથુઆનિયા"},"lv":{"code":"LV","native":"Latvija","localized":"લાત્વિયા"},"mai":{"code":"IN","native":"भारत","localized":"ભારત"},"mg":{"code":"MG","native":"Madagasikara","localized":"મેડાગાસ્કર"},"mi":{"code":"NZ","native":"Aotearoa","localized":"ન્યુઝીલેન્ડ"},"mk":{"code":"MK","native":"Северна Македонија","localized":"ઉત્તર મેસેડોનિયા"},"ml":{"code":"IN","native":"ഇന്ത്യ","localized":"ભારત"},"mn":{"code":"MN","native":"Монгол","localized":"મંગોલિયા"},"mni_Mtei":{"code":"IN","native":"India","localized":"ભારત"},"mr":{"code":"IN","native":"भारत","localized":"ભારત"},"ms":{"code":"MY","native":"Malaysia","localized":"મલેશિયા"},"mt":{"code":"MT","native":"Malta","localized":"માલ્ટા"},"my":{"code":"MM","native":"မြန်မာ","localized":"મ્યાંમાર (બર્મા)"},"nb":{"code":"NO","native":"Norge","localized":"નૉર્વે"},"ne":{"code":"NP","native":"नेपाल","localized":"નેપાળ"},"nl":{"code":"NL","native":"Nederland","localized":"નેધરલેન્ડ્સ"},"nn":{"code":"NO","native":"Noreg","localized":"નૉર્વે"},"oc":{"code":"FR","native":"Fr","localized":"ફ્રાંસ"},"om":{"code":"ET","native":"Itoophiyaa","localized":"ઇથિઓપિયા"},"or":{"code":"IN","native":"ଭାରତ","localized":"ભારત"},"pa":{"code":"IN","native":"ਭਾਰਤ","localized":"ભારત"},"pl":{"code":"PL","native":"Polska","localized":"પોલેંડ"},"ps":{"code":"AF","native":"افغانستان","localized":"અફઘાનિસ્તાન"},"pt":{"code":"BR","native":"Brasil","localized":"બ્રાઝિલ"},"pt_BR":{"code":"BR","native":"Brasil","localized":"બ્રાઝિલ"},"qu":{"code":"PE","native":"Perú","localized":"પેરુ"},"ro":{"code":"RO","native":"România","localized":"રોમાનિયા"},"ru":{"code":"RU","native":"Россия","localized":"રશિયા"},"rw":{"code":"RW","native":"U Rwanda","localized":"રવાંડા"},"sa":{"code":"IN","native":"भारतः","localized":"ભારત"},"sc":{"code":"IT","native":"Itàlia","localized":"ઇટાલી"},"sd":{"code":"PK","native":"پاڪستان","localized":"પાકિસ્તાન"},"si":{"code":"LK","native":"ශ්‍රී ලංකාව","localized":"શ્રીલંકા"},"sk":{"code":"SK","native":"Slovensko","localized":"સ્લોવેકિયા"},"sl":{"code":"SI","native":"Slovenija","localized":"સ્લોવેનિયા"},"sn":{"code":"ZW","native":"Zimbabwe","localized":"ઝિમ્બાબ્વે"},"so":{"code":"SO","native":"Soomaaliya","localized":"સોમાલિયા"},"sq":{"code":"AL","native":"Shqipëri","localized":"અલ્બેનિયા"},"sr_Cyrl":{"code":"RS","native":"Србија","localized":"સર્બિયા"},"sr_Latn":{"code":"RS","native":"Serbia","localized":"સર્બિયા"},"sr_Latn_ME":{"code":"ME","native":"Montenegro","localized":"મૉન્ટેનેગ્રો"},"su":{"code":"ID","native":"Indonesia","localized":"ઇન્ડોનેશિયા"},"sv":{"code":"SE","native":"Sverige","localized":"સ્વીડન"},"sw":{"code":"TZ","native":"Tanzania","localized":"તાંઝાનિયા"},"ta":{"code":"IN","native":"இந்தியா","localized":"ભારત"},"te":{"code":"IN","native":"భారతదేశం","localized":"ભારત"},"tg":{"code":"TJ","native":"Тоҷикистон","localized":"તાજીકિસ્તાન"},"th":{"code":"TH","native":"ไทย","localized":"થાઇલેંડ"},"ti":{"code":"ET","native":"ኢትዮጵያ","localized":"ઇથિઓપિયા"},"tk":{"code":"TM","native":"Türkmenistan","localized":"તુર્કમેનિસ્તાન"},"tl":{"code":"PH","native":"Philippines","localized":"ફિલિપિન્સ"},"tr":{"code":"TR","native":"Türkiye","localized":"તુર્કી"},"tt":{"code":"RU","native":"Россия","localized":"રશિયા"},"ug":{"code":"CN","native":"جۇڭگو","localized":"ચીન"},"uk":{"code":"UA","native":"Україна","localized":"યુક્રેન"},"ur":{"code":"PK","native":"پاکستان","localized":"પાકિસ્તાન"},"uz_Cyrl":{"code":"UZ","native":"Uzbekistan","localized":"ઉઝ્બેકિસ્તાન"},"uz_Latn":{"code":"UZ","native":"Oʻzbekiston","localized":"ઉઝ્બેકિસ્તાન"},"vi":{"code":"VN","native":"Việt Nam","localized":"વિયેતનામ"},"xh":{"code":"ZA","native":"Emzantsi Afrika","localized":"દક્ષિણ આફ્રિકા"},"yi":{"code":"001","native":"וועלט","localized":"વિશ્વ"},"yo":{"code":"NG","native":"Nàìjíríà","localized":"નાઇજેરિયા"},"zh_CN":{"code":"CN","native":"中国","localized":"ચીન"},"zh_HK":{"code":"HK","native":"中国香港特别行政区","localized":"હોંગકોંગ Sar ચીન"},"zh_TW":{"code":"TW","native":"台湾","localized":"તાઇવાન"},"zu":{"code":"ZA","native":"Iningizimu Afrika","localized":"દક્ષિણ આફ્રિકા"}}
