{"af":{"code":"ZA","native":"Suid-Afrika","localized":"Afirka Ta Kudu"},"ak":{"code":"GH","native":"Gaana","localized":"Gana"},"am":{"code":"ET","native":"ኢትዮጵያ","localized":"Habasha"},"ar":{"code":"EG","native":"مصر","localized":"Misira"},"as":{"code":"IN","native":"ভাৰত","localized":"Indiya"},"az":{"code":"AZ","native":"Azərbaycan","localized":"Azarbaijan"},"be":{"code":"BY","native":"Беларусь","localized":"Belarus"},"bg":{"code":"BG","native":"България","localized":"Bulgariya"},"bho":{"code":"IN","native":"भारत","localized":"Indiya"},"bm":{"code":"ML","native":"Mali","localized":"Mali"},"bn":{"code":"BD","native":"বাংলাদেশ","localized":"Bangiladas"},"bs":{"code":"BA","native":"Bosna I Hercegovina","localized":"Bosniya Da Harzagobina"},"ca":{"code":"ES","native":"Espanya","localized":"Sipen"},"ceb":{"code":"PH","native":"Pilipinas","localized":"Filipin"},"ckb":{"code":"IQ","native":"عێراق","localized":"Iraƙi"},"cs":{"code":"CZ","native":"Česko","localized":"Jamhuriyar Cak"},"cy":{"code":"GB","native":"Y Deyrnas Unedig","localized":"Biritaniya"},"da":{"code":"DK","native":"Danmark","localized":"Danmark"},"de":{"code":"DE","native":"Deutschland","localized":"Jamus"},"de_CH":{"code":"CH","native":"Schweiz","localized":"Suwizalan"},"doi":{"code":"IN","native":"भारत","localized":"Indiya"},"ee":{"code":"GH","native":"Ghana Nutome","localized":"Gana"},"el":{"code":"GR","native":"Ελλάδα","localized":"Girka"},"en":{"code":"US","native":"United States","localized":"Amurka"},"en_CA":{"code":"CA","native":"Canada","localized":"Kanada"},"eo":{"code":"001","native":"Mondo","localized":"Duniya"},"es":{"code":"ES","native":"España","localized":"Sipen"},"et":{"code":"EE","native":"Eesti","localized":"Estoniya"},"eu":{"code":"ES","native":"Espainia","localized":"Sipen"},"fa":{"code":"IR","native":"ایران","localized":"Iran"},"fi":{"code":"FI","native":"Suomi","localized":"Finlan"},"fil":{"code":"PH","native":"Pilipinas","localized":"Filipin"},"fr":{"code":"FR","native":"France","localized":"Faransa"},"fy":{"code":"NL","native":"Nederlân","localized":"Holan"},"ga":{"code":"IE","native":"Éire","localized":"Ayalan"},"gd":{"code":"GB","native":"An Rìoghachd Aonaichte","localized":"Biritaniya"},"gl":{"code":"ES","native":"España","localized":"Sipen"},"gu":{"code":"IN","native":"ભારત","localized":"Indiya"},"ha":{"code":"NG","native":"Nijeriya","localized":"Nijeriya"},"haw":{"code":"US","native":"ʻAmelika Hui Pū ʻIa","localized":"Amurka"},"he":{"code":"IL","native":"ישראל","localized":"Israʼila"},"hi":{"code":"IN","native":"भारत","localized":"Indiya"},"hr":{"code":"HR","native":"Hrvatska","localized":"Kurowaishiya"},"hu":{"code":"HU","native":"Magyarország","localized":"Hungari"},"hy":{"code":"AM","native":"Հայաստան","localized":"Armeniya"},"id":{"code":"ID","native":"Indonesia","localized":"Indunusiya"},"ig":{"code":"NG","native":"Naịjịrịa","localized":"Nijeriya"},"is":{"code":"IS","native":"Ísland","localized":"Aisalan"},"it":{"code":"IT","native":"Italia","localized":"Italiya"},"ja":{"code":"JP","native":"日本","localized":"Japan"},"ka":{"code":"GE","native":"საქართველო","localized":"Jiwarjiya"},"kk":{"code":"KZ","native":"Қазақстан","localized":"Kazakistan"},"km":{"code":"KH","native":"កម្ពុជា","localized":"Kambodiya"},"kn":{"code":"IN","native":"ಭಾರತ","localized":"Indiya"},"ko":{"code":"KR","native":"대한민국","localized":"Koriya Ta Kudu"},"ku":{"code":"TR","native":"Tirkiye","localized":"Turkiyya"},"ky":{"code":"KG","native":"Кыргызстан","localized":"Kirgizistan"},"lb":{"code":"LU","native":"Lëtzebuerg","localized":"Lukusambur"},"lg":{"code":"UG","native":"Yuganda","localized":"Yuganda"},"ln":{"code":"CD","native":"Republíki Ya Kongó Demokratíki","localized":"Jamhuriyar Dimokuraɗiyyar Kongo"},"lo":{"code":"LA","native":"ລາວ","localized":"Lawas"},"lt":{"code":"LT","native":"Lietuva","localized":"Lituweniya"},"lv":{"code":"LV","native":"Latvija","localized":"Litibiya"},"mai":{"code":"IN","native":"भारत","localized":"Indiya"},"mg":{"code":"MG","native":"Madagasikara","localized":"Madagaskar"},"mi":{"code":"NZ","native":"Aotearoa","localized":"Nuzilan"},"mk":{"code":"MK","native":"Северна Македонија","localized":"Macedonia Ta Arewa"},"ml":{"code":"IN","native":"ഇന്ത്യ","localized":"Indiya"},"mn":{"code":"MN","native":"Монгол","localized":"Mangoliya"},"mni_Mtei":{"code":"IN","native":"India","localized":"Indiya"},"mr":{"code":"IN","native":"भारत","localized":"Indiya"},"ms":{"code":"MY","native":"Malaysia","localized":"Malaisiya"},"mt":{"code":"MT","native":"Malta","localized":"Malta"},"my":{"code":"MM","native":"မြန်မာ","localized":"Burma, Miyamar"},"nb":{"code":"NO","native":"Norge","localized":"Norwe"},"ne":{"code":"NP","native":"नेपाल","localized":"Nefal"},"nl":{"code":"NL","native":"Nederland","localized":"Holan"},"nn":{"code":"NO","native":"Noreg","localized":"Norwe"},"oc":{"code":"FR","native":"Fr","localized":"Faransa"},"om":{"code":"ET","native":"Itoophiyaa","localized":"Habasha"},"or":{"code":"IN","native":"ଭାରତ","localized":"Indiya"},"pa":{"code":"IN","native":"ਭਾਰਤ","localized":"Indiya"},"pl":{"code":"PL","native":"Polska","localized":"Polan"},"ps":{"code":"AF","native":"افغانستان","localized":"Afaganistan"},"pt":{"code":"BR","native":"Brasil","localized":"Birazil"},"pt_BR":{"code":"BR","native":"Brasil","localized":"Birazil"},"qu":{"code":"PE","native":"Perú","localized":"Feru"},"ro":{"code":"RO","native":"România","localized":"Romaniya"},"ru":{"code":"RU","native":"Россия","localized":"Rasha"},"rw":{"code":"RW","native":"U Rwanda","localized":"Ruwanda"},"sa":{"code":"IN","native":"भारतः","localized":"Indiya"},"sc":{"code":"IT","native":"Itàlia","localized":"Italiya"},"sd":{"code":"PK","native":"پاڪستان","localized":"Pakistan"},"si":{"code":"LK","native":"ශ්‍රී ලංකාව","localized":"Siri Lanka"},"sk":{"code":"SK","native":"Slovensko","localized":"Sulobakiya"},"sl":{"code":"SI","native":"Slovenija","localized":"Sulobeniya"},"sn":{"code":"ZW","native":"Zimbabwe","localized":"Zimbabuwe"},"so":{"code":"SO","native":"Soomaaliya","localized":"Somaliya"},"sq":{"code":"AL","native":"Shqipëri","localized":"Albaniya"},"sr_Cyrl":{"code":"RS","native":"Србија","localized":"Sabiya"},"sr_Latn":{"code":"RS","native":"Serbia","localized":"Sabiya"},"sr_Latn_ME":{"code":"ME","native":"Montenegro","localized":"Mantanegara"},"su":{"code":"ID","native":"Indonesia","localized":"Indunusiya"},"sv":{"code":"SE","native":"Sverige","localized":"Suwedan"},"sw":{"code":"TZ","native":"Tanzania","localized":"Tanzaniya"},"ta":{"code":"IN","native":"இந்தியா","localized":"Indiya"},"te":{"code":"IN","native":"భారతదేశం","localized":"Indiya"},"tg":{"code":"TJ","native":"Тоҷикистон","localized":"Tajikistan"},"th":{"code":"TH","native":"ไทย","localized":"Tailan"},"ti":{"code":"ET","native":"ኢትዮጵያ","localized":"Habasha"},"tk":{"code":"TM","native":"Türkmenistan","localized":"Turkumenistan"},"tl":{"code":"PH","native":"Philippines","localized":"Filipin"},"tr":{"code":"TR","native":"Türkiye","localized":"Turkiyya"},"tt":{"code":"RU","native":"Россия","localized":"Rasha"},"ug":{"code":"CN","native":"جۇڭگو","localized":"Sin"},"uk":{"code":"UA","native":"Україна","localized":"Yukaran"},"ur":{"code":"PK","native":"پاکستان","localized":"Pakistan"},"uz_Cyrl":{"code":"UZ","native":"Uzbekistan","localized":"Uzubekistan"},"uz_Latn":{"code":"UZ","native":"Oʻzbekiston","localized":"Uzubekistan"},"vi":{"code":"VN","native":"Việt Nam","localized":"Biyetinam"},"xh":{"code":"ZA","native":"Emzantsi Afrika","localized":"Afirka Ta Kudu"},"yi":{"code":"001","native":"וועלט","localized":"Duniya"},"yo":{"code":"NG","native":"Nàìjíríà","localized":"Nijeriya"},"zh_CN":{"code":"CN","native":"中国","localized":"Sin"},"zh_HK":{"code":"HK","native":"中国香港特别行政区","localized":"Babban Yankin Mulkin Hong Kong Na Ƙasar Sin"},"zh_TW":{"code":"TW","native":"台湾","localized":"Taiwan"},"zu":{"code":"ZA","native":"Iningizimu Afrika","localized":"Afirka Ta Kudu"}}
