{"af":{"code":"ZA","native":"Suid-Afrika","localized":"דרום אפריקה"},"ak":{"code":"GH","native":"Gaana","localized":"גאנה"},"am":{"code":"ET","native":"ኢትዮጵያ","localized":"אתיופיה"},"ar":{"code":"EG","native":"مصر","localized":"מצרים"},"as":{"code":"IN","native":"ভাৰত","localized":"הודו"},"az":{"code":"AZ","native":"Azərbaycan","localized":"אזרבייג׳ן"},"be":{"code":"BY","native":"Беларусь","localized":"בלארוס"},"bg":{"code":"BG","native":"България","localized":"בולגריה"},"bho":{"code":"IN","native":"भारत","localized":"הודו"},"bm":{"code":"ML","native":"Mali","localized":"מאלי"},"bn":{"code":"BD","native":"বাংলাদেশ","localized":"בנגלדש"},"bs":{"code":"BA","native":"Bosna I Hercegovina","localized":"בוסניה והרצגובינה"},"ca":{"code":"ES","native":"Espanya","localized":"ספרד"},"ceb":{"code":"PH","native":"Pilipinas","localized":"הפיליפינים"},"ckb":{"code":"IQ","native":"عێراق","localized":"עיראק"},"cs":{"code":"CZ","native":"Česko","localized":"צ׳כיה"},"cy":{"code":"GB","native":"Y Deyrnas Unedig","localized":"בריטניה"},"da":{"code":"DK","native":"Danmark","localized":"דנמרק"},"de":{"code":"DE","native":"Deutschland","localized":"גרמניה"},"de_CH":{"code":"CH","native":"Schweiz","localized":"שווייץ"},"doi":{"code":"IN","native":"भारत","localized":"הודו"},"ee":{"code":"GH","native":"Ghana Nutome","localized":"גאנה"},"el":{"code":"GR","native":"Ελλάδα","localized":"יוון"},"en":{"code":"US","native":"United States","localized":"ארצות הברית"},"en_CA":{"code":"CA","native":"Canada","localized":"קנדה"},"eo":{"code":"001","native":"Mondo","localized":"העולם"},"es":{"code":"ES","native":"España","localized":"ספרד"},"et":{"code":"EE","native":"Eesti","localized":"אסטוניה"},"eu":{"code":"ES","native":"Espainia","localized":"ספרד"},"fa":{"code":"IR","native":"ایران","localized":"איראן"},"fi":{"code":"FI","native":"Suomi","localized":"פינלנד"},"fil":{"code":"PH","native":"Pilipinas","localized":"הפיליפינים"},"fr":{"code":"FR","native":"France","localized":"צרפת"},"fy":{"code":"NL","native":"Nederlân","localized":"הולנד"},"ga":{"code":"IE","native":"Éire","localized":"אירלנד"},"gd":{"code":"GB","native":"An Rìoghachd Aonaichte","localized":"בריטניה"},"gl":{"code":"ES","native":"España","localized":"ספרד"},"gu":{"code":"IN","native":"ભારત","localized":"הודו"},"ha":{"code":"NG","native":"Nijeriya","localized":"ניגריה"},"haw":{"code":"US","native":"ʻAmelika Hui Pū ʻIa","localized":"ארצות הברית"},"he":{"code":"IL","native":"ישראל","localized":"ישראל"},"hi":{"code":"IN","native":"भारत","localized":"הודו"},"hr":{"code":"HR","native":"Hrvatska","localized":"קרואטיה"},"hu":{"code":"HU","native":"Magyarország","localized":"הונגריה"},"hy":{"code":"AM","native":"Հայաստան","localized":"ארמניה"},"id":{"code":"ID","native":"Indonesia","localized":"אינדונזיה"},"ig":{"code":"NG","native":"Naịjịrịa","localized":"ניגריה"},"is":{"code":"IS","native":"Ísland","localized":"איסלנד"},"it":{"code":"IT","native":"Italia","localized":"איטליה"},"ja":{"code":"JP","native":"日本","localized":"יפן"},"ka":{"code":"GE","native":"საქართველო","localized":"גאורגיה"},"kk":{"code":"KZ","native":"Қазақстан","localized":"קזחסטן"},"km":{"code":"KH","native":"កម្ពុជា","localized":"קמבודיה"},"kn":{"code":"IN","native":"ಭಾರತ","localized":"הודו"},"ko":{"code":"KR","native":"대한민국","localized":"קוריאה הדרומית"},"ku":{"code":"TR","native":"Tirkiye","localized":"טורקיה"},"ky":{"code":"KG","native":"Кыргызстан","localized":"קירגיזסטן"},"lb":{"code":"LU","native":"Lëtzebuerg","localized":"לוקסמבורג"},"lg":{"code":"UG","native":"Yuganda","localized":"אוגנדה"},"ln":{"code":"CD","native":"Republíki Ya Kongó Demokratíki","localized":"קונגו - קינשאסה"},"lo":{"code":"LA","native":"ລາວ","localized":"לאוס"},"lt":{"code":"LT","native":"Lietuva","localized":"ליטא"},"lv":{"code":"LV","native":"Latvija","localized":"לטביה"},"mai":{"code":"IN","native":"भारत","localized":"הודו"},"mg":{"code":"MG","native":"Madagasikara","localized":"מדגסקר"},"mi":{"code":"NZ","native":"Aotearoa","localized":"ניו זילנד"},"mk":{"code":"MK","native":"Северна Македонија","localized":"מקדוניה הצפונית"},"ml":{"code":"IN","native":"ഇന്ത്യ","localized":"הודו"},"mn":{"code":"MN","native":"Монгол","localized":"מונגוליה"},"mni_Mtei":{"code":"IN","native":"India","localized":"הודו"},"mr":{"code":"IN","native":"भारत","localized":"הודו"},"ms":{"code":"MY","native":"Malaysia","localized":"מלזיה"},"mt":{"code":"MT","native":"Malta","localized":"מלטה"},"my":{"code":"MM","native":"မြန်မာ","localized":"מיאנמר (בורמה)"},"nb":{"code":"NO","native":"Norge","localized":"נורווגיה"},"ne":{"code":"NP","native":"नेपाल","localized":"נפאל"},"nl":{"code":"NL","native":"Nederland","localized":"הולנד"},"nn":{"code":"NO","native":"Noreg","localized":"נורווגיה"},"oc":{"code":"FR","native":"Fr","localized":"צרפת"},"om":{"code":"ET","native":"Itoophiyaa","localized":"אתיופיה"},"or":{"code":"IN","native":"ଭାରତ","localized":"הודו"},"pa":{"code":"IN","native":"ਭਾਰਤ","localized":"הודו"},"pl":{"code":"PL","native":"Polska","localized":"פולין"},"ps":{"code":"AF","native":"افغانستان","localized":"אפגניסטן"},"pt":{"code":"BR","native":"Brasil","localized":"ברזיל"},"pt_BR":{"code":"BR","native":"Brasil","localized":"ברזיל"},"qu":{"code":"PE","native":"Perú","localized":"פרו"},"ro":{"code":"RO","native":"România","localized":"רומניה"},"ru":{"code":"RU","native":"Россия","localized":"רוסיה"},"rw":{"code":"RW","native":"U Rwanda","localized":"רואנדה"},"sa":{"code":"IN","native":"भारतः","localized":"הודו"},"sc":{"code":"IT","native":"Itàlia","localized":"איטליה"},"sd":{"code":"PK","native":"پاڪستان","localized":"פקיסטן"},"si":{"code":"LK","native":"ශ්‍රී ලංකාව","localized":"סרי לנקה"},"sk":{"code":"SK","native":"Slovensko","localized":"סלובקיה"},"sl":{"code":"SI","native":"Slovenija","localized":"סלובניה"},"sn":{"code":"ZW","native":"Zimbabwe","localized":"זימבבואה"},"so":{"code":"SO","native":"Soomaaliya","localized":"סומליה"},"sq":{"code":"AL","native":"Shqipëri","localized":"אלבניה"},"sr_Cyrl":{"code":"RS","native":"Србија","localized":"סרביה"},"sr_Latn":{"code":"RS","native":"Serbia","localized":"סרביה"},"sr_Latn_ME":{"code":"ME","native":"Montenegro","localized":"מונטנגרו"},"su":{"code":"ID","native":"Indonesia","localized":"אינדונזיה"},"sv":{"code":"SE","native":"Sverige","localized":"שוודיה"},"sw":{"code":"TZ","native":"Tanzania","localized":"טנזניה"},"ta":{"code":"IN","native":"இந்தியா","localized":"הודו"},"te":{"code":"IN","native":"భారతదేశం","localized":"הודו"},"tg":{"code":"TJ","native":"Тоҷикистон","localized":"טג׳יקיסטן"},"th":{"code":"TH","native":"ไทย","localized":"תאילנד"},"ti":{"code":"ET","native":"ኢትዮጵያ","localized":"אתיופיה"},"tk":{"code":"TM","native":"Türkmenistan","localized":"טורקמניסטן"},"tl":{"code":"PH","native":"Philippines","localized":"הפיליפינים"},"tr":{"code":"TR","native":"Türkiye","localized":"טורקיה"},"tt":{"code":"RU","native":"Россия","localized":"רוסיה"},"ug":{"code":"CN","native":"جۇڭگو","localized":"סין"},"uk":{"code":"UA","native":"Україна","localized":"אוקראינה"},"ur":{"code":"PK","native":"پاکستان","localized":"פקיסטן"},"uz_Cyrl":{"code":"UZ","native":"Uzbekistan","localized":"אוזבקיסטן"},"uz_Latn":{"code":"UZ","native":"Oʻzbekiston","localized":"אוזבקיסטן"},"vi":{"code":"VN","native":"Việt Nam","localized":"וייטנאם"},"xh":{"code":"ZA","native":"Emzantsi Afrika","localized":"דרום אפריקה"},"yi":{"code":"001","native":"וועלט","localized":"העולם"},"yo":{"code":"NG","native":"Nàìjíríà","localized":"ניגריה"},"zh_CN":{"code":"CN","native":"中国","localized":"סין"},"zh_HK":{"code":"HK","native":"中国香港特别行政区","localized":"הונג קונג (אזור מנהלי מיוחד של סין)"},"zh_TW":{"code":"TW","native":"台湾","localized":"טייוואן"},"zu":{"code":"ZA","native":"Iningizimu Afrika","localized":"דרום אפריקה"}}
