{"af":{"code":"ZA","native":"Suid-Afrika","localized":"दक्षिण अफ़्रीका"},"ak":{"code":"GH","native":"Gaana","localized":"घाना"},"am":{"code":"ET","native":"ኢትዮጵያ","localized":"इथियोपिया"},"ar":{"code":"EG","native":"مصر","localized":"मिस्र"},"as":{"code":"IN","native":"ভাৰত","localized":"भारत"},"az":{"code":"AZ","native":"Azərbaycan","localized":"अज़रबैजान"},"be":{"code":"BY","native":"Беларусь","localized":"बेलारूस"},"bg":{"code":"BG","native":"България","localized":"बुल्गारिया"},"bho":{"code":"IN","native":"भारत","localized":"भारत"},"bm":{"code":"ML","native":"Mali","localized":"माली"},"bn":{"code":"BD","native":"বাংলাদেশ","localized":"बांग्लादेश"},"bs":{"code":"BA","native":"Bosna I Hercegovina","localized":"बोस्निया और हर्ज़ेगोविना"},"ca":{"code":"ES","native":"Espanya","localized":"स्पेन"},"ceb":{"code":"PH","native":"Pilipinas","localized":"फ़िलिपींस"},"ckb":{"code":"IQ","native":"عێراق","localized":"इराक"},"cs":{"code":"CZ","native":"Česko","localized":"चेकिया"},"cy":{"code":"GB","native":"Y Deyrnas Unedig","localized":"यूनाइटेड किंगडम"},"da":{"code":"DK","native":"Danmark","localized":"डेनमार्क"},"de":{"code":"DE","native":"Deutschland","localized":"जर्मनी"},"de_CH":{"code":"CH","native":"Schweiz","localized":"स्विट्ज़रलैंड"},"doi":{"code":"IN","native":"भारत","localized":"भारत"},"ee":{"code":"GH","native":"Ghana Nutome","localized":"घाना"},"el":{"code":"GR","native":"Ελλάδα","localized":"यूनान"},"en":{"code":"US","native":"United States","localized":"संयुक्त राज्य"},"en_CA":{"code":"CA","native":"Canada","localized":"कनाडा"},"eo":{"code":"001","native":"Mondo","localized":"विश्व"},"es":{"code":"ES","native":"España","localized":"स्पेन"},"et":{"code":"EE","native":"Eesti","localized":"एस्टोनिया"},"eu":{"code":"ES","native":"Espainia","localized":"स्पेन"},"fa":{"code":"IR","native":"ایران","localized":"ईरान"},"fi":{"code":"FI","native":"Suomi","localized":"फ़िनलैंड"},"fil":{"code":"PH","native":"Pilipinas","localized":"फ़िलिपींस"},"fr":{"code":"FR","native":"France","localized":"फ़्रांस"},"fy":{"code":"NL","native":"Nederlân","localized":"नीदरलैंड"},"ga":{"code":"IE","native":"Éire","localized":"आयरलैंड"},"gd":{"code":"GB","native":"An Rìoghachd Aonaichte","localized":"यूनाइटेड किंगडम"},"gl":{"code":"ES","native":"España","localized":"स्पेन"},"gu":{"code":"IN","native":"ભારત","localized":"भारत"},"ha":{"code":"NG","native":"Nijeriya","localized":"नाइजीरिया"},"haw":{"code":"US","native":"ʻAmelika Hui Pū ʻIa","localized":"संयुक्त राज्य"},"he":{"code":"IL","native":"ישראל","localized":"इज़राइल"},"hi":{"code":"IN","native":"भारत","localized":"भारत"},"hr":{"code":"HR","native":"Hrvatska","localized":"क्रोएशिया"},"hu":{"code":"HU","native":"Magyarország","localized":"हंगरी"},"hy":{"code":"AM","native":"Հայաստան","localized":"आर्मेनिया"},"id":{"code":"ID","native":"Indonesia","localized":"इंडोनेशिया"},"ig":{"code":"NG","native":"Naịjịrịa","localized":"नाइजीरिया"},"is":{"code":"IS","native":"Ísland","localized":"आइसलैंड"},"it":{"code":"IT","native":"Italia","localized":"इटली"},"ja":{"code":"JP","native":"日本","localized":"जापान"},"ka":{"code":"GE","native":"საქართველო","localized":"जॉर्जिया"},"kk":{"code":"KZ","native":"Қазақстан","localized":"कज़ाखस्तान"},"km":{"code":"KH","native":"កម្ពុជា","localized":"कंबोडिया"},"kn":{"code":"IN","native":"ಭಾರತ","localized":"भारत"},"ko":{"code":"KR","native":"대한민국","localized":"दक्षिण कोरिया"},"ku":{"code":"TR","native":"Tirkiye","localized":"तुर्की"},"ky":{"code":"KG","native":"Кыргызстан","localized":"किर्गिज़स्तान"},"lb":{"code":"LU","native":"Lëtzebuerg","localized":"लग्ज़मबर्ग"},"lg":{"code":"UG","native":"Yuganda","localized":"युगांडा"},"ln":{"code":"CD","native":"Republíki Ya Kongó Demokratíki","localized":"कांगो - किंशासा"},"lo":{"code":"LA","native":"ລາວ","localized":"लाओस"},"lt":{"code":"LT","native":"Lietuva","localized":"लिथुआनिया"},"lv":{"code":"LV","native":"Latvija","localized":"लातविया"},"mai":{"code":"IN","native":"भारत","localized":"भारत"},"mg":{"code":"MG","native":"Madagasikara","localized":"मेडागास्कर"},"mi":{"code":"NZ","native":"Aotearoa","localized":"न्यूज़ीलैंड"},"mk":{"code":"MK","native":"Северна Македонија","localized":"उत्तरी मकदूनिया"},"ml":{"code":"IN","native":"ഇന്ത്യ","localized":"भारत"},"mn":{"code":"MN","native":"Монгол","localized":"मंगोलिया"},"mni_Mtei":{"code":"IN","native":"India","localized":"भारत"},"mr":{"code":"IN","native":"भारत","localized":"भारत"},"ms":{"code":"MY","native":"Malaysia","localized":"मलेशिया"},"mt":{"code":"MT","native":"Malta","localized":"माल्टा"},"my":{"code":"MM","native":"မြန်မာ","localized":"म्यांमार (बर्मा)"},"nb":{"code":"NO","native":"Norge","localized":"नॉर्वे"},"ne":{"code":"NP","native":"नेपाल","localized":"नेपाल"},"nl":{"code":"NL","native":"Nederland","localized":"नीदरलैंड"},"nn":{"code":"NO","native":"Noreg","localized":"नॉर्वे"},"oc":{"code":"FR","native":"Fr","localized":"फ़्रांस"},"om":{"code":"ET","native":"Itoophiyaa","localized":"इथियोपिया"},"or":{"code":"IN","native":"ଭାରତ","localized":"भारत"},"pa":{"code":"IN","native":"ਭਾਰਤ","localized":"भारत"},"pl":{"code":"PL","native":"Polska","localized":"पोलैंड"},"ps":{"code":"AF","native":"افغانستان","localized":"अफ़गानिस्तान"},"pt":{"code":"BR","native":"Brasil","localized":"ब्राज़ील"},"pt_BR":{"code":"BR","native":"Brasil","localized":"ब्राज़ील"},"qu":{"code":"PE","native":"Perú","localized":"पेरू"},"ro":{"code":"RO","native":"România","localized":"रोमानिया"},"ru":{"code":"RU","native":"Россия","localized":"रूस"},"rw":{"code":"RW","native":"U Rwanda","localized":"रवांडा"},"sa":{"code":"IN","native":"भारतः","localized":"भारत"},"sc":{"code":"IT","native":"Itàlia","localized":"इटली"},"sd":{"code":"PK","native":"پاڪستان","localized":"पाकिस्तान"},"si":{"code":"LK","native":"ශ්‍රී ලංකාව","localized":"श्रीलंका"},"sk":{"code":"SK","native":"Slovensko","localized":"स्लोवाकिया"},"sl":{"code":"SI","native":"Slovenija","localized":"स्लोवेनिया"},"sn":{"code":"ZW","native":"Zimbabwe","localized":"ज़िम्बाब्वे"},"so":{"code":"SO","native":"Soomaaliya","localized":"सोमालिया"},"sq":{"code":"AL","native":"Shqipëri","localized":"अल्बानिया"},"sr_Cyrl":{"code":"RS","native":"Србија","localized":"सर्बिया"},"sr_Latn":{"code":"RS","native":"Serbia","localized":"सर्बिया"},"sr_Latn_ME":{"code":"ME","native":"Montenegro","localized":"मोंटेनेग्रो"},"su":{"code":"ID","native":"Indonesia","localized":"इंडोनेशिया"},"sv":{"code":"SE","native":"Sverige","localized":"स्वीडन"},"sw":{"code":"TZ","native":"Tanzania","localized":"तंज़ानिया"},"ta":{"code":"IN","native":"இந்தியா","localized":"भारत"},"te":{"code":"IN","native":"భారతదేశం","localized":"भारत"},"tg":{"code":"TJ","native":"Тоҷикистон","localized":"ताजिकिस्तान"},"th":{"code":"TH","native":"ไทย","localized":"थाईलैंड"},"ti":{"code":"ET","native":"ኢትዮጵያ","localized":"इथियोपिया"},"tk":{"code":"TM","native":"Türkmenistan","localized":"तुर्कमेनिस्तान"},"tl":{"code":"PH","native":"Philippines","localized":"फ़िलिपींस"},"tr":{"code":"TR","native":"Türkiye","localized":"तुर्की"},"tt":{"code":"RU","native":"Россия","localized":"रूस"},"ug":{"code":"CN","native":"جۇڭگو","localized":"चीन"},"uk":{"code":"UA","native":"Україна","localized":"यूक्रेन"},"ur":{"code":"PK","native":"پاکستان","localized":"पाकिस्तान"},"uz_Cyrl":{"code":"UZ","native":"Uzbekistan","localized":"उज़्बेकिस्तान"},"uz_Latn":{"code":"UZ","native":"Oʻzbekiston","localized":"उज़्बेकिस्तान"},"vi":{"code":"VN","native":"Việt Nam","localized":"वियतनाम"},"xh":{"code":"ZA","native":"Emzantsi Afrika","localized":"दक्षिण अफ़्रीका"},"yi":{"code":"001","native":"וועלט","localized":"विश्व"},"yo":{"code":"NG","native":"Nàìjíríà","localized":"नाइजीरिया"},"zh_CN":{"code":"CN","native":"中国","localized":"चीन"},"zh_HK":{"code":"HK","native":"中国香港特别行政区","localized":"हाँग काँग (चीन विशेष प्रशासनिक क्षेत्र)"},"zh_TW":{"code":"TW","native":"台湾","localized":"ताइवान"},"zu":{"code":"ZA","native":"Iningizimu Afrika","localized":"दक्षिण अफ़्रीका"}}
