{"af":{"code":"ZA","native":"Suid-Afrika","localized":"Dél-Afrikai Köztársaság"},"ak":{"code":"GH","native":"Gaana","localized":"Ghána"},"am":{"code":"ET","native":"ኢትዮጵያ","localized":"Etiópia"},"ar":{"code":"EG","native":"مصر","localized":"Egyiptom"},"as":{"code":"IN","native":"ভাৰত","localized":"India"},"az":{"code":"AZ","native":"Azərbaycan","localized":"Azerbajdzsán"},"be":{"code":"BY","native":"Беларусь","localized":"Belarusz"},"bg":{"code":"BG","native":"България","localized":"Bulgária"},"bho":{"code":"IN","native":"भारत","localized":"India"},"bm":{"code":"ML","native":"Mali","localized":"Mali"},"bn":{"code":"BD","native":"বাংলাদেশ","localized":"Banglades"},"bs":{"code":"BA","native":"Bosna I Hercegovina","localized":"Bosznia-Hercegovina"},"ca":{"code":"ES","native":"Espanya","localized":"Spanyolország"},"ceb":{"code":"PH","native":"Pilipinas","localized":"Fülöp-Szigetek"},"ckb":{"code":"IQ","native":"عێراق","localized":"Irak"},"cs":{"code":"CZ","native":"Česko","localized":"Csehország"},"cy":{"code":"GB","native":"Y Deyrnas Unedig","localized":"Egyesült Királyság"},"da":{"code":"DK","native":"Danmark","localized":"Dánia"},"de":{"code":"DE","native":"Deutschland","localized":"Németország"},"de_CH":{"code":"CH","native":"Schweiz","localized":"Svájc"},"doi":{"code":"IN","native":"भारत","localized":"India"},"ee":{"code":"GH","native":"Ghana Nutome","localized":"Ghána"},"el":{"code":"GR","native":"Ελλάδα","localized":"Görögország"},"en":{"code":"US","native":"United States","localized":"Egyesült Államok"},"en_CA":{"code":"CA","native":"Canada","localized":"Kanada"},"eo":{"code":"001","native":"Mondo","localized":"Világ"},"es":{"code":"ES","native":"España","localized":"Spanyolország"},"et":{"code":"EE","native":"Eesti","localized":"Észtország"},"eu":{"code":"ES","native":"Espainia","localized":"Spanyolország"},"fa":{"code":"IR","native":"ایران","localized":"Irán"},"fi":{"code":"FI","native":"Suomi","localized":"Finnország"},"fil":{"code":"PH","native":"Pilipinas","localized":"Fülöp-Szigetek"},"fr":{"code":"FR","native":"France","localized":"Franciaország"},"fy":{"code":"NL","native":"Nederlân","localized":"Hollandia"},"ga":{"code":"IE","native":"Éire","localized":"Írország"},"gd":{"code":"GB","native":"An Rìoghachd Aonaichte","localized":"Egyesült Királyság"},"gl":{"code":"ES","native":"España","localized":"Spanyolország"},"gu":{"code":"IN","native":"ભારત","localized":"India"},"ha":{"code":"NG","native":"Nijeriya","localized":"Nigéria"},"haw":{"code":"US","native":"ʻAmelika Hui Pū ʻIa","localized":"Egyesült Államok"},"he":{"code":"IL","native":"ישראל","localized":"Izrael"},"hi":{"code":"IN","native":"भारत","localized":"India"},"hr":{"code":"HR","native":"Hrvatska","localized":"Horvátország"},"hu":{"code":"HU","native":"Magyarország","localized":"Magyarország"},"hy":{"code":"AM","native":"Հայաստան","localized":"Örményország"},"id":{"code":"ID","native":"Indonesia","localized":"Indonézia"},"ig":{"code":"NG","native":"Naịjịrịa","localized":"Nigéria"},"is":{"code":"IS","native":"Ísland","localized":"Izland"},"it":{"code":"IT","native":"Italia","localized":"Olaszország"},"ja":{"code":"JP","native":"日本","localized":"Japán"},"ka":{"code":"GE","native":"საქართველო","localized":"Grúzia"},"kk":{"code":"KZ","native":"Қазақстан","localized":"Kazahsztán"},"km":{"code":"KH","native":"កម្ពុជា","localized":"Kambodzsa"},"kn":{"code":"IN","native":"ಭಾರತ","localized":"India"},"ko":{"code":"KR","native":"대한민국","localized":"Dél-Korea"},"ku":{"code":"TR","native":"Tirkiye","localized":"Törökország"},"ky":{"code":"KG","native":"Кыргызстан","localized":"Kirgizisztán"},"lb":{"code":"LU","native":"Lëtzebuerg","localized":"Luxemburg"},"lg":{"code":"UG","native":"Yuganda","localized":"Uganda"},"ln":{"code":"CD","native":"Republíki Ya Kongó Demokratíki","localized":"Kongó – Kinshasa"},"lo":{"code":"LA","native":"ລາວ","localized":"Laosz"},"lt":{"code":"LT","native":"Lietuva","localized":"Litvánia"},"lv":{"code":"LV","native":"Latvija","localized":"Lettország"},"mai":{"code":"IN","native":"भारत","localized":"India"},"mg":{"code":"MG","native":"Madagasikara","localized":"Madagaszkár"},"mi":{"code":"NZ","native":"Aotearoa","localized":"Új-Zéland"},"mk":{"code":"MK","native":"Северна Македонија","localized":"Észak-Macedónia"},"ml":{"code":"IN","native":"ഇന്ത്യ","localized":"India"},"mn":{"code":"MN","native":"Монгол","localized":"Mongólia"},"mni_Mtei":{"code":"IN","native":"India","localized":"India"},"mr":{"code":"IN","native":"भारत","localized":"India"},"ms":{"code":"MY","native":"Malaysia","localized":"Malajzia"},"mt":{"code":"MT","native":"Malta","localized":"Málta"},"my":{"code":"MM","native":"မြန်မာ","localized":"Mianmar"},"nb":{"code":"NO","native":"Norge","localized":"Norvégia"},"ne":{"code":"NP","native":"नेपाल","localized":"Nepál"},"nl":{"code":"NL","native":"Nederland","localized":"Hollandia"},"nn":{"code":"NO","native":"Noreg","localized":"Norvégia"},"oc":{"code":"FR","native":"Fr","localized":"Franciaország"},"om":{"code":"ET","native":"Itoophiyaa","localized":"Etiópia"},"or":{"code":"IN","native":"ଭାରତ","localized":"India"},"pa":{"code":"IN","native":"ਭਾਰਤ","localized":"India"},"pl":{"code":"PL","native":"Polska","localized":"Lengyelország"},"ps":{"code":"AF","native":"افغانستان","localized":"Afganisztán"},"pt":{"code":"BR","native":"Brasil","localized":"Brazília"},"pt_BR":{"code":"BR","native":"Brasil","localized":"Brazília"},"qu":{"code":"PE","native":"Perú","localized":"Peru"},"ro":{"code":"RO","native":"România","localized":"Románia"},"ru":{"code":"RU","native":"Россия","localized":"Oroszország"},"rw":{"code":"RW","native":"U Rwanda","localized":"Ruanda"},"sa":{"code":"IN","native":"भारतः","localized":"India"},"sc":{"code":"IT","native":"Itàlia","localized":"Olaszország"},"sd":{"code":"PK","native":"پاڪستان","localized":"Pakisztán"},"si":{"code":"LK","native":"ශ්‍රී ලංකාව","localized":"Srí Lanka"},"sk":{"code":"SK","native":"Slovensko","localized":"Szlovákia"},"sl":{"code":"SI","native":"Slovenija","localized":"Szlovénia"},"sn":{"code":"ZW","native":"Zimbabwe","localized":"Zimbabwe"},"so":{"code":"SO","native":"Soomaaliya","localized":"Szomália"},"sq":{"code":"AL","native":"Shqipëri","localized":"Albánia"},"sr_Cyrl":{"code":"RS","native":"Србија","localized":"Szerbia"},"sr_Latn":{"code":"RS","native":"Serbia","localized":"Szerbia"},"sr_Latn_ME":{"code":"ME","native":"Montenegro","localized":"Montenegró"},"su":{"code":"ID","native":"Indonesia","localized":"Indonézia"},"sv":{"code":"SE","native":"Sverige","localized":"Svédország"},"sw":{"code":"TZ","native":"Tanzania","localized":"Tanzánia"},"ta":{"code":"IN","native":"இந்தியா","localized":"India"},"te":{"code":"IN","native":"భారతదేశం","localized":"India"},"tg":{"code":"TJ","native":"Тоҷикистон","localized":"Tádzsikisztán"},"th":{"code":"TH","native":"ไทย","localized":"Thaiföld"},"ti":{"code":"ET","native":"ኢትዮጵያ","localized":"Etiópia"},"tk":{"code":"TM","native":"Türkmenistan","localized":"Türkmenisztán"},"tl":{"code":"PH","native":"Philippines","localized":"Fülöp-Szigetek"},"tr":{"code":"TR","native":"Türkiye","localized":"Törökország"},"tt":{"code":"RU","native":"Россия","localized":"Oroszország"},"ug":{"code":"CN","native":"جۇڭگو","localized":"Kína"},"uk":{"code":"UA","native":"Україна","localized":"Ukrajna"},"ur":{"code":"PK","native":"پاکستان","localized":"Pakisztán"},"uz_Cyrl":{"code":"UZ","native":"Uzbekistan","localized":"Üzbegisztán"},"uz_Latn":{"code":"UZ","native":"Oʻzbekiston","localized":"Üzbegisztán"},"vi":{"code":"VN","native":"Việt Nam","localized":"Vietnám"},"xh":{"code":"ZA","native":"Emzantsi Afrika","localized":"Dél-Afrikai Köztársaság"},"yi":{"code":"001","native":"וועלט","localized":"Világ"},"yo":{"code":"NG","native":"Nàìjíríà","localized":"Nigéria"},"zh_CN":{"code":"CN","native":"中国","localized":"Kína"},"zh_HK":{"code":"HK","native":"中国香港特别行政区","localized":"Hongkong Kkt"},"zh_TW":{"code":"TW","native":"台湾","localized":"Tajvan"},"zu":{"code":"ZA","native":"Iningizimu Afrika","localized":"Dél-Afrikai Köztársaság"}}
