{"af":{"code":"ZA","native":"Suid-Afrika","localized":"Հարավաֆրիկյան Հանրապետություն"},"ak":{"code":"GH","native":"Gaana","localized":"Գանա"},"am":{"code":"ET","native":"ኢትዮጵያ","localized":"Եթովպիա"},"ar":{"code":"EG","native":"مصر","localized":"Եգիպտոս"},"as":{"code":"IN","native":"ভাৰত","localized":"Հնդկաստան"},"az":{"code":"AZ","native":"Azərbaycan","localized":"Ադրբեջան"},"be":{"code":"BY","native":"Беларусь","localized":"Բելառուս"},"bg":{"code":"BG","native":"България","localized":"Բուլղարիա"},"bho":{"code":"IN","native":"भारत","localized":"Հնդկաստան"},"bm":{"code":"ML","native":"Mali","localized":"Մալի"},"bn":{"code":"BD","native":"বাংলাদেশ","localized":"Բանգլադեշ"},"bs":{"code":"BA","native":"Bosna I Hercegovina","localized":"Բոսնիա Եւ Հերցեգովինա"},"ca":{"code":"ES","native":"Espanya","localized":"Իսպանիա"},"ceb":{"code":"PH","native":"Pilipinas","localized":"Ֆիլիպիններ"},"ckb":{"code":"IQ","native":"عێراق","localized":"Իրաք"},"cs":{"code":"CZ","native":"Česko","localized":"Չեխիա"},"cy":{"code":"GB","native":"Y Deyrnas Unedig","localized":"Միացյալ Թագավորություն"},"da":{"code":"DK","native":"Danmark","localized":"Դանիա"},"de":{"code":"DE","native":"Deutschland","localized":"Գերմանիա"},"de_CH":{"code":"CH","native":"Schweiz","localized":"Շվեյցարիա"},"doi":{"code":"IN","native":"भारत","localized":"Հնդկաստան"},"ee":{"code":"GH","native":"Ghana Nutome","localized":"Գանա"},"el":{"code":"GR","native":"Ελλάδα","localized":"Հունաստան"},"en":{"code":"US","native":"United States","localized":"Միացյալ Նահանգներ"},"en_CA":{"code":"CA","native":"Canada","localized":"Կանադա"},"eo":{"code":"001","native":"Mondo","localized":"Աշխարհ"},"es":{"code":"ES","native":"España","localized":"Իսպանիա"},"et":{"code":"EE","native":"Eesti","localized":"Էստոնիա"},"eu":{"code":"ES","native":"Espainia","localized":"Իսպանիա"},"fa":{"code":"IR","native":"ایران","localized":"Իրան"},"fi":{"code":"FI","native":"Suomi","localized":"Ֆինլանդիա"},"fil":{"code":"PH","native":"Pilipinas","localized":"Ֆիլիպիններ"},"fr":{"code":"FR","native":"France","localized":"Ֆրանսիա"},"fy":{"code":"NL","native":"Nederlân","localized":"Նիդեռլանդներ"},"ga":{"code":"IE","native":"Éire","localized":"Իռլանդիա"},"gd":{"code":"GB","native":"An Rìoghachd Aonaichte","localized":"Միացյալ Թագավորություն"},"gl":{"code":"ES","native":"España","localized":"Իսպանիա"},"gu":{"code":"IN","native":"ભારત","localized":"Հնդկաստան"},"ha":{"code":"NG","native":"Nijeriya","localized":"Նիգերիա"},"haw":{"code":"US","native":"ʻAmelika Hui Pū ʻIa","localized":"Միացյալ Նահանգներ"},"he":{"code":"IL","native":"ישראל","localized":"Իսրայել"},"hi":{"code":"IN","native":"भारत","localized":"Հնդկաստան"},"hr":{"code":"HR","native":"Hrvatska","localized":"Խորվաթիա"},"hu":{"code":"HU","native":"Magyarország","localized":"Հունգարիա"},"hy":{"code":"AM","native":"Հայաստան","localized":"Հայաստան"},"id":{"code":"ID","native":"Indonesia","localized":"Ինդոնեզիա"},"ig":{"code":"NG","native":"Naịjịrịa","localized":"Նիգերիա"},"is":{"code":"IS","native":"Ísland","localized":"Իսլանդիա"},"it":{"code":"IT","native":"Italia","localized":"Իտալիա"},"ja":{"code":"JP","native":"日本","localized":"Ճապոնիա"},"ka":{"code":"GE","native":"საქართველო","localized":"Վրաստան"},"kk":{"code":"KZ","native":"Қазақстан","localized":"Ղազախստան"},"km":{"code":"KH","native":"កម្ពុជា","localized":"Կամբոջա"},"kn":{"code":"IN","native":"ಭಾರತ","localized":"Հնդկաստան"},"ko":{"code":"KR","native":"대한민국","localized":"Հարավային Կորեա"},"ku":{"code":"TR","native":"Tirkiye","localized":"Թուրքիա"},"ky":{"code":"KG","native":"Кыргызстан","localized":"Ղրղզստան"},"lb":{"code":"LU","native":"Lëtzebuerg","localized":"Լյուքսեմբուրգ"},"lg":{"code":"UG","native":"Yuganda","localized":"Ուգանդա"},"ln":{"code":"CD","native":"Republíki Ya Kongó Demokratíki","localized":"Կոնգո - Կինշասա"},"lo":{"code":"LA","native":"ລາວ","localized":"Լաոս"},"lt":{"code":"LT","native":"Lietuva","localized":"Լիտվա"},"lv":{"code":"LV","native":"Latvija","localized":"Լատվիա"},"mai":{"code":"IN","native":"भारत","localized":"Հնդկաստան"},"mg":{"code":"MG","native":"Madagasikara","localized":"Մադագասկար"},"mi":{"code":"NZ","native":"Aotearoa","localized":"Նոր Զելանդիա"},"mk":{"code":"MK","native":"Северна Македонија","localized":"Հյուսիսային Մակեդոնիա"},"ml":{"code":"IN","native":"ഇന്ത്യ","localized":"Հնդկաստան"},"mn":{"code":"MN","native":"Монгол","localized":"Մոնղոլիա"},"mni_Mtei":{"code":"IN","native":"India","localized":"Հնդկաստան"},"mr":{"code":"IN","native":"भारत","localized":"Հնդկաստան"},"ms":{"code":"MY","native":"Malaysia","localized":"Մալայզիա"},"mt":{"code":"MT","native":"Malta","localized":"Մալթա"},"my":{"code":"MM","native":"မြန်မာ","localized":"Մյանմա (Բիրմա)"},"nb":{"code":"NO","native":"Norge","localized":"Նորվեգիա"},"ne":{"code":"NP","native":"नेपाल","localized":"Նեպալ"},"nl":{"code":"NL","native":"Nederland","localized":"Նիդեռլանդներ"},"nn":{"code":"NO","native":"Noreg","localized":"Նորվեգիա"},"oc":{"code":"FR","native":"Fr","localized":"Ֆրանսիա"},"om":{"code":"ET","native":"Itoophiyaa","localized":"Եթովպիա"},"or":{"code":"IN","native":"ଭାରତ","localized":"Հնդկաստան"},"pa":{"code":"IN","native":"ਭਾਰਤ","localized":"Հնդկաստան"},"pl":{"code":"PL","native":"Polska","localized":"Լեհաստան"},"ps":{"code":"AF","native":"افغانستان","localized":"Աֆղանստան"},"pt":{"code":"BR","native":"Brasil","localized":"Բրազիլիա"},"pt_BR":{"code":"BR","native":"Brasil","localized":"Բրազիլիա"},"qu":{"code":"PE","native":"Perú","localized":"Պերու"},"ro":{"code":"RO","native":"România","localized":"Ռումինիա"},"ru":{"code":"RU","native":"Россия","localized":"Ռուսաստան"},"rw":{"code":"RW","native":"U Rwanda","localized":"Ռուանդա"},"sa":{"code":"IN","native":"भारतः","localized":"Հնդկաստան"},"sc":{"code":"IT","native":"Itàlia","localized":"Իտալիա"},"sd":{"code":"PK","native":"پاڪستان","localized":"Պակիստան"},"si":{"code":"LK","native":"ශ්‍රී ලංකාව","localized":"Շրի Լանկա"},"sk":{"code":"SK","native":"Slovensko","localized":"Սլովակիա"},"sl":{"code":"SI","native":"Slovenija","localized":"Սլովենիա"},"sn":{"code":"ZW","native":"Zimbabwe","localized":"Զիմբաբվե"},"so":{"code":"SO","native":"Soomaaliya","localized":"Սոմալի"},"sq":{"code":"AL","native":"Shqipëri","localized":"Ալբանիա"},"sr_Cyrl":{"code":"RS","native":"Србија","localized":"Սերբիա"},"sr_Latn":{"code":"RS","native":"Serbia","localized":"Սերբիա"},"sr_Latn_ME":{"code":"ME","native":"Montenegro","localized":"Չեռնոգորիա"},"su":{"code":"ID","native":"Indonesia","localized":"Ինդոնեզիա"},"sv":{"code":"SE","native":"Sverige","localized":"Շվեդիա"},"sw":{"code":"TZ","native":"Tanzania","localized":"Տանզանիա"},"ta":{"code":"IN","native":"இந்தியா","localized":"Հնդկաստան"},"te":{"code":"IN","native":"భారతదేశం","localized":"Հնդկաստան"},"tg":{"code":"TJ","native":"Тоҷикистон","localized":"Տաջիկստան"},"th":{"code":"TH","native":"ไทย","localized":"Թայլանդ"},"ti":{"code":"ET","native":"ኢትዮጵያ","localized":"Եթովպիա"},"tk":{"code":"TM","native":"Türkmenistan","localized":"Թուրքմենստան"},"tl":{"code":"PH","native":"Philippines","localized":"Ֆիլիպիններ"},"tr":{"code":"TR","native":"Türkiye","localized":"Թուրքիա"},"tt":{"code":"RU","native":"Россия","localized":"Ռուսաստան"},"ug":{"code":"CN","native":"جۇڭگو","localized":"Չինաստան"},"uk":{"code":"UA","native":"Україна","localized":"Ուկրաինա"},"ur":{"code":"PK","native":"پاکستان","localized":"Պակիստան"},"uz_Cyrl":{"code":"UZ","native":"Uzbekistan","localized":"Ուզբեկստան"},"uz_Latn":{"code":"UZ","native":"Oʻzbekiston","localized":"Ուզբեկստան"},"vi":{"code":"VN","native":"Việt Nam","localized":"Վիետնամ"},"xh":{"code":"ZA","native":"Emzantsi Afrika","localized":"Հարավաֆրիկյան Հանրապետություն"},"yi":{"code":"001","native":"וועלט","localized":"Աշխարհ"},"yo":{"code":"NG","native":"Nàìjíríà","localized":"Նիգերիա"},"zh_CN":{"code":"CN","native":"中国","localized":"Չինաստան"},"zh_HK":{"code":"HK","native":"中国香港特别行政区","localized":"Հոնկոնգի Հվշ"},"zh_TW":{"code":"TW","native":"台湾","localized":"Թայվան"},"zu":{"code":"ZA","native":"Iningizimu Afrika","localized":"Հարավաֆրիկյան Հանրապետություն"}}
