{"af":{"code":"ZA","native":"Suid-Afrika","localized":"Suður-Afríka"},"ak":{"code":"GH","native":"Gaana","localized":"Gana"},"am":{"code":"ET","native":"ኢትዮጵያ","localized":"Eþíópía"},"ar":{"code":"EG","native":"مصر","localized":"Egyptaland"},"as":{"code":"IN","native":"ভাৰত","localized":"Indland"},"az":{"code":"AZ","native":"Azərbaycan","localized":"Aserbaídsjan"},"be":{"code":"BY","native":"Беларусь","localized":"Hvíta-Rússland"},"bg":{"code":"BG","native":"България","localized":"Búlgaría"},"bho":{"code":"IN","native":"भारत","localized":"Indland"},"bm":{"code":"ML","native":"Mali","localized":"Malí"},"bn":{"code":"BD","native":"বাংলাদেশ","localized":"Bangladess"},"bs":{"code":"BA","native":"Bosna I Hercegovina","localized":"Bosnía Og Hersegóvína"},"ca":{"code":"ES","native":"Espanya","localized":"Spánn"},"ceb":{"code":"PH","native":"Pilipinas","localized":"Filippseyjar"},"ckb":{"code":"IQ","native":"عێراق","localized":"Írak"},"cs":{"code":"CZ","native":"Česko","localized":"Tékkland"},"cy":{"code":"GB","native":"Y Deyrnas Unedig","localized":"Bretland"},"da":{"code":"DK","native":"Danmark","localized":"Danmörk"},"de":{"code":"DE","native":"Deutschland","localized":"Þýskaland"},"de_CH":{"code":"CH","native":"Schweiz","localized":"Sviss"},"doi":{"code":"IN","native":"भारत","localized":"Indland"},"ee":{"code":"GH","native":"Ghana Nutome","localized":"Gana"},"el":{"code":"GR","native":"Ελλάδα","localized":"Grikkland"},"en":{"code":"US","native":"United States","localized":"Bandaríkin"},"en_CA":{"code":"CA","native":"Canada","localized":"Kanada"},"eo":{"code":"001","native":"Mondo","localized":"Heimurinn"},"es":{"code":"ES","native":"España","localized":"Spánn"},"et":{"code":"EE","native":"Eesti","localized":"Eistland"},"eu":{"code":"ES","native":"Espainia","localized":"Spánn"},"fa":{"code":"IR","native":"ایران","localized":"Íran"},"fi":{"code":"FI","native":"Suomi","localized":"Finnland"},"fil":{"code":"PH","native":"Pilipinas","localized":"Filippseyjar"},"fr":{"code":"FR","native":"France","localized":"Frakkland"},"fy":{"code":"NL","native":"Nederlân","localized":"Holland"},"ga":{"code":"IE","native":"Éire","localized":"Írland"},"gd":{"code":"GB","native":"An Rìoghachd Aonaichte","localized":"Bretland"},"gl":{"code":"ES","native":"España","localized":"Spánn"},"gu":{"code":"IN","native":"ભારત","localized":"Indland"},"ha":{"code":"NG","native":"Nijeriya","localized":"Nígería"},"haw":{"code":"US","native":"ʻAmelika Hui Pū ʻIa","localized":"Bandaríkin"},"he":{"code":"IL","native":"ישראל","localized":"Ísrael"},"hi":{"code":"IN","native":"भारत","localized":"Indland"},"hr":{"code":"HR","native":"Hrvatska","localized":"Króatía"},"hu":{"code":"HU","native":"Magyarország","localized":"Ungverjaland"},"hy":{"code":"AM","native":"Հայաստան","localized":"Armenía"},"id":{"code":"ID","native":"Indonesia","localized":"Indónesía"},"ig":{"code":"NG","native":"Naịjịrịa","localized":"Nígería"},"is":{"code":"IS","native":"Ísland","localized":"Ísland"},"it":{"code":"IT","native":"Italia","localized":"Ítalía"},"ja":{"code":"JP","native":"日本","localized":"Japan"},"ka":{"code":"GE","native":"საქართველო","localized":"Georgía"},"kk":{"code":"KZ","native":"Қазақстан","localized":"Kasakstan"},"km":{"code":"KH","native":"កម្ពុជា","localized":"Kambódía"},"kn":{"code":"IN","native":"ಭಾರತ","localized":"Indland"},"ko":{"code":"KR","native":"대한민국","localized":"Suður-Kórea"},"ku":{"code":"TR","native":"Tirkiye","localized":"Tyrkland"},"ky":{"code":"KG","native":"Кыргызстан","localized":"Kirgistan"},"lb":{"code":"LU","native":"Lëtzebuerg","localized":"Lúxemborg"},"lg":{"code":"UG","native":"Yuganda","localized":"Úganda"},"ln":{"code":"CD","native":"Republíki Ya Kongó Demokratíki","localized":"Kongó-Kinshasa"},"lo":{"code":"LA","native":"ລາວ","localized":"Laos"},"lt":{"code":"LT","native":"Lietuva","localized":"Litháen"},"lv":{"code":"LV","native":"Latvija","localized":"Lettland"},"mai":{"code":"IN","native":"भारत","localized":"Indland"},"mg":{"code":"MG","native":"Madagasikara","localized":"Madagaskar"},"mi":{"code":"NZ","native":"Aotearoa","localized":"Nýja-Sjáland"},"mk":{"code":"MK","native":"Северна Македонија","localized":"Norður-Makedónía"},"ml":{"code":"IN","native":"ഇന്ത്യ","localized":"Indland"},"mn":{"code":"MN","native":"Монгол","localized":"Mongólía"},"mni_Mtei":{"code":"IN","native":"India","localized":"Indland"},"mr":{"code":"IN","native":"भारत","localized":"Indland"},"ms":{"code":"MY","native":"Malaysia","localized":"Malasía"},"mt":{"code":"MT","native":"Malta","localized":"Malta"},"my":{"code":"MM","native":"မြန်မာ","localized":"Mjanmar (Búrma)"},"nb":{"code":"NO","native":"Norge","localized":"Noregur"},"ne":{"code":"NP","native":"नेपाल","localized":"Nepal"},"nl":{"code":"NL","native":"Nederland","localized":"Holland"},"nn":{"code":"NO","native":"Noreg","localized":"Noregur"},"oc":{"code":"FR","native":"Fr","localized":"Frakkland"},"om":{"code":"ET","native":"Itoophiyaa","localized":"Eþíópía"},"or":{"code":"IN","native":"ଭାରତ","localized":"Indland"},"pa":{"code":"IN","native":"ਭਾਰਤ","localized":"Indland"},"pl":{"code":"PL","native":"Polska","localized":"Pólland"},"ps":{"code":"AF","native":"افغانستان","localized":"Afganistan"},"pt":{"code":"BR","native":"Brasil","localized":"Brasilía"},"pt_BR":{"code":"BR","native":"Brasil","localized":"Brasilía"},"qu":{"code":"PE","native":"Perú","localized":"Perú"},"ro":{"code":"RO","native":"România","localized":"Rúmenía"},"ru":{"code":"RU","native":"Россия","localized":"Rússland"},"rw":{"code":"RW","native":"U Rwanda","localized":"Rúanda"},"sa":{"code":"IN","native":"भारतः","localized":"Indland"},"sc":{"code":"IT","native":"Itàlia","localized":"Ítalía"},"sd":{"code":"PK","native":"پاڪستان","localized":"Pakistan"},"si":{"code":"LK","native":"ශ්‍රී ලංකාව","localized":"Srí Lanka"},"sk":{"code":"SK","native":"Slovensko","localized":"Slóvakía"},"sl":{"code":"SI","native":"Slovenija","localized":"Slóvenía"},"sn":{"code":"ZW","native":"Zimbabwe","localized":"Simbabve"},"so":{"code":"SO","native":"Soomaaliya","localized":"Sómalía"},"sq":{"code":"AL","native":"Shqipëri","localized":"Albanía"},"sr_Cyrl":{"code":"RS","native":"Србија","localized":"Serbía"},"sr_Latn":{"code":"RS","native":"Serbia","localized":"Serbía"},"sr_Latn_ME":{"code":"ME","native":"Montenegro","localized":"Svartfjallaland"},"su":{"code":"ID","native":"Indonesia","localized":"Indónesía"},"sv":{"code":"SE","native":"Sverige","localized":"Svíþjóð"},"sw":{"code":"TZ","native":"Tanzania","localized":"Tansanía"},"ta":{"code":"IN","native":"இந்தியா","localized":"Indland"},"te":{"code":"IN","native":"భారతదేశం","localized":"Indland"},"tg":{"code":"TJ","native":"Тоҷикистон","localized":"Tadsíkistan"},"th":{"code":"TH","native":"ไทย","localized":"Taíland"},"ti":{"code":"ET","native":"ኢትዮጵያ","localized":"Eþíópía"},"tk":{"code":"TM","native":"Türkmenistan","localized":"Túrkmenistan"},"tl":{"code":"PH","native":"Philippines","localized":"Filippseyjar"},"tr":{"code":"TR","native":"Türkiye","localized":"Tyrkland"},"tt":{"code":"RU","native":"Россия","localized":"Rússland"},"ug":{"code":"CN","native":"جۇڭگو","localized":"Kína"},"uk":{"code":"UA","native":"Україна","localized":"Úkraína"},"ur":{"code":"PK","native":"پاکستان","localized":"Pakistan"},"uz_Cyrl":{"code":"UZ","native":"Uzbekistan","localized":"Úsbekistan"},"uz_Latn":{"code":"UZ","native":"Oʻzbekiston","localized":"Úsbekistan"},"vi":{"code":"VN","native":"Việt Nam","localized":"Víetnam"},"xh":{"code":"ZA","native":"Emzantsi Afrika","localized":"Suður-Afríka"},"yi":{"code":"001","native":"וועלט","localized":"Heimurinn"},"yo":{"code":"NG","native":"Nàìjíríà","localized":"Nígería"},"zh_CN":{"code":"CN","native":"中国","localized":"Kína"},"zh_HK":{"code":"HK","native":"中国香港特别行政区","localized":"Sérstjórnarsvæðið Hong Kong"},"zh_TW":{"code":"TW","native":"台湾","localized":"Taívan"},"zu":{"code":"ZA","native":"Iningizimu Afrika","localized":"Suður-Afríka"}}
