{"af":{"code":"ZA","native":"Suid-Afrika","localized":"南アフリカ"},"ak":{"code":"GH","native":"Gaana","localized":"ガーナ"},"am":{"code":"ET","native":"ኢትዮጵያ","localized":"エチオピア"},"ar":{"code":"EG","native":"مصر","localized":"エジプト"},"as":{"code":"IN","native":"ভাৰত","localized":"インド"},"az":{"code":"AZ","native":"Azərbaycan","localized":"アゼルバイジャン"},"be":{"code":"BY","native":"Беларусь","localized":"ベラルーシ"},"bg":{"code":"BG","native":"България","localized":"ブルガリア"},"bho":{"code":"IN","native":"भारत","localized":"インド"},"bm":{"code":"ML","native":"Mali","localized":"マリ"},"bn":{"code":"BD","native":"বাংলাদেশ","localized":"バングラデシュ"},"bs":{"code":"BA","native":"Bosna I Hercegovina","localized":"ボスニア・ヘルツェゴビナ"},"ca":{"code":"ES","native":"Espanya","localized":"スペイン"},"ceb":{"code":"PH","native":"Pilipinas","localized":"フィリピン"},"ckb":{"code":"IQ","native":"عێراق","localized":"イラク"},"cs":{"code":"CZ","native":"Česko","localized":"チェコ"},"cy":{"code":"GB","native":"Y Deyrnas Unedig","localized":"イギリス"},"da":{"code":"DK","native":"Danmark","localized":"デンマーク"},"de":{"code":"DE","native":"Deutschland","localized":"ドイツ"},"de_CH":{"code":"CH","native":"Schweiz","localized":"スイス"},"doi":{"code":"IN","native":"भारत","localized":"インド"},"ee":{"code":"GH","native":"Ghana Nutome","localized":"ガーナ"},"el":{"code":"GR","native":"Ελλάδα","localized":"ギリシャ"},"en":{"code":"US","native":"United States","localized":"アメリカ合衆国"},"en_CA":{"code":"CA","native":"Canada","localized":"カナダ"},"eo":{"code":"001","native":"Mondo","localized":"世界"},"es":{"code":"ES","native":"España","localized":"スペイン"},"et":{"code":"EE","native":"Eesti","localized":"エストニア"},"eu":{"code":"ES","native":"Espainia","localized":"スペイン"},"fa":{"code":"IR","native":"ایران","localized":"イラン"},"fi":{"code":"FI","native":"Suomi","localized":"フィンランド"},"fil":{"code":"PH","native":"Pilipinas","localized":"フィリピン"},"fr":{"code":"FR","native":"France","localized":"フランス"},"fy":{"code":"NL","native":"Nederlân","localized":"オランダ"},"ga":{"code":"IE","native":"Éire","localized":"アイルランド"},"gd":{"code":"GB","native":"An Rìoghachd Aonaichte","localized":"イギリス"},"gl":{"code":"ES","native":"España","localized":"スペイン"},"gu":{"code":"IN","native":"ભારત","localized":"インド"},"ha":{"code":"NG","native":"Nijeriya","localized":"ナイジェリア"},"haw":{"code":"US","native":"ʻAmelika Hui Pū ʻIa","localized":"アメリカ合衆国"},"he":{"code":"IL","native":"ישראל","localized":"イスラエル"},"hi":{"code":"IN","native":"भारत","localized":"インド"},"hr":{"code":"HR","native":"Hrvatska","localized":"クロアチア"},"hu":{"code":"HU","native":"Magyarország","localized":"ハンガリー"},"hy":{"code":"AM","native":"Հայաստան","localized":"アルメニア"},"id":{"code":"ID","native":"Indonesia","localized":"インドネシア"},"ig":{"code":"NG","native":"Naịjịrịa","localized":"ナイジェリア"},"is":{"code":"IS","native":"Ísland","localized":"アイスランド"},"it":{"code":"IT","native":"Italia","localized":"イタリア"},"ja":{"code":"JP","native":"日本","localized":"日本"},"ka":{"code":"GE","native":"საქართველო","localized":"ジョージア"},"kk":{"code":"KZ","native":"Қазақстан","localized":"カザフスタン"},"km":{"code":"KH","native":"កម្ពុជា","localized":"カンボジア"},"kn":{"code":"IN","native":"ಭಾರತ","localized":"インド"},"ko":{"code":"KR","native":"대한민국","localized":"韓国"},"ku":{"code":"TR","native":"Tirkiye","localized":"トルコ"},"ky":{"code":"KG","native":"Кыргызстан","localized":"キルギス"},"lb":{"code":"LU","native":"Lëtzebuerg","localized":"ルクセンブルク"},"lg":{"code":"UG","native":"Yuganda","localized":"ウガンダ"},"ln":{"code":"CD","native":"Republíki Ya Kongó Demokratíki","localized":"コンゴ民主共和国(キンシャサ)"},"lo":{"code":"LA","native":"ລາວ","localized":"ラオス"},"lt":{"code":"LT","native":"Lietuva","localized":"リトアニア"},"lv":{"code":"LV","native":"Latvija","localized":"ラトビア"},"mai":{"code":"IN","native":"भारत","localized":"インド"},"mg":{"code":"MG","native":"Madagasikara","localized":"マダガスカル"},"mi":{"code":"NZ","native":"Aotearoa","localized":"ニュージーランド"},"mk":{"code":"MK","native":"Северна Македонија","localized":"北マケドニア"},"ml":{"code":"IN","native":"ഇന്ത്യ","localized":"インド"},"mn":{"code":"MN","native":"Монгол","localized":"モンゴル"},"mni_Mtei":{"code":"IN","native":"India","localized":"インド"},"mr":{"code":"IN","native":"भारत","localized":"インド"},"ms":{"code":"MY","native":"Malaysia","localized":"マレーシア"},"mt":{"code":"MT","native":"Malta","localized":"マルタ"},"my":{"code":"MM","native":"မြန်မာ","localized":"ミャンマー (ビルマ)"},"nb":{"code":"NO","native":"Norge","localized":"ノルウェー"},"ne":{"code":"NP","native":"नेपाल","localized":"ネパール"},"nl":{"code":"NL","native":"Nederland","localized":"オランダ"},"nn":{"code":"NO","native":"Noreg","localized":"ノルウェー"},"oc":{"code":"FR","native":"Fr","localized":"フランス"},"om":{"code":"ET","native":"Itoophiyaa","localized":"エチオピア"},"or":{"code":"IN","native":"ଭାରତ","localized":"インド"},"pa":{"code":"IN","native":"ਭਾਰਤ","localized":"インド"},"pl":{"code":"PL","native":"Polska","localized":"ポーランド"},"ps":{"code":"AF","native":"افغانستان","localized":"アフガニスタン"},"pt":{"code":"BR","native":"Brasil","localized":"ブラジル"},"pt_BR":{"code":"BR","native":"Brasil","localized":"ブラジル"},"qu":{"code":"PE","native":"Perú","localized":"ペルー"},"ro":{"code":"RO","native":"România","localized":"ルーマニア"},"ru":{"code":"RU","native":"Россия","localized":"ロシア"},"rw":{"code":"RW","native":"U Rwanda","localized":"ルワンダ"},"sa":{"code":"IN","native":"भारतः","localized":"インド"},"sc":{"code":"IT","native":"Itàlia","localized":"イタリア"},"sd":{"code":"PK","native":"پاڪستان","localized":"パキスタン"},"si":{"code":"LK","native":"ශ්‍රී ලංකාව","localized":"スリランカ"},"sk":{"code":"SK","native":"Slovensko","localized":"スロバキア"},"sl":{"code":"SI","native":"Slovenija","localized":"スロベニア"},"sn":{"code":"ZW","native":"Zimbabwe","localized":"ジンバブエ"},"so":{"code":"SO","native":"Soomaaliya","localized":"ソマリア"},"sq":{"code":"AL","native":"Shqipëri","localized":"アルバニア"},"sr_Cyrl":{"code":"RS","native":"Србија","localized":"セルビア"},"sr_Latn":{"code":"RS","native":"Serbia","localized":"セルビア"},"sr_Latn_ME":{"code":"ME","native":"Montenegro","localized":"モンテネグロ"},"su":{"code":"ID","native":"Indonesia","localized":"インドネシア"},"sv":{"code":"SE","native":"Sverige","localized":"スウェーデン"},"sw":{"code":"TZ","native":"Tanzania","localized":"タンザニア"},"ta":{"code":"IN","native":"இந்தியா","localized":"インド"},"te":{"code":"IN","native":"భారతదేశం","localized":"インド"},"tg":{"code":"TJ","native":"Тоҷикистон","localized":"タジキスタン"},"th":{"code":"TH","native":"ไทย","localized":"タイ"},"ti":{"code":"ET","native":"ኢትዮጵያ","localized":"エチオピア"},"tk":{"code":"TM","native":"Türkmenistan","localized":"トルクメニスタン"},"tl":{"code":"PH","native":"Philippines","localized":"フィリピン"},"tr":{"code":"TR","native":"Türkiye","localized":"トルコ"},"tt":{"code":"RU","native":"Россия","localized":"ロシア"},"ug":{"code":"CN","native":"جۇڭگو","localized":"中国"},"uk":{"code":"UA","native":"Україна","localized":"ウクライナ"},"ur":{"code":"PK","native":"پاکستان","localized":"パキスタン"},"uz_Cyrl":{"code":"UZ","native":"Uzbekistan","localized":"ウズベキスタン"},"uz_Latn":{"code":"UZ","native":"Oʻzbekiston","localized":"ウズベキスタン"},"vi":{"code":"VN","native":"Việt Nam","localized":"ベトナム"},"xh":{"code":"ZA","native":"Emzantsi Afrika","localized":"南アフリカ"},"yi":{"code":"001","native":"וועלט","localized":"世界"},"yo":{"code":"NG","native":"Nàìjíríà","localized":"ナイジェリア"},"zh_CN":{"code":"CN","native":"中国","localized":"中国"},"zh_HK":{"code":"HK","native":"中国香港特别行政区","localized":"中華人民共和国香港特別行政区"},"zh_TW":{"code":"TW","native":"台湾","localized":"台湾"},"zu":{"code":"ZA","native":"Iningizimu Afrika","localized":"南アフリカ"}}
