{"af":{"code":"ZA","native":"Suid-Afrika","localized":"სამხრეთ აფრიკის რესპუბლიკა"},"ak":{"code":"GH","native":"Gaana","localized":"განა"},"am":{"code":"ET","native":"ኢትዮጵያ","localized":"ეთიოპია"},"ar":{"code":"EG","native":"مصر","localized":"ეგვიპტე"},"as":{"code":"IN","native":"ভাৰত","localized":"ინდოეთი"},"az":{"code":"AZ","native":"Azərbaycan","localized":"აზერბაიჯანი"},"be":{"code":"BY","native":"Беларусь","localized":"ბელარუსი"},"bg":{"code":"BG","native":"България","localized":"ბულგარეთი"},"bho":{"code":"IN","native":"भारत","localized":"ინდოეთი"},"bm":{"code":"ML","native":"Mali","localized":"მალი"},"bn":{"code":"BD","native":"বাংলাদেশ","localized":"ბანგლადეში"},"bs":{"code":"BA","native":"Bosna I Hercegovina","localized":"ბოსნია და ჰერცეგოვინა"},"ca":{"code":"ES","native":"Espanya","localized":"ესპანეთი"},"ceb":{"code":"PH","native":"Pilipinas","localized":"ფილიპინები"},"ckb":{"code":"IQ","native":"عێراق","localized":"ერაყი"},"cs":{"code":"CZ","native":"Česko","localized":"ჩეხეთი"},"cy":{"code":"GB","native":"Y Deyrnas Unedig","localized":"გაერთიანებული სამეფო"},"da":{"code":"DK","native":"Danmark","localized":"დანია"},"de":{"code":"DE","native":"Deutschland","localized":"გერმანია"},"de_CH":{"code":"CH","native":"Schweiz","localized":"შვეიცარია"},"doi":{"code":"IN","native":"भारत","localized":"ინდოეთი"},"ee":{"code":"GH","native":"Ghana Nutome","localized":"განა"},"el":{"code":"GR","native":"Ελλάδα","localized":"საბერძნეთი"},"en":{"code":"US","native":"United States","localized":"ამერიკის შეერთებული შტატები"},"en_CA":{"code":"CA","native":"Canada","localized":"კანადა"},"eo":{"code":"001","native":"Mondo","localized":"მსოფლიო"},"es":{"code":"ES","native":"España","localized":"ესპანეთი"},"et":{"code":"EE","native":"Eesti","localized":"ესტონეთი"},"eu":{"code":"ES","native":"Espainia","localized":"ესპანეთი"},"fa":{"code":"IR","native":"ایران","localized":"ირანი"},"fi":{"code":"FI","native":"Suomi","localized":"ფინეთი"},"fil":{"code":"PH","native":"Pilipinas","localized":"ფილიპინები"},"fr":{"code":"FR","native":"France","localized":"საფრანგეთი"},"fy":{"code":"NL","native":"Nederlân","localized":"ნიდერლანდები"},"ga":{"code":"IE","native":"Éire","localized":"ირლანდია"},"gd":{"code":"GB","native":"An Rìoghachd Aonaichte","localized":"გაერთიანებული სამეფო"},"gl":{"code":"ES","native":"España","localized":"ესპანეთი"},"gu":{"code":"IN","native":"ભારત","localized":"ინდოეთი"},"ha":{"code":"NG","native":"Nijeriya","localized":"ნიგერია"},"haw":{"code":"US","native":"ʻAmelika Hui Pū ʻIa","localized":"ამერიკის შეერთებული შტატები"},"he":{"code":"IL","native":"ישראל","localized":"ისრაელი"},"hi":{"code":"IN","native":"भारत","localized":"ინდოეთი"},"hr":{"code":"HR","native":"Hrvatska","localized":"ხორვატია"},"hu":{"code":"HU","native":"Magyarország","localized":"უნგრეთი"},"hy":{"code":"AM","native":"Հայաստան","localized":"სომხეთი"},"id":{"code":"ID","native":"Indonesia","localized":"ინდონეზია"},"ig":{"code":"NG","native":"Naịjịrịa","localized":"ნიგერია"},"is":{"code":"IS","native":"Ísland","localized":"ისლანდია"},"it":{"code":"IT","native":"Italia","localized":"იტალია"},"ja":{"code":"JP","native":"日本","localized":"იაპონია"},"ka":{"code":"GE","native":"საქართველო","localized":"საქართველო"},"kk":{"code":"KZ","native":"Қазақстан","localized":"ყაზახეთი"},"km":{"code":"KH","native":"កម្ពុជា","localized":"კამბოჯა"},"kn":{"code":"IN","native":"ಭಾರತ","localized":"ინდოეთი"},"ko":{"code":"KR","native":"대한민국","localized":"სამხრეთ კორეა"},"ku":{"code":"TR","native":"Tirkiye","localized":"თურქეთი"},"ky":{"code":"KG","native":"Кыргызстан","localized":"ყირგიზეთი"},"lb":{"code":"LU","native":"Lëtzebuerg","localized":"ლუქსემბურგი"},"lg":{"code":"UG","native":"Yuganda","localized":"უგანდა"},"ln":{"code":"CD","native":"Republíki Ya Kongó Demokratíki","localized":"კონგო - კინშასა"},"lo":{"code":"LA","native":"ລາວ","localized":"ლაოსი"},"lt":{"code":"LT","native":"Lietuva","localized":"ლიეტუვა"},"lv":{"code":"LV","native":"Latvija","localized":"ლატვია"},"mai":{"code":"IN","native":"भारत","localized":"ინდოეთი"},"mg":{"code":"MG","native":"Madagasikara","localized":"მადაგასკარი"},"mi":{"code":"NZ","native":"Aotearoa","localized":"ახალი ზელანდია"},"mk":{"code":"MK","native":"Северна Македонија","localized":"ჩრდილოეთ მაკედონია"},"ml":{"code":"IN","native":"ഇന്ത്യ","localized":"ინდოეთი"},"mn":{"code":"MN","native":"Монгол","localized":"მონღოლეთი"},"mni_Mtei":{"code":"IN","native":"India","localized":"ინდოეთი"},"mr":{"code":"IN","native":"भारत","localized":"ინდოეთი"},"ms":{"code":"MY","native":"Malaysia","localized":"მალაიზია"},"mt":{"code":"MT","native":"Malta","localized":"მალტა"},"my":{"code":"MM","native":"မြန်မာ","localized":"მიანმარი (ბირმა)"},"nb":{"code":"NO","native":"Norge","localized":"ნორვეგია"},"ne":{"code":"NP","native":"नेपाल","localized":"ნეპალი"},"nl":{"code":"NL","native":"Nederland","localized":"ნიდერლანდები"},"nn":{"code":"NO","native":"Noreg","localized":"ნორვეგია"},"oc":{"code":"FR","native":"Fr","localized":"საფრანგეთი"},"om":{"code":"ET","native":"Itoophiyaa","localized":"ეთიოპია"},"or":{"code":"IN","native":"ଭାରତ","localized":"ინდოეთი"},"pa":{"code":"IN","native":"ਭਾਰਤ","localized":"ინდოეთი"},"pl":{"code":"PL","native":"Polska","localized":"პოლონეთი"},"ps":{"code":"AF","native":"افغانستان","localized":"ავღანეთი"},"pt":{"code":"BR","native":"Brasil","localized":"ბრაზილია"},"pt_BR":{"code":"BR","native":"Brasil","localized":"ბრაზილია"},"qu":{"code":"PE","native":"Perú","localized":"პერუ"},"ro":{"code":"RO","native":"România","localized":"რუმინეთი"},"ru":{"code":"RU","native":"Россия","localized":"რუსეთი"},"rw":{"code":"RW","native":"U Rwanda","localized":"რუანდა"},"sa":{"code":"IN","native":"भारतः","localized":"ინდოეთი"},"sc":{"code":"IT","native":"Itàlia","localized":"იტალია"},"sd":{"code":"PK","native":"پاڪستان","localized":"პაკისტანი"},"si":{"code":"LK","native":"ශ්‍රී ලංකාව","localized":"შრი-ლანკა"},"sk":{"code":"SK","native":"Slovensko","localized":"სლოვაკეთი"},"sl":{"code":"SI","native":"Slovenija","localized":"სლოვენია"},"sn":{"code":"ZW","native":"Zimbabwe","localized":"ზიმბაბვე"},"so":{"code":"SO","native":"Soomaaliya","localized":"სომალი"},"sq":{"code":"AL","native":"Shqipëri","localized":"ალბანეთი"},"sr_Cyrl":{"code":"RS","native":"Србија","localized":"სერბეთი"},"sr_Latn":{"code":"RS","native":"Serbia","localized":"სერბეთი"},"sr_Latn_ME":{"code":"ME","native":"Montenegro","localized":"მონტენეგრო"},"su":{"code":"ID","native":"Indonesia","localized":"ინდონეზია"},"sv":{"code":"SE","native":"Sverige","localized":"შვედეთი"},"sw":{"code":"TZ","native":"Tanzania","localized":"ტანზანია"},"ta":{"code":"IN","native":"இந்தியா","localized":"ინდოეთი"},"te":{"code":"IN","native":"భారతదేశం","localized":"ინდოეთი"},"tg":{"code":"TJ","native":"Тоҷикистон","localized":"ტაჯიკეთი"},"th":{"code":"TH","native":"ไทย","localized":"ტაილანდი"},"ti":{"code":"ET","native":"ኢትዮጵያ","localized":"ეთიოპია"},"tk":{"code":"TM","native":"Türkmenistan","localized":"თურქმენეთი"},"tl":{"code":"PH","native":"Philippines","localized":"ფილიპინები"},"tr":{"code":"TR","native":"Türkiye","localized":"თურქეთი"},"tt":{"code":"RU","native":"Россия","localized":"რუსეთი"},"ug":{"code":"CN","native":"جۇڭگو","localized":"ჩინეთი"},"uk":{"code":"UA","native":"Україна","localized":"უკრაინა"},"ur":{"code":"PK","native":"پاکستان","localized":"პაკისტანი"},"uz_Cyrl":{"code":"UZ","native":"Uzbekistan","localized":"უზბეკეთი"},"uz_Latn":{"code":"UZ","native":"Oʻzbekiston","localized":"უზბეკეთი"},"vi":{"code":"VN","native":"Việt Nam","localized":"ვიეტნამი"},"xh":{"code":"ZA","native":"Emzantsi Afrika","localized":"სამხრეთ აფრიკის რესპუბლიკა"},"yi":{"code":"001","native":"וועלט","localized":"მსოფლიო"},"yo":{"code":"NG","native":"Nàìjíríà","localized":"ნიგერია"},"zh_CN":{"code":"CN","native":"中国","localized":"ჩინეთი"},"zh_HK":{"code":"HK","native":"中国香港特别行政区","localized":"ჰონკონგის სპეციალური ადმინისტრაციული რეგიონი, ჩინეთი"},"zh_TW":{"code":"TW","native":"台湾","localized":"ტაივანი"},"zu":{"code":"ZA","native":"Iningizimu Afrika","localized":"სამხრეთ აფრიკის რესპუბლიკა"}}
