{"af":{"code":"ZA","native":"Suid-Afrika","localized":"អាហ្វ្រិកខាងត្បូង"},"ak":{"code":"GH","native":"Gaana","localized":"ហ្គាណា"},"am":{"code":"ET","native":"ኢትዮጵያ","localized":"អេត្យូពី"},"ar":{"code":"EG","native":"مصر","localized":"អេហ្ស៊ីប"},"as":{"code":"IN","native":"ভাৰত","localized":"ឥណ្ឌា"},"az":{"code":"AZ","native":"Azərbaycan","localized":"អាស៊ែបៃហ្សង់"},"be":{"code":"BY","native":"Беларусь","localized":"បេឡារុស"},"bg":{"code":"BG","native":"България","localized":"ប៊ុលហ្ការី"},"bho":{"code":"IN","native":"भारत","localized":"ឥណ្ឌា"},"bm":{"code":"ML","native":"Mali","localized":"ម៉ាលី"},"bn":{"code":"BD","native":"বাংলাদেশ","localized":"បង់ក្លាដែស"},"bs":{"code":"BA","native":"Bosna I Hercegovina","localized":"បូស្ន៊ី និងហឺហ្ស៊ីហ្គូវីណា"},"ca":{"code":"ES","native":"Espanya","localized":"អេស្ប៉ាញ"},"ceb":{"code":"PH","native":"Pilipinas","localized":"ហ្វ៊ីលីពីន"},"ckb":{"code":"IQ","native":"عێراق","localized":"អ៊ីរ៉ាក់"},"cs":{"code":"CZ","native":"Česko","localized":"ឆែក"},"cy":{"code":"GB","native":"Y Deyrnas Unedig","localized":"ចក្រភព​អង់គ្លេស"},"da":{"code":"DK","native":"Danmark","localized":"ដាណឺម៉ាក"},"de":{"code":"DE","native":"Deutschland","localized":"អាល្លឺម៉ង់"},"de_CH":{"code":"CH","native":"Schweiz","localized":"ស្វ៊ីស"},"doi":{"code":"IN","native":"भारत","localized":"ឥណ្ឌា"},"ee":{"code":"GH","native":"Ghana Nutome","localized":"ហ្គាណា"},"el":{"code":"GR","native":"Ελλάδα","localized":"ក្រិក"},"en":{"code":"US","native":"United States","localized":"សហរដ្ឋអាមេរិក"},"en_CA":{"code":"CA","native":"Canada","localized":"កាណាដា"},"eo":{"code":"001","native":"Mondo","localized":"ពិភពលោក"},"es":{"code":"ES","native":"España","localized":"អេស្ប៉ាញ"},"et":{"code":"EE","native":"Eesti","localized":"អេស្តូនី"},"eu":{"code":"ES","native":"Espainia","localized":"អេស្ប៉ាញ"},"fa":{"code":"IR","native":"ایران","localized":"អ៊ីរ៉ង់"},"fi":{"code":"FI","native":"Suomi","localized":"ហ្វាំងឡង់"},"fil":{"code":"PH","native":"Pilipinas","localized":"ហ្វ៊ីលីពីន"},"fr":{"code":"FR","native":"France","localized":"បារាំង"},"fy":{"code":"NL","native":"Nederlân","localized":"ហូឡង់"},"ga":{"code":"IE","native":"Éire","localized":"អៀរឡង់"},"gd":{"code":"GB","native":"An Rìoghachd Aonaichte","localized":"ចក្រភព​អង់គ្លេស"},"gl":{"code":"ES","native":"España","localized":"អេស្ប៉ាញ"},"gu":{"code":"IN","native":"ભારત","localized":"ឥណ្ឌា"},"ha":{"code":"NG","native":"Nijeriya","localized":"នីហ្សេរីយ៉ា"},"haw":{"code":"US","native":"ʻAmelika Hui Pū ʻIa","localized":"សហរដ្ឋអាមេរិក"},"he":{"code":"IL","native":"ישראל","localized":"អ៊ីស្រាអែល"},"hi":{"code":"IN","native":"भारत","localized":"ឥណ្ឌា"},"hr":{"code":"HR","native":"Hrvatska","localized":"ក្រូអាស៊ី"},"hu":{"code":"HU","native":"Magyarország","localized":"ហុងគ្រី"},"hy":{"code":"AM","native":"Հայաստան","localized":"អាមេនី"},"id":{"code":"ID","native":"Indonesia","localized":"ឥណ្ឌូណេស៊ី"},"ig":{"code":"NG","native":"Naịjịrịa","localized":"នីហ្សេរីយ៉ា"},"is":{"code":"IS","native":"Ísland","localized":"អ៊ីស្លង់"},"it":{"code":"IT","native":"Italia","localized":"អ៊ីតាលី"},"ja":{"code":"JP","native":"日本","localized":"ជប៉ុន"},"ka":{"code":"GE","native":"საქართველო","localized":"ហ្សកហ្ស៊ី"},"kk":{"code":"KZ","native":"Қазақстан","localized":"កាហ្សាក់ស្ថាន"},"km":{"code":"KH","native":"កម្ពុជា","localized":"កម្ពុជា"},"kn":{"code":"IN","native":"ಭಾರತ","localized":"ឥណ្ឌា"},"ko":{"code":"KR","native":"대한민국","localized":"កូរ៉េ​ខាង​ត្បូង"},"ku":{"code":"TR","native":"Tirkiye","localized":"តួកគី"},"ky":{"code":"KG","native":"Кыргызстан","localized":"កៀហ្ស៊ីស៊ីស្ថាន"},"lb":{"code":"LU","native":"Lëtzebuerg","localized":"លុចសំបួ"},"lg":{"code":"UG","native":"Yuganda","localized":"អ៊ូហ្គង់ដា"},"ln":{"code":"CD","native":"Republíki Ya Kongó Demokratíki","localized":"កុងហ្គោ- គីនស្ហាសា"},"lo":{"code":"LA","native":"ລາວ","localized":"ឡាវ"},"lt":{"code":"LT","native":"Lietuva","localized":"លីទុយអានី"},"lv":{"code":"LV","native":"Latvija","localized":"ឡេតូនី"},"mai":{"code":"IN","native":"भारत","localized":"ឥណ្ឌា"},"mg":{"code":"MG","native":"Madagasikara","localized":"ម៉ាដាហ្គាស្កា"},"mi":{"code":"NZ","native":"Aotearoa","localized":"នូវែល​សេឡង់"},"mk":{"code":"MK","native":"Северна Македонија","localized":"ម៉ាសេដ្វានខាងជើង"},"ml":{"code":"IN","native":"ഇന്ത്യ","localized":"ឥណ្ឌា"},"mn":{"code":"MN","native":"Монгол","localized":"ម៉ុងហ្គោលី"},"mni_Mtei":{"code":"IN","native":"India","localized":"ឥណ្ឌា"},"mr":{"code":"IN","native":"भारत","localized":"ឥណ្ឌា"},"ms":{"code":"MY","native":"Malaysia","localized":"ម៉ាឡេស៊ី"},"mt":{"code":"MT","native":"Malta","localized":"ម៉ាល់ត៍"},"my":{"code":"MM","native":"မြန်မာ","localized":"មីយ៉ាន់ម៉ា (ភូមា)"},"nb":{"code":"NO","native":"Norge","localized":"ន័រវែស"},"ne":{"code":"NP","native":"नेपाल","localized":"នេប៉ាល់"},"nl":{"code":"NL","native":"Nederland","localized":"ហូឡង់"},"nn":{"code":"NO","native":"Noreg","localized":"ន័រវែស"},"oc":{"code":"FR","native":"Fr","localized":"បារាំង"},"om":{"code":"ET","native":"Itoophiyaa","localized":"អេត្យូពី"},"or":{"code":"IN","native":"ଭାରତ","localized":"ឥណ្ឌា"},"pa":{"code":"IN","native":"ਭਾਰਤ","localized":"ឥណ្ឌា"},"pl":{"code":"PL","native":"Polska","localized":"ប៉ូឡូញ"},"ps":{"code":"AF","native":"افغانستان","localized":"អាហ្វហ្កានីស្ថាន"},"pt":{"code":"BR","native":"Brasil","localized":"ប្រេស៊ីល"},"pt_BR":{"code":"BR","native":"Brasil","localized":"ប្រេស៊ីល"},"qu":{"code":"PE","native":"Perú","localized":"ប៉េរូ"},"ro":{"code":"RO","native":"România","localized":"រូម៉ានី"},"ru":{"code":"RU","native":"Россия","localized":"រុស្ស៊ី"},"rw":{"code":"RW","native":"U Rwanda","localized":"រវ៉ាន់ដា"},"sa":{"code":"IN","native":"भारतः","localized":"ឥណ្ឌា"},"sc":{"code":"IT","native":"Itàlia","localized":"អ៊ីតាលី"},"sd":{"code":"PK","native":"پاڪستان","localized":"ប៉ាគីស្ថាន"},"si":{"code":"LK","native":"ශ්‍රී ලංකාව","localized":"ស្រីលង្កា"},"sk":{"code":"SK","native":"Slovensko","localized":"ស្លូវ៉ាគី"},"sl":{"code":"SI","native":"Slovenija","localized":"ស្លូវេនី"},"sn":{"code":"ZW","native":"Zimbabwe","localized":"ស៊ីមបាវ៉េ"},"so":{"code":"SO","native":"Soomaaliya","localized":"សូម៉ាលី"},"sq":{"code":"AL","native":"Shqipëri","localized":"អាល់បានី"},"sr_Cyrl":{"code":"RS","native":"Србија","localized":"សែប៊ី"},"sr_Latn":{"code":"RS","native":"Serbia","localized":"សែប៊ី"},"sr_Latn_ME":{"code":"ME","native":"Montenegro","localized":"ម៉ុងតេណេហ្គ្រោ"},"su":{"code":"ID","native":"Indonesia","localized":"ឥណ្ឌូណេស៊ី"},"sv":{"code":"SE","native":"Sverige","localized":"ស៊ុយអែត"},"sw":{"code":"TZ","native":"Tanzania","localized":"តង់សានី"},"ta":{"code":"IN","native":"இந்தியா","localized":"ឥណ្ឌា"},"te":{"code":"IN","native":"భారతదేశం","localized":"ឥណ្ឌា"},"tg":{"code":"TJ","native":"Тоҷикистон","localized":"តាហ្ស៊ីគីស្ថាន"},"th":{"code":"TH","native":"ไทย","localized":"ថៃ"},"ti":{"code":"ET","native":"ኢትዮጵያ","localized":"អេត្យូពី"},"tk":{"code":"TM","native":"Türkmenistan","localized":"តួកម៉េនីស្ថាន"},"tl":{"code":"PH","native":"Philippines","localized":"ហ្វ៊ីលីពីន"},"tr":{"code":"TR","native":"Türkiye","localized":"តួកគី"},"tt":{"code":"RU","native":"Россия","localized":"រុស្ស៊ី"},"ug":{"code":"CN","native":"جۇڭگو","localized":"ចិន"},"uk":{"code":"UA","native":"Україна","localized":"អ៊ុយក្រែន"},"ur":{"code":"PK","native":"پاکستان","localized":"ប៉ាគីស្ថាន"},"uz_Cyrl":{"code":"UZ","native":"Uzbekistan","localized":"អ៊ូសបេគីស្ថាន"},"uz_Latn":{"code":"UZ","native":"Oʻzbekiston","localized":"អ៊ូសបេគីស្ថាន"},"vi":{"code":"VN","native":"Việt Nam","localized":"វៀតណាម"},"xh":{"code":"ZA","native":"Emzantsi Afrika","localized":"អាហ្វ្រិកខាងត្បូង"},"yi":{"code":"001","native":"וועלט","localized":"ពិភពលោក"},"yo":{"code":"NG","native":"Nàìjíríà","localized":"នីហ្សេរីយ៉ា"},"zh_CN":{"code":"CN","native":"中国","localized":"ចិន"},"zh_HK":{"code":"HK","native":"中国香港特别行政区","localized":"ហុងកុង តំបន់រដ្ឋបាលពិសេសចិន"},"zh_TW":{"code":"TW","native":"台湾","localized":"តៃវ៉ាន់"},"zu":{"code":"ZA","native":"Iningizimu Afrika","localized":"អាហ្វ្រិកខាងត្បូង"}}
