{"af":{"code":"ZA","native":"Suid-Afrika","localized":"남아프리카"},"ak":{"code":"GH","native":"Gaana","localized":"가나"},"am":{"code":"ET","native":"ኢትዮጵያ","localized":"에티오피아"},"ar":{"code":"EG","native":"مصر","localized":"이집트"},"as":{"code":"IN","native":"ভাৰত","localized":"인도"},"az":{"code":"AZ","native":"Azərbaycan","localized":"아제르바이잔"},"be":{"code":"BY","native":"Беларусь","localized":"벨라루스"},"bg":{"code":"BG","native":"България","localized":"불가리아"},"bho":{"code":"IN","native":"भारत","localized":"인도"},"bm":{"code":"ML","native":"Mali","localized":"말리"},"bn":{"code":"BD","native":"বাংলাদেশ","localized":"방글라데시"},"bs":{"code":"BA","native":"Bosna I Hercegovina","localized":"보스니아 헤르체고비나"},"ca":{"code":"ES","native":"Espanya","localized":"스페인"},"ceb":{"code":"PH","native":"Pilipinas","localized":"필리핀"},"ckb":{"code":"IQ","native":"عێراق","localized":"이라크"},"cs":{"code":"CZ","native":"Česko","localized":"체코"},"cy":{"code":"GB","native":"Y Deyrnas Unedig","localized":"영국"},"da":{"code":"DK","native":"Danmark","localized":"덴마크"},"de":{"code":"DE","native":"Deutschland","localized":"독일"},"de_CH":{"code":"CH","native":"Schweiz","localized":"스위스"},"doi":{"code":"IN","native":"भारत","localized":"인도"},"ee":{"code":"GH","native":"Ghana Nutome","localized":"가나"},"el":{"code":"GR","native":"Ελλάδα","localized":"그리스"},"en":{"code":"US","native":"United States","localized":"미국"},"en_CA":{"code":"CA","native":"Canada","localized":"캐나다"},"eo":{"code":"001","native":"Mondo","localized":"세계"},"es":{"code":"ES","native":"España","localized":"스페인"},"et":{"code":"EE","native":"Eesti","localized":"에스토니아"},"eu":{"code":"ES","native":"Espainia","localized":"스페인"},"fa":{"code":"IR","native":"ایران","localized":"이란"},"fi":{"code":"FI","native":"Suomi","localized":"핀란드"},"fil":{"code":"PH","native":"Pilipinas","localized":"필리핀"},"fr":{"code":"FR","native":"France","localized":"프랑스"},"fy":{"code":"NL","native":"Nederlân","localized":"네덜란드"},"ga":{"code":"IE","native":"Éire","localized":"아일랜드"},"gd":{"code":"GB","native":"An Rìoghachd Aonaichte","localized":"영국"},"gl":{"code":"ES","native":"España","localized":"스페인"},"gu":{"code":"IN","native":"ભારત","localized":"인도"},"ha":{"code":"NG","native":"Nijeriya","localized":"나이지리아"},"haw":{"code":"US","native":"ʻAmelika Hui Pū ʻIa","localized":"미국"},"he":{"code":"IL","native":"ישראל","localized":"이스라엘"},"hi":{"code":"IN","native":"भारत","localized":"인도"},"hr":{"code":"HR","native":"Hrvatska","localized":"크로아티아"},"hu":{"code":"HU","native":"Magyarország","localized":"헝가리"},"hy":{"code":"AM","native":"Հայաստան","localized":"아르메니아"},"id":{"code":"ID","native":"Indonesia","localized":"인도네시아"},"ig":{"code":"NG","native":"Naịjịrịa","localized":"나이지리아"},"is":{"code":"IS","native":"Ísland","localized":"아이슬란드"},"it":{"code":"IT","native":"Italia","localized":"이탈리아"},"ja":{"code":"JP","native":"日本","localized":"일본"},"ka":{"code":"GE","native":"საქართველო","localized":"조지아"},"kk":{"code":"KZ","native":"Қазақстан","localized":"카자흐스탄"},"km":{"code":"KH","native":"កម្ពុជា","localized":"캄보디아"},"kn":{"code":"IN","native":"ಭಾರತ","localized":"인도"},"ko":{"code":"KR","native":"대한민국","localized":"대한민국"},"ku":{"code":"TR","native":"Tirkiye","localized":"터키"},"ky":{"code":"KG","native":"Кыргызстан","localized":"키르기스스탄"},"lb":{"code":"LU","native":"Lëtzebuerg","localized":"룩셈부르크"},"lg":{"code":"UG","native":"Yuganda","localized":"우간다"},"ln":{"code":"CD","native":"Republíki Ya Kongó Demokratíki","localized":"콩고-킨샤사"},"lo":{"code":"LA","native":"ລາວ","localized":"라오스"},"lt":{"code":"LT","native":"Lietuva","localized":"리투아니아"},"lv":{"code":"LV","native":"Latvija","localized":"라트비아"},"mai":{"code":"IN","native":"भारत","localized":"인도"},"mg":{"code":"MG","native":"Madagasikara","localized":"마다가스카르"},"mi":{"code":"NZ","native":"Aotearoa","localized":"뉴질랜드"},"mk":{"code":"MK","native":"Северна Македонија","localized":"북마케도니아"},"ml":{"code":"IN","native":"ഇന്ത്യ","localized":"인도"},"mn":{"code":"MN","native":"Монгол","localized":"몽골"},"mni_Mtei":{"code":"IN","native":"India","localized":"인도"},"mr":{"code":"IN","native":"भारत","localized":"인도"},"ms":{"code":"MY","native":"Malaysia","localized":"말레이시아"},"mt":{"code":"MT","native":"Malta","localized":"몰타"},"my":{"code":"MM","native":"မြန်မာ","localized":"미얀마"},"nb":{"code":"NO","native":"Norge","localized":"노르웨이"},"ne":{"code":"NP","native":"नेपाल","localized":"네팔"},"nl":{"code":"NL","native":"Nederland","localized":"네덜란드"},"nn":{"code":"NO","native":"Noreg","localized":"노르웨이"},"oc":{"code":"FR","native":"Fr","localized":"프랑스"},"om":{"code":"ET","native":"Itoophiyaa","localized":"에티오피아"},"or":{"code":"IN","native":"ଭାରତ","localized":"인도"},"pa":{"code":"IN","native":"ਭਾਰਤ","localized":"인도"},"pl":{"code":"PL","native":"Polska","localized":"폴란드"},"ps":{"code":"AF","native":"افغانستان","localized":"아프가니스탄"},"pt":{"code":"BR","native":"Brasil","localized":"브라질"},"pt_BR":{"code":"BR","native":"Brasil","localized":"브라질"},"qu":{"code":"PE","native":"Perú","localized":"페루"},"ro":{"code":"RO","native":"România","localized":"루마니아"},"ru":{"code":"RU","native":"Россия","localized":"러시아"},"rw":{"code":"RW","native":"U Rwanda","localized":"르완다"},"sa":{"code":"IN","native":"भारतः","localized":"인도"},"sc":{"code":"IT","native":"Itàlia","localized":"이탈리아"},"sd":{"code":"PK","native":"پاڪستان","localized":"파키스탄"},"si":{"code":"LK","native":"ශ්‍රී ලංකාව","localized":"스리랑카"},"sk":{"code":"SK","native":"Slovensko","localized":"슬로바키아"},"sl":{"code":"SI","native":"Slovenija","localized":"슬로베니아"},"sn":{"code":"ZW","native":"Zimbabwe","localized":"짐바브웨"},"so":{"code":"SO","native":"Soomaaliya","localized":"소말리아"},"sq":{"code":"AL","native":"Shqipëri","localized":"알바니아"},"sr_Cyrl":{"code":"RS","native":"Србија","localized":"세르비아"},"sr_Latn":{"code":"RS","native":"Serbia","localized":"세르비아"},"sr_Latn_ME":{"code":"ME","native":"Montenegro","localized":"몬테네그로"},"su":{"code":"ID","native":"Indonesia","localized":"인도네시아"},"sv":{"code":"SE","native":"Sverige","localized":"스웨덴"},"sw":{"code":"TZ","native":"Tanzania","localized":"탄자니아"},"ta":{"code":"IN","native":"இந்தியா","localized":"인도"},"te":{"code":"IN","native":"భారతదేశం","localized":"인도"},"tg":{"code":"TJ","native":"Тоҷикистон","localized":"타지키스탄"},"th":{"code":"TH","native":"ไทย","localized":"태국"},"ti":{"code":"ET","native":"ኢትዮጵያ","localized":"에티오피아"},"tk":{"code":"TM","native":"Türkmenistan","localized":"투르크메니스탄"},"tl":{"code":"PH","native":"Philippines","localized":"필리핀"},"tr":{"code":"TR","native":"Türkiye","localized":"터키"},"tt":{"code":"RU","native":"Россия","localized":"러시아"},"ug":{"code":"CN","native":"جۇڭگو","localized":"중국"},"uk":{"code":"UA","native":"Україна","localized":"우크라이나"},"ur":{"code":"PK","native":"پاکستان","localized":"파키스탄"},"uz_Cyrl":{"code":"UZ","native":"Uzbekistan","localized":"우즈베키스탄"},"uz_Latn":{"code":"UZ","native":"Oʻzbekiston","localized":"우즈베키스탄"},"vi":{"code":"VN","native":"Việt Nam","localized":"베트남"},"xh":{"code":"ZA","native":"Emzantsi Afrika","localized":"남아프리카"},"yi":{"code":"001","native":"וועלט","localized":"세계"},"yo":{"code":"NG","native":"Nàìjíríà","localized":"나이지리아"},"zh_CN":{"code":"CN","native":"中国","localized":"중국"},"zh_HK":{"code":"HK","native":"中国香港特别行政区","localized":"홍콩(중국 특별행정구)"},"zh_TW":{"code":"TW","native":"台湾","localized":"대만"},"zu":{"code":"ZA","native":"Iningizimu Afrika","localized":"남아프리카"}}
