{"af":{"code":"ZA","native":"Suid-Afrika","localized":"Afrîkaya Başûr"},"ak":{"code":"GH","native":"Gaana","localized":"Gana"},"am":{"code":"ET","native":"ኢትዮጵያ","localized":"Etiyopya"},"ar":{"code":"EG","native":"مصر","localized":"Misir"},"as":{"code":"IN","native":"ভাৰত","localized":"Hindistan"},"az":{"code":"AZ","native":"Azərbaycan","localized":"Azerbaycan"},"be":{"code":"BY","native":"Беларусь","localized":"Belarûs"},"bg":{"code":"BG","native":"България","localized":"Bulgaristan"},"bho":{"code":"IN","native":"भारत","localized":"Hindistan"},"bm":{"code":"ML","native":"Mali","localized":"Malî"},"bn":{"code":"BD","native":"বাংলাদেশ","localized":"Bangladeş"},"bs":{"code":"BA","native":"Bosna I Hercegovina","localized":"Bosniya Û Herzegovîna"},"ca":{"code":"ES","native":"Espanya","localized":"Spanya"},"ceb":{"code":"PH","native":"Pilipinas","localized":"Filîpîn"},"ckb":{"code":"IQ","native":"عێراق","localized":"Iraq"},"cs":{"code":"CZ","native":"Česko","localized":"Çekya"},"cy":{"code":"GB","native":"Y Deyrnas Unedig","localized":"Keyaniya Yekbûyî"},"da":{"code":"DK","native":"Danmark","localized":"Danîmarka"},"de":{"code":"DE","native":"Deutschland","localized":"Almanya"},"de_CH":{"code":"CH","native":"Schweiz","localized":"Swîsre"},"doi":{"code":"IN","native":"भारत","localized":"Hindistan"},"ee":{"code":"GH","native":"Ghana Nutome","localized":"Gana"},"el":{"code":"GR","native":"Ελλάδα","localized":"Yewnanistan"},"en":{"code":"US","native":"United States","localized":"Dewletên Yekbûyî Yên Amerîkayê"},"en_CA":{"code":"CA","native":"Canada","localized":"Kanada"},"eo":{"code":"001","native":"Mondo","localized":"Cîhan"},"es":{"code":"ES","native":"España","localized":"Spanya"},"et":{"code":"EE","native":"Eesti","localized":"Estonya"},"eu":{"code":"ES","native":"Espainia","localized":"Spanya"},"fa":{"code":"IR","native":"ایران","localized":"Îran"},"fi":{"code":"FI","native":"Suomi","localized":"Fînlenda"},"fil":{"code":"PH","native":"Pilipinas","localized":"Filîpîn"},"fr":{"code":"FR","native":"France","localized":"Fransa"},"fy":{"code":"NL","native":"Nederlân","localized":"Holenda"},"ga":{"code":"IE","native":"Éire","localized":"Îrlenda"},"gd":{"code":"GB","native":"An Rìoghachd Aonaichte","localized":"Keyaniya Yekbûyî"},"gl":{"code":"ES","native":"España","localized":"Spanya"},"gu":{"code":"IN","native":"ભારત","localized":"Hindistan"},"ha":{"code":"NG","native":"Nijeriya","localized":"Nîjerya"},"haw":{"code":"US","native":"ʻAmelika Hui Pū ʻIa","localized":"Dewletên Yekbûyî Yên Amerîkayê"},"he":{"code":"IL","native":"ישראל","localized":"Îsraêl"},"hi":{"code":"IN","native":"भारत","localized":"Hindistan"},"hr":{"code":"HR","native":"Hrvatska","localized":"Kroatya"},"hu":{"code":"HU","native":"Magyarország","localized":"Macaristan"},"hy":{"code":"AM","native":"Հայաստան","localized":"Ermenistan"},"id":{"code":"ID","native":"Indonesia","localized":"Îndonezya"},"ig":{"code":"NG","native":"Naịjịrịa","localized":"Nîjerya"},"is":{"code":"IS","native":"Ísland","localized":"Îslenda"},"it":{"code":"IT","native":"Italia","localized":"Îtalya"},"ja":{"code":"JP","native":"日本","localized":"Japon"},"ka":{"code":"GE","native":"საქართველო","localized":"Gurcistan"},"kk":{"code":"KZ","native":"Қазақстан","localized":"Qazaxistan"},"km":{"code":"KH","native":"កម្ពុជា","localized":"Kamboca"},"kn":{"code":"IN","native":"ಭಾರತ","localized":"Hindistan"},"ko":{"code":"KR","native":"대한민국","localized":"Korêya Başûr"},"ku":{"code":"TR","native":"Tirkiye","localized":"Tirkiye"},"ky":{"code":"KG","native":"Кыргызстан","localized":"Qirgizistan"},"lb":{"code":"LU","native":"Lëtzebuerg","localized":"Lûksembûrg"},"lg":{"code":"UG","native":"Yuganda","localized":"Ûganda"},"ln":{"code":"CD","native":"Republíki Ya Kongó Demokratíki","localized":"Kongo - Kînşasa"},"lo":{"code":"LA","native":"ລາວ","localized":"Laos"},"lt":{"code":"LT","native":"Lietuva","localized":"Lîtvanya"},"lv":{"code":"LV","native":"Latvija","localized":"Letonya"},"mai":{"code":"IN","native":"भारत","localized":"Hindistan"},"mg":{"code":"MG","native":"Madagasikara","localized":"Madagaskar"},"mi":{"code":"NZ","native":"Aotearoa","localized":"Nû Zelenda"},"mk":{"code":"MK","native":"Северна Македонија","localized":"Makedonya"},"ml":{"code":"IN","native":"ഇന്ത്യ","localized":"Hindistan"},"mn":{"code":"MN","native":"Монгол","localized":"Mongolya"},"mni_Mtei":{"code":"IN","native":"India","localized":"Hindistan"},"mr":{"code":"IN","native":"भारत","localized":"Hindistan"},"ms":{"code":"MY","native":"Malaysia","localized":"Malezya"},"mt":{"code":"MT","native":"Malta","localized":"Malta"},"my":{"code":"MM","native":"မြန်မာ","localized":"Myanmar (Birmanya)"},"nb":{"code":"NO","native":"Norge","localized":"Norwêc"},"ne":{"code":"NP","native":"नेपाल","localized":"Nepal"},"nl":{"code":"NL","native":"Nederland","localized":"Holenda"},"nn":{"code":"NO","native":"Noreg","localized":"Norwêc"},"oc":{"code":"FR","native":"Fr","localized":"Fransa"},"om":{"code":"ET","native":"Itoophiyaa","localized":"Etiyopya"},"or":{"code":"IN","native":"ଭାରତ","localized":"Hindistan"},"pa":{"code":"IN","native":"ਭਾਰਤ","localized":"Hindistan"},"pl":{"code":"PL","native":"Polska","localized":"Polonya"},"ps":{"code":"AF","native":"افغانستان","localized":"Efxanistan"},"pt":{"code":"BR","native":"Brasil","localized":"Brazîl"},"pt_BR":{"code":"BR","native":"Brasil","localized":"Brazîl"},"qu":{"code":"PE","native":"Perú","localized":"Perû"},"ro":{"code":"RO","native":"România","localized":"Romanya"},"ru":{"code":"RU","native":"Россия","localized":"Rûsya"},"rw":{"code":"RW","native":"U Rwanda","localized":"Rwanda"},"sa":{"code":"IN","native":"भारतः","localized":"Hindistan"},"sc":{"code":"IT","native":"Itàlia","localized":"Îtalya"},"sd":{"code":"PK","native":"پاڪستان","localized":"Pakistan"},"si":{"code":"LK","native":"ශ්‍රී ලංකාව","localized":"Srî Lanka"},"sk":{"code":"SK","native":"Slovensko","localized":"Slovakya"},"sl":{"code":"SI","native":"Slovenija","localized":"Slovenya"},"sn":{"code":"ZW","native":"Zimbabwe","localized":"Zîmbabwe"},"so":{"code":"SO","native":"Soomaaliya","localized":"Somalya"},"sq":{"code":"AL","native":"Shqipëri","localized":"Albanya"},"sr_Cyrl":{"code":"RS","native":"Србија","localized":"Serbistan"},"sr_Latn":{"code":"RS","native":"Serbia","localized":"Serbistan"},"sr_Latn_ME":{"code":"ME","native":"Montenegro","localized":"Montenegro"},"su":{"code":"ID","native":"Indonesia","localized":"Îndonezya"},"sv":{"code":"SE","native":"Sverige","localized":"Swêd"},"sw":{"code":"TZ","native":"Tanzania","localized":"Tanzanya"},"ta":{"code":"IN","native":"இந்தியா","localized":"Hindistan"},"te":{"code":"IN","native":"భారతదేశం","localized":"Hindistan"},"tg":{"code":"TJ","native":"Тоҷикистон","localized":"Tacîkistan"},"th":{"code":"TH","native":"ไทย","localized":"Taylenda"},"ti":{"code":"ET","native":"ኢትዮጵያ","localized":"Etiyopya"},"tk":{"code":"TM","native":"Türkmenistan","localized":"Tirkmenistan"},"tl":{"code":"PH","native":"Philippines","localized":"Filîpîn"},"tr":{"code":"TR","native":"Türkiye","localized":"Tirkiye"},"tt":{"code":"RU","native":"Россия","localized":"Rûsya"},"ug":{"code":"CN","native":"جۇڭگو","localized":"Çîn"},"uk":{"code":"UA","native":"Україна","localized":"Ûkrayna"},"ur":{"code":"PK","native":"پاکستان","localized":"Pakistan"},"uz_Cyrl":{"code":"UZ","native":"Uzbekistan","localized":"Ûzbêkistan"},"uz_Latn":{"code":"UZ","native":"Oʻzbekiston","localized":"Ûzbêkistan"},"vi":{"code":"VN","native":"Việt Nam","localized":"Viyetnam"},"xh":{"code":"ZA","native":"Emzantsi Afrika","localized":"Afrîkaya Başûr"},"yi":{"code":"001","native":"וועלט","localized":"Cîhan"},"yo":{"code":"NG","native":"Nàìjíríà","localized":"Nîjerya"},"zh_CN":{"code":"CN","native":"中国","localized":"Çîn"},"zh_HK":{"code":"HK","native":"中国香港特别行政区","localized":"Hong Kong"},"zh_TW":{"code":"TW","native":"台湾","localized":"Taywan"},"zu":{"code":"ZA","native":"Iningizimu Afrika","localized":"Afrîkaya Başûr"}}
