{"af":{"code":"ZA","native":"Suid-Afrika","localized":"Sawusafirika"},"ak":{"code":"GH","native":"Gaana","localized":"Gana"},"am":{"code":"ET","native":"ኢትዮጵያ","localized":"Esyopya"},"ar":{"code":"EG","native":"مصر","localized":"Misiri"},"as":{"code":"IN","native":"ভাৰত","localized":"Buyindi"},"az":{"code":"AZ","native":"Azərbaycan","localized":"Azerebayijaani"},"be":{"code":"BY","native":"Беларусь","localized":"Belarusi"},"bg":{"code":"BG","native":"България","localized":"Bulugariya"},"bho":{"code":"IN","native":"भारत","localized":"Buyindi"},"bm":{"code":"ML","native":"Mali","localized":"Mali"},"bn":{"code":"BD","native":"বাংলাদেশ","localized":"Bangaladesi"},"bs":{"code":"BA","native":"Bosna I Hercegovina","localized":"Boziniya Hezegovina"},"ca":{"code":"ES","native":"Espanya","localized":"Sipeyini"},"ceb":{"code":"PH","native":"Pilipinas","localized":"Bizinga Bya Firipino"},"ckb":{"code":"IQ","native":"عێراق","localized":"Yiraaka"},"cs":{"code":"CZ","native":"Česko","localized":"Lipubulika Ya Ceeka"},"cy":{"code":"GB","native":"Y Deyrnas Unedig","localized":"Bungereza"},"da":{"code":"DK","native":"Danmark","localized":"Denimaaka"},"de":{"code":"DE","native":"Deutschland","localized":"Budaaki"},"de_CH":{"code":"CH","native":"Schweiz","localized":"Switizirandi"},"doi":{"code":"IN","native":"भारत","localized":"Buyindi"},"ee":{"code":"GH","native":"Ghana Nutome","localized":"Gana"},"el":{"code":"GR","native":"Ελλάδα","localized":"Bugereeki/Buyonaani"},"en":{"code":"US","native":"United States","localized":"Amerika"},"en_CA":{"code":"CA","native":"Canada","localized":"Kanada"},"eo":{"code":"001","native":"Mondo","localized":"001"},"es":{"code":"ES","native":"España","localized":"Sipeyini"},"et":{"code":"EE","native":"Eesti","localized":"Esitoniya"},"eu":{"code":"ES","native":"Espainia","localized":"Sipeyini"},"fa":{"code":"IR","native":"ایران","localized":"Yiraani"},"fi":{"code":"FI","native":"Suomi","localized":"Finilandi"},"fil":{"code":"PH","native":"Pilipinas","localized":"Bizinga Bya Firipino"},"fr":{"code":"FR","native":"France","localized":"Bufalansa"},"fy":{"code":"NL","native":"Nederlân","localized":"Holandi"},"ga":{"code":"IE","native":"Éire","localized":"Ayalandi"},"gd":{"code":"GB","native":"An Rìoghachd Aonaichte","localized":"Bungereza"},"gl":{"code":"ES","native":"España","localized":"Sipeyini"},"gu":{"code":"IN","native":"ભારત","localized":"Buyindi"},"ha":{"code":"NG","native":"Nijeriya","localized":"Nayijerya"},"haw":{"code":"US","native":"ʻAmelika Hui Pū ʻIa","localized":"Amerika"},"he":{"code":"IL","native":"ישראל","localized":"Yisirayeri"},"hi":{"code":"IN","native":"भारत","localized":"Buyindi"},"hr":{"code":"HR","native":"Hrvatska","localized":"Kurowesya"},"hu":{"code":"HU","native":"Magyarország","localized":"Hangare"},"hy":{"code":"AM","native":"Հայաստան","localized":"Arameniya"},"id":{"code":"ID","native":"Indonesia","localized":"Yindonezya"},"ig":{"code":"NG","native":"Naịjịrịa","localized":"Nayijerya"},"is":{"code":"IS","native":"Ísland","localized":"Ayisirandi"},"it":{"code":"IT","native":"Italia","localized":"Yitale"},"ja":{"code":"JP","native":"日本","localized":"Japani"},"ka":{"code":"GE","native":"საქართველო","localized":"Gyogya"},"kk":{"code":"KZ","native":"Қазақстан","localized":"Kazakisitaani"},"km":{"code":"KH","native":"កម្ពុជា","localized":"Kambodya"},"kn":{"code":"IN","native":"ಭಾರತ","localized":"Buyindi"},"ko":{"code":"KR","native":"대한민국","localized":"Koreya Ey’omumaserengeta"},"ku":{"code":"TR","native":"Tirkiye","localized":"Ttake"},"ky":{"code":"KG","native":"Кыргызстан","localized":"Kirigizisitaani"},"lb":{"code":"LU","native":"Lëtzebuerg","localized":"Lukisembaaga"},"lg":{"code":"UG","native":"Yuganda","localized":"Yuganda"},"ln":{"code":"CD","native":"Republíki Ya Kongó Demokratíki","localized":"Kongo - Zayire"},"lo":{"code":"LA","native":"ລາວ","localized":"Lawosi"},"lt":{"code":"LT","native":"Lietuva","localized":"Lisuwenya"},"lv":{"code":"LV","native":"Latvija","localized":"Lativya"},"mai":{"code":"IN","native":"भारत","localized":"Buyindi"},"mg":{"code":"MG","native":"Madagasikara","localized":"Madagasika"},"mi":{"code":"NZ","native":"Aotearoa","localized":"Niyuziirandi"},"mk":{"code":"MK","native":"Северна Македонија","localized":"Mk"},"ml":{"code":"IN","native":"ഇന്ത്യ","localized":"Buyindi"},"mn":{"code":"MN","native":"Монгол","localized":"Mongoliya"},"mni_Mtei":{"code":"IN","native":"India","localized":"Buyindi"},"mr":{"code":"IN","native":"भारत","localized":"Buyindi"},"ms":{"code":"MY","native":"Malaysia","localized":"Malezya"},"mt":{"code":"MT","native":"Malta","localized":"Malita"},"my":{"code":"MM","native":"မြန်မာ","localized":"Myanima"},"nb":{"code":"NO","native":"Norge","localized":"Nowe"},"ne":{"code":"NP","native":"नेपाल","localized":"Nepalo"},"nl":{"code":"NL","native":"Nederland","localized":"Holandi"},"nn":{"code":"NO","native":"Noreg","localized":"Nowe"},"oc":{"code":"FR","native":"Fr","localized":"Bufalansa"},"om":{"code":"ET","native":"Itoophiyaa","localized":"Esyopya"},"or":{"code":"IN","native":"ଭାରତ","localized":"Buyindi"},"pa":{"code":"IN","native":"ਭਾਰਤ","localized":"Buyindi"},"pl":{"code":"PL","native":"Polska","localized":"Polandi"},"ps":{"code":"AF","native":"افغانستان","localized":"Afaganisitani"},"pt":{"code":"BR","native":"Brasil","localized":"Buraziiri"},"pt_BR":{"code":"BR","native":"Brasil","localized":"Buraziiri"},"qu":{"code":"PE","native":"Perú","localized":"Peru"},"ro":{"code":"RO","native":"România","localized":"Lomaniya"},"ru":{"code":"RU","native":"Россия","localized":"Lasa"},"rw":{"code":"RW","native":"U Rwanda","localized":"Rwanda"},"sa":{"code":"IN","native":"भारतः","localized":"Buyindi"},"sc":{"code":"IT","native":"Itàlia","localized":"Yitale"},"sd":{"code":"PK","native":"پاڪستان","localized":"Pakisitaani"},"si":{"code":"LK","native":"ශ්‍රී ලංකාව","localized":"Sirilanka"},"sk":{"code":"SK","native":"Slovensko","localized":"Sirovakya"},"sl":{"code":"SI","native":"Slovenija","localized":"Sirovenya"},"sn":{"code":"ZW","native":"Zimbabwe","localized":"Zimbabwe"},"so":{"code":"SO","native":"Soomaaliya","localized":"Somaliya"},"sq":{"code":"AL","native":"Shqipëri","localized":"Alibaniya"},"sr_Cyrl":{"code":"RS","native":"Србија","localized":"Rs"},"sr_Latn":{"code":"RS","native":"Serbia","localized":"Rs"},"sr_Latn_ME":{"code":"ME","native":"Montenegro","localized":"Me"},"su":{"code":"ID","native":"Indonesia","localized":"Yindonezya"},"sv":{"code":"SE","native":"Sverige","localized":"Swideni"},"sw":{"code":"TZ","native":"Tanzania","localized":"Tanzaniya"},"ta":{"code":"IN","native":"இந்தியா","localized":"Buyindi"},"te":{"code":"IN","native":"భారతదేశం","localized":"Buyindi"},"tg":{"code":"TJ","native":"Тоҷикистон","localized":"Tajikisitaani"},"th":{"code":"TH","native":"ไทย","localized":"Tayirandi"},"ti":{"code":"ET","native":"ኢትዮጵያ","localized":"Esyopya"},"tk":{"code":"TM","native":"Türkmenistan","localized":"Takimenesitaani"},"tl":{"code":"PH","native":"Philippines","localized":"Bizinga Bya Firipino"},"tr":{"code":"TR","native":"Türkiye","localized":"Ttake"},"tt":{"code":"RU","native":"Россия","localized":"Lasa"},"ug":{"code":"CN","native":"جۇڭگو","localized":"Cayina"},"uk":{"code":"UA","native":"Україна","localized":"Yukurayine"},"ur":{"code":"PK","native":"پاکستان","localized":"Pakisitaani"},"uz_Cyrl":{"code":"UZ","native":"Uzbekistan","localized":"Wuzibekisitaani"},"uz_Latn":{"code":"UZ","native":"Oʻzbekiston","localized":"Wuzibekisitaani"},"vi":{"code":"VN","native":"Việt Nam","localized":"Vyetinaamu"},"xh":{"code":"ZA","native":"Emzantsi Afrika","localized":"Sawusafirika"},"yi":{"code":"001","native":"וועלט","localized":"001"},"yo":{"code":"NG","native":"Nàìjíríà","localized":"Nayijerya"},"zh_CN":{"code":"CN","native":"中国","localized":"Cayina"},"zh_HK":{"code":"HK","native":"中国香港特别行政区","localized":"Hk"},"zh_TW":{"code":"TW","native":"台湾","localized":"Tayiwani"},"zu":{"code":"ZA","native":"Iningizimu Afrika","localized":"Sawusafirika"}}
