{"af":{"code":"ZA","native":"Suid-Afrika","localized":"Afríka Ya Súdi"},"ak":{"code":"GH","native":"Gaana","localized":"Gana"},"am":{"code":"ET","native":"ኢትዮጵያ","localized":"Etsíopi"},"ar":{"code":"EG","native":"مصر","localized":"Ezípite"},"as":{"code":"IN","native":"ভাৰত","localized":"Índɛ"},"az":{"code":"AZ","native":"Azərbaycan","localized":"Azɛlɛbaizá"},"be":{"code":"BY","native":"Беларусь","localized":"Byelorisi"},"bg":{"code":"BG","native":"България","localized":"Biligari"},"bho":{"code":"IN","native":"भारत","localized":"Índɛ"},"bm":{"code":"ML","native":"Mali","localized":"Malí"},"bn":{"code":"BD","native":"বাংলাদেশ","localized":"Bengalidɛsi"},"bs":{"code":"BA","native":"Bosna I Hercegovina","localized":"Bosini Mpé Hezegovine"},"ca":{"code":"ES","native":"Espanya","localized":"Esipanye"},"ceb":{"code":"PH","native":"Pilipinas","localized":"Filipinɛ"},"ckb":{"code":"IQ","native":"عێراق","localized":"Iraki"},"cs":{"code":"CZ","native":"Česko","localized":"Shekia"},"cy":{"code":"GB","native":"Y Deyrnas Unedig","localized":"Angɛlɛtɛ́lɛ"},"da":{"code":"DK","native":"Danmark","localized":"Danɛmarike"},"de":{"code":"DE","native":"Deutschland","localized":"Alemani"},"de_CH":{"code":"CH","native":"Schweiz","localized":"Swisɛ"},"doi":{"code":"IN","native":"भारत","localized":"Índɛ"},"ee":{"code":"GH","native":"Ghana Nutome","localized":"Gana"},"el":{"code":"GR","native":"Ελλάδα","localized":"Geleki"},"en":{"code":"US","native":"United States","localized":"Ameriki"},"en_CA":{"code":"CA","native":"Canada","localized":"Kanada"},"eo":{"code":"001","native":"Mondo","localized":"001"},"es":{"code":"ES","native":"España","localized":"Esipanye"},"et":{"code":"EE","native":"Eesti","localized":"Esitoni"},"eu":{"code":"ES","native":"Espainia","localized":"Esipanye"},"fa":{"code":"IR","native":"ایران","localized":"Irâ"},"fi":{"code":"FI","native":"Suomi","localized":"Filandɛ"},"fil":{"code":"PH","native":"Pilipinas","localized":"Filipinɛ"},"fr":{"code":"FR","native":"France","localized":"Falánsɛ"},"fy":{"code":"NL","native":"Nederlân","localized":"Olandɛ"},"ga":{"code":"IE","native":"Éire","localized":"Irelandɛ"},"gd":{"code":"GB","native":"An Rìoghachd Aonaichte","localized":"Angɛlɛtɛ́lɛ"},"gl":{"code":"ES","native":"España","localized":"Esipanye"},"gu":{"code":"IN","native":"ભારત","localized":"Índɛ"},"ha":{"code":"NG","native":"Nijeriya","localized":"Nizerya"},"haw":{"code":"US","native":"ʻAmelika Hui Pū ʻIa","localized":"Ameriki"},"he":{"code":"IL","native":"ישראל","localized":"Isirayelɛ"},"hi":{"code":"IN","native":"भारत","localized":"Índɛ"},"hr":{"code":"HR","native":"Hrvatska","localized":"Krowasi"},"hu":{"code":"HU","native":"Magyarország","localized":"Ongili"},"hy":{"code":"AM","native":"Հայաստան","localized":"Amɛni"},"id":{"code":"ID","native":"Indonesia","localized":"Indonezi"},"ig":{"code":"NG","native":"Naịjịrịa","localized":"Nizerya"},"is":{"code":"IS","native":"Ísland","localized":"Isilandɛ"},"it":{"code":"IT","native":"Italia","localized":"Itali"},"ja":{"code":"JP","native":"日本","localized":"Zapɔ"},"ka":{"code":"GE","native":"საქართველო","localized":"Zorzi"},"kk":{"code":"KZ","native":"Қазақстан","localized":"Kazakisitá"},"km":{"code":"KH","native":"កម្ពុជា","localized":"Kambodza"},"kn":{"code":"IN","native":"ಭಾರತ","localized":"Índɛ"},"ko":{"code":"KR","native":"대한민국","localized":"Korɛ Ya Súdi"},"ku":{"code":"TR","native":"Tirkiye","localized":"Tiliki"},"ky":{"code":"KG","native":"Кыргызстан","localized":"Kigizisitá"},"lb":{"code":"LU","native":"Lëtzebuerg","localized":"Likisambulu"},"lg":{"code":"UG","native":"Yuganda","localized":"Uganda"},"ln":{"code":"CD","native":"Republíki Ya Kongó Demokratíki","localized":"Republíki Ya Kongó Demokratíki"},"lo":{"code":"LA","native":"ລາວ","localized":"Lawosi"},"lt":{"code":"LT","native":"Lietuva","localized":"Litwani"},"lv":{"code":"LV","native":"Latvija","localized":"Letoni"},"mai":{"code":"IN","native":"भारत","localized":"Índɛ"},"mg":{"code":"MG","native":"Madagasikara","localized":"Madagasikari"},"mi":{"code":"NZ","native":"Aotearoa","localized":"Zelandɛ Ya Sika"},"mk":{"code":"MK","native":"Северна Македонија","localized":"Mk"},"ml":{"code":"IN","native":"ഇന്ത്യ","localized":"Índɛ"},"mn":{"code":"MN","native":"Монгол","localized":"Mongolí"},"mni_Mtei":{"code":"IN","native":"India","localized":"Índɛ"},"mr":{"code":"IN","native":"भारत","localized":"Índɛ"},"ms":{"code":"MY","native":"Malaysia","localized":"Malezi"},"mt":{"code":"MT","native":"Malta","localized":"Malitɛ"},"my":{"code":"MM","native":"မြန်မာ","localized":"Birmanie"},"nb":{"code":"NO","native":"Norge","localized":"Norivezɛ"},"ne":{"code":"NP","native":"नेपाल","localized":"Nepálɛ"},"nl":{"code":"NL","native":"Nederland","localized":"Olandɛ"},"nn":{"code":"NO","native":"Noreg","localized":"Norivezɛ"},"oc":{"code":"FR","native":"Fr","localized":"Falánsɛ"},"om":{"code":"ET","native":"Itoophiyaa","localized":"Etsíopi"},"or":{"code":"IN","native":"ଭାରତ","localized":"Índɛ"},"pa":{"code":"IN","native":"ਭਾਰਤ","localized":"Índɛ"},"pl":{"code":"PL","native":"Polska","localized":"Poloni"},"ps":{"code":"AF","native":"افغانستان","localized":"Afiganisitá"},"pt":{"code":"BR","native":"Brasil","localized":"Brezílɛ"},"pt_BR":{"code":"BR","native":"Brasil","localized":"Brezílɛ"},"qu":{"code":"PE","native":"Perú","localized":"Péru"},"ro":{"code":"RO","native":"România","localized":"Romani"},"ru":{"code":"RU","native":"Россия","localized":"Risí"},"rw":{"code":"RW","native":"U Rwanda","localized":"Rwanda"},"sa":{"code":"IN","native":"भारतः","localized":"Índɛ"},"sc":{"code":"IT","native":"Itàlia","localized":"Itali"},"sd":{"code":"PK","native":"پاڪستان","localized":"Pakisitá"},"si":{"code":"LK","native":"ශ්‍රී ලංකාව","localized":"Sirilanka"},"sk":{"code":"SK","native":"Slovensko","localized":"Silovaki"},"sl":{"code":"SI","native":"Slovenija","localized":"Siloveni"},"sn":{"code":"ZW","native":"Zimbabwe","localized":"Zimbabwe"},"so":{"code":"SO","native":"Soomaaliya","localized":"Somali"},"sq":{"code":"AL","native":"Shqipëri","localized":"Alibani"},"sr_Cyrl":{"code":"RS","native":"Србија","localized":"Serbie"},"sr_Latn":{"code":"RS","native":"Serbia","localized":"Serbie"},"sr_Latn_ME":{"code":"ME","native":"Montenegro","localized":"Monténégro"},"su":{"code":"ID","native":"Indonesia","localized":"Indonezi"},"sv":{"code":"SE","native":"Sverige","localized":"Swédɛ"},"sw":{"code":"TZ","native":"Tanzania","localized":"Tanzani"},"ta":{"code":"IN","native":"இந்தியா","localized":"Índɛ"},"te":{"code":"IN","native":"భారతదేశం","localized":"Índɛ"},"tg":{"code":"TJ","native":"Тоҷикистон","localized":"Tazikisitá"},"th":{"code":"TH","native":"ไทย","localized":"Tailandɛ"},"ti":{"code":"ET","native":"ኢትዮጵያ","localized":"Etsíopi"},"tk":{"code":"TM","native":"Türkmenistan","localized":"Tikɛménisitá"},"tl":{"code":"PH","native":"Philippines","localized":"Filipinɛ"},"tr":{"code":"TR","native":"Türkiye","localized":"Tiliki"},"tt":{"code":"RU","native":"Россия","localized":"Risí"},"ug":{"code":"CN","native":"جۇڭگو","localized":"Sinɛ"},"uk":{"code":"UA","native":"Україна","localized":"Ikrɛni"},"ur":{"code":"PK","native":"پاکستان","localized":"Pakisitá"},"uz_Cyrl":{"code":"UZ","native":"Uzbekistan","localized":"Uzibɛkisitá"},"uz_Latn":{"code":"UZ","native":"Oʻzbekiston","localized":"Uzibɛkisitá"},"vi":{"code":"VN","native":"Việt Nam","localized":"Viyetinamɛ"},"xh":{"code":"ZA","native":"Emzantsi Afrika","localized":"Afríka Ya Súdi"},"yi":{"code":"001","native":"וועלט","localized":"001"},"yo":{"code":"NG","native":"Nàìjíríà","localized":"Nizerya"},"zh_CN":{"code":"CN","native":"中国","localized":"Sinɛ"},"zh_HK":{"code":"HK","native":"中国香港特别行政区","localized":"Hk"},"zh_TW":{"code":"TW","native":"台湾","localized":"Taiwanin"},"zu":{"code":"ZA","native":"Iningizimu Afrika","localized":"Afríka Ya Súdi"}}
