{"af":{"code":"ZA","native":"Suid-Afrika","localized":"ອາຟຣິກາໃຕ້"},"ak":{"code":"GH","native":"Gaana","localized":"ການາ"},"am":{"code":"ET","native":"ኢትዮጵያ","localized":"ອີທິໂອເປຍ"},"ar":{"code":"EG","native":"مصر","localized":"ອີຢິບ"},"as":{"code":"IN","native":"ভাৰত","localized":"ອິນເດຍ"},"az":{"code":"AZ","native":"Azərbaycan","localized":"ອາເຊີໄບຈານ"},"be":{"code":"BY","native":"Беларусь","localized":"ເບລາຣຸສ"},"bg":{"code":"BG","native":"България","localized":"ບັງກາເຣຍ"},"bho":{"code":"IN","native":"भारत","localized":"ອິນເດຍ"},"bm":{"code":"ML","native":"Mali","localized":"ມາລີ"},"bn":{"code":"BD","native":"বাংলাদেশ","localized":"ບັງກະລາເທດ"},"bs":{"code":"BA","native":"Bosna I Hercegovina","localized":"ບອດສະເນຍ ແລະ ແຮສໂກວີນາ"},"ca":{"code":"ES","native":"Espanya","localized":"ສະເປນ"},"ceb":{"code":"PH","native":"Pilipinas","localized":"ຟິລິບປິນ"},"ckb":{"code":"IQ","native":"عێراق","localized":"ອີຣັກ"},"cs":{"code":"CZ","native":"Česko","localized":"ເຊັກເຊຍ"},"cy":{"code":"GB","native":"Y Deyrnas Unedig","localized":"ສະຫະລາດຊະອະນາຈັກ"},"da":{"code":"DK","native":"Danmark","localized":"ເດນມາກ"},"de":{"code":"DE","native":"Deutschland","localized":"ເຢຍລະມັນ"},"de_CH":{"code":"CH","native":"Schweiz","localized":"ສະວິດເຊີແລນ"},"doi":{"code":"IN","native":"भारत","localized":"ອິນເດຍ"},"ee":{"code":"GH","native":"Ghana Nutome","localized":"ການາ"},"el":{"code":"GR","native":"Ελλάδα","localized":"ກຣີຊ"},"en":{"code":"US","native":"United States","localized":"ສະຫະລັດ"},"en_CA":{"code":"CA","native":"Canada","localized":"ແຄນາດາ"},"eo":{"code":"001","native":"Mondo","localized":"ໂລກ"},"es":{"code":"ES","native":"España","localized":"ສະເປນ"},"et":{"code":"EE","native":"Eesti","localized":"ເອສໂຕເນຍ"},"eu":{"code":"ES","native":"Espainia","localized":"ສະເປນ"},"fa":{"code":"IR","native":"ایران","localized":"ອີຣານ"},"fi":{"code":"FI","native":"Suomi","localized":"ຟິນແລນ"},"fil":{"code":"PH","native":"Pilipinas","localized":"ຟິລິບປິນ"},"fr":{"code":"FR","native":"France","localized":"ຝຣັ່ງ"},"fy":{"code":"NL","native":"Nederlân","localized":"ເນເທີແລນ"},"ga":{"code":"IE","native":"Éire","localized":"ໄອແລນ"},"gd":{"code":"GB","native":"An Rìoghachd Aonaichte","localized":"ສະຫະລາດຊະອະນາຈັກ"},"gl":{"code":"ES","native":"España","localized":"ສະເປນ"},"gu":{"code":"IN","native":"ભારત","localized":"ອິນເດຍ"},"ha":{"code":"NG","native":"Nijeriya","localized":"ໄນຈີເຣຍ"},"haw":{"code":"US","native":"ʻAmelika Hui Pū ʻIa","localized":"ສະຫະລັດ"},"he":{"code":"IL","native":"ישראל","localized":"ອິສຣາເອວ"},"hi":{"code":"IN","native":"भारत","localized":"ອິນເດຍ"},"hr":{"code":"HR","native":"Hrvatska","localized":"ໂຄຣເອເທຍ"},"hu":{"code":"HU","native":"Magyarország","localized":"ຮັງກາຣີ"},"hy":{"code":"AM","native":"Հայաստան","localized":"ອາເມເນຍ"},"id":{"code":"ID","native":"Indonesia","localized":"ອິນໂດເນເຊຍ"},"ig":{"code":"NG","native":"Naịjịrịa","localized":"ໄນຈີເຣຍ"},"is":{"code":"IS","native":"Ísland","localized":"ໄອສແລນ"},"it":{"code":"IT","native":"Italia","localized":"ອິຕາລີ"},"ja":{"code":"JP","native":"日本","localized":"ຍີ່ປຸ່ນ"},"ka":{"code":"GE","native":"საქართველო","localized":"ຈໍເຈຍ"},"kk":{"code":"KZ","native":"Қазақстан","localized":"ຄາຊັກສະຖານ"},"km":{"code":"KH","native":"កម្ពុជា","localized":"ກຳປູເຈຍ"},"kn":{"code":"IN","native":"ಭಾರತ","localized":"ອິນເດຍ"},"ko":{"code":"KR","native":"대한민국","localized":"ເກົາຫລີໃຕ້"},"ku":{"code":"TR","native":"Tirkiye","localized":"ເທີຄີ"},"ky":{"code":"KG","native":"Кыргызстан","localized":"ຄຽກກິດສະຖານ"},"lb":{"code":"LU","native":"Lëtzebuerg","localized":"ລຸກແຊມເບີກ"},"lg":{"code":"UG","native":"Yuganda","localized":"ອູການດາ"},"ln":{"code":"CD","native":"Republíki Ya Kongó Demokratíki","localized":"ຄອງໂກ - ຄິນຊາຊາ"},"lo":{"code":"LA","native":"ລາວ","localized":"ລາວ"},"lt":{"code":"LT","native":"Lietuva","localized":"ລິທົວເນຍ"},"lv":{"code":"LV","native":"Latvija","localized":"ລັດເວຍ"},"mai":{"code":"IN","native":"भारत","localized":"ອິນເດຍ"},"mg":{"code":"MG","native":"Madagasikara","localized":"ມາດາກາສະກາ"},"mi":{"code":"NZ","native":"Aotearoa","localized":"ນິວຊີແລນ"},"mk":{"code":"MK","native":"Северна Македонија","localized":"ແມຊິໂດເນຍເໜືອ"},"ml":{"code":"IN","native":"ഇന്ത്യ","localized":"ອິນເດຍ"},"mn":{"code":"MN","native":"Монгол","localized":"ມອງໂກເລຍ"},"mni_Mtei":{"code":"IN","native":"India","localized":"ອິນເດຍ"},"mr":{"code":"IN","native":"भारत","localized":"ອິນເດຍ"},"ms":{"code":"MY","native":"Malaysia","localized":"ມາເລເຊຍ"},"mt":{"code":"MT","native":"Malta","localized":"ມອນທາ"},"my":{"code":"MM","native":"မြန်မာ","localized":"ມຽນມາ (ເບີມາ)"},"nb":{"code":"NO","native":"Norge","localized":"ນໍເວ"},"ne":{"code":"NP","native":"नेपाल","localized":"ເນປານ"},"nl":{"code":"NL","native":"Nederland","localized":"ເນເທີແລນ"},"nn":{"code":"NO","native":"Noreg","localized":"ນໍເວ"},"oc":{"code":"FR","native":"Fr","localized":"ຝຣັ່ງ"},"om":{"code":"ET","native":"Itoophiyaa","localized":"ອີທິໂອເປຍ"},"or":{"code":"IN","native":"ଭାରତ","localized":"ອິນເດຍ"},"pa":{"code":"IN","native":"ਭਾਰਤ","localized":"ອິນເດຍ"},"pl":{"code":"PL","native":"Polska","localized":"ໂປແລນ"},"ps":{"code":"AF","native":"افغانستان","localized":"ອາຟການິດສະຖານ"},"pt":{"code":"BR","native":"Brasil","localized":"ບຣາຊິວ"},"pt_BR":{"code":"BR","native":"Brasil","localized":"ບຣາຊິວ"},"qu":{"code":"PE","native":"Perú","localized":"ເປຣູ"},"ro":{"code":"RO","native":"România","localized":"ໂຣແມເນຍ"},"ru":{"code":"RU","native":"Россия","localized":"ຣັດເຊຍ"},"rw":{"code":"RW","native":"U Rwanda","localized":"ຣວັນດາ"},"sa":{"code":"IN","native":"भारतः","localized":"ອິນເດຍ"},"sc":{"code":"IT","native":"Itàlia","localized":"ອິຕາລີ"},"sd":{"code":"PK","native":"پاڪستان","localized":"ປາກິດສະຖານ"},"si":{"code":"LK","native":"ශ්‍රී ලංකාව","localized":"ສີລັງກາ"},"sk":{"code":"SK","native":"Slovensko","localized":"ສະໂລວາເກຍ"},"sl":{"code":"SI","native":"Slovenija","localized":"ສະໂລເວເນຍ"},"sn":{"code":"ZW","native":"Zimbabwe","localized":"ຊິມບັບເວ"},"so":{"code":"SO","native":"Soomaaliya","localized":"ໂຊມາເລຍ"},"sq":{"code":"AL","native":"Shqipëri","localized":"ແອວເບເນຍ"},"sr_Cyrl":{"code":"RS","native":"Србија","localized":"ເຊີເບຍ"},"sr_Latn":{"code":"RS","native":"Serbia","localized":"ເຊີເບຍ"},"sr_Latn_ME":{"code":"ME","native":"Montenegro","localized":"ມອນເຕເນໂກຣ"},"su":{"code":"ID","native":"Indonesia","localized":"ອິນໂດເນເຊຍ"},"sv":{"code":"SE","native":"Sverige","localized":"ສະວີເດັນ"},"sw":{"code":"TZ","native":"Tanzania","localized":"ທານຊາເນຍ"},"ta":{"code":"IN","native":"இந்தியா","localized":"ອິນເດຍ"},"te":{"code":"IN","native":"భారతదేశం","localized":"ອິນເດຍ"},"tg":{"code":"TJ","native":"Тоҷикистон","localized":"ທາຈິກິດສະຖານ"},"th":{"code":"TH","native":"ไทย","localized":"ໄທ"},"ti":{"code":"ET","native":"ኢትዮጵያ","localized":"ອີທິໂອເປຍ"},"tk":{"code":"TM","native":"Türkmenistan","localized":"ເທີກເມນິສະຖານ"},"tl":{"code":"PH","native":"Philippines","localized":"ຟິລິບປິນ"},"tr":{"code":"TR","native":"Türkiye","localized":"ເທີຄີ"},"tt":{"code":"RU","native":"Россия","localized":"ຣັດເຊຍ"},"ug":{"code":"CN","native":"جۇڭگو","localized":"ຈີນ"},"uk":{"code":"UA","native":"Україна","localized":"ຢູເຄຣນ"},"ur":{"code":"PK","native":"پاکستان","localized":"ປາກິດສະຖານ"},"uz_Cyrl":{"code":"UZ","native":"Uzbekistan","localized":"ອຸສເບກິສະຖານ"},"uz_Latn":{"code":"UZ","native":"Oʻzbekiston","localized":"ອຸສເບກິສະຖານ"},"vi":{"code":"VN","native":"Việt Nam","localized":"ຫວຽດນາມ"},"xh":{"code":"ZA","native":"Emzantsi Afrika","localized":"ອາຟຣິກາໃຕ້"},"yi":{"code":"001","native":"וועלט","localized":"ໂລກ"},"yo":{"code":"NG","native":"Nàìjíríà","localized":"ໄນຈີເຣຍ"},"zh_CN":{"code":"CN","native":"中国","localized":"ຈີນ"},"zh_HK":{"code":"HK","native":"中国香港特别行政区","localized":"ຮົງກົງ ເຂດປົກຄອງພິເສດ ຈີນ"},"zh_TW":{"code":"TW","native":"台湾","localized":"ໄຕ້ຫວັນ"},"zu":{"code":"ZA","native":"Iningizimu Afrika","localized":"ອາຟຣິກາໃຕ້"}}
