{"af":{"code":"ZA","native":"Suid-Afrika","localized":"Pietų Afrika"},"ak":{"code":"GH","native":"Gaana","localized":"Gana"},"am":{"code":"ET","native":"ኢትዮጵያ","localized":"Etiopija"},"ar":{"code":"EG","native":"مصر","localized":"Egiptas"},"as":{"code":"IN","native":"ভাৰত","localized":"Indija"},"az":{"code":"AZ","native":"Azərbaycan","localized":"Azerbaidžanas"},"be":{"code":"BY","native":"Беларусь","localized":"Baltarusija"},"bg":{"code":"BG","native":"България","localized":"Bulgarija"},"bho":{"code":"IN","native":"भारत","localized":"Indija"},"bm":{"code":"ML","native":"Mali","localized":"Malis"},"bn":{"code":"BD","native":"বাংলাদেশ","localized":"Bangladešas"},"bs":{"code":"BA","native":"Bosna I Hercegovina","localized":"Bosnija Ir Hercegovina"},"ca":{"code":"ES","native":"Espanya","localized":"Ispanija"},"ceb":{"code":"PH","native":"Pilipinas","localized":"Filipinai"},"ckb":{"code":"IQ","native":"عێراق","localized":"Irakas"},"cs":{"code":"CZ","native":"Česko","localized":"Čekija"},"cy":{"code":"GB","native":"Y Deyrnas Unedig","localized":"Jungtinė Karalystė"},"da":{"code":"DK","native":"Danmark","localized":"Danija"},"de":{"code":"DE","native":"Deutschland","localized":"Vokietija"},"de_CH":{"code":"CH","native":"Schweiz","localized":"Šveicarija"},"doi":{"code":"IN","native":"भारत","localized":"Indija"},"ee":{"code":"GH","native":"Ghana Nutome","localized":"Gana"},"el":{"code":"GR","native":"Ελλάδα","localized":"Graikija"},"en":{"code":"US","native":"United States","localized":"Jungtinės Valstijos"},"en_CA":{"code":"CA","native":"Canada","localized":"Kanada"},"eo":{"code":"001","native":"Mondo","localized":"Pasaulis"},"es":{"code":"ES","native":"España","localized":"Ispanija"},"et":{"code":"EE","native":"Eesti","localized":"Estija"},"eu":{"code":"ES","native":"Espainia","localized":"Ispanija"},"fa":{"code":"IR","native":"ایران","localized":"Iranas"},"fi":{"code":"FI","native":"Suomi","localized":"Suomija"},"fil":{"code":"PH","native":"Pilipinas","localized":"Filipinai"},"fr":{"code":"FR","native":"France","localized":"Prancūzija"},"fy":{"code":"NL","native":"Nederlân","localized":"Nyderlandai"},"ga":{"code":"IE","native":"Éire","localized":"Airija"},"gd":{"code":"GB","native":"An Rìoghachd Aonaichte","localized":"Jungtinė Karalystė"},"gl":{"code":"ES","native":"España","localized":"Ispanija"},"gu":{"code":"IN","native":"ભારત","localized":"Indija"},"ha":{"code":"NG","native":"Nijeriya","localized":"Nigerija"},"haw":{"code":"US","native":"ʻAmelika Hui Pū ʻIa","localized":"Jungtinės Valstijos"},"he":{"code":"IL","native":"ישראל","localized":"Izraelis"},"hi":{"code":"IN","native":"भारत","localized":"Indija"},"hr":{"code":"HR","native":"Hrvatska","localized":"Kroatija"},"hu":{"code":"HU","native":"Magyarország","localized":"Vengrija"},"hy":{"code":"AM","native":"Հայաստան","localized":"Armėnija"},"id":{"code":"ID","native":"Indonesia","localized":"Indonezija"},"ig":{"code":"NG","native":"Naịjịrịa","localized":"Nigerija"},"is":{"code":"IS","native":"Ísland","localized":"Islandija"},"it":{"code":"IT","native":"Italia","localized":"Italija"},"ja":{"code":"JP","native":"日本","localized":"Japonija"},"ka":{"code":"GE","native":"საქართველო","localized":"Gruzija"},"kk":{"code":"KZ","native":"Қазақстан","localized":"Kazachstanas"},"km":{"code":"KH","native":"កម្ពុជា","localized":"Kambodža"},"kn":{"code":"IN","native":"ಭಾರತ","localized":"Indija"},"ko":{"code":"KR","native":"대한민국","localized":"Pietų Korėja"},"ku":{"code":"TR","native":"Tirkiye","localized":"Turkija"},"ky":{"code":"KG","native":"Кыргызстан","localized":"Kirgizija"},"lb":{"code":"LU","native":"Lëtzebuerg","localized":"Liuksemburgas"},"lg":{"code":"UG","native":"Yuganda","localized":"Uganda"},"ln":{"code":"CD","native":"Republíki Ya Kongó Demokratíki","localized":"Kongas-Kinšasa"},"lo":{"code":"LA","native":"ລາວ","localized":"Laosas"},"lt":{"code":"LT","native":"Lietuva","localized":"Lietuva"},"lv":{"code":"LV","native":"Latvija","localized":"Latvija"},"mai":{"code":"IN","native":"भारत","localized":"Indija"},"mg":{"code":"MG","native":"Madagasikara","localized":"Madagaskaras"},"mi":{"code":"NZ","native":"Aotearoa","localized":"Naujoji Zelandija"},"mk":{"code":"MK","native":"Северна Македонија","localized":"Šiaurės Makedonija"},"ml":{"code":"IN","native":"ഇന്ത്യ","localized":"Indija"},"mn":{"code":"MN","native":"Монгол","localized":"Mongolija"},"mni_Mtei":{"code":"IN","native":"India","localized":"Indija"},"mr":{"code":"IN","native":"भारत","localized":"Indija"},"ms":{"code":"MY","native":"Malaysia","localized":"Malaizija"},"mt":{"code":"MT","native":"Malta","localized":"Malta"},"my":{"code":"MM","native":"မြန်မာ","localized":"Mianmaras (Birma)"},"nb":{"code":"NO","native":"Norge","localized":"Norvegija"},"ne":{"code":"NP","native":"नेपाल","localized":"Nepalas"},"nl":{"code":"NL","native":"Nederland","localized":"Nyderlandai"},"nn":{"code":"NO","native":"Noreg","localized":"Norvegija"},"oc":{"code":"FR","native":"Fr","localized":"Prancūzija"},"om":{"code":"ET","native":"Itoophiyaa","localized":"Etiopija"},"or":{"code":"IN","native":"ଭାରତ","localized":"Indija"},"pa":{"code":"IN","native":"ਭਾਰਤ","localized":"Indija"},"pl":{"code":"PL","native":"Polska","localized":"Lenkija"},"ps":{"code":"AF","native":"افغانستان","localized":"Afganistanas"},"pt":{"code":"BR","native":"Brasil","localized":"Brazilija"},"pt_BR":{"code":"BR","native":"Brasil","localized":"Brazilija"},"qu":{"code":"PE","native":"Perú","localized":"Peru"},"ro":{"code":"RO","native":"România","localized":"Rumunija"},"ru":{"code":"RU","native":"Россия","localized":"Rusija"},"rw":{"code":"RW","native":"U Rwanda","localized":"Ruanda"},"sa":{"code":"IN","native":"भारतः","localized":"Indija"},"sc":{"code":"IT","native":"Itàlia","localized":"Italija"},"sd":{"code":"PK","native":"پاڪستان","localized":"Pakistanas"},"si":{"code":"LK","native":"ශ්‍රී ලංකාව","localized":"Šri Lanka"},"sk":{"code":"SK","native":"Slovensko","localized":"Slovakija"},"sl":{"code":"SI","native":"Slovenija","localized":"Slovėnija"},"sn":{"code":"ZW","native":"Zimbabwe","localized":"Zimbabvė"},"so":{"code":"SO","native":"Soomaaliya","localized":"Somalis"},"sq":{"code":"AL","native":"Shqipëri","localized":"Albanija"},"sr_Cyrl":{"code":"RS","native":"Србија","localized":"Serbija"},"sr_Latn":{"code":"RS","native":"Serbia","localized":"Serbija"},"sr_Latn_ME":{"code":"ME","native":"Montenegro","localized":"Juodkalnija"},"su":{"code":"ID","native":"Indonesia","localized":"Indonezija"},"sv":{"code":"SE","native":"Sverige","localized":"Švedija"},"sw":{"code":"TZ","native":"Tanzania","localized":"Tanzanija"},"ta":{"code":"IN","native":"இந்தியா","localized":"Indija"},"te":{"code":"IN","native":"భారతదేశం","localized":"Indija"},"tg":{"code":"TJ","native":"Тоҷикистон","localized":"Tadžikija"},"th":{"code":"TH","native":"ไทย","localized":"Tailandas"},"ti":{"code":"ET","native":"ኢትዮጵያ","localized":"Etiopija"},"tk":{"code":"TM","native":"Türkmenistan","localized":"Turkmėnistanas"},"tl":{"code":"PH","native":"Philippines","localized":"Filipinai"},"tr":{"code":"TR","native":"Türkiye","localized":"Turkija"},"tt":{"code":"RU","native":"Россия","localized":"Rusija"},"ug":{"code":"CN","native":"جۇڭگو","localized":"Kinija"},"uk":{"code":"UA","native":"Україна","localized":"Ukraina"},"ur":{"code":"PK","native":"پاکستان","localized":"Pakistanas"},"uz_Cyrl":{"code":"UZ","native":"Uzbekistan","localized":"Uzbekistanas"},"uz_Latn":{"code":"UZ","native":"Oʻzbekiston","localized":"Uzbekistanas"},"vi":{"code":"VN","native":"Việt Nam","localized":"Vietnamas"},"xh":{"code":"ZA","native":"Emzantsi Afrika","localized":"Pietų Afrika"},"yi":{"code":"001","native":"וועלט","localized":"Pasaulis"},"yo":{"code":"NG","native":"Nàìjíríà","localized":"Nigerija"},"zh_CN":{"code":"CN","native":"中国","localized":"Kinija"},"zh_HK":{"code":"HK","native":"中国香港特别行政区","localized":"Ypatingasis Administracinis Kinijos Regionas Honkongas"},"zh_TW":{"code":"TW","native":"台湾","localized":"Taivanas"},"zu":{"code":"ZA","native":"Iningizimu Afrika","localized":"Pietų Afrika"}}
