{"af":{"code":"ZA","native":"Suid-Afrika","localized":"Dienvidāfrikas Republika"},"ak":{"code":"GH","native":"Gaana","localized":"Gana"},"am":{"code":"ET","native":"ኢትዮጵያ","localized":"Etiopija"},"ar":{"code":"EG","native":"مصر","localized":"Ēģipte"},"as":{"code":"IN","native":"ভাৰত","localized":"Indija"},"az":{"code":"AZ","native":"Azərbaycan","localized":"Azerbaidžāna"},"be":{"code":"BY","native":"Беларусь","localized":"Baltkrievija"},"bg":{"code":"BG","native":"България","localized":"Bulgārija"},"bho":{"code":"IN","native":"भारत","localized":"Indija"},"bm":{"code":"ML","native":"Mali","localized":"Mali"},"bn":{"code":"BD","native":"বাংলাদেশ","localized":"Bangladeša"},"bs":{"code":"BA","native":"Bosna I Hercegovina","localized":"Bosnija Un Hercegovina"},"ca":{"code":"ES","native":"Espanya","localized":"Spānija"},"ceb":{"code":"PH","native":"Pilipinas","localized":"Filipīnas"},"ckb":{"code":"IQ","native":"عێراق","localized":"Irāka"},"cs":{"code":"CZ","native":"Česko","localized":"Čehija"},"cy":{"code":"GB","native":"Y Deyrnas Unedig","localized":"Apvienotā Karaliste"},"da":{"code":"DK","native":"Danmark","localized":"Dānija"},"de":{"code":"DE","native":"Deutschland","localized":"Vācija"},"de_CH":{"code":"CH","native":"Schweiz","localized":"Šveice"},"doi":{"code":"IN","native":"भारत","localized":"Indija"},"ee":{"code":"GH","native":"Ghana Nutome","localized":"Gana"},"el":{"code":"GR","native":"Ελλάδα","localized":"Grieķija"},"en":{"code":"US","native":"United States","localized":"Amerikas Savienotās Valstis"},"en_CA":{"code":"CA","native":"Canada","localized":"Kanāda"},"eo":{"code":"001","native":"Mondo","localized":"Pasaule"},"es":{"code":"ES","native":"España","localized":"Spānija"},"et":{"code":"EE","native":"Eesti","localized":"Igaunija"},"eu":{"code":"ES","native":"Espainia","localized":"Spānija"},"fa":{"code":"IR","native":"ایران","localized":"Irāna"},"fi":{"code":"FI","native":"Suomi","localized":"Somija"},"fil":{"code":"PH","native":"Pilipinas","localized":"Filipīnas"},"fr":{"code":"FR","native":"France","localized":"Francija"},"fy":{"code":"NL","native":"Nederlân","localized":"Nīderlande"},"ga":{"code":"IE","native":"Éire","localized":"Īrija"},"gd":{"code":"GB","native":"An Rìoghachd Aonaichte","localized":"Apvienotā Karaliste"},"gl":{"code":"ES","native":"España","localized":"Spānija"},"gu":{"code":"IN","native":"ભારત","localized":"Indija"},"ha":{"code":"NG","native":"Nijeriya","localized":"Nigērija"},"haw":{"code":"US","native":"ʻAmelika Hui Pū ʻIa","localized":"Amerikas Savienotās Valstis"},"he":{"code":"IL","native":"ישראל","localized":"Izraēla"},"hi":{"code":"IN","native":"भारत","localized":"Indija"},"hr":{"code":"HR","native":"Hrvatska","localized":"Horvātija"},"hu":{"code":"HU","native":"Magyarország","localized":"Ungārija"},"hy":{"code":"AM","native":"Հայաստան","localized":"Armēnija"},"id":{"code":"ID","native":"Indonesia","localized":"Indonēzija"},"ig":{"code":"NG","native":"Naịjịrịa","localized":"Nigērija"},"is":{"code":"IS","native":"Ísland","localized":"Islande"},"it":{"code":"IT","native":"Italia","localized":"Itālija"},"ja":{"code":"JP","native":"日本","localized":"Japāna"},"ka":{"code":"GE","native":"საქართველო","localized":"Gruzija"},"kk":{"code":"KZ","native":"Қазақстан","localized":"Kazahstāna"},"km":{"code":"KH","native":"កម្ពុជា","localized":"Kambodža"},"kn":{"code":"IN","native":"ಭಾರತ","localized":"Indija"},"ko":{"code":"KR","native":"대한민국","localized":"Dienvidkoreja"},"ku":{"code":"TR","native":"Tirkiye","localized":"Turcija"},"ky":{"code":"KG","native":"Кыргызстан","localized":"Kirgizstāna"},"lb":{"code":"LU","native":"Lëtzebuerg","localized":"Luksemburga"},"lg":{"code":"UG","native":"Yuganda","localized":"Uganda"},"ln":{"code":"CD","native":"Republíki Ya Kongó Demokratíki","localized":"Kongo (Kinšasa)"},"lo":{"code":"LA","native":"ລາວ","localized":"Laosa"},"lt":{"code":"LT","native":"Lietuva","localized":"Lietuva"},"lv":{"code":"LV","native":"Latvija","localized":"Latvija"},"mai":{"code":"IN","native":"भारत","localized":"Indija"},"mg":{"code":"MG","native":"Madagasikara","localized":"Madagaskara"},"mi":{"code":"NZ","native":"Aotearoa","localized":"Jaunzēlande"},"mk":{"code":"MK","native":"Северна Македонија","localized":"Ziemeļmaķedonija"},"ml":{"code":"IN","native":"ഇന്ത്യ","localized":"Indija"},"mn":{"code":"MN","native":"Монгол","localized":"Mongolija"},"mni_Mtei":{"code":"IN","native":"India","localized":"Indija"},"mr":{"code":"IN","native":"भारत","localized":"Indija"},"ms":{"code":"MY","native":"Malaysia","localized":"Malaizija"},"mt":{"code":"MT","native":"Malta","localized":"Malta"},"my":{"code":"MM","native":"မြန်မာ","localized":"Mjanma (Birma)"},"nb":{"code":"NO","native":"Norge","localized":"Norvēģija"},"ne":{"code":"NP","native":"नेपाल","localized":"Nepāla"},"nl":{"code":"NL","native":"Nederland","localized":"Nīderlande"},"nn":{"code":"NO","native":"Noreg","localized":"Norvēģija"},"oc":{"code":"FR","native":"Fr","localized":"Francija"},"om":{"code":"ET","native":"Itoophiyaa","localized":"Etiopija"},"or":{"code":"IN","native":"ଭାରତ","localized":"Indija"},"pa":{"code":"IN","native":"ਭਾਰਤ","localized":"Indija"},"pl":{"code":"PL","native":"Polska","localized":"Polija"},"ps":{"code":"AF","native":"افغانستان","localized":"Afganistāna"},"pt":{"code":"BR","native":"Brasil","localized":"Brazīlija"},"pt_BR":{"code":"BR","native":"Brasil","localized":"Brazīlija"},"qu":{"code":"PE","native":"Perú","localized":"Peru"},"ro":{"code":"RO","native":"România","localized":"Rumānija"},"ru":{"code":"RU","native":"Россия","localized":"Krievija"},"rw":{"code":"RW","native":"U Rwanda","localized":"Ruanda"},"sa":{"code":"IN","native":"भारतः","localized":"Indija"},"sc":{"code":"IT","native":"Itàlia","localized":"Itālija"},"sd":{"code":"PK","native":"پاڪستان","localized":"Pakistāna"},"si":{"code":"LK","native":"ශ්‍රී ලංකාව","localized":"Šrilanka"},"sk":{"code":"SK","native":"Slovensko","localized":"Slovākija"},"sl":{"code":"SI","native":"Slovenija","localized":"Slovēnija"},"sn":{"code":"ZW","native":"Zimbabwe","localized":"Zimbabve"},"so":{"code":"SO","native":"Soomaaliya","localized":"Somālija"},"sq":{"code":"AL","native":"Shqipëri","localized":"Albānija"},"sr_Cyrl":{"code":"RS","native":"Србија","localized":"Serbija"},"sr_Latn":{"code":"RS","native":"Serbia","localized":"Serbija"},"sr_Latn_ME":{"code":"ME","native":"Montenegro","localized":"Melnkalne"},"su":{"code":"ID","native":"Indonesia","localized":"Indonēzija"},"sv":{"code":"SE","native":"Sverige","localized":"Zviedrija"},"sw":{"code":"TZ","native":"Tanzania","localized":"Tanzānija"},"ta":{"code":"IN","native":"இந்தியா","localized":"Indija"},"te":{"code":"IN","native":"భారతదేశం","localized":"Indija"},"tg":{"code":"TJ","native":"Тоҷикистон","localized":"Tadžikistāna"},"th":{"code":"TH","native":"ไทย","localized":"Taizeme"},"ti":{"code":"ET","native":"ኢትዮጵያ","localized":"Etiopija"},"tk":{"code":"TM","native":"Türkmenistan","localized":"Turkmenistāna"},"tl":{"code":"PH","native":"Philippines","localized":"Filipīnas"},"tr":{"code":"TR","native":"Türkiye","localized":"Turcija"},"tt":{"code":"RU","native":"Россия","localized":"Krievija"},"ug":{"code":"CN","native":"جۇڭگو","localized":"Ķīna"},"uk":{"code":"UA","native":"Україна","localized":"Ukraina"},"ur":{"code":"PK","native":"پاکستان","localized":"Pakistāna"},"uz_Cyrl":{"code":"UZ","native":"Uzbekistan","localized":"Uzbekistāna"},"uz_Latn":{"code":"UZ","native":"Oʻzbekiston","localized":"Uzbekistāna"},"vi":{"code":"VN","native":"Việt Nam","localized":"Vjetnama"},"xh":{"code":"ZA","native":"Emzantsi Afrika","localized":"Dienvidāfrikas Republika"},"yi":{"code":"001","native":"וועלט","localized":"Pasaule"},"yo":{"code":"NG","native":"Nàìjíríà","localized":"Nigērija"},"zh_CN":{"code":"CN","native":"中国","localized":"Ķīna"},"zh_HK":{"code":"HK","native":"中国香港特别行政区","localized":"Ķīnas Īpašās Pārvaldes Apgabals Honkonga"},"zh_TW":{"code":"TW","native":"台湾","localized":"Taivāna"},"zu":{"code":"ZA","native":"Iningizimu Afrika","localized":"Dienvidāfrikas Republika"}}
