{"af":{"code":"ZA","native":"Suid-Afrika","localized":"Afrika Atsimo"},"ak":{"code":"GH","native":"Gaana","localized":"Ghana"},"am":{"code":"ET","native":"ኢትዮጵያ","localized":"Ethiopia"},"ar":{"code":"EG","native":"مصر","localized":"Ejypta"},"as":{"code":"IN","native":"ভাৰত","localized":"Indy"},"az":{"code":"AZ","native":"Azərbaycan","localized":"Azerbaidjan"},"be":{"code":"BY","native":"Беларусь","localized":"Belarosy"},"bg":{"code":"BG","native":"България","localized":"Biolgaria"},"bho":{"code":"IN","native":"भारत","localized":"Indy"},"bm":{"code":"ML","native":"Mali","localized":"Mali"},"bn":{"code":"BD","native":"বাংলাদেশ","localized":"Bangladesy"},"bs":{"code":"BA","native":"Bosna I Hercegovina","localized":"Bosnia Sy Herzegovina"},"ca":{"code":"ES","native":"Espanya","localized":"Espaina"},"ceb":{"code":"PH","native":"Pilipinas","localized":"Filipina"},"ckb":{"code":"IQ","native":"عێراق","localized":"Irak"},"cs":{"code":"CZ","native":"Česko","localized":"Repoblikan’i Tseky"},"cy":{"code":"GB","native":"Y Deyrnas Unedig","localized":"Angletera"},"da":{"code":"DK","native":"Danmark","localized":"Danmarka"},"de":{"code":"DE","native":"Deutschland","localized":"Alemaina"},"de_CH":{"code":"CH","native":"Schweiz","localized":"Soisa"},"doi":{"code":"IN","native":"भारत","localized":"Indy"},"ee":{"code":"GH","native":"Ghana Nutome","localized":"Ghana"},"el":{"code":"GR","native":"Ελλάδα","localized":"Gresy"},"en":{"code":"US","native":"United States","localized":"Etazonia"},"en_CA":{"code":"CA","native":"Canada","localized":"Kanada"},"eo":{"code":"001","native":"Mondo","localized":"001"},"es":{"code":"ES","native":"España","localized":"Espaina"},"et":{"code":"EE","native":"Eesti","localized":"Estonia"},"eu":{"code":"ES","native":"Espainia","localized":"Espaina"},"fa":{"code":"IR","native":"ایران","localized":"Iran"},"fi":{"code":"FI","native":"Suomi","localized":"Finlandy"},"fil":{"code":"PH","native":"Pilipinas","localized":"Filipina"},"fr":{"code":"FR","native":"France","localized":"Frantsa"},"fy":{"code":"NL","native":"Nederlân","localized":"Holanda"},"ga":{"code":"IE","native":"Éire","localized":"Irlandy"},"gd":{"code":"GB","native":"An Rìoghachd Aonaichte","localized":"Angletera"},"gl":{"code":"ES","native":"España","localized":"Espaina"},"gu":{"code":"IN","native":"ભારત","localized":"Indy"},"ha":{"code":"NG","native":"Nijeriya","localized":"Nizeria"},"haw":{"code":"US","native":"ʻAmelika Hui Pū ʻIa","localized":"Etazonia"},"he":{"code":"IL","native":"ישראל","localized":"Israely"},"hi":{"code":"IN","native":"भारत","localized":"Indy"},"hr":{"code":"HR","native":"Hrvatska","localized":"Kroasia"},"hu":{"code":"HU","native":"Magyarország","localized":"Hongria"},"hy":{"code":"AM","native":"Հայաստան","localized":"Armenia"},"id":{"code":"ID","native":"Indonesia","localized":"Indonezia"},"ig":{"code":"NG","native":"Naịjịrịa","localized":"Nizeria"},"is":{"code":"IS","native":"Ísland","localized":"Islandy"},"it":{"code":"IT","native":"Italia","localized":"Italia"},"ja":{"code":"JP","native":"日本","localized":"Japana"},"ka":{"code":"GE","native":"საქართველო","localized":"Zeorzia"},"kk":{"code":"KZ","native":"Қазақстан","localized":"Kazakhstan"},"km":{"code":"KH","native":"កម្ពុជា","localized":"Kambôdja"},"kn":{"code":"IN","native":"ಭಾರತ","localized":"Indy"},"ko":{"code":"KR","native":"대한민국","localized":"Korea Atsimo"},"ku":{"code":"TR","native":"Tirkiye","localized":"Torkia"},"ky":{"code":"KG","native":"Кыргызстан","localized":"Kiordistan"},"lb":{"code":"LU","native":"Lëtzebuerg","localized":"Lioksamboro"},"lg":{"code":"UG","native":"Yuganda","localized":"Oganda"},"ln":{"code":"CD","native":"Republíki Ya Kongó Demokratíki","localized":"Repoblikan’i Kongo"},"lo":{"code":"LA","native":"ລາວ","localized":"Laôs"},"lt":{"code":"LT","native":"Lietuva","localized":"Litoania"},"lv":{"code":"LV","native":"Latvija","localized":"Letonia"},"mai":{"code":"IN","native":"भारत","localized":"Indy"},"mg":{"code":"MG","native":"Madagasikara","localized":"Madagasikara"},"mi":{"code":"NZ","native":"Aotearoa","localized":"Nouvelle-Zélande"},"mk":{"code":"MK","native":"Северна Македонија","localized":"Mk"},"ml":{"code":"IN","native":"ഇന്ത്യ","localized":"Indy"},"mn":{"code":"MN","native":"Монгол","localized":"Môngôlia"},"mni_Mtei":{"code":"IN","native":"India","localized":"Indy"},"mr":{"code":"IN","native":"भारत","localized":"Indy"},"ms":{"code":"MY","native":"Malaysia","localized":"Malaizia"},"mt":{"code":"MT","native":"Malta","localized":"Malta"},"my":{"code":"MM","native":"မြန်မာ","localized":"Myanmar"},"nb":{"code":"NO","native":"Norge","localized":"Nôrvezy"},"ne":{"code":"NP","native":"नेपाल","localized":"Nepala"},"nl":{"code":"NL","native":"Nederland","localized":"Holanda"},"nn":{"code":"NO","native":"Noreg","localized":"Nôrvezy"},"oc":{"code":"FR","native":"Fr","localized":"Frantsa"},"om":{"code":"ET","native":"Itoophiyaa","localized":"Ethiopia"},"or":{"code":"IN","native":"ଭାରତ","localized":"Indy"},"pa":{"code":"IN","native":"ਭਾਰਤ","localized":"Indy"},"pl":{"code":"PL","native":"Polska","localized":"Pôlôna"},"ps":{"code":"AF","native":"افغانستان","localized":"Afghanistan"},"pt":{"code":"BR","native":"Brasil","localized":"Brezila"},"pt_BR":{"code":"BR","native":"Brasil","localized":"Brezila"},"qu":{"code":"PE","native":"Perú","localized":"Peroa"},"ro":{"code":"RO","native":"România","localized":"Romania"},"ru":{"code":"RU","native":"Россия","localized":"Rosia"},"rw":{"code":"RW","native":"U Rwanda","localized":"Roanda"},"sa":{"code":"IN","native":"भारतः","localized":"Indy"},"sc":{"code":"IT","native":"Itàlia","localized":"Italia"},"sd":{"code":"PK","native":"پاڪستان","localized":"Pakistan"},"si":{"code":"LK","native":"ශ්‍රී ලංකාව","localized":"Sri Lanka"},"sk":{"code":"SK","native":"Slovensko","localized":"Slovakia"},"sl":{"code":"SI","native":"Slovenija","localized":"Slovenia"},"sn":{"code":"ZW","native":"Zimbabwe","localized":"Zimbaboe"},"so":{"code":"SO","native":"Soomaaliya","localized":"Somalia"},"sq":{"code":"AL","native":"Shqipëri","localized":"Albania"},"sr_Cyrl":{"code":"RS","native":"Србија","localized":"Rs"},"sr_Latn":{"code":"RS","native":"Serbia","localized":"Rs"},"sr_Latn_ME":{"code":"ME","native":"Montenegro","localized":"Me"},"su":{"code":"ID","native":"Indonesia","localized":"Indonezia"},"sv":{"code":"SE","native":"Sverige","localized":"Soedy"},"sw":{"code":"TZ","native":"Tanzania","localized":"Tanzania"},"ta":{"code":"IN","native":"இந்தியா","localized":"Indy"},"te":{"code":"IN","native":"భారతదేశం","localized":"Indy"},"tg":{"code":"TJ","native":"Тоҷикистон","localized":"Tajikistan"},"th":{"code":"TH","native":"ไทย","localized":"Thailandy"},"ti":{"code":"ET","native":"ኢትዮጵያ","localized":"Ethiopia"},"tk":{"code":"TM","native":"Türkmenistan","localized":"Torkmenistan"},"tl":{"code":"PH","native":"Philippines","localized":"Filipina"},"tr":{"code":"TR","native":"Türkiye","localized":"Torkia"},"tt":{"code":"RU","native":"Россия","localized":"Rosia"},"ug":{"code":"CN","native":"جۇڭگو","localized":"Sina"},"uk":{"code":"UA","native":"Україна","localized":"Okraina"},"ur":{"code":"PK","native":"پاکستان","localized":"Pakistan"},"uz_Cyrl":{"code":"UZ","native":"Uzbekistan","localized":"Ozbekistan"},"uz_Latn":{"code":"UZ","native":"Oʻzbekiston","localized":"Ozbekistan"},"vi":{"code":"VN","native":"Việt Nam","localized":"Vietnam"},"xh":{"code":"ZA","native":"Emzantsi Afrika","localized":"Afrika Atsimo"},"yi":{"code":"001","native":"וועלט","localized":"001"},"yo":{"code":"NG","native":"Nàìjíríà","localized":"Nizeria"},"zh_CN":{"code":"CN","native":"中国","localized":"Sina"},"zh_HK":{"code":"HK","native":"中国香港特别行政区","localized":"Hk"},"zh_TW":{"code":"TW","native":"台湾","localized":"Taioana"},"zu":{"code":"ZA","native":"Iningizimu Afrika","localized":"Afrika Atsimo"}}
