{"af":{"code":"ZA","native":"Suid-Afrika","localized":"Āwherika Ki Te Tonga"},"ak":{"code":"GH","native":"Gaana","localized":"Kāna"},"am":{"code":"ET","native":"ኢትዮጵያ","localized":"Etiopia"},"ar":{"code":"EG","native":"مصر","localized":"Īhipa"},"as":{"code":"IN","native":"ভাৰত","localized":"Inia"},"az":{"code":"AZ","native":"Azərbaycan","localized":"Az"},"be":{"code":"BY","native":"Беларусь","localized":"By"},"bg":{"code":"BG","native":"България","localized":"Bg"},"bho":{"code":"IN","native":"भारत","localized":"Inia"},"bm":{"code":"ML","native":"Mali","localized":"Māri"},"bn":{"code":"BD","native":"বাংলাদেশ","localized":"Bd"},"bs":{"code":"BA","native":"Bosna I Hercegovina","localized":"Ba"},"ca":{"code":"ES","native":"Espanya","localized":"Es"},"ceb":{"code":"PH","native":"Pilipinas","localized":"Ph"},"ckb":{"code":"IQ","native":"عێراق","localized":"Iq"},"cs":{"code":"CZ","native":"Česko","localized":"Cz"},"cy":{"code":"GB","native":"Y Deyrnas Unedig","localized":"Te Hononga O Piritene"},"da":{"code":"DK","native":"Danmark","localized":"Tenemāka"},"de":{"code":"DE","native":"Deutschland","localized":"Tiamani"},"de_CH":{"code":"CH","native":"Schweiz","localized":"Huiterangi"},"doi":{"code":"IN","native":"भारत","localized":"Inia"},"ee":{"code":"GH","native":"Ghana Nutome","localized":"Kāna"},"el":{"code":"GR","native":"Ελλάδα","localized":"Gr"},"en":{"code":"US","native":"United States","localized":"Hononga O Amerika"},"en_CA":{"code":"CA","native":"Canada","localized":"Kānata"},"eo":{"code":"001","native":"Mondo","localized":"Te Ao"},"es":{"code":"ES","native":"España","localized":"Es"},"et":{"code":"EE","native":"Eesti","localized":"Etōnia"},"eu":{"code":"ES","native":"Espainia","localized":"Es"},"fa":{"code":"IR","native":"ایران","localized":"Ir"},"fi":{"code":"FI","native":"Suomi","localized":"Whinirana"},"fil":{"code":"PH","native":"Pilipinas","localized":"Ph"},"fr":{"code":"FR","native":"France","localized":"Wīwī"},"fy":{"code":"NL","native":"Nederlân","localized":"Hōrana"},"ga":{"code":"IE","native":"Éire","localized":"Aerana"},"gd":{"code":"GB","native":"An Rìoghachd Aonaichte","localized":"Te Hononga O Piritene"},"gl":{"code":"ES","native":"España","localized":"Es"},"gu":{"code":"IN","native":"ભારત","localized":"Inia"},"ha":{"code":"NG","native":"Nijeriya","localized":"Ngāitiria"},"haw":{"code":"US","native":"ʻAmelika Hui Pū ʻIa","localized":"Hononga O Amerika"},"he":{"code":"IL","native":"ישראל","localized":"Il"},"hi":{"code":"IN","native":"भारत","localized":"Inia"},"hr":{"code":"HR","native":"Hrvatska","localized":"Hr"},"hu":{"code":"HU","native":"Magyarország","localized":"Hu"},"hy":{"code":"AM","native":"Հայաստան","localized":"Am"},"id":{"code":"ID","native":"Indonesia","localized":"Id"},"ig":{"code":"NG","native":"Naịjịrịa","localized":"Ngāitiria"},"is":{"code":"IS","native":"Ísland","localized":"Tiorangi"},"it":{"code":"IT","native":"Italia","localized":"Itāria"},"ja":{"code":"JP","native":"日本","localized":"Hapani"},"ka":{"code":"GE","native":"საქართველო","localized":"Ge"},"kk":{"code":"KZ","native":"Қазақстан","localized":"Kz"},"km":{"code":"KH","native":"កម្ពុជា","localized":"Kh"},"kn":{"code":"IN","native":"ಭಾರತ","localized":"Inia"},"ko":{"code":"KR","native":"대한민국","localized":"Kr"},"ku":{"code":"TR","native":"Tirkiye","localized":"Tr"},"ky":{"code":"KG","native":"Кыргызстан","localized":"Kg"},"lb":{"code":"LU","native":"Lëtzebuerg","localized":"Rakimipēki"},"lg":{"code":"UG","native":"Yuganda","localized":"Ukāna"},"ln":{"code":"CD","native":"Republíki Ya Kongó Demokratíki","localized":"Kōngo - Kingihāha"},"lo":{"code":"LA","native":"ລາວ","localized":"La"},"lt":{"code":"LT","native":"Lietuva","localized":"Rituānia"},"lv":{"code":"LV","native":"Latvija","localized":"Ratawia"},"mai":{"code":"IN","native":"भारत","localized":"Inia"},"mg":{"code":"MG","native":"Madagasikara","localized":"Marakāhia"},"mi":{"code":"NZ","native":"Aotearoa","localized":"Aotearoa"},"mk":{"code":"MK","native":"Северна Македонија","localized":"Makerōnia Ki Te Raki"},"ml":{"code":"IN","native":"ഇന്ത്യ","localized":"Inia"},"mn":{"code":"MN","native":"Монгол","localized":"Mn"},"mni_Mtei":{"code":"IN","native":"India","localized":"Inia"},"mr":{"code":"IN","native":"भारत","localized":"Inia"},"ms":{"code":"MY","native":"Malaysia","localized":"My"},"mt":{"code":"MT","native":"Malta","localized":"Mt"},"my":{"code":"MM","native":"မြန်မာ","localized":"Mm"},"nb":{"code":"NO","native":"Norge","localized":"Nōwei"},"ne":{"code":"NP","native":"नेपाल","localized":"Np"},"nl":{"code":"NL","native":"Nederland","localized":"Hōrana"},"nn":{"code":"NO","native":"Noreg","localized":"Nōwei"},"oc":{"code":"FR","native":"Fr","localized":"Wīwī"},"om":{"code":"ET","native":"Itoophiyaa","localized":"Etiopia"},"or":{"code":"IN","native":"ଭାରତ","localized":"Inia"},"pa":{"code":"IN","native":"ਭਾਰਤ","localized":"Inia"},"pl":{"code":"PL","native":"Polska","localized":"Pl"},"ps":{"code":"AF","native":"افغانستان","localized":"Af"},"pt":{"code":"BR","native":"Brasil","localized":"Parīhi"},"pt_BR":{"code":"BR","native":"Brasil","localized":"Parīhi"},"qu":{"code":"PE","native":"Perú","localized":"Peru"},"ro":{"code":"RO","native":"România","localized":"Ro"},"ru":{"code":"RU","native":"Россия","localized":"Rūhia"},"rw":{"code":"RW","native":"U Rwanda","localized":"Rāwana"},"sa":{"code":"IN","native":"भारतः","localized":"Inia"},"sc":{"code":"IT","native":"Itàlia","localized":"Itāria"},"sd":{"code":"PK","native":"پاڪستان","localized":"Pk"},"si":{"code":"LK","native":"ශ්‍රී ලංකාව","localized":"Lk"},"sk":{"code":"SK","native":"Slovensko","localized":"Sk"},"sl":{"code":"SI","native":"Slovenija","localized":"Si"},"sn":{"code":"ZW","native":"Zimbabwe","localized":"Timuwawe"},"so":{"code":"SO","native":"Soomaaliya","localized":"Hūmārie"},"sq":{"code":"AL","native":"Shqipëri","localized":"Al"},"sr_Cyrl":{"code":"RS","native":"Србија","localized":"Rs"},"sr_Latn":{"code":"RS","native":"Serbia","localized":"Rs"},"sr_Latn_ME":{"code":"ME","native":"Montenegro","localized":"Me"},"su":{"code":"ID","native":"Indonesia","localized":"Id"},"sv":{"code":"SE","native":"Sverige","localized":"Huītene"},"sw":{"code":"TZ","native":"Tanzania","localized":"Tānahia"},"ta":{"code":"IN","native":"இந்தியா","localized":"Inia"},"te":{"code":"IN","native":"భారతదేశం","localized":"Inia"},"tg":{"code":"TJ","native":"Тоҷикистон","localized":"Tj"},"th":{"code":"TH","native":"ไทย","localized":"Th"},"ti":{"code":"ET","native":"ኢትዮጵያ","localized":"Etiopia"},"tk":{"code":"TM","native":"Türkmenistan","localized":"Tm"},"tl":{"code":"PH","native":"Philippines","localized":"Ph"},"tr":{"code":"TR","native":"Türkiye","localized":"Tr"},"tt":{"code":"RU","native":"Россия","localized":"Rūhia"},"ug":{"code":"CN","native":"جۇڭگو","localized":"Haina"},"uk":{"code":"UA","native":"Україна","localized":"Ua"},"ur":{"code":"PK","native":"پاکستان","localized":"Pk"},"uz_Cyrl":{"code":"UZ","native":"Uzbekistan","localized":"Uz"},"uz_Latn":{"code":"UZ","native":"Oʻzbekiston","localized":"Uz"},"vi":{"code":"VN","native":"Việt Nam","localized":"Vn"},"xh":{"code":"ZA","native":"Emzantsi Afrika","localized":"Āwherika Ki Te Tonga"},"yi":{"code":"001","native":"וועלט","localized":"Te Ao"},"yo":{"code":"NG","native":"Nàìjíríà","localized":"Ngāitiria"},"zh_CN":{"code":"CN","native":"中国","localized":"Haina"},"zh_HK":{"code":"HK","native":"中国香港特别行政区","localized":"Hk"},"zh_TW":{"code":"TW","native":"台湾","localized":"Tw"},"zu":{"code":"ZA","native":"Iningizimu Afrika","localized":"Āwherika Ki Te Tonga"}}
