{"af":{"code":"ZA","native":"Suid-Afrika","localized":"ദക്ഷിണാഫ്രിക്ക"},"ak":{"code":"GH","native":"Gaana","localized":"ഘാന"},"am":{"code":"ET","native":"ኢትዮጵያ","localized":"എത്യോപ്യ"},"ar":{"code":"EG","native":"مصر","localized":"ഈജിപ്ത്"},"as":{"code":"IN","native":"ভাৰত","localized":"ഇന്ത്യ"},"az":{"code":"AZ","native":"Azərbaycan","localized":"അസർബൈജാൻ"},"be":{"code":"BY","native":"Беларусь","localized":"ബെലറൂസ്"},"bg":{"code":"BG","native":"България","localized":"ബൾഗേറിയ"},"bho":{"code":"IN","native":"भारत","localized":"ഇന്ത്യ"},"bm":{"code":"ML","native":"Mali","localized":"മാലി"},"bn":{"code":"BD","native":"বাংলাদেশ","localized":"ബംഗ്ലാദേശ്"},"bs":{"code":"BA","native":"Bosna I Hercegovina","localized":"ബോസ്നിയയും ഹെർസഗോവിനയും"},"ca":{"code":"ES","native":"Espanya","localized":"സ്‌പെയിൻ"},"ceb":{"code":"PH","native":"Pilipinas","localized":"ഫിലിപ്പീൻസ്"},"ckb":{"code":"IQ","native":"عێراق","localized":"ഇറാഖ്"},"cs":{"code":"CZ","native":"Česko","localized":"ചെക്കിയ"},"cy":{"code":"GB","native":"Y Deyrnas Unedig","localized":"യുണൈറ്റഡ് കിംഗ്ഡം"},"da":{"code":"DK","native":"Danmark","localized":"ഡെൻമാർക്ക്"},"de":{"code":"DE","native":"Deutschland","localized":"ജർമ്മനി"},"de_CH":{"code":"CH","native":"Schweiz","localized":"സ്വിറ്റ്സർലാൻഡ്"},"doi":{"code":"IN","native":"भारत","localized":"ഇന്ത്യ"},"ee":{"code":"GH","native":"Ghana Nutome","localized":"ഘാന"},"el":{"code":"GR","native":"Ελλάδα","localized":"ഗ്രീസ്"},"en":{"code":"US","native":"United States","localized":"അമേരിക്കൻ ഐക്യനാടുകൾ"},"en_CA":{"code":"CA","native":"Canada","localized":"കാനഡ"},"eo":{"code":"001","native":"Mondo","localized":"ലോകം"},"es":{"code":"ES","native":"España","localized":"സ്‌പെയിൻ"},"et":{"code":"EE","native":"Eesti","localized":"എസ്റ്റോണിയ‍"},"eu":{"code":"ES","native":"Espainia","localized":"സ്‌പെയിൻ"},"fa":{"code":"IR","native":"ایران","localized":"ഇറാൻ"},"fi":{"code":"FI","native":"Suomi","localized":"ഫിൻലാൻഡ്"},"fil":{"code":"PH","native":"Pilipinas","localized":"ഫിലിപ്പീൻസ്"},"fr":{"code":"FR","native":"France","localized":"ഫ്രാൻസ്"},"fy":{"code":"NL","native":"Nederlân","localized":"നെതർലാൻഡ്‌സ്"},"ga":{"code":"IE","native":"Éire","localized":"അയർലൻഡ്"},"gd":{"code":"GB","native":"An Rìoghachd Aonaichte","localized":"യുണൈറ്റഡ് കിംഗ്ഡം"},"gl":{"code":"ES","native":"España","localized":"സ്‌പെയിൻ"},"gu":{"code":"IN","native":"ભારત","localized":"ഇന്ത്യ"},"ha":{"code":"NG","native":"Nijeriya","localized":"നൈജീരിയ"},"haw":{"code":"US","native":"ʻAmelika Hui Pū ʻIa","localized":"അമേരിക്കൻ ഐക്യനാടുകൾ"},"he":{"code":"IL","native":"ישראל","localized":"ഇസ്രായേൽ"},"hi":{"code":"IN","native":"भारत","localized":"ഇന്ത്യ"},"hr":{"code":"HR","native":"Hrvatska","localized":"ക്രൊയേഷ്യ"},"hu":{"code":"HU","native":"Magyarország","localized":"ഹംഗറി"},"hy":{"code":"AM","native":"Հայաստան","localized":"അർമേനിയ"},"id":{"code":"ID","native":"Indonesia","localized":"ഇന്തോനേഷ്യ"},"ig":{"code":"NG","native":"Naịjịrịa","localized":"നൈജീരിയ"},"is":{"code":"IS","native":"Ísland","localized":"ഐസ്‌ലാന്റ്"},"it":{"code":"IT","native":"Italia","localized":"ഇറ്റലി"},"ja":{"code":"JP","native":"日本","localized":"ജപ്പാൻ"},"ka":{"code":"GE","native":"საქართველო","localized":"ജോർജ്ജിയ"},"kk":{"code":"KZ","native":"Қазақстан","localized":"കസാഖിസ്ഥാൻ"},"km":{"code":"KH","native":"កម្ពុជា","localized":"കംബോഡിയ"},"kn":{"code":"IN","native":"ಭಾರತ","localized":"ഇന്ത്യ"},"ko":{"code":"KR","native":"대한민국","localized":"ദക്ഷിണകൊറിയ"},"ku":{"code":"TR","native":"Tirkiye","localized":"തുർക്കി"},"ky":{"code":"KG","native":"Кыргызстан","localized":"കിർഗിസ്ഥാൻ"},"lb":{"code":"LU","native":"Lëtzebuerg","localized":"ലക്സംബർഗ്"},"lg":{"code":"UG","native":"Yuganda","localized":"ഉഗാണ്ട"},"ln":{"code":"CD","native":"Republíki Ya Kongó Demokratíki","localized":"കോംഗോ - കിൻഷാസ"},"lo":{"code":"LA","native":"ລາວ","localized":"ലാവോസ്"},"lt":{"code":"LT","native":"Lietuva","localized":"ലിത്വാനിയ"},"lv":{"code":"LV","native":"Latvija","localized":"ലാറ്റ്വിയ"},"mai":{"code":"IN","native":"भारत","localized":"ഇന്ത്യ"},"mg":{"code":"MG","native":"Madagasikara","localized":"മഡഗാസ്കർ"},"mi":{"code":"NZ","native":"Aotearoa","localized":"ന്യൂസിലാൻറ്"},"mk":{"code":"MK","native":"Северна Македонија","localized":"നോർത്ത് മാസിഡോണിയ"},"ml":{"code":"IN","native":"ഇന്ത്യ","localized":"ഇന്ത്യ"},"mn":{"code":"MN","native":"Монгол","localized":"മംഗോളിയ"},"mni_Mtei":{"code":"IN","native":"India","localized":"ഇന്ത്യ"},"mr":{"code":"IN","native":"भारत","localized":"ഇന്ത്യ"},"ms":{"code":"MY","native":"Malaysia","localized":"മലേഷ്യ"},"mt":{"code":"MT","native":"Malta","localized":"മാൾട്ട"},"my":{"code":"MM","native":"မြန်မာ","localized":"മ്യാൻമാർ (ബർമ്മ)"},"nb":{"code":"NO","native":"Norge","localized":"നോർവെ"},"ne":{"code":"NP","native":"नेपाल","localized":"നേപ്പാൾ"},"nl":{"code":"NL","native":"Nederland","localized":"നെതർലാൻഡ്‌സ്"},"nn":{"code":"NO","native":"Noreg","localized":"നോർവെ"},"oc":{"code":"FR","native":"Fr","localized":"ഫ്രാൻസ്"},"om":{"code":"ET","native":"Itoophiyaa","localized":"എത്യോപ്യ"},"or":{"code":"IN","native":"ଭାରତ","localized":"ഇന്ത്യ"},"pa":{"code":"IN","native":"ਭਾਰਤ","localized":"ഇന്ത്യ"},"pl":{"code":"PL","native":"Polska","localized":"പോളണ്ട്"},"ps":{"code":"AF","native":"افغانستان","localized":"അഫ്‌ഗാനിസ്ഥാൻ"},"pt":{"code":"BR","native":"Brasil","localized":"ബ്രസീൽ"},"pt_BR":{"code":"BR","native":"Brasil","localized":"ബ്രസീൽ"},"qu":{"code":"PE","native":"Perú","localized":"പെറു"},"ro":{"code":"RO","native":"România","localized":"റൊമാനിയ"},"ru":{"code":"RU","native":"Россия","localized":"റഷ്യ"},"rw":{"code":"RW","native":"U Rwanda","localized":"റുവാണ്ട"},"sa":{"code":"IN","native":"भारतः","localized":"ഇന്ത്യ"},"sc":{"code":"IT","native":"Itàlia","localized":"ഇറ്റലി"},"sd":{"code":"PK","native":"پاڪستان","localized":"പാക്കിസ്ഥാൻ"},"si":{"code":"LK","native":"ශ්‍රී ලංකාව","localized":"ശ്രീലങ്ക"},"sk":{"code":"SK","native":"Slovensko","localized":"സ്ലോവാക്യ"},"sl":{"code":"SI","native":"Slovenija","localized":"സ്ലോവേനിയ"},"sn":{"code":"ZW","native":"Zimbabwe","localized":"സിംബാബ്‌വേ"},"so":{"code":"SO","native":"Soomaaliya","localized":"സോമാലിയ"},"sq":{"code":"AL","native":"Shqipëri","localized":"അൽബേനിയ"},"sr_Cyrl":{"code":"RS","native":"Србија","localized":"സെർബിയ"},"sr_Latn":{"code":"RS","native":"Serbia","localized":"സെർബിയ"},"sr_Latn_ME":{"code":"ME","native":"Montenegro","localized":"മോണ്ടെനെഗ്രോ"},"su":{"code":"ID","native":"Indonesia","localized":"ഇന്തോനേഷ്യ"},"sv":{"code":"SE","native":"Sverige","localized":"സ്വീഡൻ"},"sw":{"code":"TZ","native":"Tanzania","localized":"ടാൻസാനിയ"},"ta":{"code":"IN","native":"இந்தியா","localized":"ഇന്ത്യ"},"te":{"code":"IN","native":"భారతదేశం","localized":"ഇന്ത്യ"},"tg":{"code":"TJ","native":"Тоҷикистон","localized":"താജിക്കിസ്ഥാൻ"},"th":{"code":"TH","native":"ไทย","localized":"തായ്‌ലാൻഡ്"},"ti":{"code":"ET","native":"ኢትዮጵያ","localized":"എത്യോപ്യ"},"tk":{"code":"TM","native":"Türkmenistan","localized":"തുർക്ക്മെനിസ്ഥാൻ"},"tl":{"code":"PH","native":"Philippines","localized":"ഫിലിപ്പീൻസ്"},"tr":{"code":"TR","native":"Türkiye","localized":"തുർക്കി"},"tt":{"code":"RU","native":"Россия","localized":"റഷ്യ"},"ug":{"code":"CN","native":"جۇڭگو","localized":"ചൈന"},"uk":{"code":"UA","native":"Україна","localized":"ഉക്രെയ്‌ൻ"},"ur":{"code":"PK","native":"پاکستان","localized":"പാക്കിസ്ഥാൻ"},"uz_Cyrl":{"code":"UZ","native":"Uzbekistan","localized":"ഉസ്‌ബെക്കിസ്ഥാൻ"},"uz_Latn":{"code":"UZ","native":"Oʻzbekiston","localized":"ഉസ്‌ബെക്കിസ്ഥാൻ"},"vi":{"code":"VN","native":"Việt Nam","localized":"വിയറ്റ്നാം"},"xh":{"code":"ZA","native":"Emzantsi Afrika","localized":"ദക്ഷിണാഫ്രിക്ക"},"yi":{"code":"001","native":"וועלט","localized":"ലോകം"},"yo":{"code":"NG","native":"Nàìjíríà","localized":"നൈജീരിയ"},"zh_CN":{"code":"CN","native":"中国","localized":"ചൈന"},"zh_HK":{"code":"HK","native":"中国香港特别行政区","localized":"ഹോങ്കോങ് (Sar) ചൈന"},"zh_TW":{"code":"TW","native":"台湾","localized":"തായ്‌വാൻ"},"zu":{"code":"ZA","native":"Iningizimu Afrika","localized":"ദക്ഷിണാഫ്രിക്ക"}}
