{"af":{"code":"ZA","native":"Suid-Afrika","localized":"Өмнөд Африк"},"ak":{"code":"GH","native":"Gaana","localized":"Гана"},"am":{"code":"ET","native":"ኢትዮጵያ","localized":"Этиоп"},"ar":{"code":"EG","native":"مصر","localized":"Египет"},"as":{"code":"IN","native":"ভাৰত","localized":"Энэтхэг"},"az":{"code":"AZ","native":"Azərbaycan","localized":"Азербайжан"},"be":{"code":"BY","native":"Беларусь","localized":"Беларусь"},"bg":{"code":"BG","native":"България","localized":"Болгар"},"bho":{"code":"IN","native":"भारत","localized":"Энэтхэг"},"bm":{"code":"ML","native":"Mali","localized":"Мали"},"bn":{"code":"BD","native":"বাংলাদেশ","localized":"Бангладеш"},"bs":{"code":"BA","native":"Bosna I Hercegovina","localized":"Босни-Герцеговин"},"ca":{"code":"ES","native":"Espanya","localized":"Испани"},"ceb":{"code":"PH","native":"Pilipinas","localized":"Филиппин"},"ckb":{"code":"IQ","native":"عێراق","localized":"Ирак"},"cs":{"code":"CZ","native":"Česko","localized":"Чех"},"cy":{"code":"GB","native":"Y Deyrnas Unedig","localized":"Их Британи"},"da":{"code":"DK","native":"Danmark","localized":"Дани"},"de":{"code":"DE","native":"Deutschland","localized":"Герман"},"de_CH":{"code":"CH","native":"Schweiz","localized":"Швейцарь"},"doi":{"code":"IN","native":"भारत","localized":"Энэтхэг"},"ee":{"code":"GH","native":"Ghana Nutome","localized":"Гана"},"el":{"code":"GR","native":"Ελλάδα","localized":"Грек"},"en":{"code":"US","native":"United States","localized":"Америкийн Нэгдсэн Улс"},"en_CA":{"code":"CA","native":"Canada","localized":"Канад"},"eo":{"code":"001","native":"Mondo","localized":"Дэлхий"},"es":{"code":"ES","native":"España","localized":"Испани"},"et":{"code":"EE","native":"Eesti","localized":"Эстони"},"eu":{"code":"ES","native":"Espainia","localized":"Испани"},"fa":{"code":"IR","native":"ایران","localized":"Иран"},"fi":{"code":"FI","native":"Suomi","localized":"Финлянд"},"fil":{"code":"PH","native":"Pilipinas","localized":"Филиппин"},"fr":{"code":"FR","native":"France","localized":"Франц"},"fy":{"code":"NL","native":"Nederlân","localized":"Нидерланд"},"ga":{"code":"IE","native":"Éire","localized":"Ирланд"},"gd":{"code":"GB","native":"An Rìoghachd Aonaichte","localized":"Их Британи"},"gl":{"code":"ES","native":"España","localized":"Испани"},"gu":{"code":"IN","native":"ભારત","localized":"Энэтхэг"},"ha":{"code":"NG","native":"Nijeriya","localized":"Нигери"},"haw":{"code":"US","native":"ʻAmelika Hui Pū ʻIa","localized":"Америкийн Нэгдсэн Улс"},"he":{"code":"IL","native":"ישראל","localized":"Израиль"},"hi":{"code":"IN","native":"भारत","localized":"Энэтхэг"},"hr":{"code":"HR","native":"Hrvatska","localized":"Хорват"},"hu":{"code":"HU","native":"Magyarország","localized":"Унгар"},"hy":{"code":"AM","native":"Հայաստան","localized":"Армени"},"id":{"code":"ID","native":"Indonesia","localized":"Индонез"},"ig":{"code":"NG","native":"Naịjịrịa","localized":"Нигери"},"is":{"code":"IS","native":"Ísland","localized":"Исланд"},"it":{"code":"IT","native":"Italia","localized":"Итали"},"ja":{"code":"JP","native":"日本","localized":"Япон"},"ka":{"code":"GE","native":"საქართველო","localized":"Гүрж"},"kk":{"code":"KZ","native":"Қазақстан","localized":"Казахстан"},"km":{"code":"KH","native":"កម្ពុជា","localized":"Камбож"},"kn":{"code":"IN","native":"ಭಾರತ","localized":"Энэтхэг"},"ko":{"code":"KR","native":"대한민국","localized":"Өмнөд Солонгос"},"ku":{"code":"TR","native":"Tirkiye","localized":"Турк"},"ky":{"code":"KG","native":"Кыргызстан","localized":"Кыргызстан"},"lb":{"code":"LU","native":"Lëtzebuerg","localized":"Люксембург"},"lg":{"code":"UG","native":"Yuganda","localized":"Уганда"},"ln":{"code":"CD","native":"Republíki Ya Kongó Demokratíki","localized":"Конго-Киншаса"},"lo":{"code":"LA","native":"ລາວ","localized":"Лаос"},"lt":{"code":"LT","native":"Lietuva","localized":"Литва"},"lv":{"code":"LV","native":"Latvija","localized":"Латви"},"mai":{"code":"IN","native":"भारत","localized":"Энэтхэг"},"mg":{"code":"MG","native":"Madagasikara","localized":"Мадагаскар"},"mi":{"code":"NZ","native":"Aotearoa","localized":"Шинэ Зеланд"},"mk":{"code":"MK","native":"Северна Македонија","localized":"Хойд Македон"},"ml":{"code":"IN","native":"ഇന്ത്യ","localized":"Энэтхэг"},"mn":{"code":"MN","native":"Монгол","localized":"Монгол"},"mni_Mtei":{"code":"IN","native":"India","localized":"Энэтхэг"},"mr":{"code":"IN","native":"भारत","localized":"Энэтхэг"},"ms":{"code":"MY","native":"Malaysia","localized":"Малайз"},"mt":{"code":"MT","native":"Malta","localized":"Мальта"},"my":{"code":"MM","native":"မြန်မာ","localized":"Мьянмар"},"nb":{"code":"NO","native":"Norge","localized":"Норвеги"},"ne":{"code":"NP","native":"नेपाल","localized":"Балба"},"nl":{"code":"NL","native":"Nederland","localized":"Нидерланд"},"nn":{"code":"NO","native":"Noreg","localized":"Норвеги"},"oc":{"code":"FR","native":"Fr","localized":"Франц"},"om":{"code":"ET","native":"Itoophiyaa","localized":"Этиоп"},"or":{"code":"IN","native":"ଭାରତ","localized":"Энэтхэг"},"pa":{"code":"IN","native":"ਭਾਰਤ","localized":"Энэтхэг"},"pl":{"code":"PL","native":"Polska","localized":"Польш"},"ps":{"code":"AF","native":"افغانستان","localized":"Афганистан"},"pt":{"code":"BR","native":"Brasil","localized":"Бразил"},"pt_BR":{"code":"BR","native":"Brasil","localized":"Бразил"},"qu":{"code":"PE","native":"Perú","localized":"Перу"},"ro":{"code":"RO","native":"România","localized":"Румын"},"ru":{"code":"RU","native":"Россия","localized":"Орос"},"rw":{"code":"RW","native":"U Rwanda","localized":"Руанда"},"sa":{"code":"IN","native":"भारतः","localized":"Энэтхэг"},"sc":{"code":"IT","native":"Itàlia","localized":"Итали"},"sd":{"code":"PK","native":"پاڪستان","localized":"Пакистан"},"si":{"code":"LK","native":"ශ්‍රී ලංකාව","localized":"Шри-Ланка"},"sk":{"code":"SK","native":"Slovensko","localized":"Словак"},"sl":{"code":"SI","native":"Slovenija","localized":"Словени"},"sn":{"code":"ZW","native":"Zimbabwe","localized":"Зимбабве"},"so":{"code":"SO","native":"Soomaaliya","localized":"Сомали"},"sq":{"code":"AL","native":"Shqipëri","localized":"Албани"},"sr_Cyrl":{"code":"RS","native":"Србија","localized":"Серби"},"sr_Latn":{"code":"RS","native":"Serbia","localized":"Серби"},"sr_Latn_ME":{"code":"ME","native":"Montenegro","localized":"Монтенегро"},"su":{"code":"ID","native":"Indonesia","localized":"Индонез"},"sv":{"code":"SE","native":"Sverige","localized":"Швед"},"sw":{"code":"TZ","native":"Tanzania","localized":"Танзани"},"ta":{"code":"IN","native":"இந்தியா","localized":"Энэтхэг"},"te":{"code":"IN","native":"భారతదేశం","localized":"Энэтхэг"},"tg":{"code":"TJ","native":"Тоҷикистон","localized":"Тажикистан"},"th":{"code":"TH","native":"ไทย","localized":"Тайланд"},"ti":{"code":"ET","native":"ኢትዮጵያ","localized":"Этиоп"},"tk":{"code":"TM","native":"Türkmenistan","localized":"Туркменистан"},"tl":{"code":"PH","native":"Philippines","localized":"Филиппин"},"tr":{"code":"TR","native":"Türkiye","localized":"Турк"},"tt":{"code":"RU","native":"Россия","localized":"Орос"},"ug":{"code":"CN","native":"جۇڭگو","localized":"Хятад"},"uk":{"code":"UA","native":"Україна","localized":"Украин"},"ur":{"code":"PK","native":"پاکستان","localized":"Пакистан"},"uz_Cyrl":{"code":"UZ","native":"Uzbekistan","localized":"Узбекистан"},"uz_Latn":{"code":"UZ","native":"Oʻzbekiston","localized":"Узбекистан"},"vi":{"code":"VN","native":"Việt Nam","localized":"Вьетнам"},"xh":{"code":"ZA","native":"Emzantsi Afrika","localized":"Өмнөд Африк"},"yi":{"code":"001","native":"וועלט","localized":"Дэлхий"},"yo":{"code":"NG","native":"Nàìjíríà","localized":"Нигери"},"zh_CN":{"code":"CN","native":"中国","localized":"Хятад"},"zh_HK":{"code":"HK","native":"中国香港特别行政区","localized":"Бнхау-Ын Тусгай Захиргааны Бүс Хонг Конг"},"zh_TW":{"code":"TW","native":"台湾","localized":"Тайвань"},"zu":{"code":"ZA","native":"Iningizimu Afrika","localized":"Өмнөд Африк"}}
