{"af":{"code":"ZA","native":"Suid-Afrika","localized":"दक्षिण आफ्रिका"},"ak":{"code":"GH","native":"Gaana","localized":"घाना"},"am":{"code":"ET","native":"ኢትዮጵያ","localized":"इथिओपिया"},"ar":{"code":"EG","native":"مصر","localized":"इजिप्त"},"as":{"code":"IN","native":"ভাৰত","localized":"भारत"},"az":{"code":"AZ","native":"Azərbaycan","localized":"अझरबैजान"},"be":{"code":"BY","native":"Беларусь","localized":"बेलारूस"},"bg":{"code":"BG","native":"България","localized":"बल्गेरिया"},"bho":{"code":"IN","native":"भारत","localized":"भारत"},"bm":{"code":"ML","native":"Mali","localized":"माली"},"bn":{"code":"BD","native":"বাংলাদেশ","localized":"बांगलादेश"},"bs":{"code":"BA","native":"Bosna I Hercegovina","localized":"बोस्निया अणि हर्जेगोविना"},"ca":{"code":"ES","native":"Espanya","localized":"स्पेन"},"ceb":{"code":"PH","native":"Pilipinas","localized":"फिलिपिन्स"},"ckb":{"code":"IQ","native":"عێراق","localized":"इराक"},"cs":{"code":"CZ","native":"Česko","localized":"झेकिया"},"cy":{"code":"GB","native":"Y Deyrnas Unedig","localized":"युनायटेड किंगडम"},"da":{"code":"DK","native":"Danmark","localized":"डेन्मार्क"},"de":{"code":"DE","native":"Deutschland","localized":"जर्मनी"},"de_CH":{"code":"CH","native":"Schweiz","localized":"स्वित्झर्लंड"},"doi":{"code":"IN","native":"भारत","localized":"भारत"},"ee":{"code":"GH","native":"Ghana Nutome","localized":"घाना"},"el":{"code":"GR","native":"Ελλάδα","localized":"ग्रीस"},"en":{"code":"US","native":"United States","localized":"युनायटेड स्टेट्स"},"en_CA":{"code":"CA","native":"Canada","localized":"कॅनडा"},"eo":{"code":"001","native":"Mondo","localized":"विश्व"},"es":{"code":"ES","native":"España","localized":"स्पेन"},"et":{"code":"EE","native":"Eesti","localized":"एस्टोनिया"},"eu":{"code":"ES","native":"Espainia","localized":"स्पेन"},"fa":{"code":"IR","native":"ایران","localized":"इराण"},"fi":{"code":"FI","native":"Suomi","localized":"फिनलंड"},"fil":{"code":"PH","native":"Pilipinas","localized":"फिलिपिन्स"},"fr":{"code":"FR","native":"France","localized":"फ्रान्स"},"fy":{"code":"NL","native":"Nederlân","localized":"नेदरलँड"},"ga":{"code":"IE","native":"Éire","localized":"आयर्लंड"},"gd":{"code":"GB","native":"An Rìoghachd Aonaichte","localized":"युनायटेड किंगडम"},"gl":{"code":"ES","native":"España","localized":"स्पेन"},"gu":{"code":"IN","native":"ભારત","localized":"भारत"},"ha":{"code":"NG","native":"Nijeriya","localized":"नायजेरिया"},"haw":{"code":"US","native":"ʻAmelika Hui Pū ʻIa","localized":"युनायटेड स्टेट्स"},"he":{"code":"IL","native":"ישראל","localized":"इस्त्राइल"},"hi":{"code":"IN","native":"भारत","localized":"भारत"},"hr":{"code":"HR","native":"Hrvatska","localized":"क्रोएशिया"},"hu":{"code":"HU","native":"Magyarország","localized":"हंगेरी"},"hy":{"code":"AM","native":"Հայաստան","localized":"अर्मेनिया"},"id":{"code":"ID","native":"Indonesia","localized":"इंडोनेशिया"},"ig":{"code":"NG","native":"Naịjịrịa","localized":"नायजेरिया"},"is":{"code":"IS","native":"Ísland","localized":"आइसलँड"},"it":{"code":"IT","native":"Italia","localized":"इटली"},"ja":{"code":"JP","native":"日本","localized":"जपान"},"ka":{"code":"GE","native":"საქართველო","localized":"जॉर्जिया"},"kk":{"code":"KZ","native":"Қазақстан","localized":"कझाकस्तान"},"km":{"code":"KH","native":"កម្ពុជា","localized":"कंबोडिया"},"kn":{"code":"IN","native":"ಭಾರತ","localized":"भारत"},"ko":{"code":"KR","native":"대한민국","localized":"दक्षिण कोरिया"},"ku":{"code":"TR","native":"Tirkiye","localized":"तुर्की"},"ky":{"code":"KG","native":"Кыргызстан","localized":"किरगिझस्तान"},"lb":{"code":"LU","native":"Lëtzebuerg","localized":"लक्झेंबर्ग"},"lg":{"code":"UG","native":"Yuganda","localized":"युगांडा"},"ln":{"code":"CD","native":"Republíki Ya Kongó Demokratíki","localized":"काँगो - किंशासा"},"lo":{"code":"LA","native":"ລາວ","localized":"लाओस"},"lt":{"code":"LT","native":"Lietuva","localized":"लिथुआनिया"},"lv":{"code":"LV","native":"Latvija","localized":"लाटव्हिया"},"mai":{"code":"IN","native":"भारत","localized":"भारत"},"mg":{"code":"MG","native":"Madagasikara","localized":"मादागास्कर"},"mi":{"code":"NZ","native":"Aotearoa","localized":"न्यूझीलंड"},"mk":{"code":"MK","native":"Северна Македонија","localized":"उत्तर मॅसेडोनिया"},"ml":{"code":"IN","native":"ഇന്ത്യ","localized":"भारत"},"mn":{"code":"MN","native":"Монгол","localized":"मंगोलिया"},"mni_Mtei":{"code":"IN","native":"India","localized":"भारत"},"mr":{"code":"IN","native":"भारत","localized":"भारत"},"ms":{"code":"MY","native":"Malaysia","localized":"मलेशिया"},"mt":{"code":"MT","native":"Malta","localized":"माल्टा"},"my":{"code":"MM","native":"မြန်မာ","localized":"म्यानमार (बर्मा)"},"nb":{"code":"NO","native":"Norge","localized":"नॉर्वे"},"ne":{"code":"NP","native":"नेपाल","localized":"नेपाळ"},"nl":{"code":"NL","native":"Nederland","localized":"नेदरलँड"},"nn":{"code":"NO","native":"Noreg","localized":"नॉर्वे"},"oc":{"code":"FR","native":"Fr","localized":"फ्रान्स"},"om":{"code":"ET","native":"Itoophiyaa","localized":"इथिओपिया"},"or":{"code":"IN","native":"ଭାରତ","localized":"भारत"},"pa":{"code":"IN","native":"ਭਾਰਤ","localized":"भारत"},"pl":{"code":"PL","native":"Polska","localized":"पोलंड"},"ps":{"code":"AF","native":"افغانستان","localized":"अफगाणिस्तान"},"pt":{"code":"BR","native":"Brasil","localized":"ब्राझिल"},"pt_BR":{"code":"BR","native":"Brasil","localized":"ब्राझिल"},"qu":{"code":"PE","native":"Perú","localized":"पेरू"},"ro":{"code":"RO","native":"România","localized":"रोमानिया"},"ru":{"code":"RU","native":"Россия","localized":"रशिया"},"rw":{"code":"RW","native":"U Rwanda","localized":"रवांडा"},"sa":{"code":"IN","native":"भारतः","localized":"भारत"},"sc":{"code":"IT","native":"Itàlia","localized":"इटली"},"sd":{"code":"PK","native":"پاڪستان","localized":"पाकिस्तान"},"si":{"code":"LK","native":"ශ්‍රී ලංකාව","localized":"श्रीलंका"},"sk":{"code":"SK","native":"Slovensko","localized":"स्लोव्हाकिया"},"sl":{"code":"SI","native":"Slovenija","localized":"स्लोव्हेनिया"},"sn":{"code":"ZW","native":"Zimbabwe","localized":"झिम्बाब्वे"},"so":{"code":"SO","native":"Soomaaliya","localized":"सोमालिया"},"sq":{"code":"AL","native":"Shqipëri","localized":"अल्बानिया"},"sr_Cyrl":{"code":"RS","native":"Србија","localized":"सर्बिया"},"sr_Latn":{"code":"RS","native":"Serbia","localized":"सर्बिया"},"sr_Latn_ME":{"code":"ME","native":"Montenegro","localized":"मोंटेनेग्रो"},"su":{"code":"ID","native":"Indonesia","localized":"इंडोनेशिया"},"sv":{"code":"SE","native":"Sverige","localized":"स्वीडन"},"sw":{"code":"TZ","native":"Tanzania","localized":"टांझानिया"},"ta":{"code":"IN","native":"இந்தியா","localized":"भारत"},"te":{"code":"IN","native":"భారతదేశం","localized":"भारत"},"tg":{"code":"TJ","native":"Тоҷикистон","localized":"ताजिकिस्तान"},"th":{"code":"TH","native":"ไทย","localized":"थायलंड"},"ti":{"code":"ET","native":"ኢትዮጵያ","localized":"इथिओपिया"},"tk":{"code":"TM","native":"Türkmenistan","localized":"तुर्कमेनिस्तान"},"tl":{"code":"PH","native":"Philippines","localized":"फिलिपिन्स"},"tr":{"code":"TR","native":"Türkiye","localized":"तुर्की"},"tt":{"code":"RU","native":"Россия","localized":"रशिया"},"ug":{"code":"CN","native":"جۇڭگو","localized":"चीन"},"uk":{"code":"UA","native":"Україна","localized":"युक्रेन"},"ur":{"code":"PK","native":"پاکستان","localized":"पाकिस्तान"},"uz_Cyrl":{"code":"UZ","native":"Uzbekistan","localized":"उझबेकिस्तान"},"uz_Latn":{"code":"UZ","native":"Oʻzbekiston","localized":"उझबेकिस्तान"},"vi":{"code":"VN","native":"Việt Nam","localized":"व्हिएतनाम"},"xh":{"code":"ZA","native":"Emzantsi Afrika","localized":"दक्षिण आफ्रिका"},"yi":{"code":"001","native":"וועלט","localized":"विश्व"},"yo":{"code":"NG","native":"Nàìjíríà","localized":"नायजेरिया"},"zh_CN":{"code":"CN","native":"中国","localized":"चीन"},"zh_HK":{"code":"HK","native":"中国香港特别行政区","localized":"हाँगकाँग एसएआर चीन"},"zh_TW":{"code":"TW","native":"台湾","localized":"तैवान"},"zu":{"code":"ZA","native":"Iningizimu Afrika","localized":"दक्षिण आफ्रिका"}}
