{"af":{"code":"ZA","native":"Suid-Afrika","localized":"L-Afrika T’isfel"},"ak":{"code":"GH","native":"Gaana","localized":"Il-Ghana"},"am":{"code":"ET","native":"ኢትዮጵያ","localized":"L-Etjopja"},"ar":{"code":"EG","native":"مصر","localized":"L-Eġittu"},"as":{"code":"IN","native":"ভাৰত","localized":"L-Indja"},"az":{"code":"AZ","native":"Azərbaycan","localized":"L-Ażerbajġan"},"be":{"code":"BY","native":"Беларусь","localized":"Il-Belarussja"},"bg":{"code":"BG","native":"България","localized":"Il-Bulgarija"},"bho":{"code":"IN","native":"भारत","localized":"L-Indja"},"bm":{"code":"ML","native":"Mali","localized":"Il-Mali"},"bn":{"code":"BD","native":"বাংলাদেশ","localized":"Il-Bangladesh"},"bs":{"code":"BA","native":"Bosna I Hercegovina","localized":"Il-Bożnija-Ħerzegovina"},"ca":{"code":"ES","native":"Espanya","localized":"Spanja"},"ceb":{"code":"PH","native":"Pilipinas","localized":"Il-Filippini"},"ckb":{"code":"IQ","native":"عێراق","localized":"L-Iraq"},"cs":{"code":"CZ","native":"Česko","localized":"Ir-Repubblika Ċeka"},"cy":{"code":"GB","native":"Y Deyrnas Unedig","localized":"Ir-Renju Unit"},"da":{"code":"DK","native":"Danmark","localized":"Id-Danimarka"},"de":{"code":"DE","native":"Deutschland","localized":"Il-Ġermanja"},"de_CH":{"code":"CH","native":"Schweiz","localized":"L-Iżvizzera"},"doi":{"code":"IN","native":"भारत","localized":"L-Indja"},"ee":{"code":"GH","native":"Ghana Nutome","localized":"Il-Ghana"},"el":{"code":"GR","native":"Ελλάδα","localized":"Il-Greċja"},"en":{"code":"US","native":"United States","localized":"L-Istati Uniti"},"en_CA":{"code":"CA","native":"Canada","localized":"Il-Kanada"},"eo":{"code":"001","native":"Mondo","localized":"Dinja"},"es":{"code":"ES","native":"España","localized":"Spanja"},"et":{"code":"EE","native":"Eesti","localized":"L-Estonja"},"eu":{"code":"ES","native":"Espainia","localized":"Spanja"},"fa":{"code":"IR","native":"ایران","localized":"L-Iran"},"fi":{"code":"FI","native":"Suomi","localized":"Il-Finlandja"},"fil":{"code":"PH","native":"Pilipinas","localized":"Il-Filippini"},"fr":{"code":"FR","native":"France","localized":"Franza"},"fy":{"code":"NL","native":"Nederlân","localized":"In-Netherlands"},"ga":{"code":"IE","native":"Éire","localized":"L-Irlanda"},"gd":{"code":"GB","native":"An Rìoghachd Aonaichte","localized":"Ir-Renju Unit"},"gl":{"code":"ES","native":"España","localized":"Spanja"},"gu":{"code":"IN","native":"ભારત","localized":"L-Indja"},"ha":{"code":"NG","native":"Nijeriya","localized":"In-Niġerja"},"haw":{"code":"US","native":"ʻAmelika Hui Pū ʻIa","localized":"L-Istati Uniti"},"he":{"code":"IL","native":"ישראל","localized":"Iżrael"},"hi":{"code":"IN","native":"भारत","localized":"L-Indja"},"hr":{"code":"HR","native":"Hrvatska","localized":"Il-Kroazja"},"hu":{"code":"HU","native":"Magyarország","localized":"L-Ungerija"},"hy":{"code":"AM","native":"Հայաստան","localized":"L-Armenja"},"id":{"code":"ID","native":"Indonesia","localized":"L-Indoneżja"},"ig":{"code":"NG","native":"Naịjịrịa","localized":"In-Niġerja"},"is":{"code":"IS","native":"Ísland","localized":"L-Iżlanda"},"it":{"code":"IT","native":"Italia","localized":"L-Italja"},"ja":{"code":"JP","native":"日本","localized":"Il-Ġappun"},"ka":{"code":"GE","native":"საქართველო","localized":"Il-Georgia"},"kk":{"code":"KZ","native":"Қазақстан","localized":"Il-Każakistan"},"km":{"code":"KH","native":"កម្ពុជា","localized":"Il-Kambodja"},"kn":{"code":"IN","native":"ಭಾರತ","localized":"L-Indja"},"ko":{"code":"KR","native":"대한민국","localized":"Il-Korea T’isfel"},"ku":{"code":"TR","native":"Tirkiye","localized":"It-Turkija"},"ky":{"code":"KG","native":"Кыргызстан","localized":"Il-Kirgiżistan"},"lb":{"code":"LU","native":"Lëtzebuerg","localized":"Il-Lussemburgu"},"lg":{"code":"UG","native":"Yuganda","localized":"L-Uganda"},"ln":{"code":"CD","native":"Republíki Ya Kongó Demokratíki","localized":"Ir-Repubblika Demokratika Tal-Kongo"},"lo":{"code":"LA","native":"ລາວ","localized":"Il-Laos"},"lt":{"code":"LT","native":"Lietuva","localized":"Il-Litwanja"},"lv":{"code":"LV","native":"Latvija","localized":"Il-Latvja"},"mai":{"code":"IN","native":"भारत","localized":"L-Indja"},"mg":{"code":"MG","native":"Madagasikara","localized":"Madagascar"},"mi":{"code":"NZ","native":"Aotearoa","localized":"New Zealand"},"mk":{"code":"MK","native":"Северна Македонија","localized":"Il-Maċedonja Ta’ Fuq"},"ml":{"code":"IN","native":"ഇന്ത്യ","localized":"L-Indja"},"mn":{"code":"MN","native":"Монгол","localized":"Il-Mongolja"},"mni_Mtei":{"code":"IN","native":"India","localized":"L-Indja"},"mr":{"code":"IN","native":"भारत","localized":"L-Indja"},"ms":{"code":"MY","native":"Malaysia","localized":"Il-Malasja"},"mt":{"code":"MT","native":"Malta","localized":"Malta"},"my":{"code":"MM","native":"မြန်မာ","localized":"Il-Myanmar/Burma"},"nb":{"code":"NO","native":"Norge","localized":"In-Norveġja"},"ne":{"code":"NP","native":"नेपाल","localized":"In-Nepal"},"nl":{"code":"NL","native":"Nederland","localized":"In-Netherlands"},"nn":{"code":"NO","native":"Noreg","localized":"In-Norveġja"},"oc":{"code":"FR","native":"Fr","localized":"Franza"},"om":{"code":"ET","native":"Itoophiyaa","localized":"L-Etjopja"},"or":{"code":"IN","native":"ଭାରତ","localized":"L-Indja"},"pa":{"code":"IN","native":"ਭਾਰਤ","localized":"L-Indja"},"pl":{"code":"PL","native":"Polska","localized":"Il-Polonja"},"ps":{"code":"AF","native":"افغانستان","localized":"L-Afganistan"},"pt":{"code":"BR","native":"Brasil","localized":"Il-Brażil"},"pt_BR":{"code":"BR","native":"Brasil","localized":"Il-Brażil"},"qu":{"code":"PE","native":"Perú","localized":"Il-Perù"},"ro":{"code":"RO","native":"România","localized":"Ir-Rumanija"},"ru":{"code":"RU","native":"Россия","localized":"Ir-Russja"},"rw":{"code":"RW","native":"U Rwanda","localized":"Ir-Rwanda"},"sa":{"code":"IN","native":"भारतः","localized":"L-Indja"},"sc":{"code":"IT","native":"Itàlia","localized":"L-Italja"},"sd":{"code":"PK","native":"پاڪستان","localized":"Il-Pakistan"},"si":{"code":"LK","native":"ශ්‍රී ලංකාව","localized":"Is-Sri Lanka"},"sk":{"code":"SK","native":"Slovensko","localized":"Is-Slovakkja"},"sl":{"code":"SI","native":"Slovenija","localized":"Is-Slovenja"},"sn":{"code":"ZW","native":"Zimbabwe","localized":"Iż-Żimbabwe"},"so":{"code":"SO","native":"Soomaaliya","localized":"Is-Somalja"},"sq":{"code":"AL","native":"Shqipëri","localized":"L-Albanija"},"sr_Cyrl":{"code":"RS","native":"Србија","localized":"Is-Serbja"},"sr_Latn":{"code":"RS","native":"Serbia","localized":"Is-Serbja"},"sr_Latn_ME":{"code":"ME","native":"Montenegro","localized":"Il-Montenegro"},"su":{"code":"ID","native":"Indonesia","localized":"L-Indoneżja"},"sv":{"code":"SE","native":"Sverige","localized":"L-Iżvezja"},"sw":{"code":"TZ","native":"Tanzania","localized":"It-Tanzanija"},"ta":{"code":"IN","native":"இந்தியா","localized":"L-Indja"},"te":{"code":"IN","native":"భారతదేశం","localized":"L-Indja"},"tg":{"code":"TJ","native":"Тоҷикистон","localized":"It-Taġikistan"},"th":{"code":"TH","native":"ไทย","localized":"It-Tajlandja"},"ti":{"code":"ET","native":"ኢትዮጵያ","localized":"L-Etjopja"},"tk":{"code":"TM","native":"Türkmenistan","localized":"It-Turkmenistan"},"tl":{"code":"PH","native":"Philippines","localized":"Il-Filippini"},"tr":{"code":"TR","native":"Türkiye","localized":"It-Turkija"},"tt":{"code":"RU","native":"Россия","localized":"Ir-Russja"},"ug":{"code":"CN","native":"جۇڭگو","localized":"Iċ-Ċina"},"uk":{"code":"UA","native":"Україна","localized":"L-Ukrajna"},"ur":{"code":"PK","native":"پاکستان","localized":"Il-Pakistan"},"uz_Cyrl":{"code":"UZ","native":"Uzbekistan","localized":"L-Użbekistan"},"uz_Latn":{"code":"UZ","native":"Oʻzbekiston","localized":"L-Użbekistan"},"vi":{"code":"VN","native":"Việt Nam","localized":"Il-Vjetnam"},"xh":{"code":"ZA","native":"Emzantsi Afrika","localized":"L-Afrika T’isfel"},"yi":{"code":"001","native":"וועלט","localized":"Dinja"},"yo":{"code":"NG","native":"Nàìjíríà","localized":"In-Niġerja"},"zh_CN":{"code":"CN","native":"中国","localized":"Iċ-Ċina"},"zh_HK":{"code":"HK","native":"中国香港特别行政区","localized":"Ir-Reġjun Amministrattiv Speċjali Ta’ Hong Kong Tar-Repubblika Tal-Poplu Taċ-Ċina"},"zh_TW":{"code":"TW","native":"台湾","localized":"It-Tajwan"},"zu":{"code":"ZA","native":"Iningizimu Afrika","localized":"L-Afrika T’isfel"}}
