{"af":{"code":"ZA","native":"Suid-Afrika","localized":"တောင်အာဖရိက"},"ak":{"code":"GH","native":"Gaana","localized":"ဂါနာ"},"am":{"code":"ET","native":"ኢትዮጵያ","localized":"အီသီယိုးပီးယား"},"ar":{"code":"EG","native":"مصر","localized":"အီဂျစ်"},"as":{"code":"IN","native":"ভাৰত","localized":"အိန္ဒိယ"},"az":{"code":"AZ","native":"Azərbaycan","localized":"အဇာဘိုင်ဂျန်"},"be":{"code":"BY","native":"Беларусь","localized":"ဘီလာရုစ်"},"bg":{"code":"BG","native":"България","localized":"ဘူလ်ဂေးရီးယား"},"bho":{"code":"IN","native":"भारत","localized":"အိန္ဒိယ"},"bm":{"code":"ML","native":"Mali","localized":"မာလီ"},"bn":{"code":"BD","native":"বাংলাদেশ","localized":"ဘင်္ဂလားဒေ့ရှ်"},"bs":{"code":"BA","native":"Bosna I Hercegovina","localized":"ဘော့စနီးယားနှင့် ဟာဇီဂိုဗီနား"},"ca":{"code":"ES","native":"Espanya","localized":"စပိန်"},"ceb":{"code":"PH","native":"Pilipinas","localized":"ဖိလစ်ပိုင်"},"ckb":{"code":"IQ","native":"عێراق","localized":"အီရတ်"},"cs":{"code":"CZ","native":"Česko","localized":"ချက်ကီယား"},"cy":{"code":"GB","native":"Y Deyrnas Unedig","localized":"ယူနိုက်တက်ကင်းဒမ်း"},"da":{"code":"DK","native":"Danmark","localized":"ဒိန်းမတ်"},"de":{"code":"DE","native":"Deutschland","localized":"ဂျာမနီ"},"de_CH":{"code":"CH","native":"Schweiz","localized":"ဆွစ်ဇာလန်"},"doi":{"code":"IN","native":"भारत","localized":"အိန္ဒိယ"},"ee":{"code":"GH","native":"Ghana Nutome","localized":"ဂါနာ"},"el":{"code":"GR","native":"Ελλάδα","localized":"ဂရိ"},"en":{"code":"US","native":"United States","localized":"အမေရိကန် ပြည်ထောင်စု"},"en_CA":{"code":"CA","native":"Canada","localized":"ကနေဒါ"},"eo":{"code":"001","native":"Mondo","localized":"ကမ္ဘာ"},"es":{"code":"ES","native":"España","localized":"စပိန်"},"et":{"code":"EE","native":"Eesti","localized":"အက်စတိုးနီးယား"},"eu":{"code":"ES","native":"Espainia","localized":"စပိန်"},"fa":{"code":"IR","native":"ایران","localized":"အီရန်"},"fi":{"code":"FI","native":"Suomi","localized":"ဖင်လန်"},"fil":{"code":"PH","native":"Pilipinas","localized":"ဖိလစ်ပိုင်"},"fr":{"code":"FR","native":"France","localized":"ပြင်သစ်"},"fy":{"code":"NL","native":"Nederlân","localized":"နယ်သာလန်"},"ga":{"code":"IE","native":"Éire","localized":"အိုင်ယာလန်"},"gd":{"code":"GB","native":"An Rìoghachd Aonaichte","localized":"ယူနိုက်တက်ကင်းဒမ်း"},"gl":{"code":"ES","native":"España","localized":"စပိန်"},"gu":{"code":"IN","native":"ભારત","localized":"အိန္ဒိယ"},"ha":{"code":"NG","native":"Nijeriya","localized":"နိုင်ဂျီးရီးယား"},"haw":{"code":"US","native":"ʻAmelika Hui Pū ʻIa","localized":"အမေရိကန် ပြည်ထောင်စု"},"he":{"code":"IL","native":"ישראל","localized":"အစ္စရေး"},"hi":{"code":"IN","native":"भारत","localized":"အိန္ဒိယ"},"hr":{"code":"HR","native":"Hrvatska","localized":"ခရိုအေးရှား"},"hu":{"code":"HU","native":"Magyarország","localized":"ဟန်ဂေရီ"},"hy":{"code":"AM","native":"Հայաստան","localized":"အာမေးနီးယား"},"id":{"code":"ID","native":"Indonesia","localized":"အင်ဒိုနီးရှား"},"ig":{"code":"NG","native":"Naịjịrịa","localized":"နိုင်ဂျီးရီးယား"},"is":{"code":"IS","native":"Ísland","localized":"အိုက်စလန်"},"it":{"code":"IT","native":"Italia","localized":"အီတလီ"},"ja":{"code":"JP","native":"日本","localized":"ဂျပန်"},"ka":{"code":"GE","native":"საქართველო","localized":"ဂျော်ဂျီယာ"},"kk":{"code":"KZ","native":"Қазақстан","localized":"ကာဇက်စတန်"},"km":{"code":"KH","native":"កម្ពុជា","localized":"ကမ္ဘောဒီးယား"},"kn":{"code":"IN","native":"ಭಾರತ","localized":"အိန္ဒိယ"},"ko":{"code":"KR","native":"대한민국","localized":"တောင်ကိုရီးယား"},"ku":{"code":"TR","native":"Tirkiye","localized":"တူရကီ"},"ky":{"code":"KG","native":"Кыргызстан","localized":"ကာဂျစ္စတန်"},"lb":{"code":"LU","native":"Lëtzebuerg","localized":"လူဇင်ဘတ်"},"lg":{"code":"UG","native":"Yuganda","localized":"ယူဂန်းဒါး"},"ln":{"code":"CD","native":"Republíki Ya Kongó Demokratíki","localized":"ကွန်ဂို"},"lo":{"code":"LA","native":"ລາວ","localized":"လာအို"},"lt":{"code":"LT","native":"Lietuva","localized":"လစ်သူဝေးနီးယား"},"lv":{"code":"LV","native":"Latvija","localized":"လတ်ဗီးယား"},"mai":{"code":"IN","native":"भारत","localized":"အိန္ဒိယ"},"mg":{"code":"MG","native":"Madagasikara","localized":"မဒါဂတ်စကား"},"mi":{"code":"NZ","native":"Aotearoa","localized":"နယူးဇီလန်"},"mk":{"code":"MK","native":"Северна Македонија","localized":"မြောက် မက်ဆီဒိုးနီးယား"},"ml":{"code":"IN","native":"ഇന്ത്യ","localized":"အိန္ဒိယ"},"mn":{"code":"MN","native":"Монгол","localized":"မွန်ဂိုးလီးယား"},"mni_Mtei":{"code":"IN","native":"India","localized":"အိန္ဒိယ"},"mr":{"code":"IN","native":"भारत","localized":"အိန္ဒိယ"},"ms":{"code":"MY","native":"Malaysia","localized":"မလေးရှား"},"mt":{"code":"MT","native":"Malta","localized":"မောလ်တာ"},"my":{"code":"MM","native":"မြန်မာ","localized":"မြန်မာ"},"nb":{"code":"NO","native":"Norge","localized":"နော်ဝေ"},"ne":{"code":"NP","native":"नेपाल","localized":"နီပေါ"},"nl":{"code":"NL","native":"Nederland","localized":"နယ်သာလန်"},"nn":{"code":"NO","native":"Noreg","localized":"နော်ဝေ"},"oc":{"code":"FR","native":"Fr","localized":"ပြင်သစ်"},"om":{"code":"ET","native":"Itoophiyaa","localized":"အီသီယိုးပီးယား"},"or":{"code":"IN","native":"ଭାରତ","localized":"အိန္ဒိယ"},"pa":{"code":"IN","native":"ਭਾਰਤ","localized":"အိန္ဒိယ"},"pl":{"code":"PL","native":"Polska","localized":"ပိုလန်"},"ps":{"code":"AF","native":"افغانستان","localized":"အာဖဂန်နစ္စတန်"},"pt":{"code":"BR","native":"Brasil","localized":"ဘရာဇီး"},"pt_BR":{"code":"BR","native":"Brasil","localized":"ဘရာဇီး"},"qu":{"code":"PE","native":"Perú","localized":"ပီရူး"},"ro":{"code":"RO","native":"România","localized":"ရိုမေးနီးယား"},"ru":{"code":"RU","native":"Россия","localized":"ရုရှား"},"rw":{"code":"RW","native":"U Rwanda","localized":"ရဝန်ဒါ"},"sa":{"code":"IN","native":"भारतः","localized":"အိန္ဒိယ"},"sc":{"code":"IT","native":"Itàlia","localized":"အီတလီ"},"sd":{"code":"PK","native":"پاڪستان","localized":"ပါကစ္စတန်"},"si":{"code":"LK","native":"ශ්‍රී ලංකාව","localized":"သီရိလင်္ကာ"},"sk":{"code":"SK","native":"Slovensko","localized":"ဆလိုဗက်ကီးယား"},"sl":{"code":"SI","native":"Slovenija","localized":"ဆလိုဗေးနီးယား"},"sn":{"code":"ZW","native":"Zimbabwe","localized":"ဇင်ဘာဘွေ"},"so":{"code":"SO","native":"Soomaaliya","localized":"ဆိုမာလီယာ"},"sq":{"code":"AL","native":"Shqipëri","localized":"အယ်လ်ဘေးနီးယား"},"sr_Cyrl":{"code":"RS","native":"Србија","localized":"ဆားဘီးယား"},"sr_Latn":{"code":"RS","native":"Serbia","localized":"ဆားဘီးယား"},"sr_Latn_ME":{"code":"ME","native":"Montenegro","localized":"မွန်တီနိဂရိုး"},"su":{"code":"ID","native":"Indonesia","localized":"အင်ဒိုနီးရှား"},"sv":{"code":"SE","native":"Sverige","localized":"ဆွီဒင်"},"sw":{"code":"TZ","native":"Tanzania","localized":"တန်ဇန်းနီးယား"},"ta":{"code":"IN","native":"இந்தியா","localized":"အိန္ဒိယ"},"te":{"code":"IN","native":"భారతదేశం","localized":"အိန္ဒိယ"},"tg":{"code":"TJ","native":"Тоҷикистон","localized":"တာဂျီကစ္စတန်"},"th":{"code":"TH","native":"ไทย","localized":"ထိုင်း"},"ti":{"code":"ET","native":"ኢትዮጵያ","localized":"အီသီယိုးပီးယား"},"tk":{"code":"TM","native":"Türkmenistan","localized":"တာ့ခ်မင်နစ္စတန်"},"tl":{"code":"PH","native":"Philippines","localized":"ဖိလစ်ပိုင်"},"tr":{"code":"TR","native":"Türkiye","localized":"တူရကီ"},"tt":{"code":"RU","native":"Россия","localized":"ရုရှား"},"ug":{"code":"CN","native":"جۇڭگو","localized":"တရုတ်"},"uk":{"code":"UA","native":"Україна","localized":"ယူကရိန်း"},"ur":{"code":"PK","native":"پاکستان","localized":"ပါကစ္စတန်"},"uz_Cyrl":{"code":"UZ","native":"Uzbekistan","localized":"ဥဇဘက်ကစ္စတန်"},"uz_Latn":{"code":"UZ","native":"Oʻzbekiston","localized":"ဥဇဘက်ကစ္စတန်"},"vi":{"code":"VN","native":"Việt Nam","localized":"ဗီယက်နမ်"},"xh":{"code":"ZA","native":"Emzantsi Afrika","localized":"တောင်အာဖရိက"},"yi":{"code":"001","native":"וועלט","localized":"ကမ္ဘာ"},"yo":{"code":"NG","native":"Nàìjíríà","localized":"နိုင်ဂျီးရီးယား"},"zh_CN":{"code":"CN","native":"中国","localized":"တရုတ်"},"zh_HK":{"code":"HK","native":"中国香港特别行政区","localized":"ဟောင်ကောင် (တရုတ်ပြည်)"},"zh_TW":{"code":"TW","native":"台湾","localized":"ထိုင်ဝမ်"},"zu":{"code":"ZA","native":"Iningizimu Afrika","localized":"တောင်အာဖရိက"}}
