{"af":{"code":"ZA","native":"Suid-Afrika","localized":"दक्षिण अफ्रिका"},"ak":{"code":"GH","native":"Gaana","localized":"घाना"},"am":{"code":"ET","native":"ኢትዮጵያ","localized":"इथियोपिया"},"ar":{"code":"EG","native":"مصر","localized":"इजिप्ट"},"as":{"code":"IN","native":"ভাৰত","localized":"भारत"},"az":{"code":"AZ","native":"Azərbaycan","localized":"अजरबैजान"},"be":{"code":"BY","native":"Беларусь","localized":"बेलारूस"},"bg":{"code":"BG","native":"България","localized":"बुल्गेरिया"},"bho":{"code":"IN","native":"भारत","localized":"भारत"},"bm":{"code":"ML","native":"Mali","localized":"माली"},"bn":{"code":"BD","native":"বাংলাদেশ","localized":"बङ्गलादेश"},"bs":{"code":"BA","native":"Bosna I Hercegovina","localized":"बोस्निया एण्ड हर्जगोभिनिया"},"ca":{"code":"ES","native":"Espanya","localized":"स्पेन"},"ceb":{"code":"PH","native":"Pilipinas","localized":"फिलिपिन्स"},"ckb":{"code":"IQ","native":"عێراق","localized":"इराक"},"cs":{"code":"CZ","native":"Česko","localized":"चेकिया"},"cy":{"code":"GB","native":"Y Deyrnas Unedig","localized":"संयुक्त अधिराज्य"},"da":{"code":"DK","native":"Danmark","localized":"डेनमार्क"},"de":{"code":"DE","native":"Deutschland","localized":"जर्मनी"},"de_CH":{"code":"CH","native":"Schweiz","localized":"स्विजरल्याण्ड"},"doi":{"code":"IN","native":"भारत","localized":"भारत"},"ee":{"code":"GH","native":"Ghana Nutome","localized":"घाना"},"el":{"code":"GR","native":"Ελλάδα","localized":"ग्रीस"},"en":{"code":"US","native":"United States","localized":"संयुक्त राज्य"},"en_CA":{"code":"CA","native":"Canada","localized":"क्यानाडा"},"eo":{"code":"001","native":"Mondo","localized":"विश्व"},"es":{"code":"ES","native":"España","localized":"स्पेन"},"et":{"code":"EE","native":"Eesti","localized":"इस्टोनिया"},"eu":{"code":"ES","native":"Espainia","localized":"स्पेन"},"fa":{"code":"IR","native":"ایران","localized":"इरान"},"fi":{"code":"FI","native":"Suomi","localized":"फिनल्याण्ड"},"fil":{"code":"PH","native":"Pilipinas","localized":"फिलिपिन्स"},"fr":{"code":"FR","native":"France","localized":"फ्रान्स"},"fy":{"code":"NL","native":"Nederlân","localized":"नेदरल्याण्ड"},"ga":{"code":"IE","native":"Éire","localized":"आयरल्याण्ड"},"gd":{"code":"GB","native":"An Rìoghachd Aonaichte","localized":"संयुक्त अधिराज्य"},"gl":{"code":"ES","native":"España","localized":"स्पेन"},"gu":{"code":"IN","native":"ભારત","localized":"भारत"},"ha":{"code":"NG","native":"Nijeriya","localized":"नाइजेरिया"},"haw":{"code":"US","native":"ʻAmelika Hui Pū ʻIa","localized":"संयुक्त राज्य"},"he":{"code":"IL","native":"ישראל","localized":"इजरायल"},"hi":{"code":"IN","native":"भारत","localized":"भारत"},"hr":{"code":"HR","native":"Hrvatska","localized":"क्रोएशिया"},"hu":{"code":"HU","native":"Magyarország","localized":"हङ्गेरी"},"hy":{"code":"AM","native":"Հայաստան","localized":"आर्मेनिया"},"id":{"code":"ID","native":"Indonesia","localized":"इन्डोनेशिया"},"ig":{"code":"NG","native":"Naịjịrịa","localized":"नाइजेरिया"},"is":{"code":"IS","native":"Ísland","localized":"आइस्ल्याण्ड"},"it":{"code":"IT","native":"Italia","localized":"इटली"},"ja":{"code":"JP","native":"日本","localized":"जापान"},"ka":{"code":"GE","native":"საქართველო","localized":"जर्जिया"},"kk":{"code":"KZ","native":"Қазақстан","localized":"काजाकस्तान"},"km":{"code":"KH","native":"កម្ពុជា","localized":"कम्बोडिया"},"kn":{"code":"IN","native":"ಭಾರತ","localized":"भारत"},"ko":{"code":"KR","native":"대한민국","localized":"दक्षिण कोरिया"},"ku":{"code":"TR","native":"Tirkiye","localized":"टर्की"},"ky":{"code":"KG","native":"Кыргызстан","localized":"किर्गिस्तान"},"lb":{"code":"LU","native":"Lëtzebuerg","localized":"लक्जेमबर्ग"},"lg":{"code":"UG","native":"Yuganda","localized":"युगाण्डा"},"ln":{"code":"CD","native":"Republíki Ya Kongó Demokratíki","localized":"कङ्गो - किन्शासा"},"lo":{"code":"LA","native":"ລາວ","localized":"लाओस"},"lt":{"code":"LT","native":"Lietuva","localized":"लिथुएनिया"},"lv":{"code":"LV","native":"Latvija","localized":"लाट्भिया"},"mai":{"code":"IN","native":"भारत","localized":"भारत"},"mg":{"code":"MG","native":"Madagasikara","localized":"माडागास्कर"},"mi":{"code":"NZ","native":"Aotearoa","localized":"न्युजिल्याण्ड"},"mk":{"code":"MK","native":"Северна Македонија","localized":"उत्तर म्यासेडोनिया"},"ml":{"code":"IN","native":"ഇന്ത്യ","localized":"भारत"},"mn":{"code":"MN","native":"Монгол","localized":"मङ्गोलिया"},"mni_Mtei":{"code":"IN","native":"India","localized":"भारत"},"mr":{"code":"IN","native":"भारत","localized":"भारत"},"ms":{"code":"MY","native":"Malaysia","localized":"मलेसिया"},"mt":{"code":"MT","native":"Malta","localized":"माल्टा"},"my":{"code":"MM","native":"မြန်မာ","localized":"म्यान्मार (बर्मा)"},"nb":{"code":"NO","native":"Norge","localized":"नर्वे"},"ne":{"code":"NP","native":"नेपाल","localized":"नेपाल"},"nl":{"code":"NL","native":"Nederland","localized":"नेदरल्याण्ड"},"nn":{"code":"NO","native":"Noreg","localized":"नर्वे"},"oc":{"code":"FR","native":"Fr","localized":"फ्रान्स"},"om":{"code":"ET","native":"Itoophiyaa","localized":"इथियोपिया"},"or":{"code":"IN","native":"ଭାରତ","localized":"भारत"},"pa":{"code":"IN","native":"ਭਾਰਤ","localized":"भारत"},"pl":{"code":"PL","native":"Polska","localized":"पोल्याण्ड"},"ps":{"code":"AF","native":"افغانستان","localized":"अफगानिस्तान"},"pt":{"code":"BR","native":"Brasil","localized":"ब्राजिल"},"pt_BR":{"code":"BR","native":"Brasil","localized":"ब्राजिल"},"qu":{"code":"PE","native":"Perú","localized":"पेरू"},"ro":{"code":"RO","native":"România","localized":"रोमेनिया"},"ru":{"code":"RU","native":"Россия","localized":"रूस"},"rw":{"code":"RW","native":"U Rwanda","localized":"रवाण्डा"},"sa":{"code":"IN","native":"भारतः","localized":"भारत"},"sc":{"code":"IT","native":"Itàlia","localized":"इटली"},"sd":{"code":"PK","native":"پاڪستان","localized":"पाकिस्तान"},"si":{"code":"LK","native":"ශ්‍රී ලංකාව","localized":"श्रीलङ्का"},"sk":{"code":"SK","native":"Slovensko","localized":"स्लोभाकिया"},"sl":{"code":"SI","native":"Slovenija","localized":"स्लोभेनिया"},"sn":{"code":"ZW","native":"Zimbabwe","localized":"जिम्बाबवे"},"so":{"code":"SO","native":"Soomaaliya","localized":"सोमालिया"},"sq":{"code":"AL","native":"Shqipëri","localized":"अल्बेनिया"},"sr_Cyrl":{"code":"RS","native":"Србија","localized":"सर्बिया"},"sr_Latn":{"code":"RS","native":"Serbia","localized":"सर्बिया"},"sr_Latn_ME":{"code":"ME","native":"Montenegro","localized":"मोन्टेनिग्रो"},"su":{"code":"ID","native":"Indonesia","localized":"इन्डोनेशिया"},"sv":{"code":"SE","native":"Sverige","localized":"स्विडेन"},"sw":{"code":"TZ","native":"Tanzania","localized":"तान्जानिया"},"ta":{"code":"IN","native":"இந்தியா","localized":"भारत"},"te":{"code":"IN","native":"భారతదేశం","localized":"भारत"},"tg":{"code":"TJ","native":"Тоҷикистон","localized":"ताजिकिस्तान"},"th":{"code":"TH","native":"ไทย","localized":"थाइल्याण्ड"},"ti":{"code":"ET","native":"ኢትዮጵያ","localized":"इथियोपिया"},"tk":{"code":"TM","native":"Türkmenistan","localized":"तुर्कमेनिस्तान"},"tl":{"code":"PH","native":"Philippines","localized":"फिलिपिन्स"},"tr":{"code":"TR","native":"Türkiye","localized":"टर्की"},"tt":{"code":"RU","native":"Россия","localized":"रूस"},"ug":{"code":"CN","native":"جۇڭگو","localized":"चीन"},"uk":{"code":"UA","native":"Україна","localized":"युक्रेन"},"ur":{"code":"PK","native":"پاکستان","localized":"पाकिस्तान"},"uz_Cyrl":{"code":"UZ","native":"Uzbekistan","localized":"उज्बेकिस्तान"},"uz_Latn":{"code":"UZ","native":"Oʻzbekiston","localized":"उज्बेकिस्तान"},"vi":{"code":"VN","native":"Việt Nam","localized":"भिएतनाम"},"xh":{"code":"ZA","native":"Emzantsi Afrika","localized":"दक्षिण अफ्रिका"},"yi":{"code":"001","native":"וועלט","localized":"विश्व"},"yo":{"code":"NG","native":"Nàìjíríà","localized":"नाइजेरिया"},"zh_CN":{"code":"CN","native":"中国","localized":"चीन"},"zh_HK":{"code":"HK","native":"中国香港特别行政区","localized":"हङकङ चिनियाँ विशेष प्रशासनिक क्षेत्र"},"zh_TW":{"code":"TW","native":"台湾","localized":"ताइवान"},"zu":{"code":"ZA","native":"Iningizimu Afrika","localized":"दक्षिण अफ्रिका"}}
