{"af":{"code":"ZA","native":"Suid-Afrika","localized":"Za"},"ak":{"code":"GH","native":"Gaana","localized":"Gh"},"am":{"code":"ET","native":"ኢትዮጵያ","localized":"Itoophiyaa"},"ar":{"code":"EG","native":"مصر","localized":"Eg"},"as":{"code":"IN","native":"ভাৰত","localized":"India"},"az":{"code":"AZ","native":"Azərbaycan","localized":"Az"},"be":{"code":"BY","native":"Беларусь","localized":"By"},"bg":{"code":"BG","native":"България","localized":"Bg"},"bho":{"code":"IN","native":"भारत","localized":"India"},"bm":{"code":"ML","native":"Mali","localized":"Ml"},"bn":{"code":"BD","native":"বাংলাদেশ","localized":"Bd"},"bs":{"code":"BA","native":"Bosna I Hercegovina","localized":"Ba"},"ca":{"code":"ES","native":"Espanya","localized":"Es"},"ceb":{"code":"PH","native":"Pilipinas","localized":"Ph"},"ckb":{"code":"IQ","native":"عێراق","localized":"Iq"},"cs":{"code":"CZ","native":"Česko","localized":"Cz"},"cy":{"code":"GB","native":"Y Deyrnas Unedig","localized":"United Kingdom"},"da":{"code":"DK","native":"Danmark","localized":"Dk"},"de":{"code":"DE","native":"Deutschland","localized":"Germany"},"de_CH":{"code":"CH","native":"Schweiz","localized":"Ch"},"doi":{"code":"IN","native":"भारत","localized":"India"},"ee":{"code":"GH","native":"Ghana Nutome","localized":"Gh"},"el":{"code":"GR","native":"Ελλάδα","localized":"Gr"},"en":{"code":"US","native":"United States","localized":"United States"},"en_CA":{"code":"CA","native":"Canada","localized":"Ca"},"eo":{"code":"001","native":"Mondo","localized":"001"},"es":{"code":"ES","native":"España","localized":"Es"},"et":{"code":"EE","native":"Eesti","localized":"Ee"},"eu":{"code":"ES","native":"Espainia","localized":"Es"},"fa":{"code":"IR","native":"ایران","localized":"Ir"},"fi":{"code":"FI","native":"Suomi","localized":"Fi"},"fil":{"code":"PH","native":"Pilipinas","localized":"Ph"},"fr":{"code":"FR","native":"France","localized":"France"},"fy":{"code":"NL","native":"Nederlân","localized":"Nl"},"ga":{"code":"IE","native":"Éire","localized":"Ie"},"gd":{"code":"GB","native":"An Rìoghachd Aonaichte","localized":"United Kingdom"},"gl":{"code":"ES","native":"España","localized":"Es"},"gu":{"code":"IN","native":"ભારત","localized":"India"},"ha":{"code":"NG","native":"Nijeriya","localized":"Ng"},"haw":{"code":"US","native":"ʻAmelika Hui Pū ʻIa","localized":"United States"},"he":{"code":"IL","native":"ישראל","localized":"Il"},"hi":{"code":"IN","native":"भारत","localized":"India"},"hr":{"code":"HR","native":"Hrvatska","localized":"Hr"},"hu":{"code":"HU","native":"Magyarország","localized":"Hu"},"hy":{"code":"AM","native":"Հայաստան","localized":"Am"},"id":{"code":"ID","native":"Indonesia","localized":"Id"},"ig":{"code":"NG","native":"Naịjịrịa","localized":"Ng"},"is":{"code":"IS","native":"Ísland","localized":"Is"},"it":{"code":"IT","native":"Italia","localized":"Italy"},"ja":{"code":"JP","native":"日本","localized":"Japan"},"ka":{"code":"GE","native":"საქართველო","localized":"Ge"},"kk":{"code":"KZ","native":"Қазақстан","localized":"Kz"},"km":{"code":"KH","native":"កម្ពុជា","localized":"Kh"},"kn":{"code":"IN","native":"ಭಾರತ","localized":"India"},"ko":{"code":"KR","native":"대한민국","localized":"Kr"},"ku":{"code":"TR","native":"Tirkiye","localized":"Tr"},"ky":{"code":"KG","native":"Кыргызстан","localized":"Kg"},"lb":{"code":"LU","native":"Lëtzebuerg","localized":"Lu"},"lg":{"code":"UG","native":"Yuganda","localized":"Ug"},"ln":{"code":"CD","native":"Republíki Ya Kongó Demokratíki","localized":"Cd"},"lo":{"code":"LA","native":"ລາວ","localized":"La"},"lt":{"code":"LT","native":"Lietuva","localized":"Lt"},"lv":{"code":"LV","native":"Latvija","localized":"Lv"},"mai":{"code":"IN","native":"भारत","localized":"India"},"mg":{"code":"MG","native":"Madagasikara","localized":"Mg"},"mi":{"code":"NZ","native":"Aotearoa","localized":"Nz"},"mk":{"code":"MK","native":"Северна Македонија","localized":"Mk"},"ml":{"code":"IN","native":"ഇന്ത്യ","localized":"India"},"mn":{"code":"MN","native":"Монгол","localized":"Mn"},"mni_Mtei":{"code":"IN","native":"India","localized":"India"},"mr":{"code":"IN","native":"भारत","localized":"India"},"ms":{"code":"MY","native":"Malaysia","localized":"My"},"mt":{"code":"MT","native":"Malta","localized":"Mt"},"my":{"code":"MM","native":"မြန်မာ","localized":"Mm"},"nb":{"code":"NO","native":"Norge","localized":"No"},"ne":{"code":"NP","native":"नेपाल","localized":"Np"},"nl":{"code":"NL","native":"Nederland","localized":"Nl"},"nn":{"code":"NO","native":"Noreg","localized":"No"},"oc":{"code":"FR","native":"Fr","localized":"France"},"om":{"code":"ET","native":"Itoophiyaa","localized":"Itoophiyaa"},"or":{"code":"IN","native":"ଭାରତ","localized":"India"},"pa":{"code":"IN","native":"ਭਾਰਤ","localized":"India"},"pl":{"code":"PL","native":"Polska","localized":"Pl"},"ps":{"code":"AF","native":"افغانستان","localized":"Af"},"pt":{"code":"BR","native":"Brasil","localized":"Brazil"},"pt_BR":{"code":"BR","native":"Brasil","localized":"Brazil"},"qu":{"code":"PE","native":"Perú","localized":"Pe"},"ro":{"code":"RO","native":"România","localized":"Ro"},"ru":{"code":"RU","native":"Россия","localized":"Russia"},"rw":{"code":"RW","native":"U Rwanda","localized":"Rw"},"sa":{"code":"IN","native":"भारतः","localized":"India"},"sc":{"code":"IT","native":"Itàlia","localized":"Italy"},"sd":{"code":"PK","native":"پاڪستان","localized":"Pk"},"si":{"code":"LK","native":"ශ්‍රී ලංකාව","localized":"Lk"},"sk":{"code":"SK","native":"Slovensko","localized":"Sk"},"sl":{"code":"SI","native":"Slovenija","localized":"Si"},"sn":{"code":"ZW","native":"Zimbabwe","localized":"Zw"},"so":{"code":"SO","native":"Soomaaliya","localized":"So"},"sq":{"code":"AL","native":"Shqipëri","localized":"Al"},"sr_Cyrl":{"code":"RS","native":"Србија","localized":"Rs"},"sr_Latn":{"code":"RS","native":"Serbia","localized":"Rs"},"sr_Latn_ME":{"code":"ME","native":"Montenegro","localized":"Me"},"su":{"code":"ID","native":"Indonesia","localized":"Id"},"sv":{"code":"SE","native":"Sverige","localized":"Se"},"sw":{"code":"TZ","native":"Tanzania","localized":"Tz"},"ta":{"code":"IN","native":"இந்தியா","localized":"India"},"te":{"code":"IN","native":"భారతదేశం","localized":"India"},"tg":{"code":"TJ","native":"Тоҷикистон","localized":"Tj"},"th":{"code":"TH","native":"ไทย","localized":"Th"},"ti":{"code":"ET","native":"ኢትዮጵያ","localized":"Itoophiyaa"},"tk":{"code":"TM","native":"Türkmenistan","localized":"Tm"},"tl":{"code":"PH","native":"Philippines","localized":"Ph"},"tr":{"code":"TR","native":"Türkiye","localized":"Tr"},"tt":{"code":"RU","native":"Россия","localized":"Russia"},"ug":{"code":"CN","native":"جۇڭگو","localized":"China"},"uk":{"code":"UA","native":"Україна","localized":"Ua"},"ur":{"code":"PK","native":"پاکستان","localized":"Pk"},"uz_Cyrl":{"code":"UZ","native":"Uzbekistan","localized":"Uz"},"uz_Latn":{"code":"UZ","native":"Oʻzbekiston","localized":"Uz"},"vi":{"code":"VN","native":"Việt Nam","localized":"Vn"},"xh":{"code":"ZA","native":"Emzantsi Afrika","localized":"Za"},"yi":{"code":"001","native":"וועלט","localized":"001"},"yo":{"code":"NG","native":"Nàìjíríà","localized":"Ng"},"zh_CN":{"code":"CN","native":"中国","localized":"China"},"zh_HK":{"code":"HK","native":"中国香港特别行政区","localized":"Hk"},"zh_TW":{"code":"TW","native":"台湾","localized":"Tw"},"zu":{"code":"ZA","native":"Iningizimu Afrika","localized":"Za"}}
