{"af":{"code":"ZA","native":"Suid-Afrika","localized":"ଦକ୍ଷିଣ ଆଫ୍ରିକା"},"ak":{"code":"GH","native":"Gaana","localized":"ଘାନା"},"am":{"code":"ET","native":"ኢትዮጵያ","localized":"ଇଥିଓପିଆ"},"ar":{"code":"EG","native":"مصر","localized":"ଇଜିପ୍ଟ"},"as":{"code":"IN","native":"ভাৰত","localized":"ଭାରତ"},"az":{"code":"AZ","native":"Azərbaycan","localized":"ଆଜେରବାଇଜାନ୍"},"be":{"code":"BY","native":"Беларусь","localized":"ବେଲାରୁଷ୍"},"bg":{"code":"BG","native":"България","localized":"ବୁଲଗେରିଆ"},"bho":{"code":"IN","native":"भारत","localized":"ଭାରତ"},"bm":{"code":"ML","native":"Mali","localized":"ମାଲି"},"bn":{"code":"BD","native":"বাংলাদেশ","localized":"ବାଂଲାଦେଶ"},"bs":{"code":"BA","native":"Bosna I Hercegovina","localized":"ବୋସନିଆ ଏବଂ ହର୍ଜଗୋଭିନା"},"ca":{"code":"ES","native":"Espanya","localized":"ସ୍ପେନ୍"},"ceb":{"code":"PH","native":"Pilipinas","localized":"ଫିଲିପାଇନସ୍"},"ckb":{"code":"IQ","native":"عێراق","localized":"ଇରାକ୍"},"cs":{"code":"CZ","native":"Česko","localized":"ଚେଚିଆ"},"cy":{"code":"GB","native":"Y Deyrnas Unedig","localized":"ଯୁକ୍ତରାଜ୍ୟ"},"da":{"code":"DK","native":"Danmark","localized":"ଡେନମାର୍କ"},"de":{"code":"DE","native":"Deutschland","localized":"ଜର୍ମାନୀ"},"de_CH":{"code":"CH","native":"Schweiz","localized":"ସ୍ୱିଜରଲ୍ୟାଣ୍ଡ"},"doi":{"code":"IN","native":"भारत","localized":"ଭାରତ"},"ee":{"code":"GH","native":"Ghana Nutome","localized":"ଘାନା"},"el":{"code":"GR","native":"Ελλάδα","localized":"ଗ୍ରୀସ୍"},"en":{"code":"US","native":"United States","localized":"ଯୁକ୍ତ ରାଷ୍ଟ୍ର"},"en_CA":{"code":"CA","native":"Canada","localized":"କାନାଡା"},"eo":{"code":"001","native":"Mondo","localized":"ବିଶ୍ୱ"},"es":{"code":"ES","native":"España","localized":"ସ୍ପେନ୍"},"et":{"code":"EE","native":"Eesti","localized":"ଏସ୍ତୋନିଆ"},"eu":{"code":"ES","native":"Espainia","localized":"ସ୍ପେନ୍"},"fa":{"code":"IR","native":"ایران","localized":"ଇରାନ"},"fi":{"code":"FI","native":"Suomi","localized":"ଫିନଲ୍ୟାଣ୍ଡ"},"fil":{"code":"PH","native":"Pilipinas","localized":"ଫିଲିପାଇନସ୍"},"fr":{"code":"FR","native":"France","localized":"ଫ୍ରାନ୍ସ"},"fy":{"code":"NL","native":"Nederlân","localized":"ନେଦରଲ୍ୟାଣ୍ଡ"},"ga":{"code":"IE","native":"Éire","localized":"ଆୟରଲ୍ୟାଣ୍ଡ"},"gd":{"code":"GB","native":"An Rìoghachd Aonaichte","localized":"ଯୁକ୍ତରାଜ୍ୟ"},"gl":{"code":"ES","native":"España","localized":"ସ୍ପେନ୍"},"gu":{"code":"IN","native":"ભારત","localized":"ଭାରତ"},"ha":{"code":"NG","native":"Nijeriya","localized":"ନାଇଜେରିଆ"},"haw":{"code":"US","native":"ʻAmelika Hui Pū ʻIa","localized":"ଯୁକ୍ତ ରାଷ୍ଟ୍ର"},"he":{"code":"IL","native":"ישראל","localized":"ଇସ୍ରାଏଲ୍"},"hi":{"code":"IN","native":"भारत","localized":"ଭାରତ"},"hr":{"code":"HR","native":"Hrvatska","localized":"କ୍ରୋଏସିଆ"},"hu":{"code":"HU","native":"Magyarország","localized":"ହଙ୍ଗେରୀ"},"hy":{"code":"AM","native":"Հայաստան","localized":"ଆର୍ମେନିଆ"},"id":{"code":"ID","native":"Indonesia","localized":"ଇଣ୍ଡୋନେସିଆ"},"ig":{"code":"NG","native":"Naịjịrịa","localized":"ନାଇଜେରିଆ"},"is":{"code":"IS","native":"Ísland","localized":"ଆଇସଲ୍ୟାଣ୍ଡ"},"it":{"code":"IT","native":"Italia","localized":"ଇଟାଲୀ"},"ja":{"code":"JP","native":"日本","localized":"ଜାପାନ"},"ka":{"code":"GE","native":"საქართველო","localized":"ଜର୍ଜିଆ"},"kk":{"code":"KZ","native":"Қазақстан","localized":"କାଜାକାସ୍ତାନ"},"km":{"code":"KH","native":"កម្ពុជា","localized":"କାମ୍ବୋଡିଆ"},"kn":{"code":"IN","native":"ಭಾರತ","localized":"ଭାରତ"},"ko":{"code":"KR","native":"대한민국","localized":"ଦକ୍ଷିଣ କୋରିଆ"},"ku":{"code":"TR","native":"Tirkiye","localized":"ତୁର୍କୀ"},"ky":{"code":"KG","native":"Кыргызстан","localized":"କିର୍ଗିଜିସ୍ତାନ"},"lb":{"code":"LU","native":"Lëtzebuerg","localized":"ଲକ୍ସେମବର୍ଗ"},"lg":{"code":"UG","native":"Yuganda","localized":"ଉଗାଣ୍ଡା"},"ln":{"code":"CD","native":"Republíki Ya Kongó Demokratíki","localized":"କଙ୍ଗୋ (ଡିଆରସି)"},"lo":{"code":"LA","native":"ລາວ","localized":"ଲାଓସ୍"},"lt":{"code":"LT","native":"Lietuva","localized":"ଲିଥୁଆନିଆ"},"lv":{"code":"LV","native":"Latvija","localized":"ଲାଟଭିଆ"},"mai":{"code":"IN","native":"भारत","localized":"ଭାରତ"},"mg":{"code":"MG","native":"Madagasikara","localized":"ମାଡାଗାସ୍କର୍"},"mi":{"code":"NZ","native":"Aotearoa","localized":"ନ୍ୟୁଜିଲାଣ୍ଡ"},"mk":{"code":"MK","native":"Северна Македонија","localized":"ଉତ୍ତର ମାସେଡୋନିଆ"},"ml":{"code":"IN","native":"ഇന്ത്യ","localized":"ଭାରତ"},"mn":{"code":"MN","native":"Монгол","localized":"ମଙ୍ଗୋଲିଆ"},"mni_Mtei":{"code":"IN","native":"India","localized":"ଭାରତ"},"mr":{"code":"IN","native":"भारत","localized":"ଭାରତ"},"ms":{"code":"MY","native":"Malaysia","localized":"ମାଲେସିଆ"},"mt":{"code":"MT","native":"Malta","localized":"ମାଲ୍ଟା"},"my":{"code":"MM","native":"မြန်မာ","localized":"ମିଆଁମାର"},"nb":{"code":"NO","native":"Norge","localized":"ନରୱେ"},"ne":{"code":"NP","native":"नेपाल","localized":"ନେପାଳ"},"nl":{"code":"NL","native":"Nederland","localized":"ନେଦରଲ୍ୟାଣ୍ଡ"},"nn":{"code":"NO","native":"Noreg","localized":"ନରୱେ"},"oc":{"code":"FR","native":"Fr","localized":"ଫ୍ରାନ୍ସ"},"om":{"code":"ET","native":"Itoophiyaa","localized":"ଇଥିଓପିଆ"},"or":{"code":"IN","native":"ଭାରତ","localized":"ଭାରତ"},"pa":{"code":"IN","native":"ਭਾਰਤ","localized":"ଭାରତ"},"pl":{"code":"PL","native":"Polska","localized":"ପୋଲାଣ୍ଡ"},"ps":{"code":"AF","native":"افغانستان","localized":"ଆଫଗାନିସ୍ତାନ୍"},"pt":{"code":"BR","native":"Brasil","localized":"ବ୍ରାଜିଲ୍"},"pt_BR":{"code":"BR","native":"Brasil","localized":"ବ୍ରାଜିଲ୍"},"qu":{"code":"PE","native":"Perú","localized":"ପେରୁ"},"ro":{"code":"RO","native":"România","localized":"ରୋମାନିଆ"},"ru":{"code":"RU","native":"Россия","localized":"ରୁଷିଆ"},"rw":{"code":"RW","native":"U Rwanda","localized":"ରାୱାଣ୍ଡା"},"sa":{"code":"IN","native":"भारतः","localized":"ଭାରତ"},"sc":{"code":"IT","native":"Itàlia","localized":"ଇଟାଲୀ"},"sd":{"code":"PK","native":"پاڪستان","localized":"ପାକିସ୍ତାନ"},"si":{"code":"LK","native":"ශ්‍රී ලංකාව","localized":"ଶ୍ରୀଲଙ୍କା"},"sk":{"code":"SK","native":"Slovensko","localized":"ସ୍ଲୋଭାକିଆ"},"sl":{"code":"SI","native":"Slovenija","localized":"ସ୍ଲୋଭେନିଆ"},"sn":{"code":"ZW","native":"Zimbabwe","localized":"ଜିମ୍ବାୱେ"},"so":{"code":"SO","native":"Soomaaliya","localized":"ସୋମାଲିଆ"},"sq":{"code":"AL","native":"Shqipëri","localized":"ଆଲବାନିଆ"},"sr_Cyrl":{"code":"RS","native":"Србија","localized":"ସର୍ବିଆ"},"sr_Latn":{"code":"RS","native":"Serbia","localized":"ସର୍ବିଆ"},"sr_Latn_ME":{"code":"ME","native":"Montenegro","localized":"ମଣ୍ଟେନିଗ୍ରୋ"},"su":{"code":"ID","native":"Indonesia","localized":"ଇଣ୍ଡୋନେସିଆ"},"sv":{"code":"SE","native":"Sverige","localized":"ସ୍ୱେଡେନ୍"},"sw":{"code":"TZ","native":"Tanzania","localized":"ତାଞ୍ଜାନିଆ"},"ta":{"code":"IN","native":"இந்தியா","localized":"ଭାରତ"},"te":{"code":"IN","native":"భారతదేశం","localized":"ଭାରତ"},"tg":{"code":"TJ","native":"Тоҷикистон","localized":"ତାଜିକିସ୍ଥାନ୍"},"th":{"code":"TH","native":"ไทย","localized":"ଥାଇଲ୍ୟାଣ୍ଡ"},"ti":{"code":"ET","native":"ኢትዮጵያ","localized":"ଇଥିଓପିଆ"},"tk":{"code":"TM","native":"Türkmenistan","localized":"ତୁର୍କମେନିସ୍ତାନ"},"tl":{"code":"PH","native":"Philippines","localized":"ଫିଲିପାଇନସ୍"},"tr":{"code":"TR","native":"Türkiye","localized":"ତୁର୍କୀ"},"tt":{"code":"RU","native":"Россия","localized":"ରୁଷିଆ"},"ug":{"code":"CN","native":"جۇڭگو","localized":"ଚିନ୍"},"uk":{"code":"UA","native":"Україна","localized":"ୟୁକ୍ରେନ୍"},"ur":{"code":"PK","native":"پاکستان","localized":"ପାକିସ୍ତାନ"},"uz_Cyrl":{"code":"UZ","native":"Uzbekistan","localized":"ଉଜବେକିସ୍ତାନ"},"uz_Latn":{"code":"UZ","native":"Oʻzbekiston","localized":"ଉଜବେକିସ୍ତାନ"},"vi":{"code":"VN","native":"Việt Nam","localized":"ଭିଏତନାମ୍"},"xh":{"code":"ZA","native":"Emzantsi Afrika","localized":"ଦକ୍ଷିଣ ଆଫ୍ରିକା"},"yi":{"code":"001","native":"וועלט","localized":"ବିଶ୍ୱ"},"yo":{"code":"NG","native":"Nàìjíríà","localized":"ନାଇଜେରିଆ"},"zh_CN":{"code":"CN","native":"中国","localized":"ଚିନ୍"},"zh_HK":{"code":"HK","native":"中国香港特别行政区","localized":"ହଂ କଂ ଏସଏଆର୍‌ ଚାଇନା"},"zh_TW":{"code":"TW","native":"台湾","localized":"ତାଇୱାନ"},"zu":{"code":"ZA","native":"Iningizimu Afrika","localized":"ଦକ୍ଷିଣ ଆଫ୍ରିକା"}}
