{"af":{"code":"ZA","native":"Suid-Afrika","localized":"ਦੱਖਣੀ ਅਫਰੀਕਾ"},"ak":{"code":"GH","native":"Gaana","localized":"ਘਾਨਾ"},"am":{"code":"ET","native":"ኢትዮጵያ","localized":"ਇਥੋਪੀਆ"},"ar":{"code":"EG","native":"مصر","localized":"ਮਿਸਰ"},"as":{"code":"IN","native":"ভাৰত","localized":"ਭਾਰਤ"},"az":{"code":"AZ","native":"Azərbaycan","localized":"ਅਜ਼ਰਬਾਈਜਾਨ"},"be":{"code":"BY","native":"Беларусь","localized":"ਬੇਲਾਰੂਸ"},"bg":{"code":"BG","native":"България","localized":"ਬੁਲਗਾਰੀਆ"},"bho":{"code":"IN","native":"भारत","localized":"ਭਾਰਤ"},"bm":{"code":"ML","native":"Mali","localized":"ਮਾਲੀ"},"bn":{"code":"BD","native":"বাংলাদেশ","localized":"ਬੰਗਲਾਦੇਸ਼"},"bs":{"code":"BA","native":"Bosna I Hercegovina","localized":"ਬੋਸਨੀਆ ਅਤੇ ਹਰਜ਼ੇਗੋਵੀਨਾ"},"ca":{"code":"ES","native":"Espanya","localized":"ਸਪੇਨ"},"ceb":{"code":"PH","native":"Pilipinas","localized":"ਫਿਲੀਪੀਨਜ"},"ckb":{"code":"IQ","native":"عێراق","localized":"ਇਰਾਕ"},"cs":{"code":"CZ","native":"Česko","localized":"ਚੈਕੀਆ"},"cy":{"code":"GB","native":"Y Deyrnas Unedig","localized":"ਯੂਨਾਈਟਡ ਕਿੰਗਡਮ"},"da":{"code":"DK","native":"Danmark","localized":"ਡੈਨਮਾਰਕ"},"de":{"code":"DE","native":"Deutschland","localized":"ਜਰਮਨੀ"},"de_CH":{"code":"CH","native":"Schweiz","localized":"ਸਵਿਟਜ਼ਰਲੈਂਡ"},"doi":{"code":"IN","native":"भारत","localized":"ਭਾਰਤ"},"ee":{"code":"GH","native":"Ghana Nutome","localized":"ਘਾਨਾ"},"el":{"code":"GR","native":"Ελλάδα","localized":"ਗ੍ਰੀਸ"},"en":{"code":"US","native":"United States","localized":"ਸੰਯੁਕਤ ਰਾਜ"},"en_CA":{"code":"CA","native":"Canada","localized":"ਕੈਨੇਡਾ"},"eo":{"code":"001","native":"Mondo","localized":"ਸੰਸਾਰ"},"es":{"code":"ES","native":"España","localized":"ਸਪੇਨ"},"et":{"code":"EE","native":"Eesti","localized":"ਇਸਟੋਨੀਆ"},"eu":{"code":"ES","native":"Espainia","localized":"ਸਪੇਨ"},"fa":{"code":"IR","native":"ایران","localized":"ਈਰਾਨ"},"fi":{"code":"FI","native":"Suomi","localized":"ਫਿਨਲੈਂਡ"},"fil":{"code":"PH","native":"Pilipinas","localized":"ਫਿਲੀਪੀਨਜ"},"fr":{"code":"FR","native":"France","localized":"ਫ਼ਰਾਂਸ"},"fy":{"code":"NL","native":"Nederlân","localized":"ਨੀਦਰਲੈਂਡ"},"ga":{"code":"IE","native":"Éire","localized":"ਆਇਰਲੈਂਡ"},"gd":{"code":"GB","native":"An Rìoghachd Aonaichte","localized":"ਯੂਨਾਈਟਡ ਕਿੰਗਡਮ"},"gl":{"code":"ES","native":"España","localized":"ਸਪੇਨ"},"gu":{"code":"IN","native":"ભારત","localized":"ਭਾਰਤ"},"ha":{"code":"NG","native":"Nijeriya","localized":"ਨਾਈਜੀਰੀਆ"},"haw":{"code":"US","native":"ʻAmelika Hui Pū ʻIa","localized":"ਸੰਯੁਕਤ ਰਾਜ"},"he":{"code":"IL","native":"ישראל","localized":"ਇਜ਼ਰਾਈਲ"},"hi":{"code":"IN","native":"भारत","localized":"ਭਾਰਤ"},"hr":{"code":"HR","native":"Hrvatska","localized":"ਕਰੋਏਸ਼ੀਆ"},"hu":{"code":"HU","native":"Magyarország","localized":"ਹੰਗਰੀ"},"hy":{"code":"AM","native":"Հայաստան","localized":"ਅਰਮੀਨੀਆ"},"id":{"code":"ID","native":"Indonesia","localized":"ਇੰਡੋਨੇਸ਼ੀਆ"},"ig":{"code":"NG","native":"Naịjịrịa","localized":"ਨਾਈਜੀਰੀਆ"},"is":{"code":"IS","native":"Ísland","localized":"ਆਈਸਲੈਂਡ"},"it":{"code":"IT","native":"Italia","localized":"ਇਟਲੀ"},"ja":{"code":"JP","native":"日本","localized":"ਜਪਾਨ"},"ka":{"code":"GE","native":"საქართველო","localized":"ਜਾਰਜੀਆ"},"kk":{"code":"KZ","native":"Қазақстан","localized":"ਕਜ਼ਾਖਸਤਾਨ"},"km":{"code":"KH","native":"កម្ពុជា","localized":"ਕੰਬੋਡੀਆ"},"kn":{"code":"IN","native":"ಭಾರತ","localized":"ਭਾਰਤ"},"ko":{"code":"KR","native":"대한민국","localized":"ਦੱਖਣ ਕੋਰੀਆ"},"ku":{"code":"TR","native":"Tirkiye","localized":"ਤੁਰਕੀ"},"ky":{"code":"KG","native":"Кыргызстан","localized":"ਕਿਰਗਿਜ਼ਸਤਾਨ"},"lb":{"code":"LU","native":"Lëtzebuerg","localized":"ਲਕਜ਼ਮਬਰਗ"},"lg":{"code":"UG","native":"Yuganda","localized":"ਯੂਗਾਂਡਾ"},"ln":{"code":"CD","native":"Republíki Ya Kongó Demokratíki","localized":"ਕਾਂਗੋ - ਕਿੰਸ਼ਾਸਾ"},"lo":{"code":"LA","native":"ລາວ","localized":"ਲਾਓਸ"},"lt":{"code":"LT","native":"Lietuva","localized":"ਲਿਥੁਆਨੀਆ"},"lv":{"code":"LV","native":"Latvija","localized":"ਲਾਤਵੀਆ"},"mai":{"code":"IN","native":"भारत","localized":"ਭਾਰਤ"},"mg":{"code":"MG","native":"Madagasikara","localized":"ਮੈਡਾਗਾਸਕਰ"},"mi":{"code":"NZ","native":"Aotearoa","localized":"ਨਿਊਜ਼ੀਲੈਂਡ"},"mk":{"code":"MK","native":"Северна Македонија","localized":"ਉੱਤਰੀ ਮੈਕਡੋਨੀਆ"},"ml":{"code":"IN","native":"ഇന്ത്യ","localized":"ਭਾਰਤ"},"mn":{"code":"MN","native":"Монгол","localized":"ਮੰਗੋਲੀਆ"},"mni_Mtei":{"code":"IN","native":"India","localized":"ਭਾਰਤ"},"mr":{"code":"IN","native":"भारत","localized":"ਭਾਰਤ"},"ms":{"code":"MY","native":"Malaysia","localized":"ਮਲੇਸ਼ੀਆ"},"mt":{"code":"MT","native":"Malta","localized":"ਮਾਲਟਾ"},"my":{"code":"MM","native":"မြန်မာ","localized":"ਮਿਆਂਮਾਰ (ਬਰਮਾ)"},"nb":{"code":"NO","native":"Norge","localized":"ਨਾਰਵੇ"},"ne":{"code":"NP","native":"नेपाल","localized":"ਨੇਪਾਲ"},"nl":{"code":"NL","native":"Nederland","localized":"ਨੀਦਰਲੈਂਡ"},"nn":{"code":"NO","native":"Noreg","localized":"ਨਾਰਵੇ"},"oc":{"code":"FR","native":"Fr","localized":"ਫ਼ਰਾਂਸ"},"om":{"code":"ET","native":"Itoophiyaa","localized":"ਇਥੋਪੀਆ"},"or":{"code":"IN","native":"ଭାରତ","localized":"ਭਾਰਤ"},"pa":{"code":"IN","native":"ਭਾਰਤ","localized":"ਭਾਰਤ"},"pl":{"code":"PL","native":"Polska","localized":"ਪੋਲੈਂਡ"},"ps":{"code":"AF","native":"افغانستان","localized":"ਅਫ਼ਗਾਨਿਸਤਾਨ"},"pt":{"code":"BR","native":"Brasil","localized":"ਬ੍ਰਾਜ਼ੀਲ"},"pt_BR":{"code":"BR","native":"Brasil","localized":"ਬ੍ਰਾਜ਼ੀਲ"},"qu":{"code":"PE","native":"Perú","localized":"ਪੇਰੂ"},"ro":{"code":"RO","native":"România","localized":"ਰੋਮਾਨੀਆ"},"ru":{"code":"RU","native":"Россия","localized":"ਰੂਸ"},"rw":{"code":"RW","native":"U Rwanda","localized":"ਰਵਾਂਡਾ"},"sa":{"code":"IN","native":"भारतः","localized":"ਭਾਰਤ"},"sc":{"code":"IT","native":"Itàlia","localized":"ਇਟਲੀ"},"sd":{"code":"PK","native":"پاڪستان","localized":"ਪਾਕਿਸਤਾਨ"},"si":{"code":"LK","native":"ශ්‍රී ලංකාව","localized":"ਸ੍ਰੀ ਲੰਕਾ"},"sk":{"code":"SK","native":"Slovensko","localized":"ਸਲੋਵਾਕੀਆ"},"sl":{"code":"SI","native":"Slovenija","localized":"ਸਲੋਵੇਨੀਆ"},"sn":{"code":"ZW","native":"Zimbabwe","localized":"ਜ਼ਿੰਬਾਬਵੇ"},"so":{"code":"SO","native":"Soomaaliya","localized":"ਸੋਮਾਲੀਆ"},"sq":{"code":"AL","native":"Shqipëri","localized":"ਅਲਬਾਨੀਆ"},"sr_Cyrl":{"code":"RS","native":"Србија","localized":"ਸਰਬੀਆ"},"sr_Latn":{"code":"RS","native":"Serbia","localized":"ਸਰਬੀਆ"},"sr_Latn_ME":{"code":"ME","native":"Montenegro","localized":"ਮੋਂਟੇਨੇਗਰੋ"},"su":{"code":"ID","native":"Indonesia","localized":"ਇੰਡੋਨੇਸ਼ੀਆ"},"sv":{"code":"SE","native":"Sverige","localized":"ਸਵੀਡਨ"},"sw":{"code":"TZ","native":"Tanzania","localized":"ਤਨਜ਼ਾਨੀਆ"},"ta":{"code":"IN","native":"இந்தியா","localized":"ਭਾਰਤ"},"te":{"code":"IN","native":"భారతదేశం","localized":"ਭਾਰਤ"},"tg":{"code":"TJ","native":"Тоҷикистон","localized":"ਤਾਜਿਕਿਸਤਾਨ"},"th":{"code":"TH","native":"ไทย","localized":"ਥਾਈਲੈਂਡ"},"ti":{"code":"ET","native":"ኢትዮጵያ","localized":"ਇਥੋਪੀਆ"},"tk":{"code":"TM","native":"Türkmenistan","localized":"ਤੁਰਕਮੇਨਿਸਤਾਨ"},"tl":{"code":"PH","native":"Philippines","localized":"ਫਿਲੀਪੀਨਜ"},"tr":{"code":"TR","native":"Türkiye","localized":"ਤੁਰਕੀ"},"tt":{"code":"RU","native":"Россия","localized":"ਰੂਸ"},"ug":{"code":"CN","native":"جۇڭگو","localized":"ਚੀਨ"},"uk":{"code":"UA","native":"Україна","localized":"ਯੂਕਰੇਨ"},"ur":{"code":"PK","native":"پاکستان","localized":"ਪਾਕਿਸਤਾਨ"},"uz_Cyrl":{"code":"UZ","native":"Uzbekistan","localized":"ਉਜ਼ਬੇਕਿਸਤਾਨ"},"uz_Latn":{"code":"UZ","native":"Oʻzbekiston","localized":"ਉਜ਼ਬੇਕਿਸਤਾਨ"},"vi":{"code":"VN","native":"Việt Nam","localized":"ਵੀਅਤਨਾਮ"},"xh":{"code":"ZA","native":"Emzantsi Afrika","localized":"ਦੱਖਣੀ ਅਫਰੀਕਾ"},"yi":{"code":"001","native":"וועלט","localized":"ਸੰਸਾਰ"},"yo":{"code":"NG","native":"Nàìjíríà","localized":"ਨਾਈਜੀਰੀਆ"},"zh_CN":{"code":"CN","native":"中国","localized":"ਚੀਨ"},"zh_HK":{"code":"HK","native":"中国香港特别行政区","localized":"ਹਾਂਗ ਕਾਂਗ ਐਸਏਆਰ ਚੀਨ"},"zh_TW":{"code":"TW","native":"台湾","localized":"ਤਾਇਵਾਨ"},"zu":{"code":"ZA","native":"Iningizimu Afrika","localized":"ਦੱਖਣੀ ਅਫਰੀਕਾ"}}
