{"af":{"code":"ZA","native":"Suid-Afrika","localized":"Republika Południowej Afryki"},"ak":{"code":"GH","native":"Gaana","localized":"Ghana"},"am":{"code":"ET","native":"ኢትዮጵያ","localized":"Etiopia"},"ar":{"code":"EG","native":"مصر","localized":"Egipt"},"as":{"code":"IN","native":"ভাৰত","localized":"Indie"},"az":{"code":"AZ","native":"Azərbaycan","localized":"Azerbejdżan"},"be":{"code":"BY","native":"Беларусь","localized":"Białoruś"},"bg":{"code":"BG","native":"България","localized":"Bułgaria"},"bho":{"code":"IN","native":"भारत","localized":"Indie"},"bm":{"code":"ML","native":"Mali","localized":"Mali"},"bn":{"code":"BD","native":"বাংলাদেশ","localized":"Bangladesz"},"bs":{"code":"BA","native":"Bosna I Hercegovina","localized":"Bośnia I Hercegowina"},"ca":{"code":"ES","native":"Espanya","localized":"Hiszpania"},"ceb":{"code":"PH","native":"Pilipinas","localized":"Filipiny"},"ckb":{"code":"IQ","native":"عێراق","localized":"Irak"},"cs":{"code":"CZ","native":"Česko","localized":"Czechy"},"cy":{"code":"GB","native":"Y Deyrnas Unedig","localized":"Wielka Brytania"},"da":{"code":"DK","native":"Danmark","localized":"Dania"},"de":{"code":"DE","native":"Deutschland","localized":"Niemcy"},"de_CH":{"code":"CH","native":"Schweiz","localized":"Szwajcaria"},"doi":{"code":"IN","native":"भारत","localized":"Indie"},"ee":{"code":"GH","native":"Ghana Nutome","localized":"Ghana"},"el":{"code":"GR","native":"Ελλάδα","localized":"Grecja"},"en":{"code":"US","native":"United States","localized":"Stany Zjednoczone"},"en_CA":{"code":"CA","native":"Canada","localized":"Kanada"},"eo":{"code":"001","native":"Mondo","localized":"Świat"},"es":{"code":"ES","native":"España","localized":"Hiszpania"},"et":{"code":"EE","native":"Eesti","localized":"Estonia"},"eu":{"code":"ES","native":"Espainia","localized":"Hiszpania"},"fa":{"code":"IR","native":"ایران","localized":"Iran"},"fi":{"code":"FI","native":"Suomi","localized":"Finlandia"},"fil":{"code":"PH","native":"Pilipinas","localized":"Filipiny"},"fr":{"code":"FR","native":"France","localized":"Francja"},"fy":{"code":"NL","native":"Nederlân","localized":"Holandia"},"ga":{"code":"IE","native":"Éire","localized":"Irlandia"},"gd":{"code":"GB","native":"An Rìoghachd Aonaichte","localized":"Wielka Brytania"},"gl":{"code":"ES","native":"España","localized":"Hiszpania"},"gu":{"code":"IN","native":"ભારત","localized":"Indie"},"ha":{"code":"NG","native":"Nijeriya","localized":"Nigeria"},"haw":{"code":"US","native":"ʻAmelika Hui Pū ʻIa","localized":"Stany Zjednoczone"},"he":{"code":"IL","native":"ישראל","localized":"Izrael"},"hi":{"code":"IN","native":"भारत","localized":"Indie"},"hr":{"code":"HR","native":"Hrvatska","localized":"Chorwacja"},"hu":{"code":"HU","native":"Magyarország","localized":"Węgry"},"hy":{"code":"AM","native":"Հայաստան","localized":"Armenia"},"id":{"code":"ID","native":"Indonesia","localized":"Indonezja"},"ig":{"code":"NG","native":"Naịjịrịa","localized":"Nigeria"},"is":{"code":"IS","native":"Ísland","localized":"Islandia"},"it":{"code":"IT","native":"Italia","localized":"Włochy"},"ja":{"code":"JP","native":"日本","localized":"Japonia"},"ka":{"code":"GE","native":"საქართველო","localized":"Gruzja"},"kk":{"code":"KZ","native":"Қазақстан","localized":"Kazachstan"},"km":{"code":"KH","native":"កម្ពុជា","localized":"Kambodża"},"kn":{"code":"IN","native":"ಭಾರತ","localized":"Indie"},"ko":{"code":"KR","native":"대한민국","localized":"Korea Południowa"},"ku":{"code":"TR","native":"Tirkiye","localized":"Turcja"},"ky":{"code":"KG","native":"Кыргызстан","localized":"Kirgistan"},"lb":{"code":"LU","native":"Lëtzebuerg","localized":"Luksemburg"},"lg":{"code":"UG","native":"Yuganda","localized":"Uganda"},"ln":{"code":"CD","native":"Republíki Ya Kongó Demokratíki","localized":"Demokratyczna Republika Konga"},"lo":{"code":"LA","native":"ລາວ","localized":"Laos"},"lt":{"code":"LT","native":"Lietuva","localized":"Litwa"},"lv":{"code":"LV","native":"Latvija","localized":"Łotwa"},"mai":{"code":"IN","native":"भारत","localized":"Indie"},"mg":{"code":"MG","native":"Madagasikara","localized":"Madagaskar"},"mi":{"code":"NZ","native":"Aotearoa","localized":"Nowa Zelandia"},"mk":{"code":"MK","native":"Северна Македонија","localized":"Macedonia Północna"},"ml":{"code":"IN","native":"ഇന്ത്യ","localized":"Indie"},"mn":{"code":"MN","native":"Монгол","localized":"Mongolia"},"mni_Mtei":{"code":"IN","native":"India","localized":"Indie"},"mr":{"code":"IN","native":"भारत","localized":"Indie"},"ms":{"code":"MY","native":"Malaysia","localized":"Malezja"},"mt":{"code":"MT","native":"Malta","localized":"Malta"},"my":{"code":"MM","native":"မြန်မာ","localized":"Mjanma (Birma)"},"nb":{"code":"NO","native":"Norge","localized":"Norwegia"},"ne":{"code":"NP","native":"नेपाल","localized":"Nepal"},"nl":{"code":"NL","native":"Nederland","localized":"Holandia"},"nn":{"code":"NO","native":"Noreg","localized":"Norwegia"},"oc":{"code":"FR","native":"Fr","localized":"Francja"},"om":{"code":"ET","native":"Itoophiyaa","localized":"Etiopia"},"or":{"code":"IN","native":"ଭାରତ","localized":"Indie"},"pa":{"code":"IN","native":"ਭਾਰਤ","localized":"Indie"},"pl":{"code":"PL","native":"Polska","localized":"Polska"},"ps":{"code":"AF","native":"افغانستان","localized":"Afganistan"},"pt":{"code":"BR","native":"Brasil","localized":"Brazylia"},"pt_BR":{"code":"BR","native":"Brasil","localized":"Brazylia"},"qu":{"code":"PE","native":"Perú","localized":"Peru"},"ro":{"code":"RO","native":"România","localized":"Rumunia"},"ru":{"code":"RU","native":"Россия","localized":"Rosja"},"rw":{"code":"RW","native":"U Rwanda","localized":"Rwanda"},"sa":{"code":"IN","native":"भारतः","localized":"Indie"},"sc":{"code":"IT","native":"Itàlia","localized":"Włochy"},"sd":{"code":"PK","native":"پاڪستان","localized":"Pakistan"},"si":{"code":"LK","native":"ශ්‍රී ලංකාව","localized":"Sri Lanka"},"sk":{"code":"SK","native":"Slovensko","localized":"Słowacja"},"sl":{"code":"SI","native":"Slovenija","localized":"Słowenia"},"sn":{"code":"ZW","native":"Zimbabwe","localized":"Zimbabwe"},"so":{"code":"SO","native":"Soomaaliya","localized":"Somalia"},"sq":{"code":"AL","native":"Shqipëri","localized":"Albania"},"sr_Cyrl":{"code":"RS","native":"Србија","localized":"Serbia"},"sr_Latn":{"code":"RS","native":"Serbia","localized":"Serbia"},"sr_Latn_ME":{"code":"ME","native":"Montenegro","localized":"Czarnogóra"},"su":{"code":"ID","native":"Indonesia","localized":"Indonezja"},"sv":{"code":"SE","native":"Sverige","localized":"Szwecja"},"sw":{"code":"TZ","native":"Tanzania","localized":"Tanzania"},"ta":{"code":"IN","native":"இந்தியா","localized":"Indie"},"te":{"code":"IN","native":"భారతదేశం","localized":"Indie"},"tg":{"code":"TJ","native":"Тоҷикистон","localized":"Tadżykistan"},"th":{"code":"TH","native":"ไทย","localized":"Tajlandia"},"ti":{"code":"ET","native":"ኢትዮጵያ","localized":"Etiopia"},"tk":{"code":"TM","native":"Türkmenistan","localized":"Turkmenistan"},"tl":{"code":"PH","native":"Philippines","localized":"Filipiny"},"tr":{"code":"TR","native":"Türkiye","localized":"Turcja"},"tt":{"code":"RU","native":"Россия","localized":"Rosja"},"ug":{"code":"CN","native":"جۇڭگو","localized":"Chiny"},"uk":{"code":"UA","native":"Україна","localized":"Ukraina"},"ur":{"code":"PK","native":"پاکستان","localized":"Pakistan"},"uz_Cyrl":{"code":"UZ","native":"Uzbekistan","localized":"Uzbekistan"},"uz_Latn":{"code":"UZ","native":"Oʻzbekiston","localized":"Uzbekistan"},"vi":{"code":"VN","native":"Việt Nam","localized":"Wietnam"},"xh":{"code":"ZA","native":"Emzantsi Afrika","localized":"Republika Południowej Afryki"},"yi":{"code":"001","native":"וועלט","localized":"Świat"},"yo":{"code":"NG","native":"Nàìjíríà","localized":"Nigeria"},"zh_CN":{"code":"CN","native":"中国","localized":"Chiny"},"zh_HK":{"code":"HK","native":"中国香港特别行政区","localized":"Sra Hongkong (Chiny)"},"zh_TW":{"code":"TW","native":"台湾","localized":"Tajwan"},"zu":{"code":"ZA","native":"Iningizimu Afrika","localized":"Republika Południowej Afryki"}}
