{"af":{"code":"ZA","native":"Suid-Afrika","localized":"سویلي افریقا"},"ak":{"code":"GH","native":"Gaana","localized":"ګانا"},"am":{"code":"ET","native":"ኢትዮጵያ","localized":"حبشه"},"ar":{"code":"EG","native":"مصر","localized":"مصر"},"as":{"code":"IN","native":"ভাৰত","localized":"هند"},"az":{"code":"AZ","native":"Azərbaycan","localized":"اذربايجان"},"be":{"code":"BY","native":"Беларусь","localized":"بیلاروس"},"bg":{"code":"BG","native":"България","localized":"بلغاریه"},"bho":{"code":"IN","native":"भारत","localized":"هند"},"bm":{"code":"ML","native":"Mali","localized":"مالي"},"bn":{"code":"BD","native":"বাংলাদেশ","localized":"بنگله دېش"},"bs":{"code":"BA","native":"Bosna I Hercegovina","localized":"بوسنيا او هېرزګوينا"},"ca":{"code":"ES","native":"Espanya","localized":"هسپانیه"},"ceb":{"code":"PH","native":"Pilipinas","localized":"فلپين"},"ckb":{"code":"IQ","native":"عێراق","localized":"عراق"},"cs":{"code":"CZ","native":"Česko","localized":"چکیا"},"cy":{"code":"GB","native":"Y Deyrnas Unedig","localized":"برتانیه"},"da":{"code":"DK","native":"Danmark","localized":"ډنمارک"},"de":{"code":"DE","native":"Deutschland","localized":"المان"},"de_CH":{"code":"CH","native":"Schweiz","localized":"سویس"},"doi":{"code":"IN","native":"भारत","localized":"هند"},"ee":{"code":"GH","native":"Ghana Nutome","localized":"ګانا"},"el":{"code":"GR","native":"Ελλάδα","localized":"یونان"},"en":{"code":"US","native":"United States","localized":"متحده آيالات"},"en_CA":{"code":"CA","native":"Canada","localized":"کاناډا"},"eo":{"code":"001","native":"Mondo","localized":"نړۍ"},"es":{"code":"ES","native":"España","localized":"هسپانیه"},"et":{"code":"EE","native":"Eesti","localized":"استونیا"},"eu":{"code":"ES","native":"Espainia","localized":"هسپانیه"},"fa":{"code":"IR","native":"ایران","localized":"ايران"},"fi":{"code":"FI","native":"Suomi","localized":"فنلینډ"},"fil":{"code":"PH","native":"Pilipinas","localized":"فلپين"},"fr":{"code":"FR","native":"France","localized":"فرانسه"},"fy":{"code":"NL","native":"Nederlân","localized":"هالېنډ"},"ga":{"code":"IE","native":"Éire","localized":"آيرلېنډ"},"gd":{"code":"GB","native":"An Rìoghachd Aonaichte","localized":"برتانیه"},"gl":{"code":"ES","native":"España","localized":"هسپانیه"},"gu":{"code":"IN","native":"ભારત","localized":"هند"},"ha":{"code":"NG","native":"Nijeriya","localized":"نایجیریا"},"haw":{"code":"US","native":"ʻAmelika Hui Pū ʻIa","localized":"متحده آيالات"},"he":{"code":"IL","native":"ישראל","localized":"اسراييل"},"hi":{"code":"IN","native":"भारत","localized":"هند"},"hr":{"code":"HR","native":"Hrvatska","localized":"کرواشيا"},"hu":{"code":"HU","native":"Magyarország","localized":"مجارستان"},"hy":{"code":"AM","native":"Հայաստան","localized":"ارمنستان"},"id":{"code":"ID","native":"Indonesia","localized":"اندونیزیا"},"ig":{"code":"NG","native":"Naịjịrịa","localized":"نایجیریا"},"is":{"code":"IS","native":"Ísland","localized":"آیسلینډ"},"it":{"code":"IT","native":"Italia","localized":"ایټالیه"},"ja":{"code":"JP","native":"日本","localized":"جاپان"},"ka":{"code":"GE","native":"საქართველო","localized":"گورجستان"},"kk":{"code":"KZ","native":"Қазақстан","localized":"قزاقستان"},"km":{"code":"KH","native":"កម្ពុជា","localized":"کمبودیا"},"kn":{"code":"IN","native":"ಭಾರತ","localized":"هند"},"ko":{"code":"KR","native":"대한민국","localized":"سویلي کوریا"},"ku":{"code":"TR","native":"Tirkiye","localized":"ترکي"},"ky":{"code":"KG","native":"Кыргызстан","localized":"قرغزستان"},"lb":{"code":"LU","native":"Lëtzebuerg","localized":"لوګزامبورګ"},"lg":{"code":"UG","native":"Yuganda","localized":"یوګانډا"},"ln":{"code":"CD","native":"Republíki Ya Kongó Demokratíki","localized":"کانګو - کینشاسا"},"lo":{"code":"LA","native":"ລາວ","localized":"لاوس"},"lt":{"code":"LT","native":"Lietuva","localized":"لیتوانیا"},"lv":{"code":"LV","native":"Latvija","localized":"ليتهويا"},"mai":{"code":"IN","native":"भारत","localized":"هند"},"mg":{"code":"MG","native":"Madagasikara","localized":"مدغاسکر"},"mi":{"code":"NZ","native":"Aotearoa","localized":"نیوزیلنډ"},"mk":{"code":"MK","native":"Северна Македонија","localized":"شمالي مقدونيه"},"ml":{"code":"IN","native":"ഇന്ത്യ","localized":"هند"},"mn":{"code":"MN","native":"Монгол","localized":"منګوليا"},"mni_Mtei":{"code":"IN","native":"India","localized":"هند"},"mr":{"code":"IN","native":"भारत","localized":"هند"},"ms":{"code":"MY","native":"Malaysia","localized":"مالیزیا"},"mt":{"code":"MT","native":"Malta","localized":"مالټا"},"my":{"code":"MM","native":"မြန်မာ","localized":"ميانمار (برما)"},"nb":{"code":"NO","native":"Norge","localized":"ناروۍ"},"ne":{"code":"NP","native":"नेपाल","localized":"نیپال"},"nl":{"code":"NL","native":"Nederland","localized":"هالېنډ"},"nn":{"code":"NO","native":"Noreg","localized":"ناروۍ"},"oc":{"code":"FR","native":"Fr","localized":"فرانسه"},"om":{"code":"ET","native":"Itoophiyaa","localized":"حبشه"},"or":{"code":"IN","native":"ଭାରତ","localized":"هند"},"pa":{"code":"IN","native":"ਭਾਰਤ","localized":"هند"},"pl":{"code":"PL","native":"Polska","localized":"پولنډ"},"ps":{"code":"AF","native":"افغانستان","localized":"افغانستان"},"pt":{"code":"BR","native":"Brasil","localized":"برازیل"},"pt_BR":{"code":"BR","native":"Brasil","localized":"برازیل"},"qu":{"code":"PE","native":"Perú","localized":"پیرو"},"ro":{"code":"RO","native":"România","localized":"رومانیا"},"ru":{"code":"RU","native":"Россия","localized":"روسیه"},"rw":{"code":"RW","native":"U Rwanda","localized":"روندا"},"sa":{"code":"IN","native":"भारतः","localized":"هند"},"sc":{"code":"IT","native":"Itàlia","localized":"ایټالیه"},"sd":{"code":"PK","native":"پاڪستان","localized":"پاکستان"},"si":{"code":"LK","native":"ශ්‍රී ලංකාව","localized":"سريلنکا"},"sk":{"code":"SK","native":"Slovensko","localized":"سلواکیا"},"sl":{"code":"SI","native":"Slovenija","localized":"سلوانیا"},"sn":{"code":"ZW","native":"Zimbabwe","localized":"زیمبابوی"},"so":{"code":"SO","native":"Soomaaliya","localized":"سومالیا"},"sq":{"code":"AL","native":"Shqipëri","localized":"البانیه"},"sr_Cyrl":{"code":"RS","native":"Србија","localized":"سربيا"},"sr_Latn":{"code":"RS","native":"Serbia","localized":"سربيا"},"sr_Latn_ME":{"code":"ME","native":"Montenegro","localized":"مونټینیګرو"},"su":{"code":"ID","native":"Indonesia","localized":"اندونیزیا"},"sv":{"code":"SE","native":"Sverige","localized":"سویډن"},"sw":{"code":"TZ","native":"Tanzania","localized":"تنزانیا"},"ta":{"code":"IN","native":"இந்தியா","localized":"هند"},"te":{"code":"IN","native":"భారతదేశం","localized":"هند"},"tg":{"code":"TJ","native":"Тоҷикистон","localized":"تاجکستان"},"th":{"code":"TH","native":"ไทย","localized":"تهايلنډ"},"ti":{"code":"ET","native":"ኢትዮጵያ","localized":"حبشه"},"tk":{"code":"TM","native":"Türkmenistan","localized":"تورکمنستان"},"tl":{"code":"PH","native":"Philippines","localized":"فلپين"},"tr":{"code":"TR","native":"Türkiye","localized":"ترکي"},"tt":{"code":"RU","native":"Россия","localized":"روسیه"},"ug":{"code":"CN","native":"جۇڭگو","localized":"چین"},"uk":{"code":"UA","native":"Україна","localized":"اوکراین"},"ur":{"code":"PK","native":"پاکستان","localized":"پاکستان"},"uz_Cyrl":{"code":"UZ","native":"Uzbekistan","localized":"اوزبکستان"},"uz_Latn":{"code":"UZ","native":"Oʻzbekiston","localized":"اوزبکستان"},"vi":{"code":"VN","native":"Việt Nam","localized":"وېتنام"},"xh":{"code":"ZA","native":"Emzantsi Afrika","localized":"سویلي افریقا"},"yi":{"code":"001","native":"וועלט","localized":"نړۍ"},"yo":{"code":"NG","native":"Nàìjíríà","localized":"نایجیریا"},"zh_CN":{"code":"CN","native":"中国","localized":"چین"},"zh_HK":{"code":"HK","native":"中国香港特别行政区","localized":"هانګ کانګ Sar چین"},"zh_TW":{"code":"TW","native":"台湾","localized":"تائيوان"},"zu":{"code":"ZA","native":"Iningizimu Afrika","localized":"سویلي افریقا"}}
