{"af":{"code":"ZA","native":"Suid-Afrika","localized":"África Do Sul"},"ak":{"code":"GH","native":"Gaana","localized":"Gana"},"am":{"code":"ET","native":"ኢትዮጵያ","localized":"Etiópia"},"ar":{"code":"EG","native":"مصر","localized":"Egito"},"as":{"code":"IN","native":"ভাৰত","localized":"Índia"},"az":{"code":"AZ","native":"Azərbaycan","localized":"Azerbaijão"},"be":{"code":"BY","native":"Беларусь","localized":"Bielorrússia"},"bg":{"code":"BG","native":"България","localized":"Bulgária"},"bho":{"code":"IN","native":"भारत","localized":"Índia"},"bm":{"code":"ML","native":"Mali","localized":"Mali"},"bn":{"code":"BD","native":"বাংলাদেশ","localized":"Bangladesh"},"bs":{"code":"BA","native":"Bosna I Hercegovina","localized":"Bósnia E Herzegovina"},"ca":{"code":"ES","native":"Espanya","localized":"Espanha"},"ceb":{"code":"PH","native":"Pilipinas","localized":"Filipinas"},"ckb":{"code":"IQ","native":"عێراق","localized":"Iraque"},"cs":{"code":"CZ","native":"Česko","localized":"Tchéquia"},"cy":{"code":"GB","native":"Y Deyrnas Unedig","localized":"Reino Unido"},"da":{"code":"DK","native":"Danmark","localized":"Dinamarca"},"de":{"code":"DE","native":"Deutschland","localized":"Alemanha"},"de_CH":{"code":"CH","native":"Schweiz","localized":"Suíça"},"doi":{"code":"IN","native":"भारत","localized":"Índia"},"ee":{"code":"GH","native":"Ghana Nutome","localized":"Gana"},"el":{"code":"GR","native":"Ελλάδα","localized":"Grécia"},"en":{"code":"US","native":"United States","localized":"Estados Unidos"},"en_CA":{"code":"CA","native":"Canada","localized":"Canadá"},"eo":{"code":"001","native":"Mondo","localized":"Mundo"},"es":{"code":"ES","native":"España","localized":"Espanha"},"et":{"code":"EE","native":"Eesti","localized":"Estônia"},"eu":{"code":"ES","native":"Espainia","localized":"Espanha"},"fa":{"code":"IR","native":"ایران","localized":"Irã"},"fi":{"code":"FI","native":"Suomi","localized":"Finlândia"},"fil":{"code":"PH","native":"Pilipinas","localized":"Filipinas"},"fr":{"code":"FR","native":"France","localized":"França"},"fy":{"code":"NL","native":"Nederlân","localized":"Países Baixos"},"ga":{"code":"IE","native":"Éire","localized":"Irlanda"},"gd":{"code":"GB","native":"An Rìoghachd Aonaichte","localized":"Reino Unido"},"gl":{"code":"ES","native":"España","localized":"Espanha"},"gu":{"code":"IN","native":"ભારત","localized":"Índia"},"ha":{"code":"NG","native":"Nijeriya","localized":"Nigéria"},"haw":{"code":"US","native":"ʻAmelika Hui Pū ʻIa","localized":"Estados Unidos"},"he":{"code":"IL","native":"ישראל","localized":"Israel"},"hi":{"code":"IN","native":"भारत","localized":"Índia"},"hr":{"code":"HR","native":"Hrvatska","localized":"Croácia"},"hu":{"code":"HU","native":"Magyarország","localized":"Hungria"},"hy":{"code":"AM","native":"Հայաստան","localized":"Armênia"},"id":{"code":"ID","native":"Indonesia","localized":"Indonésia"},"ig":{"code":"NG","native":"Naịjịrịa","localized":"Nigéria"},"is":{"code":"IS","native":"Ísland","localized":"Islândia"},"it":{"code":"IT","native":"Italia","localized":"Itália"},"ja":{"code":"JP","native":"日本","localized":"Japão"},"ka":{"code":"GE","native":"საქართველო","localized":"Geórgia"},"kk":{"code":"KZ","native":"Қазақстан","localized":"Cazaquistão"},"km":{"code":"KH","native":"កម្ពុជា","localized":"Camboja"},"kn":{"code":"IN","native":"ಭಾರತ","localized":"Índia"},"ko":{"code":"KR","native":"대한민국","localized":"Coreia Do Sul"},"ku":{"code":"TR","native":"Tirkiye","localized":"Turquia"},"ky":{"code":"KG","native":"Кыргызстан","localized":"Quirguistão"},"lb":{"code":"LU","native":"Lëtzebuerg","localized":"Luxemburgo"},"lg":{"code":"UG","native":"Yuganda","localized":"Uganda"},"ln":{"code":"CD","native":"Republíki Ya Kongó Demokratíki","localized":"Congo - Kinshasa"},"lo":{"code":"LA","native":"ລາວ","localized":"Laos"},"lt":{"code":"LT","native":"Lietuva","localized":"Lituânia"},"lv":{"code":"LV","native":"Latvija","localized":"Letônia"},"mai":{"code":"IN","native":"भारत","localized":"Índia"},"mg":{"code":"MG","native":"Madagasikara","localized":"Madagascar"},"mi":{"code":"NZ","native":"Aotearoa","localized":"Nova Zelândia"},"mk":{"code":"MK","native":"Северна Македонија","localized":"Macedônia Do Norte"},"ml":{"code":"IN","native":"ഇന്ത്യ","localized":"Índia"},"mn":{"code":"MN","native":"Монгол","localized":"Mongólia"},"mni_Mtei":{"code":"IN","native":"India","localized":"Índia"},"mr":{"code":"IN","native":"भारत","localized":"Índia"},"ms":{"code":"MY","native":"Malaysia","localized":"Malásia"},"mt":{"code":"MT","native":"Malta","localized":"Malta"},"my":{"code":"MM","native":"မြန်မာ","localized":"Mianmar (Birmânia)"},"nb":{"code":"NO","native":"Norge","localized":"Noruega"},"ne":{"code":"NP","native":"नेपाल","localized":"Nepal"},"nl":{"code":"NL","native":"Nederland","localized":"Países Baixos"},"nn":{"code":"NO","native":"Noreg","localized":"Noruega"},"oc":{"code":"FR","native":"Fr","localized":"França"},"om":{"code":"ET","native":"Itoophiyaa","localized":"Etiópia"},"or":{"code":"IN","native":"ଭାରତ","localized":"Índia"},"pa":{"code":"IN","native":"ਭਾਰਤ","localized":"Índia"},"pl":{"code":"PL","native":"Polska","localized":"Polônia"},"ps":{"code":"AF","native":"افغانستان","localized":"Afeganistão"},"pt":{"code":"BR","native":"Brasil","localized":"Brasil"},"pt_BR":{"code":"BR","native":"Brasil","localized":"Brasil"},"qu":{"code":"PE","native":"Perú","localized":"Peru"},"ro":{"code":"RO","native":"România","localized":"Romênia"},"ru":{"code":"RU","native":"Россия","localized":"Rússia"},"rw":{"code":"RW","native":"U Rwanda","localized":"Ruanda"},"sa":{"code":"IN","native":"भारतः","localized":"Índia"},"sc":{"code":"IT","native":"Itàlia","localized":"Itália"},"sd":{"code":"PK","native":"پاڪستان","localized":"Paquistão"},"si":{"code":"LK","native":"ශ්‍රී ලංකාව","localized":"Sri Lanka"},"sk":{"code":"SK","native":"Slovensko","localized":"Eslováquia"},"sl":{"code":"SI","native":"Slovenija","localized":"Eslovênia"},"sn":{"code":"ZW","native":"Zimbabwe","localized":"Zimbábue"},"so":{"code":"SO","native":"Soomaaliya","localized":"Somália"},"sq":{"code":"AL","native":"Shqipëri","localized":"Albânia"},"sr_Cyrl":{"code":"RS","native":"Србија","localized":"Sérvia"},"sr_Latn":{"code":"RS","native":"Serbia","localized":"Sérvia"},"sr_Latn_ME":{"code":"ME","native":"Montenegro","localized":"Montenegro"},"su":{"code":"ID","native":"Indonesia","localized":"Indonésia"},"sv":{"code":"SE","native":"Sverige","localized":"Suécia"},"sw":{"code":"TZ","native":"Tanzania","localized":"Tanzânia"},"ta":{"code":"IN","native":"இந்தியா","localized":"Índia"},"te":{"code":"IN","native":"భారతదేశం","localized":"Índia"},"tg":{"code":"TJ","native":"Тоҷикистон","localized":"Tadjiquistão"},"th":{"code":"TH","native":"ไทย","localized":"Tailândia"},"ti":{"code":"ET","native":"ኢትዮጵያ","localized":"Etiópia"},"tk":{"code":"TM","native":"Türkmenistan","localized":"Turcomenistão"},"tl":{"code":"PH","native":"Philippines","localized":"Filipinas"},"tr":{"code":"TR","native":"Türkiye","localized":"Turquia"},"tt":{"code":"RU","native":"Россия","localized":"Rússia"},"ug":{"code":"CN","native":"جۇڭگو","localized":"China"},"uk":{"code":"UA","native":"Україна","localized":"Ucrânia"},"ur":{"code":"PK","native":"پاکستان","localized":"Paquistão"},"uz_Cyrl":{"code":"UZ","native":"Uzbekistan","localized":"Uzbequistão"},"uz_Latn":{"code":"UZ","native":"Oʻzbekiston","localized":"Uzbequistão"},"vi":{"code":"VN","native":"Việt Nam","localized":"Vietnã"},"xh":{"code":"ZA","native":"Emzantsi Afrika","localized":"África Do Sul"},"yi":{"code":"001","native":"וועלט","localized":"Mundo"},"yo":{"code":"NG","native":"Nàìjíríà","localized":"Nigéria"},"zh_CN":{"code":"CN","native":"中国","localized":"China"},"zh_HK":{"code":"HK","native":"中国香港特别行政区","localized":"Hong Kong, Rae Da China"},"zh_TW":{"code":"TW","native":"台湾","localized":"Taiwan"},"zu":{"code":"ZA","native":"Iningizimu Afrika","localized":"África Do Sul"}}
