{"af":{"code":"ZA","native":"Suid-Afrika","localized":"Africa De Sud"},"ak":{"code":"GH","native":"Gaana","localized":"Ghana"},"am":{"code":"ET","native":"ኢትዮጵያ","localized":"Etiopia"},"ar":{"code":"EG","native":"مصر","localized":"Egipt"},"as":{"code":"IN","native":"ভাৰত","localized":"India"},"az":{"code":"AZ","native":"Azərbaycan","localized":"Azerbaidjan"},"be":{"code":"BY","native":"Беларусь","localized":"Belarus"},"bg":{"code":"BG","native":"България","localized":"Bulgaria"},"bho":{"code":"IN","native":"भारत","localized":"India"},"bm":{"code":"ML","native":"Mali","localized":"Mali"},"bn":{"code":"BD","native":"বাংলাদেশ","localized":"Bangladesh"},"bs":{"code":"BA","native":"Bosna I Hercegovina","localized":"Bosnia Și Herțegovina"},"ca":{"code":"ES","native":"Espanya","localized":"Spania"},"ceb":{"code":"PH","native":"Pilipinas","localized":"Filipine"},"ckb":{"code":"IQ","native":"عێراق","localized":"Irak"},"cs":{"code":"CZ","native":"Česko","localized":"Cehia"},"cy":{"code":"GB","native":"Y Deyrnas Unedig","localized":"Regatul Unit"},"da":{"code":"DK","native":"Danmark","localized":"Danemarca"},"de":{"code":"DE","native":"Deutschland","localized":"Germania"},"de_CH":{"code":"CH","native":"Schweiz","localized":"Elveția"},"doi":{"code":"IN","native":"भारत","localized":"India"},"ee":{"code":"GH","native":"Ghana Nutome","localized":"Ghana"},"el":{"code":"GR","native":"Ελλάδα","localized":"Grecia"},"en":{"code":"US","native":"United States","localized":"Statele Unite Ale Americii"},"en_CA":{"code":"CA","native":"Canada","localized":"Canada"},"eo":{"code":"001","native":"Mondo","localized":"Lume"},"es":{"code":"ES","native":"España","localized":"Spania"},"et":{"code":"EE","native":"Eesti","localized":"Estonia"},"eu":{"code":"ES","native":"Espainia","localized":"Spania"},"fa":{"code":"IR","native":"ایران","localized":"Iran"},"fi":{"code":"FI","native":"Suomi","localized":"Finlanda"},"fil":{"code":"PH","native":"Pilipinas","localized":"Filipine"},"fr":{"code":"FR","native":"France","localized":"Franța"},"fy":{"code":"NL","native":"Nederlân","localized":"Țările De Jos"},"ga":{"code":"IE","native":"Éire","localized":"Irlanda"},"gd":{"code":"GB","native":"An Rìoghachd Aonaichte","localized":"Regatul Unit"},"gl":{"code":"ES","native":"España","localized":"Spania"},"gu":{"code":"IN","native":"ભારત","localized":"India"},"ha":{"code":"NG","native":"Nijeriya","localized":"Nigeria"},"haw":{"code":"US","native":"ʻAmelika Hui Pū ʻIa","localized":"Statele Unite Ale Americii"},"he":{"code":"IL","native":"ישראל","localized":"Israel"},"hi":{"code":"IN","native":"भारत","localized":"India"},"hr":{"code":"HR","native":"Hrvatska","localized":"Croația"},"hu":{"code":"HU","native":"Magyarország","localized":"Ungaria"},"hy":{"code":"AM","native":"Հայաստան","localized":"Armenia"},"id":{"code":"ID","native":"Indonesia","localized":"Indonezia"},"ig":{"code":"NG","native":"Naịjịrịa","localized":"Nigeria"},"is":{"code":"IS","native":"Ísland","localized":"Islanda"},"it":{"code":"IT","native":"Italia","localized":"Italia"},"ja":{"code":"JP","native":"日本","localized":"Japonia"},"ka":{"code":"GE","native":"საქართველო","localized":"Georgia"},"kk":{"code":"KZ","native":"Қазақстан","localized":"Kazahstan"},"km":{"code":"KH","native":"កម្ពុជា","localized":"Cambodgia"},"kn":{"code":"IN","native":"ಭಾರತ","localized":"India"},"ko":{"code":"KR","native":"대한민국","localized":"Coreea De Sud"},"ku":{"code":"TR","native":"Tirkiye","localized":"Turcia"},"ky":{"code":"KG","native":"Кыргызстан","localized":"Kârgâzstan"},"lb":{"code":"LU","native":"Lëtzebuerg","localized":"Luxemburg"},"lg":{"code":"UG","native":"Yuganda","localized":"Uganda"},"ln":{"code":"CD","native":"Republíki Ya Kongó Demokratíki","localized":"Congo - Kinshasa"},"lo":{"code":"LA","native":"ລາວ","localized":"Laos"},"lt":{"code":"LT","native":"Lietuva","localized":"Lituania"},"lv":{"code":"LV","native":"Latvija","localized":"Letonia"},"mai":{"code":"IN","native":"भारत","localized":"India"},"mg":{"code":"MG","native":"Madagasikara","localized":"Madagascar"},"mi":{"code":"NZ","native":"Aotearoa","localized":"Noua Zeelandă"},"mk":{"code":"MK","native":"Северна Македонија","localized":"Macedonia De Nord"},"ml":{"code":"IN","native":"ഇന്ത്യ","localized":"India"},"mn":{"code":"MN","native":"Монгол","localized":"Mongolia"},"mni_Mtei":{"code":"IN","native":"India","localized":"India"},"mr":{"code":"IN","native":"भारत","localized":"India"},"ms":{"code":"MY","native":"Malaysia","localized":"Malaysia"},"mt":{"code":"MT","native":"Malta","localized":"Malta"},"my":{"code":"MM","native":"မြန်မာ","localized":"Myanmar (Birmania)"},"nb":{"code":"NO","native":"Norge","localized":"Norvegia"},"ne":{"code":"NP","native":"नेपाल","localized":"Nepal"},"nl":{"code":"NL","native":"Nederland","localized":"Țările De Jos"},"nn":{"code":"NO","native":"Noreg","localized":"Norvegia"},"oc":{"code":"FR","native":"Fr","localized":"Franța"},"om":{"code":"ET","native":"Itoophiyaa","localized":"Etiopia"},"or":{"code":"IN","native":"ଭାରତ","localized":"India"},"pa":{"code":"IN","native":"ਭਾਰਤ","localized":"India"},"pl":{"code":"PL","native":"Polska","localized":"Polonia"},"ps":{"code":"AF","native":"افغانستان","localized":"Afganistan"},"pt":{"code":"BR","native":"Brasil","localized":"Brazilia"},"pt_BR":{"code":"BR","native":"Brasil","localized":"Brazilia"},"qu":{"code":"PE","native":"Perú","localized":"Peru"},"ro":{"code":"RO","native":"România","localized":"România"},"ru":{"code":"RU","native":"Россия","localized":"Rusia"},"rw":{"code":"RW","native":"U Rwanda","localized":"Rwanda"},"sa":{"code":"IN","native":"भारतः","localized":"India"},"sc":{"code":"IT","native":"Itàlia","localized":"Italia"},"sd":{"code":"PK","native":"پاڪستان","localized":"Pakistan"},"si":{"code":"LK","native":"ශ්‍රී ලංකාව","localized":"Sri Lanka"},"sk":{"code":"SK","native":"Slovensko","localized":"Slovacia"},"sl":{"code":"SI","native":"Slovenija","localized":"Slovenia"},"sn":{"code":"ZW","native":"Zimbabwe","localized":"Zimbabwe"},"so":{"code":"SO","native":"Soomaaliya","localized":"Somalia"},"sq":{"code":"AL","native":"Shqipëri","localized":"Albania"},"sr_Cyrl":{"code":"RS","native":"Србија","localized":"Serbia"},"sr_Latn":{"code":"RS","native":"Serbia","localized":"Serbia"},"sr_Latn_ME":{"code":"ME","native":"Montenegro","localized":"Muntenegru"},"su":{"code":"ID","native":"Indonesia","localized":"Indonezia"},"sv":{"code":"SE","native":"Sverige","localized":"Suedia"},"sw":{"code":"TZ","native":"Tanzania","localized":"Tanzania"},"ta":{"code":"IN","native":"இந்தியா","localized":"India"},"te":{"code":"IN","native":"భారతదేశం","localized":"India"},"tg":{"code":"TJ","native":"Тоҷикистон","localized":"Tadjikistan"},"th":{"code":"TH","native":"ไทย","localized":"Thailanda"},"ti":{"code":"ET","native":"ኢትዮጵያ","localized":"Etiopia"},"tk":{"code":"TM","native":"Türkmenistan","localized":"Turkmenistan"},"tl":{"code":"PH","native":"Philippines","localized":"Filipine"},"tr":{"code":"TR","native":"Türkiye","localized":"Turcia"},"tt":{"code":"RU","native":"Россия","localized":"Rusia"},"ug":{"code":"CN","native":"جۇڭگو","localized":"China"},"uk":{"code":"UA","native":"Україна","localized":"Ucraina"},"ur":{"code":"PK","native":"پاکستان","localized":"Pakistan"},"uz_Cyrl":{"code":"UZ","native":"Uzbekistan","localized":"Uzbekistan"},"uz_Latn":{"code":"UZ","native":"Oʻzbekiston","localized":"Uzbekistan"},"vi":{"code":"VN","native":"Việt Nam","localized":"Vietnam"},"xh":{"code":"ZA","native":"Emzantsi Afrika","localized":"Africa De Sud"},"yi":{"code":"001","native":"וועלט","localized":"Lume"},"yo":{"code":"NG","native":"Nàìjíríà","localized":"Nigeria"},"zh_CN":{"code":"CN","native":"中国","localized":"China"},"zh_HK":{"code":"HK","native":"中国香港特别行政区","localized":"R.a.s. Hong Kong, China"},"zh_TW":{"code":"TW","native":"台湾","localized":"Taiwan"},"zu":{"code":"ZA","native":"Iningizimu Afrika","localized":"Africa De Sud"}}
