{"af":{"code":"ZA","native":"Suid-Afrika","localized":"Sudàfrica"},"ak":{"code":"GH","native":"Gaana","localized":"Ghana"},"am":{"code":"ET","native":"ኢትዮጵያ","localized":"Etiòpia"},"ar":{"code":"EG","native":"مصر","localized":"Egitu"},"as":{"code":"IN","native":"ভাৰত","localized":"Ìndia"},"az":{"code":"AZ","native":"Azərbaycan","localized":"Azerbaigiàn"},"be":{"code":"BY","native":"Беларусь","localized":"Bielorùssia"},"bg":{"code":"BG","native":"България","localized":"Bulgaria"},"bho":{"code":"IN","native":"भारत","localized":"Ìndia"},"bm":{"code":"ML","native":"Mali","localized":"Mali"},"bn":{"code":"BD","native":"বাংলাদেশ","localized":"Bangladèsh"},"bs":{"code":"BA","native":"Bosna I Hercegovina","localized":"Bòsnia E Erzegòvina"},"ca":{"code":"ES","native":"Espanya","localized":"Ispagna"},"ceb":{"code":"PH","native":"Pilipinas","localized":"Filipinas"},"ckb":{"code":"IQ","native":"عێراق","localized":"Iraq"},"cs":{"code":"CZ","native":"Česko","localized":"Tzèchia"},"cy":{"code":"GB","native":"Y Deyrnas Unedig","localized":"Regnu Unidu"},"da":{"code":"DK","native":"Danmark","localized":"Danimarca"},"de":{"code":"DE","native":"Deutschland","localized":"Germània"},"de_CH":{"code":"CH","native":"Schweiz","localized":"Isvìtzera"},"doi":{"code":"IN","native":"भारत","localized":"Ìndia"},"ee":{"code":"GH","native":"Ghana Nutome","localized":"Ghana"},"el":{"code":"GR","native":"Ελλάδα","localized":"Grètzia"},"en":{"code":"US","native":"United States","localized":"Istados Unidos"},"en_CA":{"code":"CA","native":"Canada","localized":"Cànada"},"eo":{"code":"001","native":"Mondo","localized":"Mundu"},"es":{"code":"ES","native":"España","localized":"Ispagna"},"et":{"code":"EE","native":"Eesti","localized":"Estònia"},"eu":{"code":"ES","native":"Espainia","localized":"Ispagna"},"fa":{"code":"IR","native":"ایران","localized":"Iràn"},"fi":{"code":"FI","native":"Suomi","localized":"Finlàndia"},"fil":{"code":"PH","native":"Pilipinas","localized":"Filipinas"},"fr":{"code":"FR","native":"France","localized":"Frantza"},"fy":{"code":"NL","native":"Nederlân","localized":"Paisos Bassos"},"ga":{"code":"IE","native":"Éire","localized":"Irlanda"},"gd":{"code":"GB","native":"An Rìoghachd Aonaichte","localized":"Regnu Unidu"},"gl":{"code":"ES","native":"España","localized":"Ispagna"},"gu":{"code":"IN","native":"ભારત","localized":"Ìndia"},"ha":{"code":"NG","native":"Nijeriya","localized":"Nigèria"},"haw":{"code":"US","native":"ʻAmelika Hui Pū ʻIa","localized":"Istados Unidos"},"he":{"code":"IL","native":"ישראל","localized":"Israele"},"hi":{"code":"IN","native":"भारत","localized":"Ìndia"},"hr":{"code":"HR","native":"Hrvatska","localized":"Croàtzia"},"hu":{"code":"HU","native":"Magyarország","localized":"Ungheria"},"hy":{"code":"AM","native":"Հայաստան","localized":"Armènia"},"id":{"code":"ID","native":"Indonesia","localized":"Indonèsia"},"ig":{"code":"NG","native":"Naịjịrịa","localized":"Nigèria"},"is":{"code":"IS","native":"Ísland","localized":"Islanda"},"it":{"code":"IT","native":"Italia","localized":"Itàlia"},"ja":{"code":"JP","native":"日本","localized":"Giapone"},"ka":{"code":"GE","native":"საქართველო","localized":"Geòrgia"},"kk":{"code":"KZ","native":"Қазақстан","localized":"Kazàkistan"},"km":{"code":"KH","native":"កម្ពុជា","localized":"Cambòdia"},"kn":{"code":"IN","native":"ಭಾರತ","localized":"Ìndia"},"ko":{"code":"KR","native":"대한민국","localized":"Corea De Su Sud"},"ku":{"code":"TR","native":"Tirkiye","localized":"Turchia"},"ky":{"code":"KG","native":"Кыргызстан","localized":"Kirghìzistan"},"lb":{"code":"LU","native":"Lëtzebuerg","localized":"Lussemburgu"},"lg":{"code":"UG","native":"Yuganda","localized":"Uganda"},"ln":{"code":"CD","native":"Republíki Ya Kongó Demokratíki","localized":"Congo - Kinshasa"},"lo":{"code":"LA","native":"ລາວ","localized":"Laos"},"lt":{"code":"LT","native":"Lietuva","localized":"Lituània"},"lv":{"code":"LV","native":"Latvija","localized":"Letònia"},"mai":{"code":"IN","native":"भारत","localized":"Ìndia"},"mg":{"code":"MG","native":"Madagasikara","localized":"Madagascàr"},"mi":{"code":"NZ","native":"Aotearoa","localized":"Zelanda Noa"},"mk":{"code":"MK","native":"Северна Македонија","localized":"Matzedònia De Su Nord"},"ml":{"code":"IN","native":"ഇന്ത്യ","localized":"Ìndia"},"mn":{"code":"MN","native":"Монгол","localized":"Mongòlia"},"mni_Mtei":{"code":"IN","native":"India","localized":"Ìndia"},"mr":{"code":"IN","native":"भारत","localized":"Ìndia"},"ms":{"code":"MY","native":"Malaysia","localized":"Malèsia"},"mt":{"code":"MT","native":"Malta","localized":"Malta"},"my":{"code":"MM","native":"မြန်မာ","localized":"Myanmàr (Birmània)"},"nb":{"code":"NO","native":"Norge","localized":"Norvègia"},"ne":{"code":"NP","native":"नेपाल","localized":"Nèpal"},"nl":{"code":"NL","native":"Nederland","localized":"Paisos Bassos"},"nn":{"code":"NO","native":"Noreg","localized":"Norvègia"},"oc":{"code":"FR","native":"Fr","localized":"Frantza"},"om":{"code":"ET","native":"Itoophiyaa","localized":"Etiòpia"},"or":{"code":"IN","native":"ଭାରତ","localized":"Ìndia"},"pa":{"code":"IN","native":"ਭਾਰਤ","localized":"Ìndia"},"pl":{"code":"PL","native":"Polska","localized":"Polònia"},"ps":{"code":"AF","native":"افغانستان","localized":"Afghànistan"},"pt":{"code":"BR","native":"Brasil","localized":"Brasile"},"pt_BR":{"code":"BR","native":"Brasil","localized":"Brasile"},"qu":{"code":"PE","native":"Perú","localized":"Perù"},"ro":{"code":"RO","native":"România","localized":"Romania"},"ru":{"code":"RU","native":"Россия","localized":"Rùssia"},"rw":{"code":"RW","native":"U Rwanda","localized":"Ruanda"},"sa":{"code":"IN","native":"भारतः","localized":"Ìndia"},"sc":{"code":"IT","native":"Itàlia","localized":"Itàlia"},"sd":{"code":"PK","native":"پاڪستان","localized":"Pàkistan"},"si":{"code":"LK","native":"ශ්‍රී ලංකාව","localized":"Sri Lanka"},"sk":{"code":"SK","native":"Slovensko","localized":"Islovàchia"},"sl":{"code":"SI","native":"Slovenija","localized":"Islovènia"},"sn":{"code":"ZW","native":"Zimbabwe","localized":"Zimbabwe"},"so":{"code":"SO","native":"Soomaaliya","localized":"Somàlia"},"sq":{"code":"AL","native":"Shqipëri","localized":"Albania"},"sr_Cyrl":{"code":"RS","native":"Србија","localized":"Sèrbia"},"sr_Latn":{"code":"RS","native":"Serbia","localized":"Sèrbia"},"sr_Latn_ME":{"code":"ME","native":"Montenegro","localized":"Montenegro"},"su":{"code":"ID","native":"Indonesia","localized":"Indonèsia"},"sv":{"code":"SE","native":"Sverige","localized":"Isvètzia"},"sw":{"code":"TZ","native":"Tanzania","localized":"Tanzània"},"ta":{"code":"IN","native":"இந்தியா","localized":"Ìndia"},"te":{"code":"IN","native":"భారతదేశం","localized":"Ìndia"},"tg":{"code":"TJ","native":"Тоҷикистон","localized":"Tagìkistan"},"th":{"code":"TH","native":"ไทย","localized":"Tailàndia"},"ti":{"code":"ET","native":"ኢትዮጵያ","localized":"Etiòpia"},"tk":{"code":"TM","native":"Türkmenistan","localized":"Turkmènistan"},"tl":{"code":"PH","native":"Philippines","localized":"Filipinas"},"tr":{"code":"TR","native":"Türkiye","localized":"Turchia"},"tt":{"code":"RU","native":"Россия","localized":"Rùssia"},"ug":{"code":"CN","native":"جۇڭگو","localized":"Tzina"},"uk":{"code":"UA","native":"Україна","localized":"Ucraina"},"ur":{"code":"PK","native":"پاکستان","localized":"Pàkistan"},"uz_Cyrl":{"code":"UZ","native":"Uzbekistan","localized":"Uzbèkistan"},"uz_Latn":{"code":"UZ","native":"Oʻzbekiston","localized":"Uzbèkistan"},"vi":{"code":"VN","native":"Việt Nam","localized":"Vietnam"},"xh":{"code":"ZA","native":"Emzantsi Afrika","localized":"Sudàfrica"},"yi":{"code":"001","native":"וועלט","localized":"Mundu"},"yo":{"code":"NG","native":"Nàìjíríà","localized":"Nigèria"},"zh_CN":{"code":"CN","native":"中国","localized":"Tzina"},"zh_HK":{"code":"HK","native":"中国香港特别行政区","localized":"Ras Tzinesa De Hong Kong"},"zh_TW":{"code":"TW","native":"台湾","localized":"Taiwàn"},"zu":{"code":"ZA","native":"Iningizimu Afrika","localized":"Sudàfrica"}}
