{"af":{"code":"ZA","native":"Suid-Afrika","localized":"ڏکڻ آفريقا"},"ak":{"code":"GH","native":"Gaana","localized":"گهانا"},"am":{"code":"ET","native":"ኢትዮጵያ","localized":"ايٿوپيا"},"ar":{"code":"EG","native":"مصر","localized":"مصر"},"as":{"code":"IN","native":"ভাৰত","localized":"ڀارت"},"az":{"code":"AZ","native":"Azərbaycan","localized":"آذربائيجان"},"be":{"code":"BY","native":"Беларусь","localized":"بیلارس"},"bg":{"code":"BG","native":"България","localized":"بلغاريا"},"bho":{"code":"IN","native":"भारत","localized":"ڀارت"},"bm":{"code":"ML","native":"Mali","localized":"مالي"},"bn":{"code":"BD","native":"বাংলাদেশ","localized":"بنگلاديش"},"bs":{"code":"BA","native":"Bosna I Hercegovina","localized":"بوسنيا ۽ هرزوگووينا"},"ca":{"code":"ES","native":"Espanya","localized":"اسپين"},"ceb":{"code":"PH","native":"Pilipinas","localized":"فلپائن"},"ckb":{"code":"IQ","native":"عێراق","localized":"عراق"},"cs":{"code":"CZ","native":"Česko","localized":"چيڪيا"},"cy":{"code":"GB","native":"Y Deyrnas Unedig","localized":"برطانيہ"},"da":{"code":"DK","native":"Danmark","localized":"ڊينمارڪ"},"de":{"code":"DE","native":"Deutschland","localized":"جرمني"},"de_CH":{"code":"CH","native":"Schweiz","localized":"سوئزرلينڊ"},"doi":{"code":"IN","native":"भारत","localized":"ڀارت"},"ee":{"code":"GH","native":"Ghana Nutome","localized":"گهانا"},"el":{"code":"GR","native":"Ελλάδα","localized":"يونان"},"en":{"code":"US","native":"United States","localized":"آمريڪا جون گڏيل رياستون"},"en_CA":{"code":"CA","native":"Canada","localized":"ڪينيڊا"},"eo":{"code":"001","native":"Mondo","localized":"دنيا"},"es":{"code":"ES","native":"España","localized":"اسپين"},"et":{"code":"EE","native":"Eesti","localized":"ايسٽونيا"},"eu":{"code":"ES","native":"Espainia","localized":"اسپين"},"fa":{"code":"IR","native":"ایران","localized":"ايران"},"fi":{"code":"FI","native":"Suomi","localized":"فن لينڊ"},"fil":{"code":"PH","native":"Pilipinas","localized":"فلپائن"},"fr":{"code":"FR","native":"France","localized":"فرانس"},"fy":{"code":"NL","native":"Nederlân","localized":"نيدرلينڊ"},"ga":{"code":"IE","native":"Éire","localized":"آئرلينڊ"},"gd":{"code":"GB","native":"An Rìoghachd Aonaichte","localized":"برطانيہ"},"gl":{"code":"ES","native":"España","localized":"اسپين"},"gu":{"code":"IN","native":"ભારત","localized":"ڀارت"},"ha":{"code":"NG","native":"Nijeriya","localized":"نائيجيريا"},"haw":{"code":"US","native":"ʻAmelika Hui Pū ʻIa","localized":"آمريڪا جون گڏيل رياستون"},"he":{"code":"IL","native":"ישראל","localized":"اسرائيل"},"hi":{"code":"IN","native":"भारत","localized":"ڀارت"},"hr":{"code":"HR","native":"Hrvatska","localized":"ڪروئيشيا"},"hu":{"code":"HU","native":"Magyarország","localized":"هنگري"},"hy":{"code":"AM","native":"Հայաստան","localized":"ارمینیا"},"id":{"code":"ID","native":"Indonesia","localized":"انڊونيشيا"},"ig":{"code":"NG","native":"Naịjịrịa","localized":"نائيجيريا"},"is":{"code":"IS","native":"Ísland","localized":"آئس لينڊ"},"it":{"code":"IT","native":"Italia","localized":"اٽلي"},"ja":{"code":"JP","native":"日本","localized":"جاپان"},"ka":{"code":"GE","native":"საქართველო","localized":"جارجيا"},"kk":{"code":"KZ","native":"Қазақстан","localized":"قازقستان"},"km":{"code":"KH","native":"កម្ពុជា","localized":"ڪمبوڊيا"},"kn":{"code":"IN","native":"ಭಾರತ","localized":"ڀارت"},"ko":{"code":"KR","native":"대한민국","localized":"ڏکڻ ڪوريا"},"ku":{"code":"TR","native":"Tirkiye","localized":"ترڪي"},"ky":{"code":"KG","native":"Кыргызстан","localized":"ڪرغستان"},"lb":{"code":"LU","native":"Lëtzebuerg","localized":"لگزمبرگ"},"lg":{"code":"UG","native":"Yuganda","localized":"يوگنڊا"},"ln":{"code":"CD","native":"Republíki Ya Kongó Demokratíki","localized":"ڪانگو -ڪنشاسا"},"lo":{"code":"LA","native":"ລາວ","localized":"لائوس"},"lt":{"code":"LT","native":"Lietuva","localized":"لٿونيا"},"lv":{"code":"LV","native":"Latvija","localized":"لاتويا"},"mai":{"code":"IN","native":"भारत","localized":"ڀارت"},"mg":{"code":"MG","native":"Madagasikara","localized":"مدگاسڪر"},"mi":{"code":"NZ","native":"Aotearoa","localized":"نيو زيلينڊ"},"mk":{"code":"MK","native":"Северна Македонија","localized":"اتر مقدونيا"},"ml":{"code":"IN","native":"ഇന്ത്യ","localized":"ڀارت"},"mn":{"code":"MN","native":"Монгол","localized":"منگوليا"},"mni_Mtei":{"code":"IN","native":"India","localized":"ڀارت"},"mr":{"code":"IN","native":"भारत","localized":"ڀارت"},"ms":{"code":"MY","native":"Malaysia","localized":"ملائيشيا"},"mt":{"code":"MT","native":"Malta","localized":"مالٽا"},"my":{"code":"MM","native":"မြန်မာ","localized":"ميانمار (برما)"},"nb":{"code":"NO","native":"Norge","localized":"ناروي"},"ne":{"code":"NP","native":"नेपाल","localized":"نيپال"},"nl":{"code":"NL","native":"Nederland","localized":"نيدرلينڊ"},"nn":{"code":"NO","native":"Noreg","localized":"ناروي"},"oc":{"code":"FR","native":"Fr","localized":"فرانس"},"om":{"code":"ET","native":"Itoophiyaa","localized":"ايٿوپيا"},"or":{"code":"IN","native":"ଭାରତ","localized":"ڀارت"},"pa":{"code":"IN","native":"ਭਾਰਤ","localized":"ڀارت"},"pl":{"code":"PL","native":"Polska","localized":"پولينڊ"},"ps":{"code":"AF","native":"افغانستان","localized":"افغانستان"},"pt":{"code":"BR","native":"Brasil","localized":"برازيل"},"pt_BR":{"code":"BR","native":"Brasil","localized":"برازيل"},"qu":{"code":"PE","native":"Perú","localized":"پيرو"},"ro":{"code":"RO","native":"România","localized":"رومانيا"},"ru":{"code":"RU","native":"Россия","localized":"روس"},"rw":{"code":"RW","native":"U Rwanda","localized":"روانڊا"},"sa":{"code":"IN","native":"भारतः","localized":"ڀارت"},"sc":{"code":"IT","native":"Itàlia","localized":"اٽلي"},"sd":{"code":"PK","native":"پاڪستان","localized":"پاڪستان"},"si":{"code":"LK","native":"ශ්‍රී ලංකාව","localized":"سري لنڪا"},"sk":{"code":"SK","native":"Slovensko","localized":"سلوواڪيا"},"sl":{"code":"SI","native":"Slovenija","localized":"سلوینیا"},"sn":{"code":"ZW","native":"Zimbabwe","localized":"زمبابوي"},"so":{"code":"SO","native":"Soomaaliya","localized":"سوماليا"},"sq":{"code":"AL","native":"Shqipëri","localized":"البانيا"},"sr_Cyrl":{"code":"RS","native":"Србија","localized":"سربيا"},"sr_Latn":{"code":"RS","native":"Serbia","localized":"سربيا"},"sr_Latn_ME":{"code":"ME","native":"Montenegro","localized":"مونٽي نيگرو"},"su":{"code":"ID","native":"Indonesia","localized":"انڊونيشيا"},"sv":{"code":"SE","native":"Sverige","localized":"سوئيڊن"},"sw":{"code":"TZ","native":"Tanzania","localized":"تنزانيا"},"ta":{"code":"IN","native":"இந்தியா","localized":"ڀارت"},"te":{"code":"IN","native":"భారతదేశం","localized":"ڀارت"},"tg":{"code":"TJ","native":"Тоҷикистон","localized":"تاجڪستان"},"th":{"code":"TH","native":"ไทย","localized":"ٿائيليند"},"ti":{"code":"ET","native":"ኢትዮጵያ","localized":"ايٿوپيا"},"tk":{"code":"TM","native":"Türkmenistan","localized":"ترڪمانستان"},"tl":{"code":"PH","native":"Philippines","localized":"فلپائن"},"tr":{"code":"TR","native":"Türkiye","localized":"ترڪي"},"tt":{"code":"RU","native":"Россия","localized":"روس"},"ug":{"code":"CN","native":"جۇڭگو","localized":"چين"},"uk":{"code":"UA","native":"Україна","localized":"يوڪرين"},"ur":{"code":"PK","native":"پاکستان","localized":"پاڪستان"},"uz_Cyrl":{"code":"UZ","native":"Uzbekistan","localized":"ازبڪستان"},"uz_Latn":{"code":"UZ","native":"Oʻzbekiston","localized":"ازبڪستان"},"vi":{"code":"VN","native":"Việt Nam","localized":"ويتنام"},"xh":{"code":"ZA","native":"Emzantsi Afrika","localized":"ڏکڻ آفريقا"},"yi":{"code":"001","native":"וועלט","localized":"دنيا"},"yo":{"code":"NG","native":"Nàìjíríà","localized":"نائيجيريا"},"zh_CN":{"code":"CN","native":"中国","localized":"چين"},"zh_HK":{"code":"HK","native":"中国香港特别行政区","localized":"هانگ ڪانگ Sar"},"zh_TW":{"code":"TW","native":"台湾","localized":"تائیوان"},"zu":{"code":"ZA","native":"Iningizimu Afrika","localized":"ڏکڻ آفريقا"}}
