{"af":{"code":"ZA","native":"Suid-Afrika","localized":"දකුණු අප්‍රිකාව"},"ak":{"code":"GH","native":"Gaana","localized":"ඝානාව"},"am":{"code":"ET","native":"ኢትዮጵያ","localized":"ඉතියෝපියාව"},"ar":{"code":"EG","native":"مصر","localized":"ඊජිප්තුව"},"as":{"code":"IN","native":"ভাৰত","localized":"ඉන්දියාව"},"az":{"code":"AZ","native":"Azərbaycan","localized":"අසර්බයිජානය"},"be":{"code":"BY","native":"Беларусь","localized":"බෙලරුස්"},"bg":{"code":"BG","native":"България","localized":"බල්ගේරියාව"},"bho":{"code":"IN","native":"भारत","localized":"ඉන්දියාව"},"bm":{"code":"ML","native":"Mali","localized":"මාලි"},"bn":{"code":"BD","native":"বাংলাদেশ","localized":"බංග්ලාදේශය"},"bs":{"code":"BA","native":"Bosna I Hercegovina","localized":"බොස්නියාව සහ හර්සගොවීනාව"},"ca":{"code":"ES","native":"Espanya","localized":"ස්පාඤ්ඤය"},"ceb":{"code":"PH","native":"Pilipinas","localized":"පිලිපීනය"},"ckb":{"code":"IQ","native":"عێراق","localized":"ඉරාකය"},"cs":{"code":"CZ","native":"Česko","localized":"චෙචියාව"},"cy":{"code":"GB","native":"Y Deyrnas Unedig","localized":"එක්සත් රාජධානිය"},"da":{"code":"DK","native":"Danmark","localized":"ඩෙන්මාර්කය"},"de":{"code":"DE","native":"Deutschland","localized":"ජර්මනිය"},"de_CH":{"code":"CH","native":"Schweiz","localized":"ස්විස්ටර්ලන්තය"},"doi":{"code":"IN","native":"भारत","localized":"ඉන්දියාව"},"ee":{"code":"GH","native":"Ghana Nutome","localized":"ඝානාව"},"el":{"code":"GR","native":"Ελλάδα","localized":"ග්‍රීසිය"},"en":{"code":"US","native":"United States","localized":"එක්සත් ජනපදය"},"en_CA":{"code":"CA","native":"Canada","localized":"කැනඩාව"},"eo":{"code":"001","native":"Mondo","localized":"ලෝකය"},"es":{"code":"ES","native":"España","localized":"ස්පාඤ්ඤය"},"et":{"code":"EE","native":"Eesti","localized":"එස්තෝනියාව"},"eu":{"code":"ES","native":"Espainia","localized":"ස්පාඤ්ඤය"},"fa":{"code":"IR","native":"ایران","localized":"ඉරානය"},"fi":{"code":"FI","native":"Suomi","localized":"ෆින්ලන්තය"},"fil":{"code":"PH","native":"Pilipinas","localized":"පිලිපීනය"},"fr":{"code":"FR","native":"France","localized":"ප්‍රංශය"},"fy":{"code":"NL","native":"Nederlân","localized":"නෙදර්ලන්තය"},"ga":{"code":"IE","native":"Éire","localized":"අයර්ලන්තය"},"gd":{"code":"GB","native":"An Rìoghachd Aonaichte","localized":"එක්සත් රාජධානිය"},"gl":{"code":"ES","native":"España","localized":"ස්පාඤ්ඤය"},"gu":{"code":"IN","native":"ભારત","localized":"ඉන්දියාව"},"ha":{"code":"NG","native":"Nijeriya","localized":"නයිජීරියාව"},"haw":{"code":"US","native":"ʻAmelika Hui Pū ʻIa","localized":"එක්සත් ජනපදය"},"he":{"code":"IL","native":"ישראל","localized":"ඊශ්‍රායලය"},"hi":{"code":"IN","native":"भारत","localized":"ඉන්දියාව"},"hr":{"code":"HR","native":"Hrvatska","localized":"ක්‍රොඒෂියාව"},"hu":{"code":"HU","native":"Magyarország","localized":"හන්ගේරියාව"},"hy":{"code":"AM","native":"Հայաստան","localized":"ආර්මේනියාව"},"id":{"code":"ID","native":"Indonesia","localized":"ඉන්දුනීසියාව"},"ig":{"code":"NG","native":"Naịjịrịa","localized":"නයිජීරියාව"},"is":{"code":"IS","native":"Ísland","localized":"අයිස්ලන්තය"},"it":{"code":"IT","native":"Italia","localized":"ඉතාලිය"},"ja":{"code":"JP","native":"日本","localized":"ජපානය"},"ka":{"code":"GE","native":"საქართველო","localized":"ජෝර්ජියාව"},"kk":{"code":"KZ","native":"Қазақстан","localized":"කසකස්තානය"},"km":{"code":"KH","native":"កម្ពុជា","localized":"කාම්බෝජය"},"kn":{"code":"IN","native":"ಭಾರತ","localized":"ඉන්දියාව"},"ko":{"code":"KR","native":"대한민국","localized":"දකුණු කොරියාව"},"ku":{"code":"TR","native":"Tirkiye","localized":"තුර්කිය"},"ky":{"code":"KG","native":"Кыргызстан","localized":"කිර්ගිස්තානය"},"lb":{"code":"LU","native":"Lëtzebuerg","localized":"ලක්ශම්බර්ග්"},"lg":{"code":"UG","native":"Yuganda","localized":"උගන්ඩාව"},"ln":{"code":"CD","native":"Republíki Ya Kongó Demokratíki","localized":"කොංගෝව (ඩීආර්සී)"},"lo":{"code":"LA","native":"ລາວ","localized":"ලාඕසය"},"lt":{"code":"LT","native":"Lietuva","localized":"ලිතුවේනියාව"},"lv":{"code":"LV","native":"Latvija","localized":"ලැට්වියාව"},"mai":{"code":"IN","native":"भारत","localized":"ඉන්දියාව"},"mg":{"code":"MG","native":"Madagasikara","localized":"මැඩගස්කරය"},"mi":{"code":"NZ","native":"Aotearoa","localized":"නවසීලන්තය"},"mk":{"code":"MK","native":"Северна Македонија","localized":"උතුරු මැසිඩෝනියාව"},"ml":{"code":"IN","native":"ഇന്ത്യ","localized":"ඉන්දියාව"},"mn":{"code":"MN","native":"Монгол","localized":"මොන්ගෝලියාව"},"mni_Mtei":{"code":"IN","native":"India","localized":"ඉන්දියාව"},"mr":{"code":"IN","native":"भारत","localized":"ඉන්දියාව"},"ms":{"code":"MY","native":"Malaysia","localized":"මැලේසියාව"},"mt":{"code":"MT","native":"Malta","localized":"මෝල්ටාව"},"my":{"code":"MM","native":"မြန်မာ","localized":"මියන්මාරය (බුරුමය)"},"nb":{"code":"NO","native":"Norge","localized":"නෝර්වේ"},"ne":{"code":"NP","native":"नेपाल","localized":"නේපාලය"},"nl":{"code":"NL","native":"Nederland","localized":"නෙදර්ලන්තය"},"nn":{"code":"NO","native":"Noreg","localized":"නෝර්වේ"},"oc":{"code":"FR","native":"Fr","localized":"ප්‍රංශය"},"om":{"code":"ET","native":"Itoophiyaa","localized":"ඉතියෝපියාව"},"or":{"code":"IN","native":"ଭାରତ","localized":"ඉන්දියාව"},"pa":{"code":"IN","native":"ਭਾਰਤ","localized":"ඉන්දියාව"},"pl":{"code":"PL","native":"Polska","localized":"පෝලන්තය"},"ps":{"code":"AF","native":"افغانستان","localized":"ඇෆ්ගනිස්ථානය"},"pt":{"code":"BR","native":"Brasil","localized":"බ්‍රසීලය"},"pt_BR":{"code":"BR","native":"Brasil","localized":"බ්‍රසීලය"},"qu":{"code":"PE","native":"Perú","localized":"පේරු"},"ro":{"code":"RO","native":"România","localized":"රුමේනියාව"},"ru":{"code":"RU","native":"Россия","localized":"රුසියාව"},"rw":{"code":"RW","native":"U Rwanda","localized":"රුවන්ඩාව"},"sa":{"code":"IN","native":"भारतः","localized":"ඉන්දියාව"},"sc":{"code":"IT","native":"Itàlia","localized":"ඉතාලිය"},"sd":{"code":"PK","native":"پاڪستان","localized":"පාකිස්තානය"},"si":{"code":"LK","native":"ශ්‍රී ලංකාව","localized":"ශ්‍රී ලංකාව"},"sk":{"code":"SK","native":"Slovensko","localized":"ස්ලෝවැකියාව"},"sl":{"code":"SI","native":"Slovenija","localized":"ස්ලෝවේනියාව"},"sn":{"code":"ZW","native":"Zimbabwe","localized":"සිම්බාබ්වේ"},"so":{"code":"SO","native":"Soomaaliya","localized":"සෝමාලියාව"},"sq":{"code":"AL","native":"Shqipëri","localized":"ඇල්බේනියාව"},"sr_Cyrl":{"code":"RS","native":"Србија","localized":"සර්බියාව"},"sr_Latn":{"code":"RS","native":"Serbia","localized":"සර්බියාව"},"sr_Latn_ME":{"code":"ME","native":"Montenegro","localized":"මොන්ටෙනීග්‍රෝ"},"su":{"code":"ID","native":"Indonesia","localized":"ඉන්දුනීසියාව"},"sv":{"code":"SE","native":"Sverige","localized":"ස්වීඩනය"},"sw":{"code":"TZ","native":"Tanzania","localized":"ටැන්සානියාව"},"ta":{"code":"IN","native":"இந்தியா","localized":"ඉන්දියාව"},"te":{"code":"IN","native":"భారతదేశం","localized":"ඉන්දියාව"},"tg":{"code":"TJ","native":"Тоҷикистон","localized":"ටජිකිස්තානය"},"th":{"code":"TH","native":"ไทย","localized":"තායිලන්තය"},"ti":{"code":"ET","native":"ኢትዮጵያ","localized":"ඉතියෝපියාව"},"tk":{"code":"TM","native":"Türkmenistan","localized":"ටර්ක්මෙනිස්ථානය"},"tl":{"code":"PH","native":"Philippines","localized":"පිලිපීනය"},"tr":{"code":"TR","native":"Türkiye","localized":"තුර්කිය"},"tt":{"code":"RU","native":"Россия","localized":"රුසියාව"},"ug":{"code":"CN","native":"جۇڭگو","localized":"චීනය"},"uk":{"code":"UA","native":"Україна","localized":"යුක්රේනය"},"ur":{"code":"PK","native":"پاکستان","localized":"පාකිස්තානය"},"uz_Cyrl":{"code":"UZ","native":"Uzbekistan","localized":"උස්බෙකිස්ථානය"},"uz_Latn":{"code":"UZ","native":"Oʻzbekiston","localized":"උස්බෙකිස්ථානය"},"vi":{"code":"VN","native":"Việt Nam","localized":"වියට්නාමය"},"xh":{"code":"ZA","native":"Emzantsi Afrika","localized":"දකුණු අප්‍රිකාව"},"yi":{"code":"001","native":"וועלט","localized":"ලෝකය"},"yo":{"code":"NG","native":"Nàìjíríà","localized":"නයිජීරියාව"},"zh_CN":{"code":"CN","native":"中国","localized":"චීනය"},"zh_HK":{"code":"HK","native":"中国香港特别行政区","localized":"හොංකොං විශේෂ පරිපාලන කලාපය චීනය"},"zh_TW":{"code":"TW","native":"台湾","localized":"තායිවානය"},"zu":{"code":"ZA","native":"Iningizimu Afrika","localized":"දකුණු අප්‍රිකාව"}}
