{"af":{"code":"ZA","native":"Suid-Afrika","localized":"Južná Afrika"},"ak":{"code":"GH","native":"Gaana","localized":"Ghana"},"am":{"code":"ET","native":"ኢትዮጵያ","localized":"Etiópia"},"ar":{"code":"EG","native":"مصر","localized":"Egypt"},"as":{"code":"IN","native":"ভাৰত","localized":"India"},"az":{"code":"AZ","native":"Azərbaycan","localized":"Azerbajdžan"},"be":{"code":"BY","native":"Беларусь","localized":"Bielorusko"},"bg":{"code":"BG","native":"България","localized":"Bulharsko"},"bho":{"code":"IN","native":"भारत","localized":"India"},"bm":{"code":"ML","native":"Mali","localized":"Mali"},"bn":{"code":"BD","native":"বাংলাদেশ","localized":"Bangladéš"},"bs":{"code":"BA","native":"Bosna I Hercegovina","localized":"Bosna A Hercegovina"},"ca":{"code":"ES","native":"Espanya","localized":"Španielsko"},"ceb":{"code":"PH","native":"Pilipinas","localized":"Filipíny"},"ckb":{"code":"IQ","native":"عێراق","localized":"Irak"},"cs":{"code":"CZ","native":"Česko","localized":"Česko"},"cy":{"code":"GB","native":"Y Deyrnas Unedig","localized":"Spojené Kráľovstvo"},"da":{"code":"DK","native":"Danmark","localized":"Dánsko"},"de":{"code":"DE","native":"Deutschland","localized":"Nemecko"},"de_CH":{"code":"CH","native":"Schweiz","localized":"Švajčiarsko"},"doi":{"code":"IN","native":"भारत","localized":"India"},"ee":{"code":"GH","native":"Ghana Nutome","localized":"Ghana"},"el":{"code":"GR","native":"Ελλάδα","localized":"Grécko"},"en":{"code":"US","native":"United States","localized":"Spojené Štáty"},"en_CA":{"code":"CA","native":"Canada","localized":"Kanada"},"eo":{"code":"001","native":"Mondo","localized":"Svet"},"es":{"code":"ES","native":"España","localized":"Španielsko"},"et":{"code":"EE","native":"Eesti","localized":"Estónsko"},"eu":{"code":"ES","native":"Espainia","localized":"Španielsko"},"fa":{"code":"IR","native":"ایران","localized":"Irán"},"fi":{"code":"FI","native":"Suomi","localized":"Fínsko"},"fil":{"code":"PH","native":"Pilipinas","localized":"Filipíny"},"fr":{"code":"FR","native":"France","localized":"Francúzsko"},"fy":{"code":"NL","native":"Nederlân","localized":"Holandsko"},"ga":{"code":"IE","native":"Éire","localized":"Írsko"},"gd":{"code":"GB","native":"An Rìoghachd Aonaichte","localized":"Spojené Kráľovstvo"},"gl":{"code":"ES","native":"España","localized":"Španielsko"},"gu":{"code":"IN","native":"ભારત","localized":"India"},"ha":{"code":"NG","native":"Nijeriya","localized":"Nigéria"},"haw":{"code":"US","native":"ʻAmelika Hui Pū ʻIa","localized":"Spojené Štáty"},"he":{"code":"IL","native":"ישראל","localized":"Izrael"},"hi":{"code":"IN","native":"भारत","localized":"India"},"hr":{"code":"HR","native":"Hrvatska","localized":"Chorvátsko"},"hu":{"code":"HU","native":"Magyarország","localized":"Maďarsko"},"hy":{"code":"AM","native":"Հայաստան","localized":"Arménsko"},"id":{"code":"ID","native":"Indonesia","localized":"Indonézia"},"ig":{"code":"NG","native":"Naịjịrịa","localized":"Nigéria"},"is":{"code":"IS","native":"Ísland","localized":"Island"},"it":{"code":"IT","native":"Italia","localized":"Taliansko"},"ja":{"code":"JP","native":"日本","localized":"Japonsko"},"ka":{"code":"GE","native":"საქართველო","localized":"Gruzínsko"},"kk":{"code":"KZ","native":"Қазақстан","localized":"Kazachstan"},"km":{"code":"KH","native":"កម្ពុជា","localized":"Kambodža"},"kn":{"code":"IN","native":"ಭಾರತ","localized":"India"},"ko":{"code":"KR","native":"대한민국","localized":"Južná Kórea"},"ku":{"code":"TR","native":"Tirkiye","localized":"Turecko"},"ky":{"code":"KG","native":"Кыргызстан","localized":"Kirgizsko"},"lb":{"code":"LU","native":"Lëtzebuerg","localized":"Luxembursko"},"lg":{"code":"UG","native":"Yuganda","localized":"Uganda"},"ln":{"code":"CD","native":"Republíki Ya Kongó Demokratíki","localized":"Konžská Demokratická Republika"},"lo":{"code":"LA","native":"ລາວ","localized":"Laos"},"lt":{"code":"LT","native":"Lietuva","localized":"Litva"},"lv":{"code":"LV","native":"Latvija","localized":"Lotyšsko"},"mai":{"code":"IN","native":"भारत","localized":"India"},"mg":{"code":"MG","native":"Madagasikara","localized":"Madagaskar"},"mi":{"code":"NZ","native":"Aotearoa","localized":"Nový Zéland"},"mk":{"code":"MK","native":"Северна Македонија","localized":"Severné Macedónsko"},"ml":{"code":"IN","native":"ഇന്ത്യ","localized":"India"},"mn":{"code":"MN","native":"Монгол","localized":"Mongolsko"},"mni_Mtei":{"code":"IN","native":"India","localized":"India"},"mr":{"code":"IN","native":"भारत","localized":"India"},"ms":{"code":"MY","native":"Malaysia","localized":"Malajzia"},"mt":{"code":"MT","native":"Malta","localized":"Malta"},"my":{"code":"MM","native":"မြန်မာ","localized":"Mjanmarsko"},"nb":{"code":"NO","native":"Norge","localized":"Nórsko"},"ne":{"code":"NP","native":"नेपाल","localized":"Nepál"},"nl":{"code":"NL","native":"Nederland","localized":"Holandsko"},"nn":{"code":"NO","native":"Noreg","localized":"Nórsko"},"oc":{"code":"FR","native":"Fr","localized":"Francúzsko"},"om":{"code":"ET","native":"Itoophiyaa","localized":"Etiópia"},"or":{"code":"IN","native":"ଭାରତ","localized":"India"},"pa":{"code":"IN","native":"ਭਾਰਤ","localized":"India"},"pl":{"code":"PL","native":"Polska","localized":"Poľsko"},"ps":{"code":"AF","native":"افغانستان","localized":"Afganistan"},"pt":{"code":"BR","native":"Brasil","localized":"Brazília"},"pt_BR":{"code":"BR","native":"Brasil","localized":"Brazília"},"qu":{"code":"PE","native":"Perú","localized":"Peru"},"ro":{"code":"RO","native":"România","localized":"Rumunsko"},"ru":{"code":"RU","native":"Россия","localized":"Rusko"},"rw":{"code":"RW","native":"U Rwanda","localized":"Rwanda"},"sa":{"code":"IN","native":"भारतः","localized":"India"},"sc":{"code":"IT","native":"Itàlia","localized":"Taliansko"},"sd":{"code":"PK","native":"پاڪستان","localized":"Pakistan"},"si":{"code":"LK","native":"ශ්‍රී ලංකාව","localized":"Srí Lanka"},"sk":{"code":"SK","native":"Slovensko","localized":"Slovensko"},"sl":{"code":"SI","native":"Slovenija","localized":"Slovinsko"},"sn":{"code":"ZW","native":"Zimbabwe","localized":"Zimbabwe"},"so":{"code":"SO","native":"Soomaaliya","localized":"Somálsko"},"sq":{"code":"AL","native":"Shqipëri","localized":"Albánsko"},"sr_Cyrl":{"code":"RS","native":"Србија","localized":"Srbsko"},"sr_Latn":{"code":"RS","native":"Serbia","localized":"Srbsko"},"sr_Latn_ME":{"code":"ME","native":"Montenegro","localized":"Čierna Hora"},"su":{"code":"ID","native":"Indonesia","localized":"Indonézia"},"sv":{"code":"SE","native":"Sverige","localized":"Švédsko"},"sw":{"code":"TZ","native":"Tanzania","localized":"Tanzánia"},"ta":{"code":"IN","native":"இந்தியா","localized":"India"},"te":{"code":"IN","native":"భారతదేశం","localized":"India"},"tg":{"code":"TJ","native":"Тоҷикистон","localized":"Tadžikistan"},"th":{"code":"TH","native":"ไทย","localized":"Thajsko"},"ti":{"code":"ET","native":"ኢትዮጵያ","localized":"Etiópia"},"tk":{"code":"TM","native":"Türkmenistan","localized":"Turkménsko"},"tl":{"code":"PH","native":"Philippines","localized":"Filipíny"},"tr":{"code":"TR","native":"Türkiye","localized":"Turecko"},"tt":{"code":"RU","native":"Россия","localized":"Rusko"},"ug":{"code":"CN","native":"جۇڭگو","localized":"Čína"},"uk":{"code":"UA","native":"Україна","localized":"Ukrajina"},"ur":{"code":"PK","native":"پاکستان","localized":"Pakistan"},"uz_Cyrl":{"code":"UZ","native":"Uzbekistan","localized":"Uzbekistan"},"uz_Latn":{"code":"UZ","native":"Oʻzbekiston","localized":"Uzbekistan"},"vi":{"code":"VN","native":"Việt Nam","localized":"Vietnam"},"xh":{"code":"ZA","native":"Emzantsi Afrika","localized":"Južná Afrika"},"yi":{"code":"001","native":"וועלט","localized":"Svet"},"yo":{"code":"NG","native":"Nàìjíríà","localized":"Nigéria"},"zh_CN":{"code":"CN","native":"中国","localized":"Čína"},"zh_HK":{"code":"HK","native":"中国香港特别行政区","localized":"Hongkong – Oao Číny"},"zh_TW":{"code":"TW","native":"台湾","localized":"Taiwan"},"zu":{"code":"ZA","native":"Iningizimu Afrika","localized":"Južná Afrika"}}
