{"af":{"code":"ZA","native":"Suid-Afrika","localized":"Koonfur Afrika"},"ak":{"code":"GH","native":"Gaana","localized":"Gaana"},"am":{"code":"ET","native":"ኢትዮጵያ","localized":"Itoobiya"},"ar":{"code":"EG","native":"مصر","localized":"Masar"},"as":{"code":"IN","native":"ভাৰত","localized":"Hindiya"},"az":{"code":"AZ","native":"Azərbaycan","localized":"Asarbajan"},"be":{"code":"BY","native":"Беларусь","localized":"Belarus"},"bg":{"code":"BG","native":"България","localized":"Bulgaariya"},"bho":{"code":"IN","native":"भारत","localized":"Hindiya"},"bm":{"code":"ML","native":"Mali","localized":"Maali"},"bn":{"code":"BD","native":"বাংলাদেশ","localized":"Bangaladhesh"},"bs":{"code":"BA","native":"Bosna I Hercegovina","localized":"Boosniya & Harsegofina"},"ca":{"code":"ES","native":"Espanya","localized":"Isbeyn"},"ceb":{"code":"PH","native":"Pilipinas","localized":"Filibiin"},"ckb":{"code":"IQ","native":"عێراق","localized":"Ciraaq"},"cs":{"code":"CZ","native":"Česko","localized":"Jekiya"},"cy":{"code":"GB","native":"Y Deyrnas Unedig","localized":"Boqortooyada Midowday"},"da":{"code":"DK","native":"Danmark","localized":"Denmark"},"de":{"code":"DE","native":"Deutschland","localized":"Jarmal"},"de_CH":{"code":"CH","native":"Schweiz","localized":"Swiiserlaand"},"doi":{"code":"IN","native":"भारत","localized":"Hindiya"},"ee":{"code":"GH","native":"Ghana Nutome","localized":"Gaana"},"el":{"code":"GR","native":"Ελλάδα","localized":"Giriig"},"en":{"code":"US","native":"United States","localized":"Maraykanka"},"en_CA":{"code":"CA","native":"Canada","localized":"Kanada"},"eo":{"code":"001","native":"Mondo","localized":"Dunida"},"es":{"code":"ES","native":"España","localized":"Isbeyn"},"et":{"code":"EE","native":"Eesti","localized":"Estooniya"},"eu":{"code":"ES","native":"Espainia","localized":"Isbeyn"},"fa":{"code":"IR","native":"ایران","localized":"Iiraan"},"fi":{"code":"FI","native":"Suomi","localized":"Finland"},"fil":{"code":"PH","native":"Pilipinas","localized":"Filibiin"},"fr":{"code":"FR","native":"France","localized":"Faransiis"},"fy":{"code":"NL","native":"Nederlân","localized":"Nederlaands"},"ga":{"code":"IE","native":"Éire","localized":"Ayrlaand"},"gd":{"code":"GB","native":"An Rìoghachd Aonaichte","localized":"Boqortooyada Midowday"},"gl":{"code":"ES","native":"España","localized":"Isbeyn"},"gu":{"code":"IN","native":"ભારત","localized":"Hindiya"},"ha":{"code":"NG","native":"Nijeriya","localized":"Nayjeeriya"},"haw":{"code":"US","native":"ʻAmelika Hui Pū ʻIa","localized":"Maraykanka"},"he":{"code":"IL","native":"ישראל","localized":"Israaʼiil"},"hi":{"code":"IN","native":"भारत","localized":"Hindiya"},"hr":{"code":"HR","native":"Hrvatska","localized":"Korweeshiya"},"hu":{"code":"HU","native":"Magyarország","localized":"Hangari"},"hy":{"code":"AM","native":"Հայաստան","localized":"Armeeniya"},"id":{"code":"ID","native":"Indonesia","localized":"Indoneesiya"},"ig":{"code":"NG","native":"Naịjịrịa","localized":"Nayjeeriya"},"is":{"code":"IS","native":"Ísland","localized":"Ayslaand"},"it":{"code":"IT","native":"Italia","localized":"Talyaani"},"ja":{"code":"JP","native":"日本","localized":"Jabaan"},"ka":{"code":"GE","native":"საქართველო","localized":"Joorjiya"},"kk":{"code":"KZ","native":"Қазақстан","localized":"Kasaakhistaan"},"km":{"code":"KH","native":"កម្ពុជា","localized":"Kamboodiya"},"kn":{"code":"IN","native":"ಭಾರತ","localized":"Hindiya"},"ko":{"code":"KR","native":"대한민국","localized":"Kuuriyada Koonfureed"},"ku":{"code":"TR","native":"Tirkiye","localized":"Turki"},"ky":{"code":"KG","native":"Кыргызстан","localized":"Kirgistaan"},"lb":{"code":"LU","native":"Lëtzebuerg","localized":"Luksemboorg"},"lg":{"code":"UG","native":"Yuganda","localized":"Ugaanda"},"ln":{"code":"CD","native":"Republíki Ya Kongó Demokratíki","localized":"Jamhuuriyadda Dimuquraadiga Kongo"},"lo":{"code":"LA","native":"ລາວ","localized":"Laos"},"lt":{"code":"LT","native":"Lietuva","localized":"Lituweeniya"},"lv":{"code":"LV","native":"Latvija","localized":"Latfiya"},"mai":{"code":"IN","native":"भारत","localized":"Hindiya"},"mg":{"code":"MG","native":"Madagasikara","localized":"Madagaskar"},"mi":{"code":"NZ","native":"Aotearoa","localized":"Niyuusiilaand"},"mk":{"code":"MK","native":"Северна Македонија","localized":"Masedooniya Waqooyi"},"ml":{"code":"IN","native":"ഇന്ത്യ","localized":"Hindiya"},"mn":{"code":"MN","native":"Монгол","localized":"Mongooliya"},"mni_Mtei":{"code":"IN","native":"India","localized":"Hindiya"},"mr":{"code":"IN","native":"भारत","localized":"Hindiya"},"ms":{"code":"MY","native":"Malaysia","localized":"Malaysiya"},"mt":{"code":"MT","native":"Malta","localized":"Maalta"},"my":{"code":"MM","native":"မြန်မာ","localized":"Mayanmar"},"nb":{"code":"NO","native":"Norge","localized":"Noorweey"},"ne":{"code":"NP","native":"नेपाल","localized":"Nebaal"},"nl":{"code":"NL","native":"Nederland","localized":"Nederlaands"},"nn":{"code":"NO","native":"Noreg","localized":"Noorweey"},"oc":{"code":"FR","native":"Fr","localized":"Faransiis"},"om":{"code":"ET","native":"Itoophiyaa","localized":"Itoobiya"},"or":{"code":"IN","native":"ଭାରତ","localized":"Hindiya"},"pa":{"code":"IN","native":"ਭਾਰਤ","localized":"Hindiya"},"pl":{"code":"PL","native":"Polska","localized":"Booland"},"ps":{"code":"AF","native":"افغانستان","localized":"Afgaanistaan"},"pt":{"code":"BR","native":"Brasil","localized":"Baraasiil"},"pt_BR":{"code":"BR","native":"Brasil","localized":"Baraasiil"},"qu":{"code":"PE","native":"Perú","localized":"Beeru"},"ro":{"code":"RO","native":"România","localized":"Rumaaniya"},"ru":{"code":"RU","native":"Россия","localized":"Ruush"},"rw":{"code":"RW","native":"U Rwanda","localized":"Ruwanda"},"sa":{"code":"IN","native":"भारतः","localized":"Hindiya"},"sc":{"code":"IT","native":"Itàlia","localized":"Talyaani"},"sd":{"code":"PK","native":"پاڪستان","localized":"Bakistaan"},"si":{"code":"LK","native":"ශ්‍රී ලංකාව","localized":"Sirilaanka"},"sk":{"code":"SK","native":"Slovensko","localized":"Islofaakiya"},"sl":{"code":"SI","native":"Slovenija","localized":"Islofeeniya"},"sn":{"code":"ZW","native":"Zimbabwe","localized":"Simbaabwe"},"so":{"code":"SO","native":"Soomaaliya","localized":"Soomaaliya"},"sq":{"code":"AL","native":"Shqipëri","localized":"Albaaniya"},"sr_Cyrl":{"code":"RS","native":"Србија","localized":"Seerbiya"},"sr_Latn":{"code":"RS","native":"Serbia","localized":"Seerbiya"},"sr_Latn_ME":{"code":"ME","native":"Montenegro","localized":"Moontenegro"},"su":{"code":"ID","native":"Indonesia","localized":"Indoneesiya"},"sv":{"code":"SE","native":"Sverige","localized":"Iswidhan"},"sw":{"code":"TZ","native":"Tanzania","localized":"Tansaaniya"},"ta":{"code":"IN","native":"இந்தியா","localized":"Hindiya"},"te":{"code":"IN","native":"భారతదేశం","localized":"Hindiya"},"tg":{"code":"TJ","native":"Тоҷикистон","localized":"Tajikistan"},"th":{"code":"TH","native":"ไทย","localized":"Taylaand"},"ti":{"code":"ET","native":"ኢትዮጵያ","localized":"Itoobiya"},"tk":{"code":"TM","native":"Türkmenistan","localized":"Turkmenistan"},"tl":{"code":"PH","native":"Philippines","localized":"Filibiin"},"tr":{"code":"TR","native":"Türkiye","localized":"Turki"},"tt":{"code":"RU","native":"Россия","localized":"Ruush"},"ug":{"code":"CN","native":"جۇڭگو","localized":"Shiinaha"},"uk":{"code":"UA","native":"Україна","localized":"Yukrayn"},"ur":{"code":"PK","native":"پاکستان","localized":"Bakistaan"},"uz_Cyrl":{"code":"UZ","native":"Uzbekistan","localized":"Usbakistan"},"uz_Latn":{"code":"UZ","native":"Oʻzbekiston","localized":"Usbakistan"},"vi":{"code":"VN","native":"Việt Nam","localized":"Fiyetnaam"},"xh":{"code":"ZA","native":"Emzantsi Afrika","localized":"Koonfur Afrika"},"yi":{"code":"001","native":"וועלט","localized":"Dunida"},"yo":{"code":"NG","native":"Nàìjíríà","localized":"Nayjeeriya"},"zh_CN":{"code":"CN","native":"中国","localized":"Shiinaha"},"zh_HK":{"code":"HK","native":"中国香港特别行政区","localized":"Hong Kong"},"zh_TW":{"code":"TW","native":"台湾","localized":"Taywaan"},"zu":{"code":"ZA","native":"Iningizimu Afrika","localized":"Koonfur Afrika"}}
