{"af":{"code":"ZA","native":"Suid-Afrika","localized":"Afrika E Jugut"},"ak":{"code":"GH","native":"Gaana","localized":"Ganë"},"am":{"code":"ET","native":"ኢትዮጵያ","localized":"Etiopi"},"ar":{"code":"EG","native":"مصر","localized":"Egjipt"},"as":{"code":"IN","native":"ভাৰত","localized":"Indi"},"az":{"code":"AZ","native":"Azərbaycan","localized":"Azerbajxhan"},"be":{"code":"BY","native":"Беларусь","localized":"Bjellorusi"},"bg":{"code":"BG","native":"България","localized":"Bullgari"},"bho":{"code":"IN","native":"भारत","localized":"Indi"},"bm":{"code":"ML","native":"Mali","localized":"Mali"},"bn":{"code":"BD","native":"বাংলাদেশ","localized":"Bangladesh"},"bs":{"code":"BA","native":"Bosna I Hercegovina","localized":"Bosnjë-Hercegovinë"},"ca":{"code":"ES","native":"Espanya","localized":"Spanjë"},"ceb":{"code":"PH","native":"Pilipinas","localized":"Filipine"},"ckb":{"code":"IQ","native":"عێراق","localized":"Irak"},"cs":{"code":"CZ","native":"Česko","localized":"Çeki"},"cy":{"code":"GB","native":"Y Deyrnas Unedig","localized":"Mbretëria E Bashkuar"},"da":{"code":"DK","native":"Danmark","localized":"Danimarkë"},"de":{"code":"DE","native":"Deutschland","localized":"Gjermani"},"de_CH":{"code":"CH","native":"Schweiz","localized":"Zvicër"},"doi":{"code":"IN","native":"भारत","localized":"Indi"},"ee":{"code":"GH","native":"Ghana Nutome","localized":"Ganë"},"el":{"code":"GR","native":"Ελλάδα","localized":"Greqi"},"en":{"code":"US","native":"United States","localized":"Shba"},"en_CA":{"code":"CA","native":"Canada","localized":"Kanada"},"eo":{"code":"001","native":"Mondo","localized":"Bota"},"es":{"code":"ES","native":"España","localized":"Spanjë"},"et":{"code":"EE","native":"Eesti","localized":"Estoni"},"eu":{"code":"ES","native":"Espainia","localized":"Spanjë"},"fa":{"code":"IR","native":"ایران","localized":"Iran"},"fi":{"code":"FI","native":"Suomi","localized":"Finlandë"},"fil":{"code":"PH","native":"Pilipinas","localized":"Filipine"},"fr":{"code":"FR","native":"France","localized":"Francë"},"fy":{"code":"NL","native":"Nederlân","localized":"Holandë"},"ga":{"code":"IE","native":"Éire","localized":"Irlandë"},"gd":{"code":"GB","native":"An Rìoghachd Aonaichte","localized":"Mbretëria E Bashkuar"},"gl":{"code":"ES","native":"España","localized":"Spanjë"},"gu":{"code":"IN","native":"ભારત","localized":"Indi"},"ha":{"code":"NG","native":"Nijeriya","localized":"Nigeri"},"haw":{"code":"US","native":"ʻAmelika Hui Pū ʻIa","localized":"Shba"},"he":{"code":"IL","native":"ישראל","localized":"Izrael"},"hi":{"code":"IN","native":"भारत","localized":"Indi"},"hr":{"code":"HR","native":"Hrvatska","localized":"Kroaci"},"hu":{"code":"HU","native":"Magyarország","localized":"Hungari"},"hy":{"code":"AM","native":"Հայաստան","localized":"Armeni"},"id":{"code":"ID","native":"Indonesia","localized":"Indonezi"},"ig":{"code":"NG","native":"Naịjịrịa","localized":"Nigeri"},"is":{"code":"IS","native":"Ísland","localized":"Islandë"},"it":{"code":"IT","native":"Italia","localized":"Itali"},"ja":{"code":"JP","native":"日本","localized":"Japoni"},"ka":{"code":"GE","native":"საქართველო","localized":"Gjeorgji"},"kk":{"code":"KZ","native":"Қазақстан","localized":"Kazakistan"},"km":{"code":"KH","native":"កម្ពុជា","localized":"Kamboxhia"},"kn":{"code":"IN","native":"ಭಾರತ","localized":"Indi"},"ko":{"code":"KR","native":"대한민국","localized":"Kore E Jugut"},"ku":{"code":"TR","native":"Tirkiye","localized":"Turqi"},"ky":{"code":"KG","native":"Кыргызстан","localized":"Kirgizi"},"lb":{"code":"LU","native":"Lëtzebuerg","localized":"Luksemburg"},"lg":{"code":"UG","native":"Yuganda","localized":"Ugandë"},"ln":{"code":"CD","native":"Republíki Ya Kongó Demokratíki","localized":"Kongo-Kinshasa"},"lo":{"code":"LA","native":"ລາວ","localized":"Laos"},"lt":{"code":"LT","native":"Lietuva","localized":"Lituani"},"lv":{"code":"LV","native":"Latvija","localized":"Letoni"},"mai":{"code":"IN","native":"भारत","localized":"Indi"},"mg":{"code":"MG","native":"Madagasikara","localized":"Madagaskar"},"mi":{"code":"NZ","native":"Aotearoa","localized":"Zelandë E Re"},"mk":{"code":"MK","native":"Северна Македонија","localized":"Maqedonia E Veriut"},"ml":{"code":"IN","native":"ഇന്ത്യ","localized":"Indi"},"mn":{"code":"MN","native":"Монгол","localized":"Mongoli"},"mni_Mtei":{"code":"IN","native":"India","localized":"Indi"},"mr":{"code":"IN","native":"भारत","localized":"Indi"},"ms":{"code":"MY","native":"Malaysia","localized":"Malajzi"},"mt":{"code":"MT","native":"Malta","localized":"Maltë"},"my":{"code":"MM","native":"မြန်မာ","localized":"Mianmar (Burmë)"},"nb":{"code":"NO","native":"Norge","localized":"Norvegji"},"ne":{"code":"NP","native":"नेपाल","localized":"Nepal"},"nl":{"code":"NL","native":"Nederland","localized":"Holandë"},"nn":{"code":"NO","native":"Noreg","localized":"Norvegji"},"oc":{"code":"FR","native":"Fr","localized":"Francë"},"om":{"code":"ET","native":"Itoophiyaa","localized":"Etiopi"},"or":{"code":"IN","native":"ଭାରତ","localized":"Indi"},"pa":{"code":"IN","native":"ਭਾਰਤ","localized":"Indi"},"pl":{"code":"PL","native":"Polska","localized":"Poloni"},"ps":{"code":"AF","native":"افغانستان","localized":"Afganistan"},"pt":{"code":"BR","native":"Brasil","localized":"Brazil"},"pt_BR":{"code":"BR","native":"Brasil","localized":"Brazil"},"qu":{"code":"PE","native":"Perú","localized":"Peru"},"ro":{"code":"RO","native":"România","localized":"Rumani"},"ru":{"code":"RU","native":"Россия","localized":"Rusi"},"rw":{"code":"RW","native":"U Rwanda","localized":"Ruandë"},"sa":{"code":"IN","native":"भारतः","localized":"Indi"},"sc":{"code":"IT","native":"Itàlia","localized":"Itali"},"sd":{"code":"PK","native":"پاڪستان","localized":"Pakistan"},"si":{"code":"LK","native":"ශ්‍රී ලංකාව","localized":"Sri-Lankë"},"sk":{"code":"SK","native":"Slovensko","localized":"Sllovaki"},"sl":{"code":"SI","native":"Slovenija","localized":"Slloveni"},"sn":{"code":"ZW","native":"Zimbabwe","localized":"Zimbabve"},"so":{"code":"SO","native":"Soomaaliya","localized":"Somali"},"sq":{"code":"AL","native":"Shqipëri","localized":"Shqipëri"},"sr_Cyrl":{"code":"RS","native":"Србија","localized":"Serbi"},"sr_Latn":{"code":"RS","native":"Serbia","localized":"Serbi"},"sr_Latn_ME":{"code":"ME","native":"Montenegro","localized":"Mal I Zi"},"su":{"code":"ID","native":"Indonesia","localized":"Indonezi"},"sv":{"code":"SE","native":"Sverige","localized":"Suedi"},"sw":{"code":"TZ","native":"Tanzania","localized":"Tanzani"},"ta":{"code":"IN","native":"இந்தியா","localized":"Indi"},"te":{"code":"IN","native":"భారతదేశం","localized":"Indi"},"tg":{"code":"TJ","native":"Тоҷикистон","localized":"Taxhikistan"},"th":{"code":"TH","native":"ไทย","localized":"Tajlandë"},"ti":{"code":"ET","native":"ኢትዮጵያ","localized":"Etiopi"},"tk":{"code":"TM","native":"Türkmenistan","localized":"Turkmenistan"},"tl":{"code":"PH","native":"Philippines","localized":"Filipine"},"tr":{"code":"TR","native":"Türkiye","localized":"Turqi"},"tt":{"code":"RU","native":"Россия","localized":"Rusi"},"ug":{"code":"CN","native":"جۇڭگو","localized":"Kinë"},"uk":{"code":"UA","native":"Україна","localized":"Ukrainë"},"ur":{"code":"PK","native":"پاکستان","localized":"Pakistan"},"uz_Cyrl":{"code":"UZ","native":"Uzbekistan","localized":"Uzbekistan"},"uz_Latn":{"code":"UZ","native":"Oʻzbekiston","localized":"Uzbekistan"},"vi":{"code":"VN","native":"Việt Nam","localized":"Vietnam"},"xh":{"code":"ZA","native":"Emzantsi Afrika","localized":"Afrika E Jugut"},"yi":{"code":"001","native":"וועלט","localized":"Bota"},"yo":{"code":"NG","native":"Nàìjíríà","localized":"Nigeri"},"zh_CN":{"code":"CN","native":"中国","localized":"Kinë"},"zh_HK":{"code":"HK","native":"中国香港特别行政区","localized":"Rpa I Hong-Kongut"},"zh_TW":{"code":"TW","native":"台湾","localized":"Tajvan"},"zu":{"code":"ZA","native":"Iningizimu Afrika","localized":"Afrika E Jugut"}}
