{"af":{"code":"ZA","native":"Suid-Afrika","localized":"Јужноафричка Република"},"ak":{"code":"GH","native":"Gaana","localized":"Гана"},"am":{"code":"ET","native":"ኢትዮጵያ","localized":"Етиопија"},"ar":{"code":"EG","native":"مصر","localized":"Египат"},"as":{"code":"IN","native":"ভাৰত","localized":"Индија"},"az":{"code":"AZ","native":"Azərbaycan","localized":"Азербејџан"},"be":{"code":"BY","native":"Беларусь","localized":"Белорусија"},"bg":{"code":"BG","native":"България","localized":"Бугарска"},"bho":{"code":"IN","native":"भारत","localized":"Индија"},"bm":{"code":"ML","native":"Mali","localized":"Мали"},"bn":{"code":"BD","native":"বাংলাদেশ","localized":"Бангладеш"},"bs":{"code":"BA","native":"Bosna I Hercegovina","localized":"Босна И Херцеговина"},"ca":{"code":"ES","native":"Espanya","localized":"Шпанија"},"ceb":{"code":"PH","native":"Pilipinas","localized":"Филипини"},"ckb":{"code":"IQ","native":"عێراق","localized":"Ирак"},"cs":{"code":"CZ","native":"Česko","localized":"Чешка"},"cy":{"code":"GB","native":"Y Deyrnas Unedig","localized":"Уједињено Краљевство"},"da":{"code":"DK","native":"Danmark","localized":"Данска"},"de":{"code":"DE","native":"Deutschland","localized":"Немачка"},"de_CH":{"code":"CH","native":"Schweiz","localized":"Швајцарска"},"doi":{"code":"IN","native":"भारत","localized":"Индија"},"ee":{"code":"GH","native":"Ghana Nutome","localized":"Гана"},"el":{"code":"GR","native":"Ελλάδα","localized":"Грчка"},"en":{"code":"US","native":"United States","localized":"Сједињене Државе"},"en_CA":{"code":"CA","native":"Canada","localized":"Канада"},"eo":{"code":"001","native":"Mondo","localized":"Свет"},"es":{"code":"ES","native":"España","localized":"Шпанија"},"et":{"code":"EE","native":"Eesti","localized":"Естонија"},"eu":{"code":"ES","native":"Espainia","localized":"Шпанија"},"fa":{"code":"IR","native":"ایران","localized":"Иран"},"fi":{"code":"FI","native":"Suomi","localized":"Финска"},"fil":{"code":"PH","native":"Pilipinas","localized":"Филипини"},"fr":{"code":"FR","native":"France","localized":"Француска"},"fy":{"code":"NL","native":"Nederlân","localized":"Холандија"},"ga":{"code":"IE","native":"Éire","localized":"Ирска"},"gd":{"code":"GB","native":"An Rìoghachd Aonaichte","localized":"Уједињено Краљевство"},"gl":{"code":"ES","native":"España","localized":"Шпанија"},"gu":{"code":"IN","native":"ભારત","localized":"Индија"},"ha":{"code":"NG","native":"Nijeriya","localized":"Нигерија"},"haw":{"code":"US","native":"ʻAmelika Hui Pū ʻIa","localized":"Сједињене Државе"},"he":{"code":"IL","native":"ישראל","localized":"Израел"},"hi":{"code":"IN","native":"भारत","localized":"Индија"},"hr":{"code":"HR","native":"Hrvatska","localized":"Хрватска"},"hu":{"code":"HU","native":"Magyarország","localized":"Мађарска"},"hy":{"code":"AM","native":"Հայաստան","localized":"Јерменија"},"id":{"code":"ID","native":"Indonesia","localized":"Индонезија"},"ig":{"code":"NG","native":"Naịjịrịa","localized":"Нигерија"},"is":{"code":"IS","native":"Ísland","localized":"Исланд"},"it":{"code":"IT","native":"Italia","localized":"Италија"},"ja":{"code":"JP","native":"日本","localized":"Јапан"},"ka":{"code":"GE","native":"საქართველო","localized":"Грузија"},"kk":{"code":"KZ","native":"Қазақстан","localized":"Казахстан"},"km":{"code":"KH","native":"កម្ពុជា","localized":"Камбоџа"},"kn":{"code":"IN","native":"ಭಾರತ","localized":"Индија"},"ko":{"code":"KR","native":"대한민국","localized":"Јужна Кореја"},"ku":{"code":"TR","native":"Tirkiye","localized":"Турска"},"ky":{"code":"KG","native":"Кыргызстан","localized":"Киргистан"},"lb":{"code":"LU","native":"Lëtzebuerg","localized":"Луксембург"},"lg":{"code":"UG","native":"Yuganda","localized":"Уганда"},"ln":{"code":"CD","native":"Republíki Ya Kongó Demokratíki","localized":"Конго - Киншаса"},"lo":{"code":"LA","native":"ລາວ","localized":"Лаос"},"lt":{"code":"LT","native":"Lietuva","localized":"Литванија"},"lv":{"code":"LV","native":"Latvija","localized":"Летонија"},"mai":{"code":"IN","native":"भारत","localized":"Индија"},"mg":{"code":"MG","native":"Madagasikara","localized":"Мадагаскар"},"mi":{"code":"NZ","native":"Aotearoa","localized":"Нови Зеланд"},"mk":{"code":"MK","native":"Северна Македонија","localized":"Северна Македонија"},"ml":{"code":"IN","native":"ഇന്ത്യ","localized":"Индија"},"mn":{"code":"MN","native":"Монгол","localized":"Монголија"},"mni_Mtei":{"code":"IN","native":"India","localized":"Индија"},"mr":{"code":"IN","native":"भारत","localized":"Индија"},"ms":{"code":"MY","native":"Malaysia","localized":"Малезија"},"mt":{"code":"MT","native":"Malta","localized":"Малта"},"my":{"code":"MM","native":"မြန်မာ","localized":"Мијанмар (Бурма)"},"nb":{"code":"NO","native":"Norge","localized":"Норвешка"},"ne":{"code":"NP","native":"नेपाल","localized":"Непал"},"nl":{"code":"NL","native":"Nederland","localized":"Холандија"},"nn":{"code":"NO","native":"Noreg","localized":"Норвешка"},"oc":{"code":"FR","native":"Fr","localized":"Француска"},"om":{"code":"ET","native":"Itoophiyaa","localized":"Етиопија"},"or":{"code":"IN","native":"ଭାରତ","localized":"Индија"},"pa":{"code":"IN","native":"ਭਾਰਤ","localized":"Индија"},"pl":{"code":"PL","native":"Polska","localized":"Пољска"},"ps":{"code":"AF","native":"افغانستان","localized":"Авганистан"},"pt":{"code":"BR","native":"Brasil","localized":"Бразил"},"pt_BR":{"code":"BR","native":"Brasil","localized":"Бразил"},"qu":{"code":"PE","native":"Perú","localized":"Перу"},"ro":{"code":"RO","native":"România","localized":"Румунија"},"ru":{"code":"RU","native":"Россия","localized":"Русија"},"rw":{"code":"RW","native":"U Rwanda","localized":"Руанда"},"sa":{"code":"IN","native":"भारतः","localized":"Индија"},"sc":{"code":"IT","native":"Itàlia","localized":"Италија"},"sd":{"code":"PK","native":"پاڪستان","localized":"Пакистан"},"si":{"code":"LK","native":"ශ්‍රී ලංකාව","localized":"Шри Ланка"},"sk":{"code":"SK","native":"Slovensko","localized":"Словачка"},"sl":{"code":"SI","native":"Slovenija","localized":"Словенија"},"sn":{"code":"ZW","native":"Zimbabwe","localized":"Зимбабве"},"so":{"code":"SO","native":"Soomaaliya","localized":"Сомалија"},"sq":{"code":"AL","native":"Shqipëri","localized":"Албанија"},"sr_Cyrl":{"code":"RS","native":"Србија","localized":"Србија"},"sr_Latn":{"code":"RS","native":"Serbia","localized":"Србија"},"sr_Latn_ME":{"code":"ME","native":"Montenegro","localized":"Црна Гора"},"su":{"code":"ID","native":"Indonesia","localized":"Индонезија"},"sv":{"code":"SE","native":"Sverige","localized":"Шведска"},"sw":{"code":"TZ","native":"Tanzania","localized":"Танзанија"},"ta":{"code":"IN","native":"இந்தியா","localized":"Индија"},"te":{"code":"IN","native":"భారతదేశం","localized":"Индија"},"tg":{"code":"TJ","native":"Тоҷикистон","localized":"Таџикистан"},"th":{"code":"TH","native":"ไทย","localized":"Тајланд"},"ti":{"code":"ET","native":"ኢትዮጵያ","localized":"Етиопија"},"tk":{"code":"TM","native":"Türkmenistan","localized":"Туркменистан"},"tl":{"code":"PH","native":"Philippines","localized":"Филипини"},"tr":{"code":"TR","native":"Türkiye","localized":"Турска"},"tt":{"code":"RU","native":"Россия","localized":"Русија"},"ug":{"code":"CN","native":"جۇڭگو","localized":"Кина"},"uk":{"code":"UA","native":"Україна","localized":"Украјина"},"ur":{"code":"PK","native":"پاکستان","localized":"Пакистан"},"uz_Cyrl":{"code":"UZ","native":"Uzbekistan","localized":"Узбекистан"},"uz_Latn":{"code":"UZ","native":"Oʻzbekiston","localized":"Узбекистан"},"vi":{"code":"VN","native":"Việt Nam","localized":"Вијетнам"},"xh":{"code":"ZA","native":"Emzantsi Afrika","localized":"Јужноафричка Република"},"yi":{"code":"001","native":"וועלט","localized":"Свет"},"yo":{"code":"NG","native":"Nàìjíríà","localized":"Нигерија"},"zh_CN":{"code":"CN","native":"中国","localized":"Кина"},"zh_HK":{"code":"HK","native":"中国香港特别行政区","localized":"Сар Хонгконг (Кина)"},"zh_TW":{"code":"TW","native":"台湾","localized":"Тајван"},"zu":{"code":"ZA","native":"Iningizimu Afrika","localized":"Јужноафричка Република"}}
