{"af":{"code":"ZA","native":"Suid-Afrika","localized":"தென் ஆப்பிரிக்கா"},"ak":{"code":"GH","native":"Gaana","localized":"கானா"},"am":{"code":"ET","native":"ኢትዮጵያ","localized":"எத்தியோப்பியா"},"ar":{"code":"EG","native":"مصر","localized":"எகிப்து"},"as":{"code":"IN","native":"ভাৰত","localized":"இந்தியா"},"az":{"code":"AZ","native":"Azərbaycan","localized":"அசர்பைஜான்"},"be":{"code":"BY","native":"Беларусь","localized":"பெலாரஸ்"},"bg":{"code":"BG","native":"България","localized":"பல்கேரியா"},"bho":{"code":"IN","native":"भारत","localized":"இந்தியா"},"bm":{"code":"ML","native":"Mali","localized":"மாலி"},"bn":{"code":"BD","native":"বাংলাদেশ","localized":"பங்களாதேஷ்"},"bs":{"code":"BA","native":"Bosna I Hercegovina","localized":"போஸ்னியா & ஹெர்ஸகோவினா"},"ca":{"code":"ES","native":"Espanya","localized":"ஸ்பெயின்"},"ceb":{"code":"PH","native":"Pilipinas","localized":"பிலிப்பைன்ஸ்"},"ckb":{"code":"IQ","native":"عێراق","localized":"ஈராக்"},"cs":{"code":"CZ","native":"Česko","localized":"செசியா"},"cy":{"code":"GB","native":"Y Deyrnas Unedig","localized":"யுனைடெட் கிங்டம்"},"da":{"code":"DK","native":"Danmark","localized":"டென்மார்க்"},"de":{"code":"DE","native":"Deutschland","localized":"ஜெர்மனி"},"de_CH":{"code":"CH","native":"Schweiz","localized":"ஸ்விட்சர்லாந்து"},"doi":{"code":"IN","native":"भारत","localized":"இந்தியா"},"ee":{"code":"GH","native":"Ghana Nutome","localized":"கானா"},"el":{"code":"GR","native":"Ελλάδα","localized":"கிரீஸ்"},"en":{"code":"US","native":"United States","localized":"அமெரிக்கா"},"en_CA":{"code":"CA","native":"Canada","localized":"கனடா"},"eo":{"code":"001","native":"Mondo","localized":"உலகம்"},"es":{"code":"ES","native":"España","localized":"ஸ்பெயின்"},"et":{"code":"EE","native":"Eesti","localized":"எஸ்டோனியா"},"eu":{"code":"ES","native":"Espainia","localized":"ஸ்பெயின்"},"fa":{"code":"IR","native":"ایران","localized":"ஈரான்"},"fi":{"code":"FI","native":"Suomi","localized":"பின்லாந்து"},"fil":{"code":"PH","native":"Pilipinas","localized":"பிலிப்பைன்ஸ்"},"fr":{"code":"FR","native":"France","localized":"பிரான்ஸ்"},"fy":{"code":"NL","native":"Nederlân","localized":"நெதர்லாந்து"},"ga":{"code":"IE","native":"Éire","localized":"அயர்லாந்து"},"gd":{"code":"GB","native":"An Rìoghachd Aonaichte","localized":"யுனைடெட் கிங்டம்"},"gl":{"code":"ES","native":"España","localized":"ஸ்பெயின்"},"gu":{"code":"IN","native":"ભારત","localized":"இந்தியா"},"ha":{"code":"NG","native":"Nijeriya","localized":"நைஜீரியா"},"haw":{"code":"US","native":"ʻAmelika Hui Pū ʻIa","localized":"அமெரிக்கா"},"he":{"code":"IL","native":"ישראל","localized":"இஸ்ரேல்"},"hi":{"code":"IN","native":"भारत","localized":"இந்தியா"},"hr":{"code":"HR","native":"Hrvatska","localized":"குரோஷியா"},"hu":{"code":"HU","native":"Magyarország","localized":"ஹங்கேரி"},"hy":{"code":"AM","native":"Հայաստան","localized":"அர்மேனியா"},"id":{"code":"ID","native":"Indonesia","localized":"இந்தோனேசியா"},"ig":{"code":"NG","native":"Naịjịrịa","localized":"நைஜீரியா"},"is":{"code":"IS","native":"Ísland","localized":"ஐஸ்லாந்து"},"it":{"code":"IT","native":"Italia","localized":"இத்தாலி"},"ja":{"code":"JP","native":"日本","localized":"ஜப்பான்"},"ka":{"code":"GE","native":"საქართველო","localized":"ஜார்ஜியா"},"kk":{"code":"KZ","native":"Қазақстан","localized":"கஸகஸ்தான்"},"km":{"code":"KH","native":"កម្ពុជា","localized":"கம்போடியா"},"kn":{"code":"IN","native":"ಭಾರತ","localized":"இந்தியா"},"ko":{"code":"KR","native":"대한민국","localized":"தென் கொரியா"},"ku":{"code":"TR","native":"Tirkiye","localized":"துருக்கி"},"ky":{"code":"KG","native":"Кыргызстан","localized":"கிர்கிஸ்தான்"},"lb":{"code":"LU","native":"Lëtzebuerg","localized":"லக்ஸ்சம்பர்க்"},"lg":{"code":"UG","native":"Yuganda","localized":"உகாண்டா"},"ln":{"code":"CD","native":"Republíki Ya Kongó Demokratíki","localized":"காங்கோ - கின்ஷாசா"},"lo":{"code":"LA","native":"ລາວ","localized":"லாவோஸ்"},"lt":{"code":"LT","native":"Lietuva","localized":"லிதுவேனியா"},"lv":{"code":"LV","native":"Latvija","localized":"லாட்வியா"},"mai":{"code":"IN","native":"भारत","localized":"இந்தியா"},"mg":{"code":"MG","native":"Madagasikara","localized":"மடகாஸ்கர்"},"mi":{"code":"NZ","native":"Aotearoa","localized":"நியூசிலாந்து"},"mk":{"code":"MK","native":"Северна Македонија","localized":"வடக்கு மாசிடோனியா"},"ml":{"code":"IN","native":"ഇന്ത്യ","localized":"இந்தியா"},"mn":{"code":"MN","native":"Монгол","localized":"மங்கோலியா"},"mni_Mtei":{"code":"IN","native":"India","localized":"இந்தியா"},"mr":{"code":"IN","native":"भारत","localized":"இந்தியா"},"ms":{"code":"MY","native":"Malaysia","localized":"மலேசியா"},"mt":{"code":"MT","native":"Malta","localized":"மால்டா"},"my":{"code":"MM","native":"မြန်မာ","localized":"மியான்மார் (பர்மா)"},"nb":{"code":"NO","native":"Norge","localized":"நார்வே"},"ne":{"code":"NP","native":"नेपाल","localized":"நேபாளம்"},"nl":{"code":"NL","native":"Nederland","localized":"நெதர்லாந்து"},"nn":{"code":"NO","native":"Noreg","localized":"நார்வே"},"oc":{"code":"FR","native":"Fr","localized":"பிரான்ஸ்"},"om":{"code":"ET","native":"Itoophiyaa","localized":"எத்தியோப்பியா"},"or":{"code":"IN","native":"ଭାରତ","localized":"இந்தியா"},"pa":{"code":"IN","native":"ਭਾਰਤ","localized":"இந்தியா"},"pl":{"code":"PL","native":"Polska","localized":"போலந்து"},"ps":{"code":"AF","native":"افغانستان","localized":"ஆஃப்கானிஸ்தான்"},"pt":{"code":"BR","native":"Brasil","localized":"பிரேசில்"},"pt_BR":{"code":"BR","native":"Brasil","localized":"பிரேசில்"},"qu":{"code":"PE","native":"Perú","localized":"பெரு"},"ro":{"code":"RO","native":"România","localized":"ருமேனியா"},"ru":{"code":"RU","native":"Россия","localized":"ரஷ்யா"},"rw":{"code":"RW","native":"U Rwanda","localized":"ருவாண்டா"},"sa":{"code":"IN","native":"भारतः","localized":"இந்தியா"},"sc":{"code":"IT","native":"Itàlia","localized":"இத்தாலி"},"sd":{"code":"PK","native":"پاڪستان","localized":"பாகிஸ்தான்"},"si":{"code":"LK","native":"ශ්‍රී ලංකාව","localized":"இலங்கை"},"sk":{"code":"SK","native":"Slovensko","localized":"ஸ்லோவாகியா"},"sl":{"code":"SI","native":"Slovenija","localized":"ஸ்லோவேனியா"},"sn":{"code":"ZW","native":"Zimbabwe","localized":"ஜிம்பாப்வே"},"so":{"code":"SO","native":"Soomaaliya","localized":"சோமாலியா"},"sq":{"code":"AL","native":"Shqipëri","localized":"அல்பேனியா"},"sr_Cyrl":{"code":"RS","native":"Србија","localized":"செர்பியா"},"sr_Latn":{"code":"RS","native":"Serbia","localized":"செர்பியா"},"sr_Latn_ME":{"code":"ME","native":"Montenegro","localized":"மான்டேனெக்ரோ"},"su":{"code":"ID","native":"Indonesia","localized":"இந்தோனேசியா"},"sv":{"code":"SE","native":"Sverige","localized":"ஸ்வீடன்"},"sw":{"code":"TZ","native":"Tanzania","localized":"தான்சானியா"},"ta":{"code":"IN","native":"இந்தியா","localized":"இந்தியா"},"te":{"code":"IN","native":"భారతదేశం","localized":"இந்தியா"},"tg":{"code":"TJ","native":"Тоҷикистон","localized":"தஜிகிஸ்தான்"},"th":{"code":"TH","native":"ไทย","localized":"தாய்லாந்து"},"ti":{"code":"ET","native":"ኢትዮጵያ","localized":"எத்தியோப்பியா"},"tk":{"code":"TM","native":"Türkmenistan","localized":"துர்க்மெனிஸ்தான்"},"tl":{"code":"PH","native":"Philippines","localized":"பிலிப்பைன்ஸ்"},"tr":{"code":"TR","native":"Türkiye","localized":"துருக்கி"},"tt":{"code":"RU","native":"Россия","localized":"ரஷ்யா"},"ug":{"code":"CN","native":"جۇڭگو","localized":"சீனா"},"uk":{"code":"UA","native":"Україна","localized":"உக்ரைன்"},"ur":{"code":"PK","native":"پاکستان","localized":"பாகிஸ்தான்"},"uz_Cyrl":{"code":"UZ","native":"Uzbekistan","localized":"உஸ்பெகிஸ்தான்"},"uz_Latn":{"code":"UZ","native":"Oʻzbekiston","localized":"உஸ்பெகிஸ்தான்"},"vi":{"code":"VN","native":"Việt Nam","localized":"வியட்நாம்"},"xh":{"code":"ZA","native":"Emzantsi Afrika","localized":"தென் ஆப்பிரிக்கா"},"yi":{"code":"001","native":"וועלט","localized":"உலகம்"},"yo":{"code":"NG","native":"Nàìjíríà","localized":"நைஜீரியா"},"zh_CN":{"code":"CN","native":"中国","localized":"சீனா"},"zh_HK":{"code":"HK","native":"中国香港特别行政区","localized":"ஹாங்காங் எஸ்ஏஆர் சீனா"},"zh_TW":{"code":"TW","native":"台湾","localized":"தைவான்"},"zu":{"code":"ZA","native":"Iningizimu Afrika","localized":"தென் ஆப்பிரிக்கா"}}
