{"af":{"code":"ZA","native":"Suid-Afrika","localized":"దక్షిణ ఆఫ్రికా"},"ak":{"code":"GH","native":"Gaana","localized":"ఘనా"},"am":{"code":"ET","native":"ኢትዮጵያ","localized":"ఇథియోపియా"},"ar":{"code":"EG","native":"مصر","localized":"ఈజిప్ట్"},"as":{"code":"IN","native":"ভাৰত","localized":"భారతదేశం"},"az":{"code":"AZ","native":"Azərbaycan","localized":"అజర్బైజాన్"},"be":{"code":"BY","native":"Беларусь","localized":"బెలారస్"},"bg":{"code":"BG","native":"България","localized":"బల్గేరియా"},"bho":{"code":"IN","native":"भारत","localized":"భారతదేశం"},"bm":{"code":"ML","native":"Mali","localized":"మాలి"},"bn":{"code":"BD","native":"বাংলাদেশ","localized":"బంగ్లాదేశ్"},"bs":{"code":"BA","native":"Bosna I Hercegovina","localized":"బోస్నియా మరియు హెర్జిగోవినా"},"ca":{"code":"ES","native":"Espanya","localized":"స్పెయిన్"},"ceb":{"code":"PH","native":"Pilipinas","localized":"ఫిలిప్పైన్స్"},"ckb":{"code":"IQ","native":"عێراق","localized":"ఇరాక్"},"cs":{"code":"CZ","native":"Česko","localized":"చెకియా"},"cy":{"code":"GB","native":"Y Deyrnas Unedig","localized":"యునైటెడ్ కింగ్‌డమ్"},"da":{"code":"DK","native":"Danmark","localized":"డెన్మార్క్"},"de":{"code":"DE","native":"Deutschland","localized":"జర్మనీ"},"de_CH":{"code":"CH","native":"Schweiz","localized":"స్విట్జర్లాండ్"},"doi":{"code":"IN","native":"भारत","localized":"భారతదేశం"},"ee":{"code":"GH","native":"Ghana Nutome","localized":"ఘనా"},"el":{"code":"GR","native":"Ελλάδα","localized":"గ్రీస్"},"en":{"code":"US","native":"United States","localized":"యునైటెడ్ స్టేట్స్"},"en_CA":{"code":"CA","native":"Canada","localized":"కెనడా"},"eo":{"code":"001","native":"Mondo","localized":"ప్రపంచం"},"es":{"code":"ES","native":"España","localized":"స్పెయిన్"},"et":{"code":"EE","native":"Eesti","localized":"ఎస్టోనియా"},"eu":{"code":"ES","native":"Espainia","localized":"స్పెయిన్"},"fa":{"code":"IR","native":"ایران","localized":"ఇరాన్"},"fi":{"code":"FI","native":"Suomi","localized":"ఫిన్లాండ్"},"fil":{"code":"PH","native":"Pilipinas","localized":"ఫిలిప్పైన్స్"},"fr":{"code":"FR","native":"France","localized":"ఫ్రాన్స్‌"},"fy":{"code":"NL","native":"Nederlân","localized":"నెదర్లాండ్స్"},"ga":{"code":"IE","native":"Éire","localized":"ఐర్లాండ్"},"gd":{"code":"GB","native":"An Rìoghachd Aonaichte","localized":"యునైటెడ్ కింగ్‌డమ్"},"gl":{"code":"ES","native":"España","localized":"స్పెయిన్"},"gu":{"code":"IN","native":"ભારત","localized":"భారతదేశం"},"ha":{"code":"NG","native":"Nijeriya","localized":"నైజీరియా"},"haw":{"code":"US","native":"ʻAmelika Hui Pū ʻIa","localized":"యునైటెడ్ స్టేట్స్"},"he":{"code":"IL","native":"ישראל","localized":"ఇజ్రాయెల్"},"hi":{"code":"IN","native":"भारत","localized":"భారతదేశం"},"hr":{"code":"HR","native":"Hrvatska","localized":"క్రొయేషియా"},"hu":{"code":"HU","native":"Magyarország","localized":"హంగేరీ"},"hy":{"code":"AM","native":"Հայաստան","localized":"ఆర్మేనియా"},"id":{"code":"ID","native":"Indonesia","localized":"ఇండోనేషియా"},"ig":{"code":"NG","native":"Naịjịrịa","localized":"నైజీరియా"},"is":{"code":"IS","native":"Ísland","localized":"ఐస్లాండ్"},"it":{"code":"IT","native":"Italia","localized":"ఇటలీ"},"ja":{"code":"JP","native":"日本","localized":"జపాన్"},"ka":{"code":"GE","native":"საქართველო","localized":"జార్జియా"},"kk":{"code":"KZ","native":"Қазақстан","localized":"కజకిస్తాన్"},"km":{"code":"KH","native":"កម្ពុជា","localized":"కంబోడియా"},"kn":{"code":"IN","native":"ಭಾರತ","localized":"భారతదేశం"},"ko":{"code":"KR","native":"대한민국","localized":"దక్షిణ కొరియా"},"ku":{"code":"TR","native":"Tirkiye","localized":"టర్కీ"},"ky":{"code":"KG","native":"Кыргызстан","localized":"కిర్గిజిస్తాన్"},"lb":{"code":"LU","native":"Lëtzebuerg","localized":"లక్సెంబర్గ్"},"lg":{"code":"UG","native":"Yuganda","localized":"ఉగాండా"},"ln":{"code":"CD","native":"Republíki Ya Kongó Demokratíki","localized":"కాంగో- కిన్షాసా"},"lo":{"code":"LA","native":"ລາວ","localized":"లావోస్"},"lt":{"code":"LT","native":"Lietuva","localized":"లిథువేనియా"},"lv":{"code":"LV","native":"Latvija","localized":"లాత్వియా"},"mai":{"code":"IN","native":"भारत","localized":"భారతదేశం"},"mg":{"code":"MG","native":"Madagasikara","localized":"మడగాస్కర్"},"mi":{"code":"NZ","native":"Aotearoa","localized":"న్యూజిలాండ్"},"mk":{"code":"MK","native":"Северна Македонија","localized":"ఉత్తర మాసిడోనియా"},"ml":{"code":"IN","native":"ഇന്ത്യ","localized":"భారతదేశం"},"mn":{"code":"MN","native":"Монгол","localized":"మంగోలియా"},"mni_Mtei":{"code":"IN","native":"India","localized":"భారతదేశం"},"mr":{"code":"IN","native":"भारत","localized":"భారతదేశం"},"ms":{"code":"MY","native":"Malaysia","localized":"మలేషియా"},"mt":{"code":"MT","native":"Malta","localized":"మాల్టా"},"my":{"code":"MM","native":"မြန်မာ","localized":"మయన్మార్"},"nb":{"code":"NO","native":"Norge","localized":"నార్వే"},"ne":{"code":"NP","native":"नेपाल","localized":"నేపాల్"},"nl":{"code":"NL","native":"Nederland","localized":"నెదర్లాండ్స్"},"nn":{"code":"NO","native":"Noreg","localized":"నార్వే"},"oc":{"code":"FR","native":"Fr","localized":"ఫ్రాన్స్‌"},"om":{"code":"ET","native":"Itoophiyaa","localized":"ఇథియోపియా"},"or":{"code":"IN","native":"ଭାରତ","localized":"భారతదేశం"},"pa":{"code":"IN","native":"ਭਾਰਤ","localized":"భారతదేశం"},"pl":{"code":"PL","native":"Polska","localized":"పోలాండ్"},"ps":{"code":"AF","native":"افغانستان","localized":"ఆఫ్ఘనిస్తాన్"},"pt":{"code":"BR","native":"Brasil","localized":"బ్రెజిల్"},"pt_BR":{"code":"BR","native":"Brasil","localized":"బ్రెజిల్"},"qu":{"code":"PE","native":"Perú","localized":"పెరూ"},"ro":{"code":"RO","native":"România","localized":"రోమేనియా"},"ru":{"code":"RU","native":"Россия","localized":"రష్యా"},"rw":{"code":"RW","native":"U Rwanda","localized":"రువాండా"},"sa":{"code":"IN","native":"भारतः","localized":"భారతదేశం"},"sc":{"code":"IT","native":"Itàlia","localized":"ఇటలీ"},"sd":{"code":"PK","native":"پاڪستان","localized":"పాకిస్తాన్"},"si":{"code":"LK","native":"ශ්‍රී ලංකාව","localized":"శ్రీలంక"},"sk":{"code":"SK","native":"Slovensko","localized":"స్లొవేకియా"},"sl":{"code":"SI","native":"Slovenija","localized":"స్లోవేనియా"},"sn":{"code":"ZW","native":"Zimbabwe","localized":"జింబాబ్వే"},"so":{"code":"SO","native":"Soomaaliya","localized":"సోమాలియా"},"sq":{"code":"AL","native":"Shqipëri","localized":"అల్బేనియా"},"sr_Cyrl":{"code":"RS","native":"Србија","localized":"సెర్బియా"},"sr_Latn":{"code":"RS","native":"Serbia","localized":"సెర్బియా"},"sr_Latn_ME":{"code":"ME","native":"Montenegro","localized":"మాంటెనెగ్రో"},"su":{"code":"ID","native":"Indonesia","localized":"ఇండోనేషియా"},"sv":{"code":"SE","native":"Sverige","localized":"స్వీడన్"},"sw":{"code":"TZ","native":"Tanzania","localized":"టాంజానియా"},"ta":{"code":"IN","native":"இந்தியா","localized":"భారతదేశం"},"te":{"code":"IN","native":"భారతదేశం","localized":"భారతదేశం"},"tg":{"code":"TJ","native":"Тоҷикистон","localized":"తజికిస్తాన్"},"th":{"code":"TH","native":"ไทย","localized":"థాయిలాండ్"},"ti":{"code":"ET","native":"ኢትዮጵያ","localized":"ఇథియోపియా"},"tk":{"code":"TM","native":"Türkmenistan","localized":"టర్క్‌మెనిస్తాన్"},"tl":{"code":"PH","native":"Philippines","localized":"ఫిలిప్పైన్స్"},"tr":{"code":"TR","native":"Türkiye","localized":"టర్కీ"},"tt":{"code":"RU","native":"Россия","localized":"రష్యా"},"ug":{"code":"CN","native":"جۇڭگو","localized":"చైనా"},"uk":{"code":"UA","native":"Україна","localized":"ఉక్రెయిన్"},"ur":{"code":"PK","native":"پاکستان","localized":"పాకిస్తాన్"},"uz_Cyrl":{"code":"UZ","native":"Uzbekistan","localized":"ఉజ్బెకిస్తాన్"},"uz_Latn":{"code":"UZ","native":"Oʻzbekiston","localized":"ఉజ్బెకిస్తాన్"},"vi":{"code":"VN","native":"Việt Nam","localized":"వియత్నాం"},"xh":{"code":"ZA","native":"Emzantsi Afrika","localized":"దక్షిణ ఆఫ్రికా"},"yi":{"code":"001","native":"וועלט","localized":"ప్రపంచం"},"yo":{"code":"NG","native":"Nàìjíríà","localized":"నైజీరియా"},"zh_CN":{"code":"CN","native":"中国","localized":"చైనా"},"zh_HK":{"code":"HK","native":"中国香港特别行政区","localized":"హాంకాంగ్ ఎస్ఏఆర్ చైనా"},"zh_TW":{"code":"TW","native":"台湾","localized":"తైవాన్"},"zu":{"code":"ZA","native":"Iningizimu Afrika","localized":"దక్షిణ ఆఫ్రికా"}}
