{"af":{"code":"ZA","native":"Suid-Afrika","localized":"Африкаи Ҷанубӣ"},"ak":{"code":"GH","native":"Gaana","localized":"Гана"},"am":{"code":"ET","native":"ኢትዮጵያ","localized":"Эфиопия"},"ar":{"code":"EG","native":"مصر","localized":"Миср"},"as":{"code":"IN","native":"ভাৰত","localized":"Ҳиндустон"},"az":{"code":"AZ","native":"Azərbaycan","localized":"Озарбойҷон"},"be":{"code":"BY","native":"Беларусь","localized":"Белорус"},"bg":{"code":"BG","native":"България","localized":"Булғория"},"bho":{"code":"IN","native":"भारत","localized":"Ҳиндустон"},"bm":{"code":"ML","native":"Mali","localized":"Мали"},"bn":{"code":"BD","native":"বাংলাদেশ","localized":"Бангладеш"},"bs":{"code":"BA","native":"Bosna I Hercegovina","localized":"Босния Ва Ҳерсеговина"},"ca":{"code":"ES","native":"Espanya","localized":"Испания"},"ceb":{"code":"PH","native":"Pilipinas","localized":"Филиппин"},"ckb":{"code":"IQ","native":"عێراق","localized":"Ироқ"},"cs":{"code":"CZ","native":"Česko","localized":"Ҷумҳурии Чех"},"cy":{"code":"GB","native":"Y Deyrnas Unedig","localized":"Шоҳигарии Муттаҳида"},"da":{"code":"DK","native":"Danmark","localized":"Дания"},"de":{"code":"DE","native":"Deutschland","localized":"Германия"},"de_CH":{"code":"CH","native":"Schweiz","localized":"Швейтсария"},"doi":{"code":"IN","native":"भारत","localized":"Ҳиндустон"},"ee":{"code":"GH","native":"Ghana Nutome","localized":"Гана"},"el":{"code":"GR","native":"Ελλάδα","localized":"Юнон"},"en":{"code":"US","native":"United States","localized":"Иёлоти Муттаҳида"},"en_CA":{"code":"CA","native":"Canada","localized":"Канада"},"eo":{"code":"001","native":"Mondo","localized":"001"},"es":{"code":"ES","native":"España","localized":"Испания"},"et":{"code":"EE","native":"Eesti","localized":"Эстония"},"eu":{"code":"ES","native":"Espainia","localized":"Испания"},"fa":{"code":"IR","native":"ایران","localized":"Эрон"},"fi":{"code":"FI","native":"Suomi","localized":"Финляндия"},"fil":{"code":"PH","native":"Pilipinas","localized":"Филиппин"},"fr":{"code":"FR","native":"France","localized":"Фаронса"},"fy":{"code":"NL","native":"Nederlân","localized":"Нидерландия"},"ga":{"code":"IE","native":"Éire","localized":"Ирландия"},"gd":{"code":"GB","native":"An Rìoghachd Aonaichte","localized":"Шоҳигарии Муттаҳида"},"gl":{"code":"ES","native":"España","localized":"Испания"},"gu":{"code":"IN","native":"ભારત","localized":"Ҳиндустон"},"ha":{"code":"NG","native":"Nijeriya","localized":"Нигерия"},"haw":{"code":"US","native":"ʻAmelika Hui Pū ʻIa","localized":"Иёлоти Муттаҳида"},"he":{"code":"IL","native":"ישראל","localized":"Исроил"},"hi":{"code":"IN","native":"भारत","localized":"Ҳиндустон"},"hr":{"code":"HR","native":"Hrvatska","localized":"Хорватия"},"hu":{"code":"HU","native":"Magyarország","localized":"Маҷористон"},"hy":{"code":"AM","native":"Հայաստան","localized":"Арманистон"},"id":{"code":"ID","native":"Indonesia","localized":"Индонезия"},"ig":{"code":"NG","native":"Naịjịrịa","localized":"Нигерия"},"is":{"code":"IS","native":"Ísland","localized":"Исландия"},"it":{"code":"IT","native":"Italia","localized":"Италия"},"ja":{"code":"JP","native":"日本","localized":"Япония"},"ka":{"code":"GE","native":"საქართველო","localized":"Гурҷистон"},"kk":{"code":"KZ","native":"Қазақстан","localized":"Қазоқистон"},"km":{"code":"KH","native":"កម្ពុជា","localized":"Камбоҷа"},"kn":{"code":"IN","native":"ಭಾರತ","localized":"Ҳиндустон"},"ko":{"code":"KR","native":"대한민국","localized":"Kr"},"ku":{"code":"TR","native":"Tirkiye","localized":"Туркия"},"ky":{"code":"KG","native":"Кыргызстан","localized":"Қирғизистон"},"lb":{"code":"LU","native":"Lëtzebuerg","localized":"Люксембург"},"lg":{"code":"UG","native":"Yuganda","localized":"Уганда"},"ln":{"code":"CD","native":"Republíki Ya Kongó Demokratíki","localized":"Конго (Ҷдк)"},"lo":{"code":"LA","native":"ລາວ","localized":"Лаос"},"lt":{"code":"LT","native":"Lietuva","localized":"Литва"},"lv":{"code":"LV","native":"Latvija","localized":"Латвия"},"mai":{"code":"IN","native":"भारत","localized":"Ҳиндустон"},"mg":{"code":"MG","native":"Madagasikara","localized":"Мадагаскар"},"mi":{"code":"NZ","native":"Aotearoa","localized":"Зеландияи Нав"},"mk":{"code":"MK","native":"Северна Македонија","localized":"Македонияи Шимолӣ"},"ml":{"code":"IN","native":"ഇന്ത്യ","localized":"Ҳиндустон"},"mn":{"code":"MN","native":"Монгол","localized":"Муғулистон"},"mni_Mtei":{"code":"IN","native":"India","localized":"Ҳиндустон"},"mr":{"code":"IN","native":"भारत","localized":"Ҳиндустон"},"ms":{"code":"MY","native":"Malaysia","localized":"Малайзия"},"mt":{"code":"MT","native":"Malta","localized":"Малта"},"my":{"code":"MM","native":"မြန်မာ","localized":"Мянма"},"nb":{"code":"NO","native":"Norge","localized":"Норвегия"},"ne":{"code":"NP","native":"नेपाल","localized":"Непал"},"nl":{"code":"NL","native":"Nederland","localized":"Нидерландия"},"nn":{"code":"NO","native":"Noreg","localized":"Норвегия"},"oc":{"code":"FR","native":"Fr","localized":"Фаронса"},"om":{"code":"ET","native":"Itoophiyaa","localized":"Эфиопия"},"or":{"code":"IN","native":"ଭାରତ","localized":"Ҳиндустон"},"pa":{"code":"IN","native":"ਭਾਰਤ","localized":"Ҳиндустон"},"pl":{"code":"PL","native":"Polska","localized":"Лаҳистон"},"ps":{"code":"AF","native":"افغانستان","localized":"Афғонистон"},"pt":{"code":"BR","native":"Brasil","localized":"Бразилия"},"pt_BR":{"code":"BR","native":"Brasil","localized":"Бразилия"},"qu":{"code":"PE","native":"Perú","localized":"Перу"},"ro":{"code":"RO","native":"România","localized":"Руминия"},"ru":{"code":"RU","native":"Россия","localized":"Русия"},"rw":{"code":"RW","native":"U Rwanda","localized":"Руанда"},"sa":{"code":"IN","native":"भारतः","localized":"Ҳиндустон"},"sc":{"code":"IT","native":"Itàlia","localized":"Италия"},"sd":{"code":"PK","native":"پاڪستان","localized":"Покистон"},"si":{"code":"LK","native":"ශ්‍රී ලංකාව","localized":"Шри-Ланка"},"sk":{"code":"SK","native":"Slovensko","localized":"Словакия"},"sl":{"code":"SI","native":"Slovenija","localized":"Словения"},"sn":{"code":"ZW","native":"Zimbabwe","localized":"Зимбабве"},"so":{"code":"SO","native":"Soomaaliya","localized":"Сомалӣ"},"sq":{"code":"AL","native":"Shqipëri","localized":"Албания"},"sr_Cyrl":{"code":"RS","native":"Србија","localized":"Сербия"},"sr_Latn":{"code":"RS","native":"Serbia","localized":"Сербия"},"sr_Latn_ME":{"code":"ME","native":"Montenegro","localized":"Черногория"},"su":{"code":"ID","native":"Indonesia","localized":"Индонезия"},"sv":{"code":"SE","native":"Sverige","localized":"Шветсия"},"sw":{"code":"TZ","native":"Tanzania","localized":"Танзания"},"ta":{"code":"IN","native":"இந்தியா","localized":"Ҳиндустон"},"te":{"code":"IN","native":"భారతదేశం","localized":"Ҳиндустон"},"tg":{"code":"TJ","native":"Тоҷикистон","localized":"Тоҷикистон"},"th":{"code":"TH","native":"ไทย","localized":"Таиланд"},"ti":{"code":"ET","native":"ኢትዮጵያ","localized":"Эфиопия"},"tk":{"code":"TM","native":"Türkmenistan","localized":"Туркманистон"},"tl":{"code":"PH","native":"Philippines","localized":"Филиппин"},"tr":{"code":"TR","native":"Türkiye","localized":"Туркия"},"tt":{"code":"RU","native":"Россия","localized":"Русия"},"ug":{"code":"CN","native":"جۇڭگو","localized":"Хитой"},"uk":{"code":"UA","native":"Україна","localized":"Украина"},"ur":{"code":"PK","native":"پاکستان","localized":"Покистон"},"uz_Cyrl":{"code":"UZ","native":"Uzbekistan","localized":"Ӯзбекистон"},"uz_Latn":{"code":"UZ","native":"Oʻzbekiston","localized":"Ӯзбекистон"},"vi":{"code":"VN","native":"Việt Nam","localized":"Ветнам"},"xh":{"code":"ZA","native":"Emzantsi Afrika","localized":"Африкаи Ҷанубӣ"},"yi":{"code":"001","native":"וועלט","localized":"001"},"yo":{"code":"NG","native":"Nàìjíríà","localized":"Нигерия"},"zh_CN":{"code":"CN","native":"中国","localized":"Хитой"},"zh_HK":{"code":"HK","native":"中国香港特别行政区","localized":"Ҳонконг (Ммм)"},"zh_TW":{"code":"TW","native":"台湾","localized":"Тайван"},"zu":{"code":"ZA","native":"Iningizimu Afrika","localized":"Африкаи Ҷанубӣ"}}
