{"af":{"code":"ZA","native":"Suid-Afrika","localized":"แอฟริกาใต้"},"ak":{"code":"GH","native":"Gaana","localized":"กานา"},"am":{"code":"ET","native":"ኢትዮጵያ","localized":"เอธิโอเปีย"},"ar":{"code":"EG","native":"مصر","localized":"อียิปต์"},"as":{"code":"IN","native":"ভাৰত","localized":"อินเดีย"},"az":{"code":"AZ","native":"Azərbaycan","localized":"อาเซอร์ไบจาน"},"be":{"code":"BY","native":"Беларусь","localized":"เบลารุส"},"bg":{"code":"BG","native":"България","localized":"บัลแกเรีย"},"bho":{"code":"IN","native":"भारत","localized":"อินเดีย"},"bm":{"code":"ML","native":"Mali","localized":"มาลี"},"bn":{"code":"BD","native":"বাংলাদেশ","localized":"บังกลาเทศ"},"bs":{"code":"BA","native":"Bosna I Hercegovina","localized":"บอสเนียและเฮอร์เซโกวีนา"},"ca":{"code":"ES","native":"Espanya","localized":"สเปน"},"ceb":{"code":"PH","native":"Pilipinas","localized":"ฟิลิปปินส์"},"ckb":{"code":"IQ","native":"عێراق","localized":"อิรัก"},"cs":{"code":"CZ","native":"Česko","localized":"เช็ก"},"cy":{"code":"GB","native":"Y Deyrnas Unedig","localized":"สหราชอาณาจักร"},"da":{"code":"DK","native":"Danmark","localized":"เดนมาร์ก"},"de":{"code":"DE","native":"Deutschland","localized":"เยอรมนี"},"de_CH":{"code":"CH","native":"Schweiz","localized":"สวิตเซอร์แลนด์"},"doi":{"code":"IN","native":"भारत","localized":"อินเดีย"},"ee":{"code":"GH","native":"Ghana Nutome","localized":"กานา"},"el":{"code":"GR","native":"Ελλάδα","localized":"กรีซ"},"en":{"code":"US","native":"United States","localized":"สหรัฐอเมริกา"},"en_CA":{"code":"CA","native":"Canada","localized":"แคนาดา"},"eo":{"code":"001","native":"Mondo","localized":"โลก"},"es":{"code":"ES","native":"España","localized":"สเปน"},"et":{"code":"EE","native":"Eesti","localized":"เอสโตเนีย"},"eu":{"code":"ES","native":"Espainia","localized":"สเปน"},"fa":{"code":"IR","native":"ایران","localized":"อิหร่าน"},"fi":{"code":"FI","native":"Suomi","localized":"ฟินแลนด์"},"fil":{"code":"PH","native":"Pilipinas","localized":"ฟิลิปปินส์"},"fr":{"code":"FR","native":"France","localized":"ฝรั่งเศส"},"fy":{"code":"NL","native":"Nederlân","localized":"เนเธอร์แลนด์"},"ga":{"code":"IE","native":"Éire","localized":"ไอร์แลนด์"},"gd":{"code":"GB","native":"An Rìoghachd Aonaichte","localized":"สหราชอาณาจักร"},"gl":{"code":"ES","native":"España","localized":"สเปน"},"gu":{"code":"IN","native":"ભારત","localized":"อินเดีย"},"ha":{"code":"NG","native":"Nijeriya","localized":"ไนจีเรีย"},"haw":{"code":"US","native":"ʻAmelika Hui Pū ʻIa","localized":"สหรัฐอเมริกา"},"he":{"code":"IL","native":"ישראל","localized":"อิสราเอล"},"hi":{"code":"IN","native":"भारत","localized":"อินเดีย"},"hr":{"code":"HR","native":"Hrvatska","localized":"โครเอเชีย"},"hu":{"code":"HU","native":"Magyarország","localized":"ฮังการี"},"hy":{"code":"AM","native":"Հայաստան","localized":"อาร์เมเนีย"},"id":{"code":"ID","native":"Indonesia","localized":"อินโดนีเซีย"},"ig":{"code":"NG","native":"Naịjịrịa","localized":"ไนจีเรีย"},"is":{"code":"IS","native":"Ísland","localized":"ไอซ์แลนด์"},"it":{"code":"IT","native":"Italia","localized":"อิตาลี"},"ja":{"code":"JP","native":"日本","localized":"ญี่ปุ่น"},"ka":{"code":"GE","native":"საქართველო","localized":"จอร์เจีย"},"kk":{"code":"KZ","native":"Қазақстан","localized":"คาซัคสถาน"},"km":{"code":"KH","native":"កម្ពុជា","localized":"กัมพูชา"},"kn":{"code":"IN","native":"ಭಾರತ","localized":"อินเดีย"},"ko":{"code":"KR","native":"대한민국","localized":"เกาหลีใต้"},"ku":{"code":"TR","native":"Tirkiye","localized":"ตุรกี"},"ky":{"code":"KG","native":"Кыргызстан","localized":"คีร์กีซสถาน"},"lb":{"code":"LU","native":"Lëtzebuerg","localized":"ลักเซมเบิร์ก"},"lg":{"code":"UG","native":"Yuganda","localized":"ยูกันดา"},"ln":{"code":"CD","native":"Republíki Ya Kongó Demokratíki","localized":"คองโก - กินชาซา"},"lo":{"code":"LA","native":"ລາວ","localized":"ลาว"},"lt":{"code":"LT","native":"Lietuva","localized":"ลิทัวเนีย"},"lv":{"code":"LV","native":"Latvija","localized":"ลัตเวีย"},"mai":{"code":"IN","native":"भारत","localized":"อินเดีย"},"mg":{"code":"MG","native":"Madagasikara","localized":"มาดากัสการ์"},"mi":{"code":"NZ","native":"Aotearoa","localized":"นิวซีแลนด์"},"mk":{"code":"MK","native":"Северна Македонија","localized":"มาซิโดเนียเหนือ"},"ml":{"code":"IN","native":"ഇന്ത്യ","localized":"อินเดีย"},"mn":{"code":"MN","native":"Монгол","localized":"มองโกเลีย"},"mni_Mtei":{"code":"IN","native":"India","localized":"อินเดีย"},"mr":{"code":"IN","native":"भारत","localized":"อินเดีย"},"ms":{"code":"MY","native":"Malaysia","localized":"มาเลเซีย"},"mt":{"code":"MT","native":"Malta","localized":"มอลตา"},"my":{"code":"MM","native":"မြန်မာ","localized":"เมียนมา (พม่า)"},"nb":{"code":"NO","native":"Norge","localized":"นอร์เวย์"},"ne":{"code":"NP","native":"नेपाल","localized":"เนปาล"},"nl":{"code":"NL","native":"Nederland","localized":"เนเธอร์แลนด์"},"nn":{"code":"NO","native":"Noreg","localized":"นอร์เวย์"},"oc":{"code":"FR","native":"Fr","localized":"ฝรั่งเศส"},"om":{"code":"ET","native":"Itoophiyaa","localized":"เอธิโอเปีย"},"or":{"code":"IN","native":"ଭାରତ","localized":"อินเดีย"},"pa":{"code":"IN","native":"ਭਾਰਤ","localized":"อินเดีย"},"pl":{"code":"PL","native":"Polska","localized":"โปแลนด์"},"ps":{"code":"AF","native":"افغانستان","localized":"อัฟกานิสถาน"},"pt":{"code":"BR","native":"Brasil","localized":"บราซิล"},"pt_BR":{"code":"BR","native":"Brasil","localized":"บราซิล"},"qu":{"code":"PE","native":"Perú","localized":"เปรู"},"ro":{"code":"RO","native":"România","localized":"โรมาเนีย"},"ru":{"code":"RU","native":"Россия","localized":"รัสเซีย"},"rw":{"code":"RW","native":"U Rwanda","localized":"รวันดา"},"sa":{"code":"IN","native":"भारतः","localized":"อินเดีย"},"sc":{"code":"IT","native":"Itàlia","localized":"อิตาลี"},"sd":{"code":"PK","native":"پاڪستان","localized":"ปากีสถาน"},"si":{"code":"LK","native":"ශ්‍රී ලංකාව","localized":"ศรีลังกา"},"sk":{"code":"SK","native":"Slovensko","localized":"สโลวะเกีย"},"sl":{"code":"SI","native":"Slovenija","localized":"สโลวีเนีย"},"sn":{"code":"ZW","native":"Zimbabwe","localized":"ซิมบับเว"},"so":{"code":"SO","native":"Soomaaliya","localized":"โซมาเลีย"},"sq":{"code":"AL","native":"Shqipëri","localized":"แอลเบเนีย"},"sr_Cyrl":{"code":"RS","native":"Србија","localized":"เซอร์เบีย"},"sr_Latn":{"code":"RS","native":"Serbia","localized":"เซอร์เบีย"},"sr_Latn_ME":{"code":"ME","native":"Montenegro","localized":"มอนเตเนโกร"},"su":{"code":"ID","native":"Indonesia","localized":"อินโดนีเซีย"},"sv":{"code":"SE","native":"Sverige","localized":"สวีเดน"},"sw":{"code":"TZ","native":"Tanzania","localized":"แทนซาเนีย"},"ta":{"code":"IN","native":"இந்தியா","localized":"อินเดีย"},"te":{"code":"IN","native":"భారతదేశం","localized":"อินเดีย"},"tg":{"code":"TJ","native":"Тоҷикистон","localized":"ทาจิกิสถาน"},"th":{"code":"TH","native":"ไทย","localized":"ไทย"},"ti":{"code":"ET","native":"ኢትዮጵያ","localized":"เอธิโอเปีย"},"tk":{"code":"TM","native":"Türkmenistan","localized":"เติร์กเมนิสถาน"},"tl":{"code":"PH","native":"Philippines","localized":"ฟิลิปปินส์"},"tr":{"code":"TR","native":"Türkiye","localized":"ตุรกี"},"tt":{"code":"RU","native":"Россия","localized":"รัสเซีย"},"ug":{"code":"CN","native":"جۇڭگو","localized":"จีน"},"uk":{"code":"UA","native":"Україна","localized":"ยูเครน"},"ur":{"code":"PK","native":"پاکستان","localized":"ปากีสถาน"},"uz_Cyrl":{"code":"UZ","native":"Uzbekistan","localized":"อุซเบกิสถาน"},"uz_Latn":{"code":"UZ","native":"Oʻzbekiston","localized":"อุซเบกิสถาน"},"vi":{"code":"VN","native":"Việt Nam","localized":"เวียดนาม"},"xh":{"code":"ZA","native":"Emzantsi Afrika","localized":"แอฟริกาใต้"},"yi":{"code":"001","native":"וועלט","localized":"โลก"},"yo":{"code":"NG","native":"Nàìjíríà","localized":"ไนจีเรีย"},"zh_CN":{"code":"CN","native":"中国","localized":"จีน"},"zh_HK":{"code":"HK","native":"中国香港特别行政区","localized":"เขตปกครองพิเศษฮ่องกงแห่งสาธารณรัฐประชาชนจีน"},"zh_TW":{"code":"TW","native":"台湾","localized":"ไต้หวัน"},"zu":{"code":"ZA","native":"Iningizimu Afrika","localized":"แอฟริกาใต้"}}
