{"af":{"code":"ZA","native":"Suid-Afrika","localized":"ደቡብ ኣፍሪቃ"},"ak":{"code":"GH","native":"Gaana","localized":"ጋና"},"am":{"code":"ET","native":"ኢትዮጵያ","localized":"ኢትዮጵያ"},"ar":{"code":"EG","native":"مصر","localized":"ግብጺ"},"as":{"code":"IN","native":"ভাৰত","localized":"ህንዲ"},"az":{"code":"AZ","native":"Azərbaycan","localized":"ኣዘርባጃን"},"be":{"code":"BY","native":"Беларусь","localized":"ቤላሩስ"},"bg":{"code":"BG","native":"България","localized":"ቡልጋርያ"},"bho":{"code":"IN","native":"भारत","localized":"ህንዲ"},"bm":{"code":"ML","native":"Mali","localized":"ማሊ"},"bn":{"code":"BD","native":"বাংলাদেশ","localized":"ባንግላደሽ"},"bs":{"code":"BA","native":"Bosna I Hercegovina","localized":"ቦዝንያን ሄርዘጎቪናን"},"ca":{"code":"ES","native":"Espanya","localized":"ስጳኛ"},"ceb":{"code":"PH","native":"Pilipinas","localized":"ፊሊፒንስ"},"ckb":{"code":"IQ","native":"عێراق","localized":"ዒራቕ"},"cs":{"code":"CZ","native":"Česko","localized":"ቸክያ"},"cy":{"code":"GB","native":"Y Deyrnas Unedig","localized":"ብሪጣንያ"},"da":{"code":"DK","native":"Danmark","localized":"ደንማርክ"},"de":{"code":"DE","native":"Deutschland","localized":"ጀርመን"},"de_CH":{"code":"CH","native":"Schweiz","localized":"ስዊዘርላንድ"},"doi":{"code":"IN","native":"भारत","localized":"ህንዲ"},"ee":{"code":"GH","native":"Ghana Nutome","localized":"ጋና"},"el":{"code":"GR","native":"Ελλάδα","localized":"ግሪኽ"},"en":{"code":"US","native":"United States","localized":"ኣመሪካ"},"en_CA":{"code":"CA","native":"Canada","localized":"ካናዳ"},"eo":{"code":"001","native":"Mondo","localized":"ዓለም"},"es":{"code":"ES","native":"España","localized":"ስጳኛ"},"et":{"code":"EE","native":"Eesti","localized":"ኤስቶንያ"},"eu":{"code":"ES","native":"Espainia","localized":"ስጳኛ"},"fa":{"code":"IR","native":"ایران","localized":"ኢራን"},"fi":{"code":"FI","native":"Suomi","localized":"ፊንላንድ"},"fil":{"code":"PH","native":"Pilipinas","localized":"ፊሊፒንስ"},"fr":{"code":"FR","native":"France","localized":"ፈረንሳ"},"fy":{"code":"NL","native":"Nederlân","localized":"ኔዘርላንድ"},"ga":{"code":"IE","native":"Éire","localized":"ኣየርላንድ"},"gd":{"code":"GB","native":"An Rìoghachd Aonaichte","localized":"ብሪጣንያ"},"gl":{"code":"ES","native":"España","localized":"ስጳኛ"},"gu":{"code":"IN","native":"ભારત","localized":"ህንዲ"},"ha":{"code":"NG","native":"Nijeriya","localized":"ናይጀርያ"},"haw":{"code":"US","native":"ʻAmelika Hui Pū ʻIa","localized":"ኣመሪካ"},"he":{"code":"IL","native":"ישראל","localized":"እስራኤል"},"hi":{"code":"IN","native":"भारत","localized":"ህንዲ"},"hr":{"code":"HR","native":"Hrvatska","localized":"ክሮኤሽያ"},"hu":{"code":"HU","native":"Magyarország","localized":"ሃንጋሪ"},"hy":{"code":"AM","native":"Հայաստան","localized":"ኣርሜንያ"},"id":{"code":"ID","native":"Indonesia","localized":"ኢንዶነዥያ"},"ig":{"code":"NG","native":"Naịjịrịa","localized":"ናይጀርያ"},"is":{"code":"IS","native":"Ísland","localized":"ኣይስላንድ"},"it":{"code":"IT","native":"Italia","localized":"ኢጣልያ"},"ja":{"code":"JP","native":"日本","localized":"ጃፓን"},"ka":{"code":"GE","native":"საქართველო","localized":"ጆርጅያ"},"kk":{"code":"KZ","native":"Қазақстан","localized":"ካዛኪስታን"},"km":{"code":"KH","native":"កម្ពុជា","localized":"ካምቦድያ"},"kn":{"code":"IN","native":"ಭಾರತ","localized":"ህንዲ"},"ko":{"code":"KR","native":"대한민국","localized":"ደቡብ ኮርያ"},"ku":{"code":"TR","native":"Tirkiye","localized":"ቱርኪ"},"ky":{"code":"KG","native":"Кыргызстан","localized":"ኪርጊዝስታን"},"lb":{"code":"LU","native":"Lëtzebuerg","localized":"ሉክሰምበርግ"},"lg":{"code":"UG","native":"Yuganda","localized":"ኡጋንዳ"},"ln":{"code":"CD","native":"Republíki Ya Kongó Demokratíki","localized":"ደሞክራስያዊት ሪፓብሊክ ኮንጎ"},"lo":{"code":"LA","native":"ລາວ","localized":"ላኦስ"},"lt":{"code":"LT","native":"Lietuva","localized":"ሊትዌንያ"},"lv":{"code":"LV","native":"Latvija","localized":"ላትቭያ"},"mai":{"code":"IN","native":"भारत","localized":"ህንዲ"},"mg":{"code":"MG","native":"Madagasikara","localized":"ማዳጋስካር"},"mi":{"code":"NZ","native":"Aotearoa","localized":"ኒው ዚላንድ"},"mk":{"code":"MK","native":"Северна Македонија","localized":"ሰሜን መቄዶንያ"},"ml":{"code":"IN","native":"ഇന്ത്യ","localized":"ህንዲ"},"mn":{"code":"MN","native":"Монгол","localized":"ሞንጎልያ"},"mni_Mtei":{"code":"IN","native":"India","localized":"ህንዲ"},"mr":{"code":"IN","native":"भारत","localized":"ህንዲ"},"ms":{"code":"MY","native":"Malaysia","localized":"ማለዥያ"},"mt":{"code":"MT","native":"Malta","localized":"ማልታ"},"my":{"code":"MM","native":"မြန်မာ","localized":"ሚያንማር (በርማ)"},"nb":{"code":"NO","native":"Norge","localized":"ኖርወይ"},"ne":{"code":"NP","native":"नेपाल","localized":"ኔፓል"},"nl":{"code":"NL","native":"Nederland","localized":"ኔዘርላንድ"},"nn":{"code":"NO","native":"Noreg","localized":"ኖርወይ"},"oc":{"code":"FR","native":"Fr","localized":"ፈረንሳ"},"om":{"code":"ET","native":"Itoophiyaa","localized":"ኢትዮጵያ"},"or":{"code":"IN","native":"ଭାରତ","localized":"ህንዲ"},"pa":{"code":"IN","native":"ਭਾਰਤ","localized":"ህንዲ"},"pl":{"code":"PL","native":"Polska","localized":"ፖላንድ"},"ps":{"code":"AF","native":"افغانستان","localized":"ኣፍጋኒስታን"},"pt":{"code":"BR","native":"Brasil","localized":"ብራዚል"},"pt_BR":{"code":"BR","native":"Brasil","localized":"ብራዚል"},"qu":{"code":"PE","native":"Perú","localized":"ፔሩ"},"ro":{"code":"RO","native":"România","localized":"ሩማንያ"},"ru":{"code":"RU","native":"Россия","localized":"ሩስያ"},"rw":{"code":"RW","native":"U Rwanda","localized":"ርዋንዳ"},"sa":{"code":"IN","native":"भारतः","localized":"ህንዲ"},"sc":{"code":"IT","native":"Itàlia","localized":"ኢጣልያ"},"sd":{"code":"PK","native":"پاڪستان","localized":"ፓኪስታን"},"si":{"code":"LK","native":"ශ්‍රී ලංකාව","localized":"ስሪ ላንካ"},"sk":{"code":"SK","native":"Slovensko","localized":"ስሎቫክያ"},"sl":{"code":"SI","native":"Slovenija","localized":"ስሎቬንያ"},"sn":{"code":"ZW","native":"Zimbabwe","localized":"ዚምባብዌ"},"so":{"code":"SO","native":"Soomaaliya","localized":"ሶማልያ"},"sq":{"code":"AL","native":"Shqipëri","localized":"ኣልባንያ"},"sr_Cyrl":{"code":"RS","native":"Србија","localized":"ሰርብያ"},"sr_Latn":{"code":"RS","native":"Serbia","localized":"ሰርብያ"},"sr_Latn_ME":{"code":"ME","native":"Montenegro","localized":"ሞንተኔግሮ"},"su":{"code":"ID","native":"Indonesia","localized":"ኢንዶነዥያ"},"sv":{"code":"SE","native":"Sverige","localized":"ሽወደን"},"sw":{"code":"TZ","native":"Tanzania","localized":"ታንዛንያ"},"ta":{"code":"IN","native":"இந்தியா","localized":"ህንዲ"},"te":{"code":"IN","native":"భారతదేశం","localized":"ህንዲ"},"tg":{"code":"TJ","native":"Тоҷикистон","localized":"ታጂኪስታን"},"th":{"code":"TH","native":"ไทย","localized":"ታይላንድ"},"ti":{"code":"ET","native":"ኢትዮጵያ","localized":"ኢትዮጵያ"},"tk":{"code":"TM","native":"Türkmenistan","localized":"ቱርክመኒስታን"},"tl":{"code":"PH","native":"Philippines","localized":"ፊሊፒንስ"},"tr":{"code":"TR","native":"Türkiye","localized":"ቱርኪ"},"tt":{"code":"RU","native":"Россия","localized":"ሩስያ"},"ug":{"code":"CN","native":"جۇڭگو","localized":"ቻይና"},"uk":{"code":"UA","native":"Україна","localized":"ዩክሬን"},"ur":{"code":"PK","native":"پاکستان","localized":"ፓኪስታን"},"uz_Cyrl":{"code":"UZ","native":"Uzbekistan","localized":"ኡዝበኪስታን"},"uz_Latn":{"code":"UZ","native":"Oʻzbekiston","localized":"ኡዝበኪስታን"},"vi":{"code":"VN","native":"Việt Nam","localized":"ቬትናም"},"xh":{"code":"ZA","native":"Emzantsi Afrika","localized":"ደቡብ ኣፍሪቃ"},"yi":{"code":"001","native":"וועלט","localized":"ዓለም"},"yo":{"code":"NG","native":"Nàìjíríà","localized":"ናይጀርያ"},"zh_CN":{"code":"CN","native":"中国","localized":"ቻይና"},"zh_HK":{"code":"HK","native":"中国香港特别行政区","localized":"ፍሉይ ምምሕዳራዊ ዞባ ሆንግ ኮንግ (ቻይና)"},"zh_TW":{"code":"TW","native":"台湾","localized":"ታይዋን"},"zu":{"code":"ZA","native":"Iningizimu Afrika","localized":"ደቡብ ኣፍሪቃ"}}
