{"af":{"code":"ZA","native":"Suid-Afrika","localized":"Günorta Afrika"},"ak":{"code":"GH","native":"Gaana","localized":"Gana"},"am":{"code":"ET","native":"ኢትዮጵያ","localized":"Efiopiýa"},"ar":{"code":"EG","native":"مصر","localized":"Müsür"},"as":{"code":"IN","native":"ভাৰত","localized":"Hindistan"},"az":{"code":"AZ","native":"Azərbaycan","localized":"Azerbaýjan"},"be":{"code":"BY","native":"Беларусь","localized":"Belarus"},"bg":{"code":"BG","native":"България","localized":"Bolgariýa"},"bho":{"code":"IN","native":"भारत","localized":"Hindistan"},"bm":{"code":"ML","native":"Mali","localized":"Mali"},"bn":{"code":"BD","native":"বাংলাদেশ","localized":"Bangladeş"},"bs":{"code":"BA","native":"Bosna I Hercegovina","localized":"Bosniýa We Gersegowina"},"ca":{"code":"ES","native":"Espanya","localized":"Ispaniýa"},"ceb":{"code":"PH","native":"Pilipinas","localized":"Filippinler"},"ckb":{"code":"IQ","native":"عێراق","localized":"Yrak"},"cs":{"code":"CZ","native":"Česko","localized":"Çehiýa"},"cy":{"code":"GB","native":"Y Deyrnas Unedig","localized":"Birleşen Patyşalyk"},"da":{"code":"DK","native":"Danmark","localized":"Daniýa"},"de":{"code":"DE","native":"Deutschland","localized":"Germaniýa"},"de_CH":{"code":"CH","native":"Schweiz","localized":"Şweýsariýa"},"doi":{"code":"IN","native":"भारत","localized":"Hindistan"},"ee":{"code":"GH","native":"Ghana Nutome","localized":"Gana"},"el":{"code":"GR","native":"Ελλάδα","localized":"Gresiýa"},"en":{"code":"US","native":"United States","localized":"Amerikanyň Birleşen Ştatlary"},"en_CA":{"code":"CA","native":"Canada","localized":"Kanada"},"eo":{"code":"001","native":"Mondo","localized":"Dünýä"},"es":{"code":"ES","native":"España","localized":"Ispaniýa"},"et":{"code":"EE","native":"Eesti","localized":"Estoniýa"},"eu":{"code":"ES","native":"Espainia","localized":"Ispaniýa"},"fa":{"code":"IR","native":"ایران","localized":"Eýran"},"fi":{"code":"FI","native":"Suomi","localized":"Finlýandiýa"},"fil":{"code":"PH","native":"Pilipinas","localized":"Filippinler"},"fr":{"code":"FR","native":"France","localized":"Fransiýa"},"fy":{"code":"NL","native":"Nederlân","localized":"Niderlandlar"},"ga":{"code":"IE","native":"Éire","localized":"Irlandiýa"},"gd":{"code":"GB","native":"An Rìoghachd Aonaichte","localized":"Birleşen Patyşalyk"},"gl":{"code":"ES","native":"España","localized":"Ispaniýa"},"gu":{"code":"IN","native":"ભારત","localized":"Hindistan"},"ha":{"code":"NG","native":"Nijeriya","localized":"Nigeriýa"},"haw":{"code":"US","native":"ʻAmelika Hui Pū ʻIa","localized":"Amerikanyň Birleşen Ştatlary"},"he":{"code":"IL","native":"ישראל","localized":"Ysraýyl"},"hi":{"code":"IN","native":"भारत","localized":"Hindistan"},"hr":{"code":"HR","native":"Hrvatska","localized":"Horwatiýa"},"hu":{"code":"HU","native":"Magyarország","localized":"Wengriýa"},"hy":{"code":"AM","native":"Հայաստան","localized":"Ermenistan"},"id":{"code":"ID","native":"Indonesia","localized":"Indoneziýa"},"ig":{"code":"NG","native":"Naịjịrịa","localized":"Nigeriýa"},"is":{"code":"IS","native":"Ísland","localized":"Islandiýa"},"it":{"code":"IT","native":"Italia","localized":"Italiýa"},"ja":{"code":"JP","native":"日本","localized":"Ýaponiýa"},"ka":{"code":"GE","native":"საქართველო","localized":"Gruziýa"},"kk":{"code":"KZ","native":"Қазақстан","localized":"Gazagystan"},"km":{"code":"KH","native":"កម្ពុជា","localized":"Kamboja"},"kn":{"code":"IN","native":"ಭಾರತ","localized":"Hindistan"},"ko":{"code":"KR","native":"대한민국","localized":"Günorta Koreýa"},"ku":{"code":"TR","native":"Tirkiye","localized":"Türkiýe"},"ky":{"code":"KG","native":"Кыргызстан","localized":"Gyrgyzystan"},"lb":{"code":"LU","native":"Lëtzebuerg","localized":"Lýuksemburg"},"lg":{"code":"UG","native":"Yuganda","localized":"Uganda"},"ln":{"code":"CD","native":"Republíki Ya Kongó Demokratíki","localized":"Kongo - Kinşasa"},"lo":{"code":"LA","native":"ລາວ","localized":"Laos"},"lt":{"code":"LT","native":"Lietuva","localized":"Litwa"},"lv":{"code":"LV","native":"Latvija","localized":"Latwiýa"},"mai":{"code":"IN","native":"भारत","localized":"Hindistan"},"mg":{"code":"MG","native":"Madagasikara","localized":"Madagaskar"},"mi":{"code":"NZ","native":"Aotearoa","localized":"Täze Zelandiýa"},"mk":{"code":"MK","native":"Северна Македонија","localized":"Demirgazyk Makedoniýa"},"ml":{"code":"IN","native":"ഇന്ത്യ","localized":"Hindistan"},"mn":{"code":"MN","native":"Монгол","localized":"Mongoliýa"},"mni_Mtei":{"code":"IN","native":"India","localized":"Hindistan"},"mr":{"code":"IN","native":"भारत","localized":"Hindistan"},"ms":{"code":"MY","native":"Malaysia","localized":"Malaýziýa"},"mt":{"code":"MT","native":"Malta","localized":"Malta"},"my":{"code":"MM","native":"မြန်မာ","localized":"Mýanma (Birma)"},"nb":{"code":"NO","native":"Norge","localized":"Norwegiýa"},"ne":{"code":"NP","native":"नेपाल","localized":"Nepal"},"nl":{"code":"NL","native":"Nederland","localized":"Niderlandlar"},"nn":{"code":"NO","native":"Noreg","localized":"Norwegiýa"},"oc":{"code":"FR","native":"Fr","localized":"Fransiýa"},"om":{"code":"ET","native":"Itoophiyaa","localized":"Efiopiýa"},"or":{"code":"IN","native":"ଭାରତ","localized":"Hindistan"},"pa":{"code":"IN","native":"ਭਾਰਤ","localized":"Hindistan"},"pl":{"code":"PL","native":"Polska","localized":"Polşa"},"ps":{"code":"AF","native":"افغانستان","localized":"Owganystan"},"pt":{"code":"BR","native":"Brasil","localized":"Braziliýa"},"pt_BR":{"code":"BR","native":"Brasil","localized":"Braziliýa"},"qu":{"code":"PE","native":"Perú","localized":"Peru"},"ro":{"code":"RO","native":"România","localized":"Rumyniýa"},"ru":{"code":"RU","native":"Россия","localized":"Russiýa"},"rw":{"code":"RW","native":"U Rwanda","localized":"Ruanda"},"sa":{"code":"IN","native":"भारतः","localized":"Hindistan"},"sc":{"code":"IT","native":"Itàlia","localized":"Italiýa"},"sd":{"code":"PK","native":"پاڪستان","localized":"Pakistan"},"si":{"code":"LK","native":"ශ්‍රී ලංකාව","localized":"Şri-Lanka"},"sk":{"code":"SK","native":"Slovensko","localized":"Slowakiýa"},"sl":{"code":"SI","native":"Slovenija","localized":"Sloweniýa"},"sn":{"code":"ZW","native":"Zimbabwe","localized":"Zimbabwe"},"so":{"code":"SO","native":"Soomaaliya","localized":"Somali"},"sq":{"code":"AL","native":"Shqipëri","localized":"Albaniýa"},"sr_Cyrl":{"code":"RS","native":"Србија","localized":"Serbiýa"},"sr_Latn":{"code":"RS","native":"Serbia","localized":"Serbiýa"},"sr_Latn_ME":{"code":"ME","native":"Montenegro","localized":"Çernogoriýa"},"su":{"code":"ID","native":"Indonesia","localized":"Indoneziýa"},"sv":{"code":"SE","native":"Sverige","localized":"Şwesiýa"},"sw":{"code":"TZ","native":"Tanzania","localized":"Tanzaniýa"},"ta":{"code":"IN","native":"இந்தியா","localized":"Hindistan"},"te":{"code":"IN","native":"భారతదేశం","localized":"Hindistan"},"tg":{"code":"TJ","native":"Тоҷикистон","localized":"Täjigistan"},"th":{"code":"TH","native":"ไทย","localized":"Taýland"},"ti":{"code":"ET","native":"ኢትዮጵያ","localized":"Efiopiýa"},"tk":{"code":"TM","native":"Türkmenistan","localized":"Türkmenistan"},"tl":{"code":"PH","native":"Philippines","localized":"Filippinler"},"tr":{"code":"TR","native":"Türkiye","localized":"Türkiýe"},"tt":{"code":"RU","native":"Россия","localized":"Russiýa"},"ug":{"code":"CN","native":"جۇڭگو","localized":"Hytaý"},"uk":{"code":"UA","native":"Україна","localized":"Ukraina"},"ur":{"code":"PK","native":"پاکستان","localized":"Pakistan"},"uz_Cyrl":{"code":"UZ","native":"Uzbekistan","localized":"Özbegistan"},"uz_Latn":{"code":"UZ","native":"Oʻzbekiston","localized":"Özbegistan"},"vi":{"code":"VN","native":"Việt Nam","localized":"Wýetnam"},"xh":{"code":"ZA","native":"Emzantsi Afrika","localized":"Günorta Afrika"},"yi":{"code":"001","native":"וועלט","localized":"Dünýä"},"yo":{"code":"NG","native":"Nàìjíríà","localized":"Nigeriýa"},"zh_CN":{"code":"CN","native":"中国","localized":"Hytaý"},"zh_HK":{"code":"HK","native":"中国香港特别行政区","localized":"Gonkong Aas Hytaý"},"zh_TW":{"code":"TW","native":"台湾","localized":"Taýwan"},"zu":{"code":"ZA","native":"Iningizimu Afrika","localized":"Günorta Afrika"}}
