{"af":{"code":"ZA","native":"Suid-Afrika","localized":"Güney Afrika"},"ak":{"code":"GH","native":"Gaana","localized":"Gana"},"am":{"code":"ET","native":"ኢትዮጵያ","localized":"Etiyopya"},"ar":{"code":"EG","native":"مصر","localized":"Mısır"},"as":{"code":"IN","native":"ভাৰত","localized":"Hindistan"},"az":{"code":"AZ","native":"Azərbaycan","localized":"Azerbaycan"},"be":{"code":"BY","native":"Беларусь","localized":"Belarus"},"bg":{"code":"BG","native":"България","localized":"Bulgaristan"},"bho":{"code":"IN","native":"भारत","localized":"Hindistan"},"bm":{"code":"ML","native":"Mali","localized":"Mali"},"bn":{"code":"BD","native":"বাংলাদেশ","localized":"Bangladeş"},"bs":{"code":"BA","native":"Bosna I Hercegovina","localized":"Bosna-Hersek"},"ca":{"code":"ES","native":"Espanya","localized":"İspanya"},"ceb":{"code":"PH","native":"Pilipinas","localized":"Filipinler"},"ckb":{"code":"IQ","native":"عێراق","localized":"Irak"},"cs":{"code":"CZ","native":"Česko","localized":"Çekya"},"cy":{"code":"GB","native":"Y Deyrnas Unedig","localized":"Birleşik Krallık"},"da":{"code":"DK","native":"Danmark","localized":"Danimarka"},"de":{"code":"DE","native":"Deutschland","localized":"Almanya"},"de_CH":{"code":"CH","native":"Schweiz","localized":"İsviçre"},"doi":{"code":"IN","native":"भारत","localized":"Hindistan"},"ee":{"code":"GH","native":"Ghana Nutome","localized":"Gana"},"el":{"code":"GR","native":"Ελλάδα","localized":"Yunanistan"},"en":{"code":"US","native":"United States","localized":"Amerika Birleşik Devletleri"},"en_CA":{"code":"CA","native":"Canada","localized":"Kanada"},"eo":{"code":"001","native":"Mondo","localized":"Dünya"},"es":{"code":"ES","native":"España","localized":"İspanya"},"et":{"code":"EE","native":"Eesti","localized":"Estonya"},"eu":{"code":"ES","native":"Espainia","localized":"İspanya"},"fa":{"code":"IR","native":"ایران","localized":"İran"},"fi":{"code":"FI","native":"Suomi","localized":"Finlandiya"},"fil":{"code":"PH","native":"Pilipinas","localized":"Filipinler"},"fr":{"code":"FR","native":"France","localized":"Fransa"},"fy":{"code":"NL","native":"Nederlân","localized":"Hollanda"},"ga":{"code":"IE","native":"Éire","localized":"İrlanda"},"gd":{"code":"GB","native":"An Rìoghachd Aonaichte","localized":"Birleşik Krallık"},"gl":{"code":"ES","native":"España","localized":"İspanya"},"gu":{"code":"IN","native":"ભારત","localized":"Hindistan"},"ha":{"code":"NG","native":"Nijeriya","localized":"Nijerya"},"haw":{"code":"US","native":"ʻAmelika Hui Pū ʻIa","localized":"Amerika Birleşik Devletleri"},"he":{"code":"IL","native":"ישראל","localized":"İsrail"},"hi":{"code":"IN","native":"भारत","localized":"Hindistan"},"hr":{"code":"HR","native":"Hrvatska","localized":"Hırvatistan"},"hu":{"code":"HU","native":"Magyarország","localized":"Macaristan"},"hy":{"code":"AM","native":"Հայաստան","localized":"Ermenistan"},"id":{"code":"ID","native":"Indonesia","localized":"Endonezya"},"ig":{"code":"NG","native":"Naịjịrịa","localized":"Nijerya"},"is":{"code":"IS","native":"Ísland","localized":"İzlanda"},"it":{"code":"IT","native":"Italia","localized":"İtalya"},"ja":{"code":"JP","native":"日本","localized":"Japonya"},"ka":{"code":"GE","native":"საქართველო","localized":"Gürcistan"},"kk":{"code":"KZ","native":"Қазақстан","localized":"Kazakistan"},"km":{"code":"KH","native":"កម្ពុជា","localized":"Kamboçya"},"kn":{"code":"IN","native":"ಭಾರತ","localized":"Hindistan"},"ko":{"code":"KR","native":"대한민국","localized":"Güney Kore"},"ku":{"code":"TR","native":"Tirkiye","localized":"Türkiye"},"ky":{"code":"KG","native":"Кыргызстан","localized":"Kırgızistan"},"lb":{"code":"LU","native":"Lëtzebuerg","localized":"Lüksemburg"},"lg":{"code":"UG","native":"Yuganda","localized":"Uganda"},"ln":{"code":"CD","native":"Republíki Ya Kongó Demokratíki","localized":"Kongo - Kinşasa"},"lo":{"code":"LA","native":"ລາວ","localized":"Laos"},"lt":{"code":"LT","native":"Lietuva","localized":"Litvanya"},"lv":{"code":"LV","native":"Latvija","localized":"Letonya"},"mai":{"code":"IN","native":"भारत","localized":"Hindistan"},"mg":{"code":"MG","native":"Madagasikara","localized":"Madagaskar"},"mi":{"code":"NZ","native":"Aotearoa","localized":"Yeni Zelanda"},"mk":{"code":"MK","native":"Северна Македонија","localized":"Kuzey Makedonya"},"ml":{"code":"IN","native":"ഇന്ത്യ","localized":"Hindistan"},"mn":{"code":"MN","native":"Монгол","localized":"Moğolistan"},"mni_Mtei":{"code":"IN","native":"India","localized":"Hindistan"},"mr":{"code":"IN","native":"भारत","localized":"Hindistan"},"ms":{"code":"MY","native":"Malaysia","localized":"Malezya"},"mt":{"code":"MT","native":"Malta","localized":"Malta"},"my":{"code":"MM","native":"မြန်မာ","localized":"Myanmar (Burma)"},"nb":{"code":"NO","native":"Norge","localized":"Norveç"},"ne":{"code":"NP","native":"नेपाल","localized":"Nepal"},"nl":{"code":"NL","native":"Nederland","localized":"Hollanda"},"nn":{"code":"NO","native":"Noreg","localized":"Norveç"},"oc":{"code":"FR","native":"Fr","localized":"Fransa"},"om":{"code":"ET","native":"Itoophiyaa","localized":"Etiyopya"},"or":{"code":"IN","native":"ଭାରତ","localized":"Hindistan"},"pa":{"code":"IN","native":"ਭਾਰਤ","localized":"Hindistan"},"pl":{"code":"PL","native":"Polska","localized":"Polonya"},"ps":{"code":"AF","native":"افغانستان","localized":"Afganistan"},"pt":{"code":"BR","native":"Brasil","localized":"Brezilya"},"pt_BR":{"code":"BR","native":"Brasil","localized":"Brezilya"},"qu":{"code":"PE","native":"Perú","localized":"Peru"},"ro":{"code":"RO","native":"România","localized":"Romanya"},"ru":{"code":"RU","native":"Россия","localized":"Rusya"},"rw":{"code":"RW","native":"U Rwanda","localized":"Ruanda"},"sa":{"code":"IN","native":"भारतः","localized":"Hindistan"},"sc":{"code":"IT","native":"Itàlia","localized":"İtalya"},"sd":{"code":"PK","native":"پاڪستان","localized":"Pakistan"},"si":{"code":"LK","native":"ශ්‍රී ලංකාව","localized":"Sri Lanka"},"sk":{"code":"SK","native":"Slovensko","localized":"Slovakya"},"sl":{"code":"SI","native":"Slovenija","localized":"Slovenya"},"sn":{"code":"ZW","native":"Zimbabwe","localized":"Zimbabve"},"so":{"code":"SO","native":"Soomaaliya","localized":"Somali"},"sq":{"code":"AL","native":"Shqipëri","localized":"Arnavutluk"},"sr_Cyrl":{"code":"RS","native":"Србија","localized":"Sırbistan"},"sr_Latn":{"code":"RS","native":"Serbia","localized":"Sırbistan"},"sr_Latn_ME":{"code":"ME","native":"Montenegro","localized":"Karadağ"},"su":{"code":"ID","native":"Indonesia","localized":"Endonezya"},"sv":{"code":"SE","native":"Sverige","localized":"İsveç"},"sw":{"code":"TZ","native":"Tanzania","localized":"Tanzanya"},"ta":{"code":"IN","native":"இந்தியா","localized":"Hindistan"},"te":{"code":"IN","native":"భారతదేశం","localized":"Hindistan"},"tg":{"code":"TJ","native":"Тоҷикистон","localized":"Tacikistan"},"th":{"code":"TH","native":"ไทย","localized":"Tayland"},"ti":{"code":"ET","native":"ኢትዮጵያ","localized":"Etiyopya"},"tk":{"code":"TM","native":"Türkmenistan","localized":"Türkmenistan"},"tl":{"code":"PH","native":"Philippines","localized":"Filipinler"},"tr":{"code":"TR","native":"Türkiye","localized":"Türkiye"},"tt":{"code":"RU","native":"Россия","localized":"Rusya"},"ug":{"code":"CN","native":"جۇڭگو","localized":"Çin"},"uk":{"code":"UA","native":"Україна","localized":"Ukrayna"},"ur":{"code":"PK","native":"پاکستان","localized":"Pakistan"},"uz_Cyrl":{"code":"UZ","native":"Uzbekistan","localized":"Özbekistan"},"uz_Latn":{"code":"UZ","native":"Oʻzbekiston","localized":"Özbekistan"},"vi":{"code":"VN","native":"Việt Nam","localized":"Vietnam"},"xh":{"code":"ZA","native":"Emzantsi Afrika","localized":"Güney Afrika"},"yi":{"code":"001","native":"וועלט","localized":"Dünya"},"yo":{"code":"NG","native":"Nàìjíríà","localized":"Nijerya"},"zh_CN":{"code":"CN","native":"中国","localized":"Çin"},"zh_HK":{"code":"HK","native":"中国香港特别行政区","localized":"Çin Hong Kong Öi̇b"},"zh_TW":{"code":"TW","native":"台湾","localized":"Tayvan"},"zu":{"code":"ZA","native":"Iningizimu Afrika","localized":"Güney Afrika"}}
