{"af":{"code":"ZA","native":"Suid-Afrika","localized":"Көньяк Африка"},"ak":{"code":"GH","native":"Gaana","localized":"Гана"},"am":{"code":"ET","native":"ኢትዮጵያ","localized":"Эфиопия"},"ar":{"code":"EG","native":"مصر","localized":"Мисыр"},"as":{"code":"IN","native":"ভাৰত","localized":"Индия"},"az":{"code":"AZ","native":"Azərbaycan","localized":"Әзәрбайҗан"},"be":{"code":"BY","native":"Беларусь","localized":"Беларусь"},"bg":{"code":"BG","native":"България","localized":"Болгария"},"bho":{"code":"IN","native":"भारत","localized":"Индия"},"bm":{"code":"ML","native":"Mali","localized":"Мали"},"bn":{"code":"BD","native":"বাংলাদেশ","localized":"Бангладеш"},"bs":{"code":"BA","native":"Bosna I Hercegovina","localized":"Босния Һәм Герцеговина"},"ca":{"code":"ES","native":"Espanya","localized":"Испания"},"ceb":{"code":"PH","native":"Pilipinas","localized":"Филиппин"},"ckb":{"code":"IQ","native":"عێراق","localized":"Гыйрак"},"cs":{"code":"CZ","native":"Česko","localized":"Чехия Республикасы"},"cy":{"code":"GB","native":"Y Deyrnas Unedig","localized":"Берләшкән Корольлек"},"da":{"code":"DK","native":"Danmark","localized":"Дания"},"de":{"code":"DE","native":"Deutschland","localized":"Германия"},"de_CH":{"code":"CH","native":"Schweiz","localized":"Швейцария"},"doi":{"code":"IN","native":"भारत","localized":"Индия"},"ee":{"code":"GH","native":"Ghana Nutome","localized":"Гана"},"el":{"code":"GR","native":"Ελλάδα","localized":"Греция"},"en":{"code":"US","native":"United States","localized":"Акш"},"en_CA":{"code":"CA","native":"Canada","localized":"Канада"},"eo":{"code":"001","native":"Mondo","localized":"001"},"es":{"code":"ES","native":"España","localized":"Испания"},"et":{"code":"EE","native":"Eesti","localized":"Эстония"},"eu":{"code":"ES","native":"Espainia","localized":"Испания"},"fa":{"code":"IR","native":"ایران","localized":"Иран"},"fi":{"code":"FI","native":"Suomi","localized":"Финляндия"},"fil":{"code":"PH","native":"Pilipinas","localized":"Филиппин"},"fr":{"code":"FR","native":"France","localized":"Франция"},"fy":{"code":"NL","native":"Nederlân","localized":"Нидерланд"},"ga":{"code":"IE","native":"Éire","localized":"Ирландия"},"gd":{"code":"GB","native":"An Rìoghachd Aonaichte","localized":"Берләшкән Корольлек"},"gl":{"code":"ES","native":"España","localized":"Испания"},"gu":{"code":"IN","native":"ભારત","localized":"Индия"},"ha":{"code":"NG","native":"Nijeriya","localized":"Нигерия"},"haw":{"code":"US","native":"ʻAmelika Hui Pū ʻIa","localized":"Акш"},"he":{"code":"IL","native":"ישראל","localized":"Израиль"},"hi":{"code":"IN","native":"भारत","localized":"Индия"},"hr":{"code":"HR","native":"Hrvatska","localized":"Хорватия"},"hu":{"code":"HU","native":"Magyarország","localized":"Венгрия"},"hy":{"code":"AM","native":"Հայաստան","localized":"Әрмәнстан"},"id":{"code":"ID","native":"Indonesia","localized":"Индонезия"},"ig":{"code":"NG","native":"Naịjịrịa","localized":"Нигерия"},"is":{"code":"IS","native":"Ísland","localized":"Исландия"},"it":{"code":"IT","native":"Italia","localized":"Италия"},"ja":{"code":"JP","native":"日本","localized":"Япония"},"ka":{"code":"GE","native":"საქართველო","localized":"Грузия"},"kk":{"code":"KZ","native":"Қазақстан","localized":"Казахстан"},"km":{"code":"KH","native":"កម្ពុជា","localized":"Камбоджа"},"kn":{"code":"IN","native":"ಭಾರತ","localized":"Индия"},"ko":{"code":"KR","native":"대한민국","localized":"Kr"},"ku":{"code":"TR","native":"Tirkiye","localized":"Төркия"},"ky":{"code":"KG","native":"Кыргызстан","localized":"Кыргызстан"},"lb":{"code":"LU","native":"Lëtzebuerg","localized":"Люксембург"},"lg":{"code":"UG","native":"Yuganda","localized":"Уганда"},"ln":{"code":"CD","native":"Republíki Ya Kongó Demokratíki","localized":"Конго (Кдр)"},"lo":{"code":"LA","native":"ລາວ","localized":"Лаос"},"lt":{"code":"LT","native":"Lietuva","localized":"Литва"},"lv":{"code":"LV","native":"Latvija","localized":"Латвия"},"mai":{"code":"IN","native":"भारत","localized":"Индия"},"mg":{"code":"MG","native":"Madagasikara","localized":"Мадагаскар"},"mi":{"code":"NZ","native":"Aotearoa","localized":"Яңа Зеландия"},"mk":{"code":"MK","native":"Северна Македонија","localized":"Төньяк Македония"},"ml":{"code":"IN","native":"ഇന്ത്യ","localized":"Индия"},"mn":{"code":"MN","native":"Монгол","localized":"Монголия"},"mni_Mtei":{"code":"IN","native":"India","localized":"Индия"},"mr":{"code":"IN","native":"भारत","localized":"Индия"},"ms":{"code":"MY","native":"Malaysia","localized":"Малайзия"},"mt":{"code":"MT","native":"Malta","localized":"Мальта"},"my":{"code":"MM","native":"မြန်မာ","localized":"Mm"},"nb":{"code":"NO","native":"Norge","localized":"Норвегия"},"ne":{"code":"NP","native":"नेपाल","localized":"Непал"},"nl":{"code":"NL","native":"Nederland","localized":"Нидерланд"},"nn":{"code":"NO","native":"Noreg","localized":"Норвегия"},"oc":{"code":"FR","native":"Fr","localized":"Франция"},"om":{"code":"ET","native":"Itoophiyaa","localized":"Эфиопия"},"or":{"code":"IN","native":"ଭାରତ","localized":"Индия"},"pa":{"code":"IN","native":"ਭਾਰਤ","localized":"Индия"},"pl":{"code":"PL","native":"Polska","localized":"Польша"},"ps":{"code":"AF","native":"افغانستان","localized":"Әфганстан"},"pt":{"code":"BR","native":"Brasil","localized":"Бразилия"},"pt_BR":{"code":"BR","native":"Brasil","localized":"Бразилия"},"qu":{"code":"PE","native":"Perú","localized":"Перу"},"ro":{"code":"RO","native":"România","localized":"Румыния"},"ru":{"code":"RU","native":"Россия","localized":"Россия"},"rw":{"code":"RW","native":"U Rwanda","localized":"Руанда"},"sa":{"code":"IN","native":"भारतः","localized":"Индия"},"sc":{"code":"IT","native":"Itàlia","localized":"Италия"},"sd":{"code":"PK","native":"پاڪستان","localized":"Пакистан"},"si":{"code":"LK","native":"ශ්‍රී ලංකාව","localized":"Шри-Ланка"},"sk":{"code":"SK","native":"Slovensko","localized":"Словакия"},"sl":{"code":"SI","native":"Slovenija","localized":"Словения"},"sn":{"code":"ZW","native":"Zimbabwe","localized":"Зимбабве"},"so":{"code":"SO","native":"Soomaaliya","localized":"Сомали"},"sq":{"code":"AL","native":"Shqipëri","localized":"Албания"},"sr_Cyrl":{"code":"RS","native":"Србија","localized":"Сербия"},"sr_Latn":{"code":"RS","native":"Serbia","localized":"Сербия"},"sr_Latn_ME":{"code":"ME","native":"Montenegro","localized":"Черногория"},"su":{"code":"ID","native":"Indonesia","localized":"Индонезия"},"sv":{"code":"SE","native":"Sverige","localized":"Швеция"},"sw":{"code":"TZ","native":"Tanzania","localized":"Танзания"},"ta":{"code":"IN","native":"இந்தியா","localized":"Индия"},"te":{"code":"IN","native":"భారతదేశం","localized":"Индия"},"tg":{"code":"TJ","native":"Тоҷикистон","localized":"Таҗикстан"},"th":{"code":"TH","native":"ไทย","localized":"Тайланд"},"ti":{"code":"ET","native":"ኢትዮጵያ","localized":"Эфиопия"},"tk":{"code":"TM","native":"Türkmenistan","localized":"Төркмәнстан"},"tl":{"code":"PH","native":"Philippines","localized":"Филиппин"},"tr":{"code":"TR","native":"Türkiye","localized":"Төркия"},"tt":{"code":"RU","native":"Россия","localized":"Россия"},"ug":{"code":"CN","native":"جۇڭگو","localized":"Кытай"},"uk":{"code":"UA","native":"Україна","localized":"Украина"},"ur":{"code":"PK","native":"پاکستان","localized":"Пакистан"},"uz_Cyrl":{"code":"UZ","native":"Uzbekistan","localized":"Үзбәкстан"},"uz_Latn":{"code":"UZ","native":"Oʻzbekiston","localized":"Үзбәкстан"},"vi":{"code":"VN","native":"Việt Nam","localized":"Вьетнам"},"xh":{"code":"ZA","native":"Emzantsi Afrika","localized":"Көньяк Африка"},"yi":{"code":"001","native":"וועלט","localized":"001"},"yo":{"code":"NG","native":"Nàìjíríà","localized":"Нигерия"},"zh_CN":{"code":"CN","native":"中国","localized":"Кытай"},"zh_HK":{"code":"HK","native":"中国香港特别行政区","localized":"Гонконг Махсус Идарәле Төбәге"},"zh_TW":{"code":"TW","native":"台湾","localized":"Тайвань"},"zu":{"code":"ZA","native":"Iningizimu Afrika","localized":"Көньяк Африка"}}
