{"af":{"code":"ZA","native":"Suid-Afrika","localized":"جەنۇبىي ئافرىقا"},"ak":{"code":"GH","native":"Gaana","localized":"گانا"},"am":{"code":"ET","native":"ኢትዮጵያ","localized":"ئېفىيوپىيە"},"ar":{"code":"EG","native":"مصر","localized":"مىسىر"},"as":{"code":"IN","native":"ভাৰত","localized":"ھىندىستان"},"az":{"code":"AZ","native":"Azərbaycan","localized":"ئەزەربەيجان"},"be":{"code":"BY","native":"Беларусь","localized":"بېلارۇسىيە"},"bg":{"code":"BG","native":"България","localized":"بۇلغارىيە"},"bho":{"code":"IN","native":"भारत","localized":"ھىندىستان"},"bm":{"code":"ML","native":"Mali","localized":"مالى"},"bn":{"code":"BD","native":"বাংলাদেশ","localized":"بېنگال"},"bs":{"code":"BA","native":"Bosna I Hercegovina","localized":"بوسىنىيە ۋە گېرتسېگوۋىنا"},"ca":{"code":"ES","native":"Espanya","localized":"ئىسپانىيە"},"ceb":{"code":"PH","native":"Pilipinas","localized":"فىلىپپىن"},"ckb":{"code":"IQ","native":"عێراق","localized":"ئىراق"},"cs":{"code":"CZ","native":"Česko","localized":"چېخ جۇمھۇرىيىتى"},"cy":{"code":"GB","native":"Y Deyrnas Unedig","localized":"بىرلەشمە پادىشاھلىق"},"da":{"code":"DK","native":"Danmark","localized":"دانىيە"},"de":{"code":"DE","native":"Deutschland","localized":"گېرمانىيە"},"de_CH":{"code":"CH","native":"Schweiz","localized":"شىۋېتسارىيە"},"doi":{"code":"IN","native":"भारत","localized":"ھىندىستان"},"ee":{"code":"GH","native":"Ghana Nutome","localized":"گانا"},"el":{"code":"GR","native":"Ελλάδα","localized":"گىرېتسىيە"},"en":{"code":"US","native":"United States","localized":"ئامېرىكا قوشما ئىشتاتلىرى"},"en_CA":{"code":"CA","native":"Canada","localized":"كانادا"},"eo":{"code":"001","native":"Mondo","localized":"دۇنيا"},"es":{"code":"ES","native":"España","localized":"ئىسپانىيە"},"et":{"code":"EE","native":"Eesti","localized":"ئېستونىيە"},"eu":{"code":"ES","native":"Espainia","localized":"ئىسپانىيە"},"fa":{"code":"IR","native":"ایران","localized":"ئىران"},"fi":{"code":"FI","native":"Suomi","localized":"فىنلاندىيە"},"fil":{"code":"PH","native":"Pilipinas","localized":"فىلىپپىن"},"fr":{"code":"FR","native":"France","localized":"فىرانسىيە"},"fy":{"code":"NL","native":"Nederlân","localized":"گوللاندىيە"},"ga":{"code":"IE","native":"Éire","localized":"ئىرېلاندىيە"},"gd":{"code":"GB","native":"An Rìoghachd Aonaichte","localized":"بىرلەشمە پادىشاھلىق"},"gl":{"code":"ES","native":"España","localized":"ئىسپانىيە"},"gu":{"code":"IN","native":"ભારત","localized":"ھىندىستان"},"ha":{"code":"NG","native":"Nijeriya","localized":"نىگېرىيە"},"haw":{"code":"US","native":"ʻAmelika Hui Pū ʻIa","localized":"ئامېرىكا قوشما ئىشتاتلىرى"},"he":{"code":"IL","native":"ישראל","localized":"ئىسرائىلىيە"},"hi":{"code":"IN","native":"भारत","localized":"ھىندىستان"},"hr":{"code":"HR","native":"Hrvatska","localized":"كىرودىيە"},"hu":{"code":"HU","native":"Magyarország","localized":"ۋېنگىرىيە"},"hy":{"code":"AM","native":"Հայաստան","localized":"ئەرمېنىيە"},"id":{"code":"ID","native":"Indonesia","localized":"ھىندونېزىيە"},"ig":{"code":"NG","native":"Naịjịrịa","localized":"نىگېرىيە"},"is":{"code":"IS","native":"Ísland","localized":"ئىسلاندىيە"},"it":{"code":"IT","native":"Italia","localized":"ئىتالىيە"},"ja":{"code":"JP","native":"日本","localized":"ياپونىيە"},"ka":{"code":"GE","native":"საქართველო","localized":"گىرۇزىيە"},"kk":{"code":"KZ","native":"Қазақстан","localized":"قازاقىستان"},"km":{"code":"KH","native":"កម្ពុជា","localized":"كامبودژا"},"kn":{"code":"IN","native":"ಭಾರತ","localized":"ھىندىستان"},"ko":{"code":"KR","native":"대한민국","localized":"كورېيە"},"ku":{"code":"TR","native":"Tirkiye","localized":"تۈركىيە"},"ky":{"code":"KG","native":"Кыргызстан","localized":"قىرغىزىستان"},"lb":{"code":"LU","native":"Lëtzebuerg","localized":"لىيۇكسېمبۇرگ"},"lg":{"code":"UG","native":"Yuganda","localized":"ئۇگاندا"},"ln":{"code":"CD","native":"Republíki Ya Kongó Demokratíki","localized":"كونگو - كىنشاسا"},"lo":{"code":"LA","native":"ລາວ","localized":"لائوس"},"lt":{"code":"LT","native":"Lietuva","localized":"لىتۋانىيە"},"lv":{"code":"LV","native":"Latvija","localized":"لاتۋىيە"},"mai":{"code":"IN","native":"भारत","localized":"ھىندىستان"},"mg":{"code":"MG","native":"Madagasikara","localized":"ماداغاسقار"},"mi":{"code":"NZ","native":"Aotearoa","localized":"يېڭى زېلاندىيە"},"mk":{"code":"MK","native":"Северна Македонија","localized":"شىمالىي ماكېدونىيە"},"ml":{"code":"IN","native":"ഇന്ത്യ","localized":"ھىندىستان"},"mn":{"code":"MN","native":"Монгол","localized":"موڭغۇلىيە"},"mni_Mtei":{"code":"IN","native":"India","localized":"ھىندىستان"},"mr":{"code":"IN","native":"भारत","localized":"ھىندىستان"},"ms":{"code":"MY","native":"Malaysia","localized":"مالايسىيا"},"mt":{"code":"MT","native":"Malta","localized":"مالتا"},"my":{"code":"MM","native":"မြန်မာ","localized":"بىرما"},"nb":{"code":"NO","native":"Norge","localized":"نورۋېگىيە"},"ne":{"code":"NP","native":"नेपाल","localized":"نېپال"},"nl":{"code":"NL","native":"Nederland","localized":"گوللاندىيە"},"nn":{"code":"NO","native":"Noreg","localized":"نورۋېگىيە"},"oc":{"code":"FR","native":"Fr","localized":"فىرانسىيە"},"om":{"code":"ET","native":"Itoophiyaa","localized":"ئېفىيوپىيە"},"or":{"code":"IN","native":"ଭାରତ","localized":"ھىندىستان"},"pa":{"code":"IN","native":"ਭਾਰਤ","localized":"ھىندىستان"},"pl":{"code":"PL","native":"Polska","localized":"پولشا"},"ps":{"code":"AF","native":"افغانستان","localized":"ئافغانىستان"},"pt":{"code":"BR","native":"Brasil","localized":"بىرازىلىيە"},"pt_BR":{"code":"BR","native":"Brasil","localized":"بىرازىلىيە"},"qu":{"code":"PE","native":"Perú","localized":"پېرۇ"},"ro":{"code":"RO","native":"România","localized":"رومىنىيە"},"ru":{"code":"RU","native":"Россия","localized":"رۇسىيە"},"rw":{"code":"RW","native":"U Rwanda","localized":"رىۋاندا"},"sa":{"code":"IN","native":"भारतः","localized":"ھىندىستان"},"sc":{"code":"IT","native":"Itàlia","localized":"ئىتالىيە"},"sd":{"code":"PK","native":"پاڪستان","localized":"پاكىستان"},"si":{"code":"LK","native":"ශ්‍රී ලංකාව","localized":"سىرىلانكا"},"sk":{"code":"SK","native":"Slovensko","localized":"سىلوۋاكىيە"},"sl":{"code":"SI","native":"Slovenija","localized":"سىلوۋېنىيە"},"sn":{"code":"ZW","native":"Zimbabwe","localized":"زىمبابۋې"},"so":{"code":"SO","native":"Soomaaliya","localized":"سومالى"},"sq":{"code":"AL","native":"Shqipëri","localized":"ئالبانىيە"},"sr_Cyrl":{"code":"RS","native":"Србија","localized":"سېربىيە"},"sr_Latn":{"code":"RS","native":"Serbia","localized":"سېربىيە"},"sr_Latn_ME":{"code":"ME","native":"Montenegro","localized":"قارا تاغ"},"su":{"code":"ID","native":"Indonesia","localized":"ھىندونېزىيە"},"sv":{"code":"SE","native":"Sverige","localized":"شىۋېتسىيە"},"sw":{"code":"TZ","native":"Tanzania","localized":"تانزانىيە"},"ta":{"code":"IN","native":"இந்தியா","localized":"ھىندىستان"},"te":{"code":"IN","native":"భారతదేశం","localized":"ھىندىستان"},"tg":{"code":"TJ","native":"Тоҷикистон","localized":"تاجىكىستان"},"th":{"code":"TH","native":"ไทย","localized":"تايلاند"},"ti":{"code":"ET","native":"ኢትዮጵያ","localized":"ئېفىيوپىيە"},"tk":{"code":"TM","native":"Türkmenistan","localized":"تۈركمەنىستان"},"tl":{"code":"PH","native":"Philippines","localized":"فىلىپپىن"},"tr":{"code":"TR","native":"Türkiye","localized":"تۈركىيە"},"tt":{"code":"RU","native":"Россия","localized":"رۇسىيە"},"ug":{"code":"CN","native":"جۇڭگو","localized":"جۇڭگو"},"uk":{"code":"UA","native":"Україна","localized":"ئۇكرائىنا"},"ur":{"code":"PK","native":"پاکستان","localized":"پاكىستان"},"uz_Cyrl":{"code":"UZ","native":"Uzbekistan","localized":"ئۆزبېكىستان"},"uz_Latn":{"code":"UZ","native":"Oʻzbekiston","localized":"ئۆزبېكىستان"},"vi":{"code":"VN","native":"Việt Nam","localized":"ۋىيېتنام"},"xh":{"code":"ZA","native":"Emzantsi Afrika","localized":"جەنۇبىي ئافرىقا"},"yi":{"code":"001","native":"וועלט","localized":"دۇنيا"},"yo":{"code":"NG","native":"Nàìjíríà","localized":"نىگېرىيە"},"zh_CN":{"code":"CN","native":"中国","localized":"جۇڭگو"},"zh_HK":{"code":"HK","native":"中国香港特别行政区","localized":"شياڭگاڭ ئالاھىدە مەمۇرىي رايونى (جۇڭگو)"},"zh_TW":{"code":"TW","native":"台湾","localized":"تەيۋەن"},"zu":{"code":"ZA","native":"Iningizimu Afrika","localized":"جەنۇبىي ئافرىقا"}}
