{"af":{"code":"ZA","native":"Suid-Afrika","localized":"Південно-Африканська Республіка"},"ak":{"code":"GH","native":"Gaana","localized":"Гана"},"am":{"code":"ET","native":"ኢትዮጵያ","localized":"Ефіопія"},"ar":{"code":"EG","native":"مصر","localized":"Єгипет"},"as":{"code":"IN","native":"ভাৰত","localized":"Індія"},"az":{"code":"AZ","native":"Azərbaycan","localized":"Азербайджан"},"be":{"code":"BY","native":"Беларусь","localized":"Білорусь"},"bg":{"code":"BG","native":"България","localized":"Болгарія"},"bho":{"code":"IN","native":"भारत","localized":"Індія"},"bm":{"code":"ML","native":"Mali","localized":"Малі"},"bn":{"code":"BD","native":"বাংলাদেশ","localized":"Бангладеш"},"bs":{"code":"BA","native":"Bosna I Hercegovina","localized":"Боснія І Герцеговина"},"ca":{"code":"ES","native":"Espanya","localized":"Іспанія"},"ceb":{"code":"PH","native":"Pilipinas","localized":"Філіппіни"},"ckb":{"code":"IQ","native":"عێراق","localized":"Ірак"},"cs":{"code":"CZ","native":"Česko","localized":"Чехія"},"cy":{"code":"GB","native":"Y Deyrnas Unedig","localized":"Велика Британія"},"da":{"code":"DK","native":"Danmark","localized":"Данія"},"de":{"code":"DE","native":"Deutschland","localized":"Німеччина"},"de_CH":{"code":"CH","native":"Schweiz","localized":"Швейцарія"},"doi":{"code":"IN","native":"भारत","localized":"Індія"},"ee":{"code":"GH","native":"Ghana Nutome","localized":"Гана"},"el":{"code":"GR","native":"Ελλάδα","localized":"Греція"},"en":{"code":"US","native":"United States","localized":"Сполучені Штати"},"en_CA":{"code":"CA","native":"Canada","localized":"Канада"},"eo":{"code":"001","native":"Mondo","localized":"Світ"},"es":{"code":"ES","native":"España","localized":"Іспанія"},"et":{"code":"EE","native":"Eesti","localized":"Естонія"},"eu":{"code":"ES","native":"Espainia","localized":"Іспанія"},"fa":{"code":"IR","native":"ایران","localized":"Іран"},"fi":{"code":"FI","native":"Suomi","localized":"Фінляндія"},"fil":{"code":"PH","native":"Pilipinas","localized":"Філіппіни"},"fr":{"code":"FR","native":"France","localized":"Франція"},"fy":{"code":"NL","native":"Nederlân","localized":"Нідерланди"},"ga":{"code":"IE","native":"Éire","localized":"Ірландія"},"gd":{"code":"GB","native":"An Rìoghachd Aonaichte","localized":"Велика Британія"},"gl":{"code":"ES","native":"España","localized":"Іспанія"},"gu":{"code":"IN","native":"ભારત","localized":"Індія"},"ha":{"code":"NG","native":"Nijeriya","localized":"Нігерія"},"haw":{"code":"US","native":"ʻAmelika Hui Pū ʻIa","localized":"Сполучені Штати"},"he":{"code":"IL","native":"ישראל","localized":"Ізраїль"},"hi":{"code":"IN","native":"भारत","localized":"Індія"},"hr":{"code":"HR","native":"Hrvatska","localized":"Хорватія"},"hu":{"code":"HU","native":"Magyarország","localized":"Угорщина"},"hy":{"code":"AM","native":"Հայաստան","localized":"Вірменія"},"id":{"code":"ID","native":"Indonesia","localized":"Індонезія"},"ig":{"code":"NG","native":"Naịjịrịa","localized":"Нігерія"},"is":{"code":"IS","native":"Ísland","localized":"Ісландія"},"it":{"code":"IT","native":"Italia","localized":"Італія"},"ja":{"code":"JP","native":"日本","localized":"Японія"},"ka":{"code":"GE","native":"საქართველო","localized":"Грузія"},"kk":{"code":"KZ","native":"Қазақстан","localized":"Казахстан"},"km":{"code":"KH","native":"កម្ពុជា","localized":"Камбоджа"},"kn":{"code":"IN","native":"ಭಾರತ","localized":"Індія"},"ko":{"code":"KR","native":"대한민국","localized":"Південна Корея"},"ku":{"code":"TR","native":"Tirkiye","localized":"Туреччина"},"ky":{"code":"KG","native":"Кыргызстан","localized":"Киргизстан"},"lb":{"code":"LU","native":"Lëtzebuerg","localized":"Люксембург"},"lg":{"code":"UG","native":"Yuganda","localized":"Уганда"},"ln":{"code":"CD","native":"Republíki Ya Kongó Demokratíki","localized":"Конго – Кіншаса"},"lo":{"code":"LA","native":"ລາວ","localized":"Лаос"},"lt":{"code":"LT","native":"Lietuva","localized":"Литва"},"lv":{"code":"LV","native":"Latvija","localized":"Латвія"},"mai":{"code":"IN","native":"भारत","localized":"Індія"},"mg":{"code":"MG","native":"Madagasikara","localized":"Мадагаскар"},"mi":{"code":"NZ","native":"Aotearoa","localized":"Нова Зеландія"},"mk":{"code":"MK","native":"Северна Македонија","localized":"Північна Македонія"},"ml":{"code":"IN","native":"ഇന്ത്യ","localized":"Індія"},"mn":{"code":"MN","native":"Монгол","localized":"Монголія"},"mni_Mtei":{"code":"IN","native":"India","localized":"Індія"},"mr":{"code":"IN","native":"भारत","localized":"Індія"},"ms":{"code":"MY","native":"Malaysia","localized":"Малайзія"},"mt":{"code":"MT","native":"Malta","localized":"Мальта"},"my":{"code":"MM","native":"မြန်မာ","localized":"Мʼянма (Бірма)"},"nb":{"code":"NO","native":"Norge","localized":"Норвегія"},"ne":{"code":"NP","native":"नेपाल","localized":"Непал"},"nl":{"code":"NL","native":"Nederland","localized":"Нідерланди"},"nn":{"code":"NO","native":"Noreg","localized":"Норвегія"},"oc":{"code":"FR","native":"Fr","localized":"Франція"},"om":{"code":"ET","native":"Itoophiyaa","localized":"Ефіопія"},"or":{"code":"IN","native":"ଭାରତ","localized":"Індія"},"pa":{"code":"IN","native":"ਭਾਰਤ","localized":"Індія"},"pl":{"code":"PL","native":"Polska","localized":"Польща"},"ps":{"code":"AF","native":"افغانستان","localized":"Афганістан"},"pt":{"code":"BR","native":"Brasil","localized":"Бразилія"},"pt_BR":{"code":"BR","native":"Brasil","localized":"Бразилія"},"qu":{"code":"PE","native":"Perú","localized":"Перу"},"ro":{"code":"RO","native":"România","localized":"Румунія"},"ru":{"code":"RU","native":"Россия","localized":"Росія"},"rw":{"code":"RW","native":"U Rwanda","localized":"Руанда"},"sa":{"code":"IN","native":"भारतः","localized":"Індія"},"sc":{"code":"IT","native":"Itàlia","localized":"Італія"},"sd":{"code":"PK","native":"پاڪستان","localized":"Пакистан"},"si":{"code":"LK","native":"ශ්‍රී ලංකාව","localized":"Шрі-Ланка"},"sk":{"code":"SK","native":"Slovensko","localized":"Словаччина"},"sl":{"code":"SI","native":"Slovenija","localized":"Словенія"},"sn":{"code":"ZW","native":"Zimbabwe","localized":"Зімбабве"},"so":{"code":"SO","native":"Soomaaliya","localized":"Сомалі"},"sq":{"code":"AL","native":"Shqipëri","localized":"Албанія"},"sr_Cyrl":{"code":"RS","native":"Србија","localized":"Сербія"},"sr_Latn":{"code":"RS","native":"Serbia","localized":"Сербія"},"sr_Latn_ME":{"code":"ME","native":"Montenegro","localized":"Чорногорія"},"su":{"code":"ID","native":"Indonesia","localized":"Індонезія"},"sv":{"code":"SE","native":"Sverige","localized":"Швеція"},"sw":{"code":"TZ","native":"Tanzania","localized":"Танзанія"},"ta":{"code":"IN","native":"இந்தியா","localized":"Індія"},"te":{"code":"IN","native":"భారతదేశం","localized":"Індія"},"tg":{"code":"TJ","native":"Тоҷикистон","localized":"Таджикистан"},"th":{"code":"TH","native":"ไทย","localized":"Таїланд"},"ti":{"code":"ET","native":"ኢትዮጵያ","localized":"Ефіопія"},"tk":{"code":"TM","native":"Türkmenistan","localized":"Туркменістан"},"tl":{"code":"PH","native":"Philippines","localized":"Філіппіни"},"tr":{"code":"TR","native":"Türkiye","localized":"Туреччина"},"tt":{"code":"RU","native":"Россия","localized":"Росія"},"ug":{"code":"CN","native":"جۇڭگو","localized":"Китай"},"uk":{"code":"UA","native":"Україна","localized":"Україна"},"ur":{"code":"PK","native":"پاکستان","localized":"Пакистан"},"uz_Cyrl":{"code":"UZ","native":"Uzbekistan","localized":"Узбекистан"},"uz_Latn":{"code":"UZ","native":"Oʻzbekiston","localized":"Узбекистан"},"vi":{"code":"VN","native":"Việt Nam","localized":"Вʼєтнам"},"xh":{"code":"ZA","native":"Emzantsi Afrika","localized":"Південно-Африканська Республіка"},"yi":{"code":"001","native":"וועלט","localized":"Світ"},"yo":{"code":"NG","native":"Nàìjíríà","localized":"Нігерія"},"zh_CN":{"code":"CN","native":"中国","localized":"Китай"},"zh_HK":{"code":"HK","native":"中国香港特别行政区","localized":"Гонконг, Оар Китаю"},"zh_TW":{"code":"TW","native":"台湾","localized":"Тайвань"},"zu":{"code":"ZA","native":"Iningizimu Afrika","localized":"Південно-Африканська Республіка"}}
