{"af":{"code":"ZA","native":"Suid-Afrika","localized":"جنوبی افریقہ"},"ak":{"code":"GH","native":"Gaana","localized":"گھانا"},"am":{"code":"ET","native":"ኢትዮጵያ","localized":"ایتھوپیا"},"ar":{"code":"EG","native":"مصر","localized":"مصر"},"as":{"code":"IN","native":"ভাৰত","localized":"بھارت"},"az":{"code":"AZ","native":"Azərbaycan","localized":"آذربائیجان"},"be":{"code":"BY","native":"Беларусь","localized":"بیلاروس"},"bg":{"code":"BG","native":"България","localized":"بلغاریہ"},"bho":{"code":"IN","native":"भारत","localized":"بھارت"},"bm":{"code":"ML","native":"Mali","localized":"مالی"},"bn":{"code":"BD","native":"বাংলাদেশ","localized":"بنگلہ دیش"},"bs":{"code":"BA","native":"Bosna I Hercegovina","localized":"بوسنیا اور ہرزیگووینا"},"ca":{"code":"ES","native":"Espanya","localized":"ہسپانیہ"},"ceb":{"code":"PH","native":"Pilipinas","localized":"فلپائن"},"ckb":{"code":"IQ","native":"عێراق","localized":"عراق"},"cs":{"code":"CZ","native":"Česko","localized":"چیکیا"},"cy":{"code":"GB","native":"Y Deyrnas Unedig","localized":"سلطنت متحدہ"},"da":{"code":"DK","native":"Danmark","localized":"ڈنمارک"},"de":{"code":"DE","native":"Deutschland","localized":"جرمنی"},"de_CH":{"code":"CH","native":"Schweiz","localized":"سوئٹزر لینڈ"},"doi":{"code":"IN","native":"भारत","localized":"بھارت"},"ee":{"code":"GH","native":"Ghana Nutome","localized":"گھانا"},"el":{"code":"GR","native":"Ελλάδα","localized":"یونان"},"en":{"code":"US","native":"United States","localized":"ریاست ہائے متحدہ امریکہ"},"en_CA":{"code":"CA","native":"Canada","localized":"کینیڈا"},"eo":{"code":"001","native":"Mondo","localized":"دنیا"},"es":{"code":"ES","native":"España","localized":"ہسپانیہ"},"et":{"code":"EE","native":"Eesti","localized":"اسٹونیا"},"eu":{"code":"ES","native":"Espainia","localized":"ہسپانیہ"},"fa":{"code":"IR","native":"ایران","localized":"ایران"},"fi":{"code":"FI","native":"Suomi","localized":"فن لینڈ"},"fil":{"code":"PH","native":"Pilipinas","localized":"فلپائن"},"fr":{"code":"FR","native":"France","localized":"فرانس"},"fy":{"code":"NL","native":"Nederlân","localized":"نیدر لینڈز"},"ga":{"code":"IE","native":"Éire","localized":"آئرلینڈ"},"gd":{"code":"GB","native":"An Rìoghachd Aonaichte","localized":"سلطنت متحدہ"},"gl":{"code":"ES","native":"España","localized":"ہسپانیہ"},"gu":{"code":"IN","native":"ભારત","localized":"بھارت"},"ha":{"code":"NG","native":"Nijeriya","localized":"نائجیریا"},"haw":{"code":"US","native":"ʻAmelika Hui Pū ʻIa","localized":"ریاست ہائے متحدہ امریکہ"},"he":{"code":"IL","native":"ישראל","localized":"اسرائیل"},"hi":{"code":"IN","native":"भारत","localized":"بھارت"},"hr":{"code":"HR","native":"Hrvatska","localized":"کروشیا"},"hu":{"code":"HU","native":"Magyarország","localized":"ہنگری"},"hy":{"code":"AM","native":"Հայաստան","localized":"آرمینیا"},"id":{"code":"ID","native":"Indonesia","localized":"انڈونیشیا"},"ig":{"code":"NG","native":"Naịjịrịa","localized":"نائجیریا"},"is":{"code":"IS","native":"Ísland","localized":"آئس لینڈ"},"it":{"code":"IT","native":"Italia","localized":"اٹلی"},"ja":{"code":"JP","native":"日本","localized":"جاپان"},"ka":{"code":"GE","native":"საქართველო","localized":"جارجیا"},"kk":{"code":"KZ","native":"Қазақстан","localized":"قزاخستان"},"km":{"code":"KH","native":"កម្ពុជា","localized":"کمبوڈیا"},"kn":{"code":"IN","native":"ಭಾರತ","localized":"بھارت"},"ko":{"code":"KR","native":"대한민국","localized":"جنوبی کوریا"},"ku":{"code":"TR","native":"Tirkiye","localized":"ترکی"},"ky":{"code":"KG","native":"Кыргызстан","localized":"کرغزستان"},"lb":{"code":"LU","native":"Lëtzebuerg","localized":"لکسمبرگ"},"lg":{"code":"UG","native":"Yuganda","localized":"یوگنڈا"},"ln":{"code":"CD","native":"Republíki Ya Kongó Demokratíki","localized":"کانگو - کنشاسا"},"lo":{"code":"LA","native":"ລາວ","localized":"لاؤس"},"lt":{"code":"LT","native":"Lietuva","localized":"لیتھونیا"},"lv":{"code":"LV","native":"Latvija","localized":"لٹویا"},"mai":{"code":"IN","native":"भारत","localized":"بھارت"},"mg":{"code":"MG","native":"Madagasikara","localized":"مڈغاسکر"},"mi":{"code":"NZ","native":"Aotearoa","localized":"نیوزی لینڈ"},"mk":{"code":"MK","native":"Северна Македонија","localized":"شمالی مقدونیہ"},"ml":{"code":"IN","native":"ഇന്ത്യ","localized":"بھارت"},"mn":{"code":"MN","native":"Монгол","localized":"منگولیا"},"mni_Mtei":{"code":"IN","native":"India","localized":"بھارت"},"mr":{"code":"IN","native":"भारत","localized":"بھارت"},"ms":{"code":"MY","native":"Malaysia","localized":"ملائشیا"},"mt":{"code":"MT","native":"Malta","localized":"مالٹا"},"my":{"code":"MM","native":"မြန်မာ","localized":"میانمار (برما)"},"nb":{"code":"NO","native":"Norge","localized":"ناروے"},"ne":{"code":"NP","native":"नेपाल","localized":"نیپال"},"nl":{"code":"NL","native":"Nederland","localized":"نیدر لینڈز"},"nn":{"code":"NO","native":"Noreg","localized":"ناروے"},"oc":{"code":"FR","native":"Fr","localized":"فرانس"},"om":{"code":"ET","native":"Itoophiyaa","localized":"ایتھوپیا"},"or":{"code":"IN","native":"ଭାରତ","localized":"بھارت"},"pa":{"code":"IN","native":"ਭਾਰਤ","localized":"بھارت"},"pl":{"code":"PL","native":"Polska","localized":"پولینڈ"},"ps":{"code":"AF","native":"افغانستان","localized":"افغانستان"},"pt":{"code":"BR","native":"Brasil","localized":"برازیل"},"pt_BR":{"code":"BR","native":"Brasil","localized":"برازیل"},"qu":{"code":"PE","native":"Perú","localized":"پیرو"},"ro":{"code":"RO","native":"România","localized":"رومانیہ"},"ru":{"code":"RU","native":"Россия","localized":"روس"},"rw":{"code":"RW","native":"U Rwanda","localized":"روانڈا"},"sa":{"code":"IN","native":"भारतः","localized":"بھارت"},"sc":{"code":"IT","native":"Itàlia","localized":"اٹلی"},"sd":{"code":"PK","native":"پاڪستان","localized":"پاکستان"},"si":{"code":"LK","native":"ශ්‍රී ලංකාව","localized":"سری لنکا"},"sk":{"code":"SK","native":"Slovensko","localized":"سلوواکیہ"},"sl":{"code":"SI","native":"Slovenija","localized":"سلووینیا"},"sn":{"code":"ZW","native":"Zimbabwe","localized":"زمبابوے"},"so":{"code":"SO","native":"Soomaaliya","localized":"صومالیہ"},"sq":{"code":"AL","native":"Shqipëri","localized":"البانیہ"},"sr_Cyrl":{"code":"RS","native":"Србија","localized":"سربیا"},"sr_Latn":{"code":"RS","native":"Serbia","localized":"سربیا"},"sr_Latn_ME":{"code":"ME","native":"Montenegro","localized":"مونٹے نیگرو"},"su":{"code":"ID","native":"Indonesia","localized":"انڈونیشیا"},"sv":{"code":"SE","native":"Sverige","localized":"سویڈن"},"sw":{"code":"TZ","native":"Tanzania","localized":"تنزانیہ"},"ta":{"code":"IN","native":"இந்தியா","localized":"بھارت"},"te":{"code":"IN","native":"భారతదేశం","localized":"بھارت"},"tg":{"code":"TJ","native":"Тоҷикистон","localized":"تاجکستان"},"th":{"code":"TH","native":"ไทย","localized":"تھائی لینڈ"},"ti":{"code":"ET","native":"ኢትዮጵያ","localized":"ایتھوپیا"},"tk":{"code":"TM","native":"Türkmenistan","localized":"ترکمانستان"},"tl":{"code":"PH","native":"Philippines","localized":"فلپائن"},"tr":{"code":"TR","native":"Türkiye","localized":"ترکی"},"tt":{"code":"RU","native":"Россия","localized":"روس"},"ug":{"code":"CN","native":"جۇڭگو","localized":"چین"},"uk":{"code":"UA","native":"Україна","localized":"یوکرین"},"ur":{"code":"PK","native":"پاکستان","localized":"پاکستان"},"uz_Cyrl":{"code":"UZ","native":"Uzbekistan","localized":"ازبکستان"},"uz_Latn":{"code":"UZ","native":"Oʻzbekiston","localized":"ازبکستان"},"vi":{"code":"VN","native":"Việt Nam","localized":"ویتنام"},"xh":{"code":"ZA","native":"Emzantsi Afrika","localized":"جنوبی افریقہ"},"yi":{"code":"001","native":"וועלט","localized":"دنیا"},"yo":{"code":"NG","native":"Nàìjíríà","localized":"نائجیریا"},"zh_CN":{"code":"CN","native":"中国","localized":"چین"},"zh_HK":{"code":"HK","native":"中国香港特别行政区","localized":"ہانگ کانگ Sar چین"},"zh_TW":{"code":"TW","native":"台湾","localized":"تائیوان"},"zu":{"code":"ZA","native":"Iningizimu Afrika","localized":"جنوبی افریقہ"}}
