{"af":{"code":"ZA","native":"Suid-Afrika","localized":"Janubiy Afrika Respublikasi"},"ak":{"code":"GH","native":"Gaana","localized":"Gana"},"am":{"code":"ET","native":"ኢትዮጵያ","localized":"Efiopiya"},"ar":{"code":"EG","native":"مصر","localized":"Misr"},"as":{"code":"IN","native":"ভাৰত","localized":"Hindiston"},"az":{"code":"AZ","native":"Azərbaycan","localized":"Ozarbayjon"},"be":{"code":"BY","native":"Беларусь","localized":"Belarus"},"bg":{"code":"BG","native":"България","localized":"Bolgariya"},"bho":{"code":"IN","native":"भारत","localized":"Hindiston"},"bm":{"code":"ML","native":"Mali","localized":"Mali"},"bn":{"code":"BD","native":"বাংলাদেশ","localized":"Bangladesh"},"bs":{"code":"BA","native":"Bosna I Hercegovina","localized":"Bosniya Va Gertsegovina"},"ca":{"code":"ES","native":"Espanya","localized":"Ispaniya"},"ceb":{"code":"PH","native":"Pilipinas","localized":"Filippin"},"ckb":{"code":"IQ","native":"عێراق","localized":"Iroq"},"cs":{"code":"CZ","native":"Česko","localized":"Chexiya"},"cy":{"code":"GB","native":"Y Deyrnas Unedig","localized":"Buyuk Britaniya"},"da":{"code":"DK","native":"Danmark","localized":"Daniya"},"de":{"code":"DE","native":"Deutschland","localized":"Germaniya"},"de_CH":{"code":"CH","native":"Schweiz","localized":"Shveytsariya"},"doi":{"code":"IN","native":"भारत","localized":"Hindiston"},"ee":{"code":"GH","native":"Ghana Nutome","localized":"Gana"},"el":{"code":"GR","native":"Ελλάδα","localized":"Gretsiya"},"en":{"code":"US","native":"United States","localized":"Amerika Qo‘shma Shtatlari"},"en_CA":{"code":"CA","native":"Canada","localized":"Kanada"},"eo":{"code":"001","native":"Mondo","localized":"Dunyo"},"es":{"code":"ES","native":"España","localized":"Ispaniya"},"et":{"code":"EE","native":"Eesti","localized":"Estoniya"},"eu":{"code":"ES","native":"Espainia","localized":"Ispaniya"},"fa":{"code":"IR","native":"ایران","localized":"Eron"},"fi":{"code":"FI","native":"Suomi","localized":"Finlandiya"},"fil":{"code":"PH","native":"Pilipinas","localized":"Filippin"},"fr":{"code":"FR","native":"France","localized":"Fransiya"},"fy":{"code":"NL","native":"Nederlân","localized":"Niderlandiya"},"ga":{"code":"IE","native":"Éire","localized":"Irlandiya"},"gd":{"code":"GB","native":"An Rìoghachd Aonaichte","localized":"Buyuk Britaniya"},"gl":{"code":"ES","native":"España","localized":"Ispaniya"},"gu":{"code":"IN","native":"ભારત","localized":"Hindiston"},"ha":{"code":"NG","native":"Nijeriya","localized":"Nigeriya"},"haw":{"code":"US","native":"ʻAmelika Hui Pū ʻIa","localized":"Amerika Qo‘shma Shtatlari"},"he":{"code":"IL","native":"ישראל","localized":"Isroil"},"hi":{"code":"IN","native":"भारत","localized":"Hindiston"},"hr":{"code":"HR","native":"Hrvatska","localized":"Xorvatiya"},"hu":{"code":"HU","native":"Magyarország","localized":"Vengriya"},"hy":{"code":"AM","native":"Հայաստան","localized":"Armaniston"},"id":{"code":"ID","native":"Indonesia","localized":"Indoneziya"},"ig":{"code":"NG","native":"Naịjịrịa","localized":"Nigeriya"},"is":{"code":"IS","native":"Ísland","localized":"Islandiya"},"it":{"code":"IT","native":"Italia","localized":"Italiya"},"ja":{"code":"JP","native":"日本","localized":"Yaponiya"},"ka":{"code":"GE","native":"საქართველო","localized":"Gruziya"},"kk":{"code":"KZ","native":"Қазақстан","localized":"Qozogʻiston"},"km":{"code":"KH","native":"កម្ពុជា","localized":"Kambodja"},"kn":{"code":"IN","native":"ಭಾರತ","localized":"Hindiston"},"ko":{"code":"KR","native":"대한민국","localized":"Janubiy Koreya"},"ku":{"code":"TR","native":"Tirkiye","localized":"Turkiya"},"ky":{"code":"KG","native":"Кыргызстан","localized":"Qirgʻiziston"},"lb":{"code":"LU","native":"Lëtzebuerg","localized":"Lyuksemburg"},"lg":{"code":"UG","native":"Yuganda","localized":"Uganda"},"ln":{"code":"CD","native":"Republíki Ya Kongó Demokratíki","localized":"Kongo – Kinshasa"},"lo":{"code":"LA","native":"ລາວ","localized":"Laos"},"lt":{"code":"LT","native":"Lietuva","localized":"Litva"},"lv":{"code":"LV","native":"Latvija","localized":"Latviya"},"mai":{"code":"IN","native":"भारत","localized":"Hindiston"},"mg":{"code":"MG","native":"Madagasikara","localized":"Madagaskar"},"mi":{"code":"NZ","native":"Aotearoa","localized":"Yangi Zelandiya"},"mk":{"code":"MK","native":"Северна Македонија","localized":"Shimoliy Makedoniya"},"ml":{"code":"IN","native":"ഇന്ത്യ","localized":"Hindiston"},"mn":{"code":"MN","native":"Монгол","localized":"Mongoliya"},"mni_Mtei":{"code":"IN","native":"India","localized":"Hindiston"},"mr":{"code":"IN","native":"भारत","localized":"Hindiston"},"ms":{"code":"MY","native":"Malaysia","localized":"Malayziya"},"mt":{"code":"MT","native":"Malta","localized":"Malta"},"my":{"code":"MM","native":"မြန်မာ","localized":"Myanma (Birma)"},"nb":{"code":"NO","native":"Norge","localized":"Norvegiya"},"ne":{"code":"NP","native":"नेपाल","localized":"Nepal"},"nl":{"code":"NL","native":"Nederland","localized":"Niderlandiya"},"nn":{"code":"NO","native":"Noreg","localized":"Norvegiya"},"oc":{"code":"FR","native":"Fr","localized":"Fransiya"},"om":{"code":"ET","native":"Itoophiyaa","localized":"Efiopiya"},"or":{"code":"IN","native":"ଭାରତ","localized":"Hindiston"},"pa":{"code":"IN","native":"ਭਾਰਤ","localized":"Hindiston"},"pl":{"code":"PL","native":"Polska","localized":"Polsha"},"ps":{"code":"AF","native":"افغانستان","localized":"Afgʻoniston"},"pt":{"code":"BR","native":"Brasil","localized":"Braziliya"},"pt_BR":{"code":"BR","native":"Brasil","localized":"Braziliya"},"qu":{"code":"PE","native":"Perú","localized":"Peru"},"ro":{"code":"RO","native":"România","localized":"Ruminiya"},"ru":{"code":"RU","native":"Россия","localized":"Rossiya"},"rw":{"code":"RW","native":"U Rwanda","localized":"Ruanda"},"sa":{"code":"IN","native":"भारतः","localized":"Hindiston"},"sc":{"code":"IT","native":"Itàlia","localized":"Italiya"},"sd":{"code":"PK","native":"پاڪستان","localized":"Pokiston"},"si":{"code":"LK","native":"ශ්‍රී ලංකාව","localized":"Shri-Lanka"},"sk":{"code":"SK","native":"Slovensko","localized":"Slovakiya"},"sl":{"code":"SI","native":"Slovenija","localized":"Sloveniya"},"sn":{"code":"ZW","native":"Zimbabwe","localized":"Zimbabve"},"so":{"code":"SO","native":"Soomaaliya","localized":"Somali"},"sq":{"code":"AL","native":"Shqipëri","localized":"Albaniya"},"sr_Cyrl":{"code":"RS","native":"Србија","localized":"Serbiya"},"sr_Latn":{"code":"RS","native":"Serbia","localized":"Serbiya"},"sr_Latn_ME":{"code":"ME","native":"Montenegro","localized":"Chernogoriya"},"su":{"code":"ID","native":"Indonesia","localized":"Indoneziya"},"sv":{"code":"SE","native":"Sverige","localized":"Shvetsiya"},"sw":{"code":"TZ","native":"Tanzania","localized":"Tanzaniya"},"ta":{"code":"IN","native":"இந்தியா","localized":"Hindiston"},"te":{"code":"IN","native":"భారతదేశం","localized":"Hindiston"},"tg":{"code":"TJ","native":"Тоҷикистон","localized":"Tojikiston"},"th":{"code":"TH","native":"ไทย","localized":"Tailand"},"ti":{"code":"ET","native":"ኢትዮጵያ","localized":"Efiopiya"},"tk":{"code":"TM","native":"Türkmenistan","localized":"Turkmaniston"},"tl":{"code":"PH","native":"Philippines","localized":"Filippin"},"tr":{"code":"TR","native":"Türkiye","localized":"Turkiya"},"tt":{"code":"RU","native":"Россия","localized":"Rossiya"},"ug":{"code":"CN","native":"جۇڭگو","localized":"Xitoy"},"uk":{"code":"UA","native":"Україна","localized":"Ukraina"},"ur":{"code":"PK","native":"پاکستان","localized":"Pokiston"},"uz_Cyrl":{"code":"UZ","native":"Uzbekistan","localized":"Oʻzbekiston"},"uz_Latn":{"code":"UZ","native":"Oʻzbekiston","localized":"Oʻzbekiston"},"vi":{"code":"VN","native":"Việt Nam","localized":"Vyetnam"},"xh":{"code":"ZA","native":"Emzantsi Afrika","localized":"Janubiy Afrika Respublikasi"},"yi":{"code":"001","native":"וועלט","localized":"Dunyo"},"yo":{"code":"NG","native":"Nàìjíríà","localized":"Nigeriya"},"zh_CN":{"code":"CN","native":"中国","localized":"Xitoy"},"zh_HK":{"code":"HK","native":"中国香港特别行政区","localized":"Gonkong (Xitoy Mmh)"},"zh_TW":{"code":"TW","native":"台湾","localized":"Tayvan"},"zu":{"code":"ZA","native":"Iningizimu Afrika","localized":"Janubiy Afrika Respublikasi"}}
