{"af":{"code":"ZA","native":"Suid-Afrika","localized":"Nam Phi"},"ak":{"code":"GH","native":"Gaana","localized":"Ghana"},"am":{"code":"ET","native":"ኢትዮጵያ","localized":"Ethiopia"},"ar":{"code":"EG","native":"مصر","localized":"Ai Cập"},"as":{"code":"IN","native":"ভাৰত","localized":"Ấn Độ"},"az":{"code":"AZ","native":"Azərbaycan","localized":"Azerbaijan"},"be":{"code":"BY","native":"Беларусь","localized":"Belarus"},"bg":{"code":"BG","native":"България","localized":"Bulgaria"},"bho":{"code":"IN","native":"भारत","localized":"Ấn Độ"},"bm":{"code":"ML","native":"Mali","localized":"Mali"},"bn":{"code":"BD","native":"বাংলাদেশ","localized":"Bangladesh"},"bs":{"code":"BA","native":"Bosna I Hercegovina","localized":"Bosnia Và Herzegovina"},"ca":{"code":"ES","native":"Espanya","localized":"Tây Ban Nha"},"ceb":{"code":"PH","native":"Pilipinas","localized":"Philippines"},"ckb":{"code":"IQ","native":"عێراق","localized":"Iraq"},"cs":{"code":"CZ","native":"Česko","localized":"Séc"},"cy":{"code":"GB","native":"Y Deyrnas Unedig","localized":"Vương Quốc Anh"},"da":{"code":"DK","native":"Danmark","localized":"Đan Mạch"},"de":{"code":"DE","native":"Deutschland","localized":"Đức"},"de_CH":{"code":"CH","native":"Schweiz","localized":"Thụy Sĩ"},"doi":{"code":"IN","native":"भारत","localized":"Ấn Độ"},"ee":{"code":"GH","native":"Ghana Nutome","localized":"Ghana"},"el":{"code":"GR","native":"Ελλάδα","localized":"Hy Lạp"},"en":{"code":"US","native":"United States","localized":"Hoa Kỳ"},"en_CA":{"code":"CA","native":"Canada","localized":"Canada"},"eo":{"code":"001","native":"Mondo","localized":"Thế Giới"},"es":{"code":"ES","native":"España","localized":"Tây Ban Nha"},"et":{"code":"EE","native":"Eesti","localized":"Estonia"},"eu":{"code":"ES","native":"Espainia","localized":"Tây Ban Nha"},"fa":{"code":"IR","native":"ایران","localized":"Iran"},"fi":{"code":"FI","native":"Suomi","localized":"Phần Lan"},"fil":{"code":"PH","native":"Pilipinas","localized":"Philippines"},"fr":{"code":"FR","native":"France","localized":"Pháp"},"fy":{"code":"NL","native":"Nederlân","localized":"Hà Lan"},"ga":{"code":"IE","native":"Éire","localized":"Ireland"},"gd":{"code":"GB","native":"An Rìoghachd Aonaichte","localized":"Vương Quốc Anh"},"gl":{"code":"ES","native":"España","localized":"Tây Ban Nha"},"gu":{"code":"IN","native":"ભારત","localized":"Ấn Độ"},"ha":{"code":"NG","native":"Nijeriya","localized":"Nigeria"},"haw":{"code":"US","native":"ʻAmelika Hui Pū ʻIa","localized":"Hoa Kỳ"},"he":{"code":"IL","native":"ישראל","localized":"Israel"},"hi":{"code":"IN","native":"भारत","localized":"Ấn Độ"},"hr":{"code":"HR","native":"Hrvatska","localized":"Croatia"},"hu":{"code":"HU","native":"Magyarország","localized":"Hungary"},"hy":{"code":"AM","native":"Հայաստան","localized":"Armenia"},"id":{"code":"ID","native":"Indonesia","localized":"Indonesia"},"ig":{"code":"NG","native":"Naịjịrịa","localized":"Nigeria"},"is":{"code":"IS","native":"Ísland","localized":"Iceland"},"it":{"code":"IT","native":"Italia","localized":"Italy"},"ja":{"code":"JP","native":"日本","localized":"Nhật Bản"},"ka":{"code":"GE","native":"საქართველო","localized":"Georgia"},"kk":{"code":"KZ","native":"Қазақстан","localized":"Kazakhstan"},"km":{"code":"KH","native":"កម្ពុជា","localized":"Campuchia"},"kn":{"code":"IN","native":"ಭಾರತ","localized":"Ấn Độ"},"ko":{"code":"KR","native":"대한민국","localized":"Hàn Quốc"},"ku":{"code":"TR","native":"Tirkiye","localized":"Thổ Nhĩ Kỳ"},"ky":{"code":"KG","native":"Кыргызстан","localized":"Kyrgyzstan"},"lb":{"code":"LU","native":"Lëtzebuerg","localized":"Luxembourg"},"lg":{"code":"UG","native":"Yuganda","localized":"Uganda"},"ln":{"code":"CD","native":"Republíki Ya Kongó Demokratíki","localized":"Congo - Kinshasa"},"lo":{"code":"LA","native":"ລາວ","localized":"Lào"},"lt":{"code":"LT","native":"Lietuva","localized":"Litva"},"lv":{"code":"LV","native":"Latvija","localized":"Latvia"},"mai":{"code":"IN","native":"भारत","localized":"Ấn Độ"},"mg":{"code":"MG","native":"Madagasikara","localized":"Madagascar"},"mi":{"code":"NZ","native":"Aotearoa","localized":"New Zealand"},"mk":{"code":"MK","native":"Северна Македонија","localized":"Bắc Macedonia"},"ml":{"code":"IN","native":"ഇന്ത്യ","localized":"Ấn Độ"},"mn":{"code":"MN","native":"Монгол","localized":"Mông Cổ"},"mni_Mtei":{"code":"IN","native":"India","localized":"Ấn Độ"},"mr":{"code":"IN","native":"भारत","localized":"Ấn Độ"},"ms":{"code":"MY","native":"Malaysia","localized":"Malaysia"},"mt":{"code":"MT","native":"Malta","localized":"Malta"},"my":{"code":"MM","native":"မြန်မာ","localized":"Myanmar (Miến Điện)"},"nb":{"code":"NO","native":"Norge","localized":"Na Uy"},"ne":{"code":"NP","native":"नेपाल","localized":"Nepal"},"nl":{"code":"NL","native":"Nederland","localized":"Hà Lan"},"nn":{"code":"NO","native":"Noreg","localized":"Na Uy"},"oc":{"code":"FR","native":"Fr","localized":"Pháp"},"om":{"code":"ET","native":"Itoophiyaa","localized":"Ethiopia"},"or":{"code":"IN","native":"ଭାରତ","localized":"Ấn Độ"},"pa":{"code":"IN","native":"ਭਾਰਤ","localized":"Ấn Độ"},"pl":{"code":"PL","native":"Polska","localized":"Ba Lan"},"ps":{"code":"AF","native":"افغانستان","localized":"Afghanistan"},"pt":{"code":"BR","native":"Brasil","localized":"Brazil"},"pt_BR":{"code":"BR","native":"Brasil","localized":"Brazil"},"qu":{"code":"PE","native":"Perú","localized":"Peru"},"ro":{"code":"RO","native":"România","localized":"Romania"},"ru":{"code":"RU","native":"Россия","localized":"Nga"},"rw":{"code":"RW","native":"U Rwanda","localized":"Rwanda"},"sa":{"code":"IN","native":"भारतः","localized":"Ấn Độ"},"sc":{"code":"IT","native":"Itàlia","localized":"Italy"},"sd":{"code":"PK","native":"پاڪستان","localized":"Pakistan"},"si":{"code":"LK","native":"ශ්‍රී ලංකාව","localized":"Sri Lanka"},"sk":{"code":"SK","native":"Slovensko","localized":"Slovakia"},"sl":{"code":"SI","native":"Slovenija","localized":"Slovenia"},"sn":{"code":"ZW","native":"Zimbabwe","localized":"Zimbabwe"},"so":{"code":"SO","native":"Soomaaliya","localized":"Somalia"},"sq":{"code":"AL","native":"Shqipëri","localized":"Albania"},"sr_Cyrl":{"code":"RS","native":"Србија","localized":"Serbia"},"sr_Latn":{"code":"RS","native":"Serbia","localized":"Serbia"},"sr_Latn_ME":{"code":"ME","native":"Montenegro","localized":"Montenegro"},"su":{"code":"ID","native":"Indonesia","localized":"Indonesia"},"sv":{"code":"SE","native":"Sverige","localized":"Thụy Điển"},"sw":{"code":"TZ","native":"Tanzania","localized":"Tanzania"},"ta":{"code":"IN","native":"இந்தியா","localized":"Ấn Độ"},"te":{"code":"IN","native":"భారతదేశం","localized":"Ấn Độ"},"tg":{"code":"TJ","native":"Тоҷикистон","localized":"Tajikistan"},"th":{"code":"TH","native":"ไทย","localized":"Thái Lan"},"ti":{"code":"ET","native":"ኢትዮጵያ","localized":"Ethiopia"},"tk":{"code":"TM","native":"Türkmenistan","localized":"Turkmenistan"},"tl":{"code":"PH","native":"Philippines","localized":"Philippines"},"tr":{"code":"TR","native":"Türkiye","localized":"Thổ Nhĩ Kỳ"},"tt":{"code":"RU","native":"Россия","localized":"Nga"},"ug":{"code":"CN","native":"جۇڭگو","localized":"Trung Quốc"},"uk":{"code":"UA","native":"Україна","localized":"Ukraina"},"ur":{"code":"PK","native":"پاکستان","localized":"Pakistan"},"uz_Cyrl":{"code":"UZ","native":"Uzbekistan","localized":"Uzbekistan"},"uz_Latn":{"code":"UZ","native":"Oʻzbekiston","localized":"Uzbekistan"},"vi":{"code":"VN","native":"Việt Nam","localized":"Việt Nam"},"xh":{"code":"ZA","native":"Emzantsi Afrika","localized":"Nam Phi"},"yi":{"code":"001","native":"וועלט","localized":"Thế Giới"},"yo":{"code":"NG","native":"Nàìjíríà","localized":"Nigeria"},"zh_CN":{"code":"CN","native":"中国","localized":"Trung Quốc"},"zh_HK":{"code":"HK","native":"中国香港特别行政区","localized":"Đặc Khu Hành Chính Hồng Kông, Trung Quốc"},"zh_TW":{"code":"TW","native":"台湾","localized":"Đài Loan"},"zu":{"code":"ZA","native":"Iningizimu Afrika","localized":"Nam Phi"}}
