{"af":{"code":"ZA","native":"Suid-Afrika","localized":"Emzantsi Afrika"},"ak":{"code":"GH","native":"Gaana","localized":"Eghana"},"am":{"code":"ET","native":"ኢትዮጵያ","localized":"E-Ethiopia"},"ar":{"code":"EG","native":"مصر","localized":"Iyiputa"},"as":{"code":"IN","native":"ভাৰত","localized":"E-Indiya"},"az":{"code":"AZ","native":"Azərbaycan","localized":"E-Azerbaijan"},"be":{"code":"BY","native":"Беларусь","localized":"Ebelarus"},"bg":{"code":"BG","native":"България","localized":"Ebulgaria"},"bho":{"code":"IN","native":"भारत","localized":"E-Indiya"},"bm":{"code":"ML","native":"Mali","localized":"Emali"},"bn":{"code":"BD","native":"বাংলাদেশ","localized":"Ebangladesh"},"bs":{"code":"BA","native":"Bosna I Hercegovina","localized":"Ebosnia & Herzegovina"},"ca":{"code":"ES","native":"Espanya","localized":"Espain"},"ceb":{"code":"PH","native":"Pilipinas","localized":"Ephilippines"},"ckb":{"code":"IQ","native":"عێراق","localized":"E-Iraq"},"cs":{"code":"CZ","native":"Česko","localized":"Eczechia"},"cy":{"code":"GB","native":"Y Deyrnas Unedig","localized":"E-United Kingdom"},"da":{"code":"DK","native":"Danmark","localized":"Edenmark"},"de":{"code":"DE","native":"Deutschland","localized":"Ejamani"},"de_CH":{"code":"CH","native":"Schweiz","localized":"Eswitzerland"},"doi":{"code":"IN","native":"भारत","localized":"E-Indiya"},"ee":{"code":"GH","native":"Ghana Nutome","localized":"Eghana"},"el":{"code":"GR","native":"Ελλάδα","localized":"Egreece"},"en":{"code":"US","native":"United States","localized":"Emelika"},"en_CA":{"code":"CA","native":"Canada","localized":"Ekhanada"},"eo":{"code":"001","native":"Mondo","localized":"Ihlabathi"},"es":{"code":"ES","native":"España","localized":"Espain"},"et":{"code":"EE","native":"Eesti","localized":"E-Estonia"},"eu":{"code":"ES","native":"Espainia","localized":"Espain"},"fa":{"code":"IR","native":"ایران","localized":"E-Iran"},"fi":{"code":"FI","native":"Suomi","localized":"Efinland"},"fil":{"code":"PH","native":"Pilipinas","localized":"Ephilippines"},"fr":{"code":"FR","native":"France","localized":"Efrance"},"fy":{"code":"NL","native":"Nederlân","localized":"Enetherlands"},"ga":{"code":"IE","native":"Éire","localized":"E-Ireland"},"gd":{"code":"GB","native":"An Rìoghachd Aonaichte","localized":"E-United Kingdom"},"gl":{"code":"ES","native":"España","localized":"Espain"},"gu":{"code":"IN","native":"ભારત","localized":"E-Indiya"},"ha":{"code":"NG","native":"Nijeriya","localized":"Enigeria"},"haw":{"code":"US","native":"ʻAmelika Hui Pū ʻIa","localized":"Emelika"},"he":{"code":"IL","native":"ישראל","localized":"E-Israel"},"hi":{"code":"IN","native":"भारत","localized":"E-Indiya"},"hr":{"code":"HR","native":"Hrvatska","localized":"Ecroatia"},"hu":{"code":"HU","native":"Magyarország","localized":"Ehungary"},"hy":{"code":"AM","native":"Հայաստան","localized":"E-Armenia"},"id":{"code":"ID","native":"Indonesia","localized":"E-Indonesia"},"ig":{"code":"NG","native":"Naịjịrịa","localized":"Enigeria"},"is":{"code":"IS","native":"Ísland","localized":"E-Iceland"},"it":{"code":"IT","native":"Italia","localized":"E-Italy"},"ja":{"code":"JP","native":"日本","localized":"Ejapan"},"ka":{"code":"GE","native":"საქართველო","localized":"Egeorgia"},"kk":{"code":"KZ","native":"Қазақстан","localized":"Ekazakhstan"},"km":{"code":"KH","native":"កម្ពុជា","localized":"Ecambodia"},"kn":{"code":"IN","native":"ಭಾರತ","localized":"E-Indiya"},"ko":{"code":"KR","native":"대한민국","localized":"Emzantsi Korea"},"ku":{"code":"TR","native":"Tirkiye","localized":"Eturkey"},"ky":{"code":"KG","native":"Кыргызстан","localized":"Ekyrgyzstan"},"lb":{"code":"LU","native":"Lëtzebuerg","localized":"Eluxembourg"},"lg":{"code":"UG","native":"Yuganda","localized":"E-Uganda"},"ln":{"code":"CD","native":"Republíki Ya Kongó Demokratíki","localized":"Econgo -Kinshasa"},"lo":{"code":"LA","native":"ລາວ","localized":"Elaos"},"lt":{"code":"LT","native":"Lietuva","localized":"Elithuania"},"lv":{"code":"LV","native":"Latvija","localized":"Elatvia"},"mai":{"code":"IN","native":"भारत","localized":"E-Indiya"},"mg":{"code":"MG","native":"Madagasikara","localized":"Emadagascar"},"mi":{"code":"NZ","native":"Aotearoa","localized":"Enew Zealand"},"mk":{"code":"MK","native":"Северна Македонија","localized":"Emntla Macedonia"},"ml":{"code":"IN","native":"ഇന്ത്യ","localized":"E-Indiya"},"mn":{"code":"MN","native":"Монгол","localized":"Emongolia"},"mni_Mtei":{"code":"IN","native":"India","localized":"E-Indiya"},"mr":{"code":"IN","native":"भारत","localized":"E-Indiya"},"ms":{"code":"MY","native":"Malaysia","localized":"Emalaysia"},"mt":{"code":"MT","native":"Malta","localized":"Emalta"},"my":{"code":"MM","native":"မြန်မာ","localized":"Emyanmar (Burma)"},"nb":{"code":"NO","native":"Norge","localized":"Enorway"},"ne":{"code":"NP","native":"नेपाल","localized":"Enepal"},"nl":{"code":"NL","native":"Nederland","localized":"Enetherlands"},"nn":{"code":"NO","native":"Noreg","localized":"Enorway"},"oc":{"code":"FR","native":"Fr","localized":"Efrance"},"om":{"code":"ET","native":"Itoophiyaa","localized":"E-Ethiopia"},"or":{"code":"IN","native":"ଭାରତ","localized":"E-Indiya"},"pa":{"code":"IN","native":"ਭਾਰਤ","localized":"E-Indiya"},"pl":{"code":"PL","native":"Polska","localized":"Epoland"},"ps":{"code":"AF","native":"افغانستان","localized":"E-Afghanistan"},"pt":{"code":"BR","native":"Brasil","localized":"Ebrazil"},"pt_BR":{"code":"BR","native":"Brasil","localized":"Ebrazil"},"qu":{"code":"PE","native":"Perú","localized":"Eperu"},"ro":{"code":"RO","native":"România","localized":"Eromania"},"ru":{"code":"RU","native":"Россия","localized":"Erashiya"},"rw":{"code":"RW","native":"U Rwanda","localized":"Erwanda"},"sa":{"code":"IN","native":"भारतः","localized":"E-Indiya"},"sc":{"code":"IT","native":"Itàlia","localized":"E-Italy"},"sd":{"code":"PK","native":"پاڪستان","localized":"Epakistan"},"si":{"code":"LK","native":"ශ්‍රී ලංකාව","localized":"Esri Lanka"},"sk":{"code":"SK","native":"Slovensko","localized":"Eslovakia"},"sl":{"code":"SI","native":"Slovenija","localized":"Eslovenia"},"sn":{"code":"ZW","native":"Zimbabwe","localized":"Ezimbabwe"},"so":{"code":"SO","native":"Soomaaliya","localized":"Esomalia"},"sq":{"code":"AL","native":"Shqipëri","localized":"E-Albania"},"sr_Cyrl":{"code":"RS","native":"Србија","localized":"Eserbia"},"sr_Latn":{"code":"RS","native":"Serbia","localized":"Eserbia"},"sr_Latn_ME":{"code":"ME","native":"Montenegro","localized":"Emontenegro"},"su":{"code":"ID","native":"Indonesia","localized":"E-Indonesia"},"sv":{"code":"SE","native":"Sverige","localized":"Esweden"},"sw":{"code":"TZ","native":"Tanzania","localized":"Etanzania"},"ta":{"code":"IN","native":"இந்தியா","localized":"E-Indiya"},"te":{"code":"IN","native":"భారతదేశం","localized":"E-Indiya"},"tg":{"code":"TJ","native":"Тоҷикистон","localized":"Etajikistan"},"th":{"code":"TH","native":"ไทย","localized":"Ethailand"},"ti":{"code":"ET","native":"ኢትዮጵያ","localized":"E-Ethiopia"},"tk":{"code":"TM","native":"Türkmenistan","localized":"Eturkmenistan"},"tl":{"code":"PH","native":"Philippines","localized":"Ephilippines"},"tr":{"code":"TR","native":"Türkiye","localized":"Eturkey"},"tt":{"code":"RU","native":"Россия","localized":"Erashiya"},"ug":{"code":"CN","native":"جۇڭگو","localized":"Etshayina"},"uk":{"code":"UA","native":"Україна","localized":"E-Ukraine"},"ur":{"code":"PK","native":"پاکستان","localized":"Epakistan"},"uz_Cyrl":{"code":"UZ","native":"Uzbekistan","localized":"E-Uzbekistan"},"uz_Latn":{"code":"UZ","native":"Oʻzbekiston","localized":"E-Uzbekistan"},"vi":{"code":"VN","native":"Việt Nam","localized":"Evietnam"},"xh":{"code":"ZA","native":"Emzantsi Afrika","localized":"Emzantsi Afrika"},"yi":{"code":"001","native":"וועלט","localized":"Ihlabathi"},"yo":{"code":"NG","native":"Nàìjíríà","localized":"Enigeria"},"zh_CN":{"code":"CN","native":"中国","localized":"Etshayina"},"zh_HK":{"code":"HK","native":"中国香港特别行政区","localized":"Ehong Kong Sar China"},"zh_TW":{"code":"TW","native":"台湾","localized":"Etaiwan"},"zu":{"code":"ZA","native":"Iningizimu Afrika","localized":"Emzantsi Afrika"}}
