{"af":{"code":"ZA","native":"Suid-Afrika","localized":"דרום־אַפֿריקע"},"ak":{"code":"GH","native":"Gaana","localized":"גהאַנע"},"am":{"code":"ET","native":"ኢትዮጵያ","localized":"עטיאפּיע"},"ar":{"code":"EG","native":"مصر","localized":"עגיפּטן"},"as":{"code":"IN","native":"ভাৰত","localized":"אינדיע"},"az":{"code":"AZ","native":"Azərbaycan","localized":"Az"},"be":{"code":"BY","native":"Беларусь","localized":"בעלאַרוס"},"bg":{"code":"BG","native":"България","localized":"בולגאַריע"},"bho":{"code":"IN","native":"भारत","localized":"אינדיע"},"bm":{"code":"ML","native":"Mali","localized":"מאַלי"},"bn":{"code":"BD","native":"বাংলাদেশ","localized":"באַנגלאַדעש"},"bs":{"code":"BA","native":"Bosna I Hercegovina","localized":"באסניע הערצעגאווינע"},"ca":{"code":"ES","native":"Espanya","localized":"שפּאַניע"},"ceb":{"code":"PH","native":"Pilipinas","localized":"פֿיליפּינען"},"ckb":{"code":"IQ","native":"عێراق","localized":"Iq"},"cs":{"code":"CZ","native":"Česko","localized":"טשעכיי"},"cy":{"code":"GB","native":"Y Deyrnas Unedig","localized":"פֿאַראייניגטע קעניגרייך"},"da":{"code":"DK","native":"Danmark","localized":"דענמאַרק"},"de":{"code":"DE","native":"Deutschland","localized":"דייטשלאַנד"},"de_CH":{"code":"CH","native":"Schweiz","localized":"שווייץ"},"doi":{"code":"IN","native":"भारत","localized":"אינדיע"},"ee":{"code":"GH","native":"Ghana Nutome","localized":"גהאַנע"},"el":{"code":"GR","native":"Ελλάδα","localized":"גריכנלאַנד"},"en":{"code":"US","native":"United States","localized":"פֿאַראייניגטע שטאַטן"},"en_CA":{"code":"CA","native":"Canada","localized":"קאַנאַדע"},"eo":{"code":"001","native":"Mondo","localized":"וועלט"},"es":{"code":"ES","native":"España","localized":"שפּאַניע"},"et":{"code":"EE","native":"Eesti","localized":"עסטלאַנד"},"eu":{"code":"ES","native":"Espainia","localized":"שפּאַניע"},"fa":{"code":"IR","native":"ایران","localized":"איראַן"},"fi":{"code":"FI","native":"Suomi","localized":"פֿינלאַנד"},"fil":{"code":"PH","native":"Pilipinas","localized":"פֿיליפּינען"},"fr":{"code":"FR","native":"France","localized":"פֿראַנקרייך"},"fy":{"code":"NL","native":"Nederlân","localized":"האלאַנד"},"ga":{"code":"IE","native":"Éire","localized":"אירלאַנד"},"gd":{"code":"GB","native":"An Rìoghachd Aonaichte","localized":"פֿאַראייניגטע קעניגרייך"},"gl":{"code":"ES","native":"España","localized":"שפּאַניע"},"gu":{"code":"IN","native":"ભારત","localized":"אינדיע"},"ha":{"code":"NG","native":"Nijeriya","localized":"ניגעריע"},"haw":{"code":"US","native":"ʻAmelika Hui Pū ʻIa","localized":"פֿאַראייניגטע שטאַטן"},"he":{"code":"IL","native":"ישראל","localized":"ישראל"},"hi":{"code":"IN","native":"भारत","localized":"אינדיע"},"hr":{"code":"HR","native":"Hrvatska","localized":"קראאַטיע"},"hu":{"code":"HU","native":"Magyarország","localized":"אונגערן"},"hy":{"code":"AM","native":"Հայաստան","localized":"אַרמעניע"},"id":{"code":"ID","native":"Indonesia","localized":"אינדאנעזיע"},"ig":{"code":"NG","native":"Naịjịrịa","localized":"ניגעריע"},"is":{"code":"IS","native":"Ísland","localized":"איסלאַנד"},"it":{"code":"IT","native":"Italia","localized":"איטאַליע"},"ja":{"code":"JP","native":"日本","localized":"יאַפּאַן"},"ka":{"code":"GE","native":"საქართველო","localized":"גרוזיע"},"kk":{"code":"KZ","native":"Қазақстан","localized":"Kz"},"km":{"code":"KH","native":"កម្ពុជា","localized":"קאַמבאדיע"},"kn":{"code":"IN","native":"ಭಾರತ","localized":"אינדיע"},"ko":{"code":"KR","native":"대한민국","localized":"Kr"},"ku":{"code":"TR","native":"Tirkiye","localized":"טערקיי"},"ky":{"code":"KG","native":"Кыргызстан","localized":"Kg"},"lb":{"code":"LU","native":"Lëtzebuerg","localized":"לוקסעמבורג"},"lg":{"code":"UG","native":"Yuganda","localized":"אוגאַנדע"},"ln":{"code":"CD","native":"Republíki Ya Kongó Demokratíki","localized":"קאנגא־קינשאַזע"},"lo":{"code":"LA","native":"ລາວ","localized":"לאַאס"},"lt":{"code":"LT","native":"Lietuva","localized":"ליטע"},"lv":{"code":"LV","native":"Latvija","localized":"לעטלאַנד"},"mai":{"code":"IN","native":"भारत","localized":"אינדיע"},"mg":{"code":"MG","native":"Madagasikara","localized":"מאַדאַגאַסקאַר"},"mi":{"code":"NZ","native":"Aotearoa","localized":"ניו זילאַנד"},"mk":{"code":"MK","native":"Северна Македонија","localized":"Mk"},"ml":{"code":"IN","native":"ഇന്ത്യ","localized":"אינדיע"},"mn":{"code":"MN","native":"Монгол","localized":"מאנגאליי"},"mni_Mtei":{"code":"IN","native":"India","localized":"אינדיע"},"mr":{"code":"IN","native":"भारत","localized":"אינדיע"},"ms":{"code":"MY","native":"Malaysia","localized":"מאַלייזיע"},"mt":{"code":"MT","native":"Malta","localized":"מאַלטאַ"},"my":{"code":"MM","native":"မြန်မာ","localized":"מיאַנמאַר"},"nb":{"code":"NO","native":"Norge","localized":"נארוועגיע"},"ne":{"code":"NP","native":"नेपाल","localized":"נעפּאַל"},"nl":{"code":"NL","native":"Nederland","localized":"האלאַנד"},"nn":{"code":"NO","native":"Noreg","localized":"נארוועגיע"},"oc":{"code":"FR","native":"Fr","localized":"פֿראַנקרייך"},"om":{"code":"ET","native":"Itoophiyaa","localized":"עטיאפּיע"},"or":{"code":"IN","native":"ଭାରତ","localized":"אינדיע"},"pa":{"code":"IN","native":"ਭਾਰਤ","localized":"אינדיע"},"pl":{"code":"PL","native":"Polska","localized":"פּוילן"},"ps":{"code":"AF","native":"افغانستان","localized":"אַפֿגהאַניסטאַן"},"pt":{"code":"BR","native":"Brasil","localized":"בראַזיל"},"pt_BR":{"code":"BR","native":"Brasil","localized":"בראַזיל"},"qu":{"code":"PE","native":"Perú","localized":"פּערו"},"ro":{"code":"RO","native":"România","localized":"רומעניע"},"ru":{"code":"RU","native":"Россия","localized":"רוסלאַנד"},"rw":{"code":"RW","native":"U Rwanda","localized":"רוואַנדע"},"sa":{"code":"IN","native":"भारतः","localized":"אינדיע"},"sc":{"code":"IT","native":"Itàlia","localized":"איטאַליע"},"sd":{"code":"PK","native":"پاڪستان","localized":"פּאַקיסטאַן"},"si":{"code":"LK","native":"ශ්‍රී ලංකාව","localized":"סרי־לאַנקאַ"},"sk":{"code":"SK","native":"Slovensko","localized":"סלאוואַקיי"},"sl":{"code":"SI","native":"Slovenija","localized":"סלאוועניע"},"sn":{"code":"ZW","native":"Zimbabwe","localized":"זימבאַבווע"},"so":{"code":"SO","native":"Soomaaliya","localized":"סאמאַליע"},"sq":{"code":"AL","native":"Shqipëri","localized":"אַלבאַניע"},"sr_Cyrl":{"code":"RS","native":"Србија","localized":"סערביע"},"sr_Latn":{"code":"RS","native":"Serbia","localized":"סערביע"},"sr_Latn_ME":{"code":"ME","native":"Montenegro","localized":"מאנטענעגרא"},"su":{"code":"ID","native":"Indonesia","localized":"אינדאנעזיע"},"sv":{"code":"SE","native":"Sverige","localized":"שוועדן"},"sw":{"code":"TZ","native":"Tanzania","localized":"טאַנזאַניע"},"ta":{"code":"IN","native":"இந்தியா","localized":"אינדיע"},"te":{"code":"IN","native":"భారతదేశం","localized":"אינדיע"},"tg":{"code":"TJ","native":"Тоҷикистон","localized":"Tj"},"th":{"code":"TH","native":"ไทย","localized":"טיילאַנד"},"ti":{"code":"ET","native":"ኢትዮጵያ","localized":"עטיאפּיע"},"tk":{"code":"TM","native":"Türkmenistan","localized":"טורקמעניסטאַן"},"tl":{"code":"PH","native":"Philippines","localized":"פֿיליפּינען"},"tr":{"code":"TR","native":"Türkiye","localized":"טערקיי"},"tt":{"code":"RU","native":"Россия","localized":"רוסלאַנד"},"ug":{"code":"CN","native":"جۇڭگو","localized":"כינע"},"uk":{"code":"UA","native":"Україна","localized":"אוקראַינע"},"ur":{"code":"PK","native":"پاکستان","localized":"פּאַקיסטאַן"},"uz_Cyrl":{"code":"UZ","native":"Uzbekistan","localized":"Uz"},"uz_Latn":{"code":"UZ","native":"Oʻzbekiston","localized":"Uz"},"vi":{"code":"VN","native":"Việt Nam","localized":"וויעטנאַם"},"xh":{"code":"ZA","native":"Emzantsi Afrika","localized":"דרום־אַפֿריקע"},"yi":{"code":"001","native":"וועלט","localized":"וועלט"},"yo":{"code":"NG","native":"Nàìjíríà","localized":"ניגעריע"},"zh_CN":{"code":"CN","native":"中国","localized":"כינע"},"zh_HK":{"code":"HK","native":"中国香港特别行政区","localized":"Hk"},"zh_TW":{"code":"TW","native":"台湾","localized":"Tw"},"zu":{"code":"ZA","native":"Iningizimu Afrika","localized":"דרום־אַפֿריקע"}}
