{"af":{"code":"ZA","native":"Suid-Afrika","localized":"Gúúṣù Áfíríkà"},"ak":{"code":"GH","native":"Gaana","localized":"Gana"},"am":{"code":"ET","native":"ኢትዮጵያ","localized":"Etopia"},"ar":{"code":"EG","native":"مصر","localized":"Égípítì"},"as":{"code":"IN","native":"ভাৰত","localized":"India"},"az":{"code":"AZ","native":"Azərbaycan","localized":"Asẹ́bájánì"},"be":{"code":"BY","native":"Беларусь","localized":"Bélárúsì"},"bg":{"code":"BG","native":"България","localized":"Bùùgáríà"},"bho":{"code":"IN","native":"भारत","localized":"India"},"bm":{"code":"ML","native":"Mali","localized":"Mali"},"bn":{"code":"BD","native":"বাংলাদেশ","localized":"Bángáládésì"},"bs":{"code":"BA","native":"Bosna I Hercegovina","localized":"Bọ̀síníà Àti Ẹtisẹgófínà"},"ca":{"code":"ES","native":"Espanya","localized":"Sipani"},"ceb":{"code":"PH","native":"Pilipinas","localized":"Filipini"},"ckb":{"code":"IQ","native":"عێراق","localized":"Iraki"},"cs":{"code":"CZ","native":"Česko","localized":"Ṣẹ́ẹ́kì"},"cy":{"code":"GB","native":"Y Deyrnas Unedig","localized":"Gẹ̀ẹ́sì"},"da":{"code":"DK","native":"Danmark","localized":"Dẹ́mákì"},"de":{"code":"DE","native":"Deutschland","localized":"Jámánì"},"de_CH":{"code":"CH","native":"Schweiz","localized":"Switiṣilandi"},"doi":{"code":"IN","native":"भारत","localized":"India"},"ee":{"code":"GH","native":"Ghana Nutome","localized":"Gana"},"el":{"code":"GR","native":"Ελλάδα","localized":"Geriisi"},"en":{"code":"US","native":"United States","localized":"Amẹrikà"},"en_CA":{"code":"CA","native":"Canada","localized":"Kánádà"},"eo":{"code":"001","native":"Mondo","localized":"Agbáyé"},"es":{"code":"ES","native":"España","localized":"Sipani"},"et":{"code":"EE","native":"Eesti","localized":"Esitonia"},"eu":{"code":"ES","native":"Espainia","localized":"Sipani"},"fa":{"code":"IR","native":"ایران","localized":"Irani"},"fi":{"code":"FI","native":"Suomi","localized":"Filandi"},"fil":{"code":"PH","native":"Pilipinas","localized":"Filipini"},"fr":{"code":"FR","native":"France","localized":"Faranse"},"fy":{"code":"NL","native":"Nederlân","localized":"Nedalandi"},"ga":{"code":"IE","native":"Éire","localized":"Ailandi"},"gd":{"code":"GB","native":"An Rìoghachd Aonaichte","localized":"Gẹ̀ẹ́sì"},"gl":{"code":"ES","native":"España","localized":"Sipani"},"gu":{"code":"IN","native":"ભારત","localized":"India"},"ha":{"code":"NG","native":"Nijeriya","localized":"Nàìjíríà"},"haw":{"code":"US","native":"ʻAmelika Hui Pū ʻIa","localized":"Amẹrikà"},"he":{"code":"IL","native":"ישראל","localized":"Iserẹli"},"hi":{"code":"IN","native":"भारत","localized":"India"},"hr":{"code":"HR","native":"Hrvatska","localized":"Kòróátíà"},"hu":{"code":"HU","native":"Magyarország","localized":"Hungari"},"hy":{"code":"AM","native":"Հայաստան","localized":"Améníà"},"id":{"code":"ID","native":"Indonesia","localized":"Indonesia"},"ig":{"code":"NG","native":"Naịjịrịa","localized":"Nàìjíríà"},"is":{"code":"IS","native":"Ísland","localized":"Aṣilandi"},"it":{"code":"IT","native":"Italia","localized":"Itáli"},"ja":{"code":"JP","native":"日本","localized":"Japani"},"ka":{"code":"GE","native":"საქართველო","localized":"Gọgia"},"kk":{"code":"KZ","native":"Қазақстан","localized":"Kaṣaṣatani"},"km":{"code":"KH","native":"កម្ពុជា","localized":"Kàmùbódíà"},"kn":{"code":"IN","native":"ಭಾರತ","localized":"India"},"ko":{"code":"KR","native":"대한민국","localized":"Ariwa Kọria"},"ku":{"code":"TR","native":"Tirkiye","localized":"Tọọki"},"ky":{"code":"KG","native":"Кыргызстан","localized":"Kuriṣisitani"},"lb":{"code":"LU","native":"Lëtzebuerg","localized":"Lusemogi"},"lg":{"code":"UG","native":"Yuganda","localized":"Uganda"},"ln":{"code":"CD","native":"Republíki Ya Kongó Demokratíki","localized":"Kóńgò – Kinshasa"},"lo":{"code":"LA","native":"ລາວ","localized":"Laosi"},"lt":{"code":"LT","native":"Lietuva","localized":"Lituania"},"lv":{"code":"LV","native":"Latvija","localized":"Latifia"},"mai":{"code":"IN","native":"भारत","localized":"India"},"mg":{"code":"MG","native":"Madagasikara","localized":"Madasika"},"mi":{"code":"NZ","native":"Aotearoa","localized":"Ṣilandi Titun"},"mk":{"code":"MK","native":"Северна Македонија","localized":"Àríwá Macedonia"},"ml":{"code":"IN","native":"ഇന്ത്യ","localized":"India"},"mn":{"code":"MN","native":"Монгол","localized":"Mogolia"},"mni_Mtei":{"code":"IN","native":"India","localized":"India"},"mr":{"code":"IN","native":"भारत","localized":"India"},"ms":{"code":"MY","native":"Malaysia","localized":"Malasia"},"mt":{"code":"MT","native":"Malta","localized":"Malata"},"my":{"code":"MM","native":"မြန်မာ","localized":"Manamari"},"nb":{"code":"NO","native":"Norge","localized":"Nọọwii"},"ne":{"code":"NP","native":"नेपाल","localized":"Nepa"},"nl":{"code":"NL","native":"Nederland","localized":"Nedalandi"},"nn":{"code":"NO","native":"Noreg","localized":"Nọọwii"},"oc":{"code":"FR","native":"Fr","localized":"Faranse"},"om":{"code":"ET","native":"Itoophiyaa","localized":"Etopia"},"or":{"code":"IN","native":"ଭାରତ","localized":"India"},"pa":{"code":"IN","native":"ਭਾਰਤ","localized":"India"},"pl":{"code":"PL","native":"Polska","localized":"Polandi"},"ps":{"code":"AF","native":"افغانستان","localized":"Àfùgànístánì"},"pt":{"code":"BR","native":"Brasil","localized":"Bàràsílì"},"pt_BR":{"code":"BR","native":"Brasil","localized":"Bàràsílì"},"qu":{"code":"PE","native":"Perú","localized":"Peru"},"ro":{"code":"RO","native":"România","localized":"Romaniya"},"ru":{"code":"RU","native":"Россия","localized":"Rọṣia"},"rw":{"code":"RW","native":"U Rwanda","localized":"Ruwanda"},"sa":{"code":"IN","native":"भारतः","localized":"India"},"sc":{"code":"IT","native":"Itàlia","localized":"Itáli"},"sd":{"code":"PK","native":"پاڪستان","localized":"Pakisitan"},"si":{"code":"LK","native":"ශ්‍රී ලංකාව","localized":"Siri Lanka"},"sk":{"code":"SK","native":"Slovensko","localized":"Silofakia"},"sl":{"code":"SI","native":"Slovenija","localized":"Silofania"},"sn":{"code":"ZW","native":"Zimbabwe","localized":"Ṣimibabe"},"so":{"code":"SO","native":"Soomaaliya","localized":"Somalia"},"sq":{"code":"AL","native":"Shqipëri","localized":"Àlùbàníánì"},"sr_Cyrl":{"code":"RS","native":"Србија","localized":"Sẹ́bíà"},"sr_Latn":{"code":"RS","native":"Serbia","localized":"Sẹ́bíà"},"sr_Latn_ME":{"code":"ME","native":"Montenegro","localized":"Montenegro"},"su":{"code":"ID","native":"Indonesia","localized":"Indonesia"},"sv":{"code":"SE","native":"Sverige","localized":"Swidini"},"sw":{"code":"TZ","native":"Tanzania","localized":"Tàǹsáníà"},"ta":{"code":"IN","native":"இந்தியா","localized":"India"},"te":{"code":"IN","native":"భారతదేశం","localized":"India"},"tg":{"code":"TJ","native":"Тоҷикистон","localized":"Takisitani"},"th":{"code":"TH","native":"ไทย","localized":"Tailandi"},"ti":{"code":"ET","native":"ኢትዮጵያ","localized":"Etopia"},"tk":{"code":"TM","native":"Türkmenistan","localized":"Tọọkimenisita"},"tl":{"code":"PH","native":"Philippines","localized":"Filipini"},"tr":{"code":"TR","native":"Türkiye","localized":"Tọọki"},"tt":{"code":"RU","native":"Россия","localized":"Rọṣia"},"ug":{"code":"CN","native":"جۇڭگو","localized":"Ṣáínà"},"uk":{"code":"UA","native":"Україна","localized":"Ukarini"},"ur":{"code":"PK","native":"پاکستان","localized":"Pakisitan"},"uz_Cyrl":{"code":"UZ","native":"Uzbekistan","localized":"Nṣibẹkisitani"},"uz_Latn":{"code":"UZ","native":"Oʻzbekiston","localized":"Nṣibẹkisitani"},"vi":{"code":"VN","native":"Việt Nam","localized":"Fẹtinami"},"xh":{"code":"ZA","native":"Emzantsi Afrika","localized":"Gúúṣù Áfíríkà"},"yi":{"code":"001","native":"וועלט","localized":"Agbáyé"},"yo":{"code":"NG","native":"Nàìjíríà","localized":"Nàìjíríà"},"zh_CN":{"code":"CN","native":"中国","localized":"Ṣáínà"},"zh_HK":{"code":"HK","native":"中国香港特别行政区","localized":"Agbègbè Ìṣàkóso Ìṣúná Hong Kong Tí Ṣánà Ń Darí"},"zh_TW":{"code":"TW","native":"台湾","localized":"Taiwani"},"zu":{"code":"ZA","native":"Iningizimu Afrika","localized":"Gúúṣù Áfíríkà"}}
