{"af":{"code":"ZA","native":"Suid-Afrika","localized":"Iningizimu Afrika"},"ak":{"code":"GH","native":"Gaana","localized":"I-Ghana"},"am":{"code":"ET","native":"ኢትዮጵያ","localized":"I-Ethiopia"},"ar":{"code":"EG","native":"مصر","localized":"I-Egypt"},"as":{"code":"IN","native":"ভাৰত","localized":"I-India"},"az":{"code":"AZ","native":"Azərbaycan","localized":"I-Azerbaijan"},"be":{"code":"BY","native":"Беларусь","localized":"I-Belarus"},"bg":{"code":"BG","native":"България","localized":"I-Bulgaria"},"bho":{"code":"IN","native":"भारत","localized":"I-India"},"bm":{"code":"ML","native":"Mali","localized":"Imali"},"bn":{"code":"BD","native":"বাংলাদেশ","localized":"I-Bangladesh"},"bs":{"code":"BA","native":"Bosna I Hercegovina","localized":"I-Bosnia Ne-Herzegovina"},"ca":{"code":"ES","native":"Espanya","localized":"I-Spain"},"ceb":{"code":"PH","native":"Pilipinas","localized":"I-Philippines"},"ckb":{"code":"IQ","native":"عێراق","localized":"I-Iraq"},"cs":{"code":"CZ","native":"Česko","localized":"I-Czechia"},"cy":{"code":"GB","native":"Y Deyrnas Unedig","localized":"I-United Kingdom"},"da":{"code":"DK","native":"Danmark","localized":"I-Denmark"},"de":{"code":"DE","native":"Deutschland","localized":"I-Germany"},"de_CH":{"code":"CH","native":"Schweiz","localized":"I-Switzerland"},"doi":{"code":"IN","native":"भारत","localized":"I-India"},"ee":{"code":"GH","native":"Ghana Nutome","localized":"I-Ghana"},"el":{"code":"GR","native":"Ελλάδα","localized":"I-Greece"},"en":{"code":"US","native":"United States","localized":"I-United States"},"en_CA":{"code":"CA","native":"Canada","localized":"I-Canada"},"eo":{"code":"001","native":"Mondo","localized":"Umhlaba"},"es":{"code":"ES","native":"España","localized":"I-Spain"},"et":{"code":"EE","native":"Eesti","localized":"I-Estonia"},"eu":{"code":"ES","native":"Espainia","localized":"I-Spain"},"fa":{"code":"IR","native":"ایران","localized":"I-Iran"},"fi":{"code":"FI","native":"Suomi","localized":"I-Finland"},"fil":{"code":"PH","native":"Pilipinas","localized":"I-Philippines"},"fr":{"code":"FR","native":"France","localized":"I-France"},"fy":{"code":"NL","native":"Nederlân","localized":"I-Netherlands"},"ga":{"code":"IE","native":"Éire","localized":"I-Ireland"},"gd":{"code":"GB","native":"An Rìoghachd Aonaichte","localized":"I-United Kingdom"},"gl":{"code":"ES","native":"España","localized":"I-Spain"},"gu":{"code":"IN","native":"ભારત","localized":"I-India"},"ha":{"code":"NG","native":"Nijeriya","localized":"I-Nigeria"},"haw":{"code":"US","native":"ʻAmelika Hui Pū ʻIa","localized":"I-United States"},"he":{"code":"IL","native":"ישראל","localized":"Kwa-Israel"},"hi":{"code":"IN","native":"भारत","localized":"I-India"},"hr":{"code":"HR","native":"Hrvatska","localized":"I-Croatia"},"hu":{"code":"HU","native":"Magyarország","localized":"I-Hungary"},"hy":{"code":"AM","native":"Հայաստան","localized":"I-Armenia"},"id":{"code":"ID","native":"Indonesia","localized":"I-Indonesia"},"ig":{"code":"NG","native":"Naịjịrịa","localized":"I-Nigeria"},"is":{"code":"IS","native":"Ísland","localized":"I-Iceland"},"it":{"code":"IT","native":"Italia","localized":"I-Italy"},"ja":{"code":"JP","native":"日本","localized":"I-Japan"},"ka":{"code":"GE","native":"საქართველო","localized":"I-Georgia"},"kk":{"code":"KZ","native":"Қазақстан","localized":"I-Kazakhstan"},"km":{"code":"KH","native":"កម្ពុជា","localized":"I-Cambodia"},"kn":{"code":"IN","native":"ಭಾರತ","localized":"I-India"},"ko":{"code":"KR","native":"대한민국","localized":"I-South Korea"},"ku":{"code":"TR","native":"Tirkiye","localized":"I-Turkey"},"ky":{"code":"KG","native":"Кыргызстан","localized":"I-Kyrgyzstan"},"lb":{"code":"LU","native":"Lëtzebuerg","localized":"I-Luxembourg"},"lg":{"code":"UG","native":"Yuganda","localized":"I-Uganda"},"ln":{"code":"CD","native":"Republíki Ya Kongó Demokratíki","localized":"I-Congo - Kinshasa"},"lo":{"code":"LA","native":"ລາວ","localized":"I-Laos"},"lt":{"code":"LT","native":"Lietuva","localized":"I-Lithuania"},"lv":{"code":"LV","native":"Latvija","localized":"I-Latvia"},"mai":{"code":"IN","native":"भारत","localized":"I-India"},"mg":{"code":"MG","native":"Madagasikara","localized":"I-Madagascar"},"mi":{"code":"NZ","native":"Aotearoa","localized":"I-New Zealand"},"mk":{"code":"MK","native":"Северна Македонија","localized":"I-North Macedonia"},"ml":{"code":"IN","native":"ഇന്ത്യ","localized":"I-India"},"mn":{"code":"MN","native":"Монгол","localized":"I-Mongolia"},"mni_Mtei":{"code":"IN","native":"India","localized":"I-India"},"mr":{"code":"IN","native":"भारत","localized":"I-India"},"ms":{"code":"MY","native":"Malaysia","localized":"I-Malaysia"},"mt":{"code":"MT","native":"Malta","localized":"I-Malta"},"my":{"code":"MM","native":"မြန်မာ","localized":"I-Myanmar (Burma)"},"nb":{"code":"NO","native":"Norge","localized":"I-Norway"},"ne":{"code":"NP","native":"नेपाल","localized":"I-Nepal"},"nl":{"code":"NL","native":"Nederland","localized":"I-Netherlands"},"nn":{"code":"NO","native":"Noreg","localized":"I-Norway"},"oc":{"code":"FR","native":"Fr","localized":"I-France"},"om":{"code":"ET","native":"Itoophiyaa","localized":"I-Ethiopia"},"or":{"code":"IN","native":"ଭାରତ","localized":"I-India"},"pa":{"code":"IN","native":"ਭਾਰਤ","localized":"I-India"},"pl":{"code":"PL","native":"Polska","localized":"I-Poland"},"ps":{"code":"AF","native":"افغانستان","localized":"I-Afghanistan"},"pt":{"code":"BR","native":"Brasil","localized":"I-Brazil"},"pt_BR":{"code":"BR","native":"Brasil","localized":"I-Brazil"},"qu":{"code":"PE","native":"Perú","localized":"I-Peru"},"ro":{"code":"RO","native":"România","localized":"I-Romania"},"ru":{"code":"RU","native":"Россия","localized":"I-Russia"},"rw":{"code":"RW","native":"U Rwanda","localized":"I-Rwanda"},"sa":{"code":"IN","native":"भारतः","localized":"I-India"},"sc":{"code":"IT","native":"Itàlia","localized":"I-Italy"},"sd":{"code":"PK","native":"پاڪستان","localized":"I-Pakistan"},"si":{"code":"LK","native":"ශ්‍රී ලංකාව","localized":"I-Sri Lanka"},"sk":{"code":"SK","native":"Slovensko","localized":"I-Slovakia"},"sl":{"code":"SI","native":"Slovenija","localized":"I-Slovenia"},"sn":{"code":"ZW","native":"Zimbabwe","localized":"Izimbabwe"},"so":{"code":"SO","native":"Soomaaliya","localized":"I-Somalia"},"sq":{"code":"AL","native":"Shqipëri","localized":"I-Albania"},"sr_Cyrl":{"code":"RS","native":"Србија","localized":"I-Serbia"},"sr_Latn":{"code":"RS","native":"Serbia","localized":"I-Serbia"},"sr_Latn_ME":{"code":"ME","native":"Montenegro","localized":"I-Montenegro"},"su":{"code":"ID","native":"Indonesia","localized":"I-Indonesia"},"sv":{"code":"SE","native":"Sverige","localized":"I-Sweden"},"sw":{"code":"TZ","native":"Tanzania","localized":"I-Tanzania"},"ta":{"code":"IN","native":"இந்தியா","localized":"I-India"},"te":{"code":"IN","native":"భారతదేశం","localized":"I-India"},"tg":{"code":"TJ","native":"Тоҷикистон","localized":"I-Tajikistan"},"th":{"code":"TH","native":"ไทย","localized":"I-Thailand"},"ti":{"code":"ET","native":"ኢትዮጵያ","localized":"I-Ethiopia"},"tk":{"code":"TM","native":"Türkmenistan","localized":"I-Turkmenistan"},"tl":{"code":"PH","native":"Philippines","localized":"I-Philippines"},"tr":{"code":"TR","native":"Türkiye","localized":"I-Turkey"},"tt":{"code":"RU","native":"Россия","localized":"I-Russia"},"ug":{"code":"CN","native":"جۇڭگو","localized":"I-China"},"uk":{"code":"UA","native":"Україна","localized":"I-Ukraine"},"ur":{"code":"PK","native":"پاکستان","localized":"I-Pakistan"},"uz_Cyrl":{"code":"UZ","native":"Uzbekistan","localized":"I-Uzbekistan"},"uz_Latn":{"code":"UZ","native":"Oʻzbekiston","localized":"I-Uzbekistan"},"vi":{"code":"VN","native":"Việt Nam","localized":"I-Vietnam"},"xh":{"code":"ZA","native":"Emzantsi Afrika","localized":"Iningizimu Afrika"},"yi":{"code":"001","native":"וועלט","localized":"Umhlaba"},"yo":{"code":"NG","native":"Nàìjíríà","localized":"I-Nigeria"},"zh_CN":{"code":"CN","native":"中国","localized":"I-China"},"zh_HK":{"code":"HK","native":"中国香港特别行政区","localized":"I-Hong Kong Sar China"},"zh_TW":{"code":"TW","native":"台湾","localized":"I-Taiwan"},"zu":{"code":"ZA","native":"Iningizimu Afrika","localized":"Iningizimu Afrika"}}
