{"af":{"code":"ZAR","numeric":710,"native":"Suid-Afrikaanse rand","localized":"Suid-Afrikaanse rand"},"ak":{"code":"GHS","numeric":936,"native":"Ghana Sidi","localized":"Ghana Sidi"},"am":{"code":"ETB","numeric":230,"native":"የኢትዮጵያ ብር","localized":"የኢትዮጵያ ብር"},"ar":{"code":"EGP","numeric":818,"native":"جنيه مصري","localized":"جنيه مصري"},"as":{"code":"INR","numeric":356,"native":"ভাৰতীয় ৰুপী","localized":"ভাৰতীয় ৰুপী"},"az":{"code":"AZN","numeric":944,"native":"Azərbaycan Manatı","localized":"Azərbaycan Manatı"},"be":{"code":"BYN","numeric":840,"native":"беларускі рубель","localized":"беларускі рубель"},"bg":{"code":"BGN","numeric":975,"native":"Български лев","localized":"Български лев"},"bho":{"code":"INR","numeric":356,"native":"INR","localized":"INR"},"bm":{"code":"XOF","numeric":952,"native":"sefa Fraŋ (BCEAO)","localized":"sefa Fraŋ (BCEAO)"},"bn":{"code":"BDT","numeric":50,"native":"বাংলাদেশী টাকা","localized":"বাংলাদেশী টাকা"},"bs":{"code":"BAM","numeric":977,"native":"Bosanskohercegovačka konvertibilna marka","localized":"Bosanskohercegovačka konvertibilna marka"},"ca":{"code":"EUR","numeric":978,"native":"euro","localized":"euro"},"ceb":{"code":"PHP","numeric":608,"native":"Philippine Peso","localized":"Philippine Peso"},"ckb":{"code":"IQD","numeric":368,"native":"IQD","localized":"IQD"},"cs":{"code":"CZK","numeric":203,"native":"česká koruna","localized":"česká koruna"},"cy":{"code":"GBP","numeric":826,"native":"Punt Prydain","localized":"Punt Prydain"},"da":{"code":"DKK","numeric":208,"native":"dansk krone","localized":"dansk krone"},"de":{"code":"EUR","numeric":978,"native":"Euro","localized":"Euro"},"de_CH":{"code":"CHF","numeric":756,"native":"Schweizer Franken","localized":"Schweizer Franken"},"doi":{"code":"INR","numeric":356,"native":"भारती रपेऽ","localized":"भारती रपेऽ"},"ee":{"code":"GHS","numeric":936,"native":"ghana siɖi","localized":"ghana siɖi"},"el":{"code":"EUR","numeric":978,"native":"Ευρώ","localized":"Ευρώ"},"en":{"code":"USD","numeric":840,"native":"US Dollar","localized":"US Dollar"},"en_CA":{"code":"CAD","numeric":124,"native":"Canadian Dollar","localized":"Canadian Dollar"},"eo":{"code":"USD","numeric":840,"native":"","localized":""},"es":{"code":"EUR","numeric":978,"native":"euro","localized":"euro"},"et":{"code":"EUR","numeric":978,"native":"euro","localized":"euro"},"eu":{"code":"EUR","numeric":978,"native":"euroa","localized":"euroa"},"fa":{"code":"IRR","numeric":364,"native":"ریال ایران","localized":"ریال ایران"},"fi":{"code":"EUR","numeric":978,"native":"euro","localized":"euro"},"fil":{"code":"PHP","numeric":608,"native":"Piso ng Pilipinas","localized":"Piso ng Pilipinas"},"fr":{"code":"EUR","numeric":978,"native":"euro","localized":"euro"},"fy":{"code":"EUR","numeric":978,"native":"Euro","localized":"Euro"},"ga":{"code":"EUR","numeric":978,"native":"Euro","localized":"Euro"},"gd":{"code":"GBP","numeric":826,"native":"Punnd Sasannach","localized":"Punnd Sasannach"},"gl":{"code":"EUR","numeric":978,"native":"euro","localized":"euro"},"gu":{"code":"INR","numeric":356,"native":"ભારતીય રૂપિયા","localized":"ભારતીય રૂપિયા"},"ha":{"code":"NGN","numeric":566,"native":"Nairar Najeriya","localized":"Nairar Najeriya"},"haw":{"code":"USD","numeric":840,"native":"USD","localized":"USD"},"he":{"code":"ILS","numeric":376,"native":"שקל חדש","localized":"שקל חדש"},"hi":{"code":"INR","numeric":356,"native":"भारतीय रुपया","localized":"भारतीय रुपया"},"hr":{"code":"EUR","numeric":978,"native":"euro","localized":"euro"},"hu":{"code":"HUF","numeric":348,"native":"magyar forint","localized":"magyar forint"},"hy":{"code":"AMD","numeric":51,"native":"հայկական դրամ","localized":"հայկական դրամ"},"id":{"code":"IDR","numeric":360,"native":"Rupiah Indonesia","localized":"Rupiah Indonesia"},"ig":{"code":"NGN","numeric":566,"native":"Naịra","localized":"Naịra"},"is":{"code":"ISK","numeric":352,"native":"íslensk króna","localized":"íslensk króna"},"it":{"code":"EUR","numeric":978,"native":"euro","localized":"euro"},"ja":{"code":"JPY","numeric":392,"native":"日本円","localized":"日本円"},"ka":{"code":"GEL","numeric":981,"native":"ქართული ლარი","localized":"ქართული ლარი"},"kk":{"code":"KZT","numeric":398,"native":"Қазақстан теңгесі","localized":"Қазақстан теңгесі"},"km":{"code":"KHR","numeric":116,"native":"រៀល​កម្ពុជា","localized":"រៀល​កម្ពុជា"},"kn":{"code":"INR","numeric":356,"native":"ಭಾರತೀಯ ರೂಪಾಯಿ","localized":"ಭಾರತೀಯ ರೂಪಾಯಿ"},"ko":{"code":"KRW","numeric":410,"native":"대한민국 원","localized":"대한민국 원"},"ku":{"code":"TRY","numeric":949,"native":"TRY","localized":"TRY"},"ky":{"code":"KGS","numeric":417,"native":"Кыргызстан сому","localized":"Кыргызстан сому"},"lb":{"code":"EUR","numeric":978,"native":"Euro","localized":"Euro"},"lg":{"code":"UGX","numeric":800,"native":"Silingi eya Yuganda","localized":"Silingi eya Yuganda"},"ln":{"code":"CDF","numeric":976,"native":"Falánga ya Kongó","localized":"Falánga ya Kongó"},"lo":{"code":"LAK","numeric":418,"native":"ລາວ ກີບ","localized":"ລາວ ກີບ"},"lt":{"code":"EUR","numeric":978,"native":"Euras","localized":"Euras"},"lv":{"code":"EUR","numeric":978,"native":"eiro","localized":"eiro"},"mai":{"code":"INR","numeric":356,"native":"भारतीय रुपया","localized":"भारतीय रुपया"},"mg":{"code":"MGA","numeric":969,"native":"Ariary","localized":"Ariary"},"mi":{"code":"NZD","numeric":554,"native":"Tāra o Aotearoa","localized":"Tāra o Aotearoa"},"mk":{"code":"MKD","numeric":807,"native":"Македонски денар","localized":"Македонски денар"},"ml":{"code":"INR","numeric":356,"native":"ഇന്ത്യൻ രൂപ","localized":"ഇന്ത്യൻ രൂപ"},"mn":{"code":"MNT","numeric":496,"native":"Монгол төгрөг","localized":"Монгол төгрөг"},"mni_Mtei":{"code":"INR","numeric":356,"native":"Indian Rupee","localized":"Indian Rupee"},"mr":{"code":"INR","numeric":356,"native":"भारतीय रुपया","localized":"भारतीय रुपया"},"ms":{"code":"MYR","numeric":458,"native":"Ringgit Malaysia","localized":"Ringgit Malaysia"},"mt":{"code":"EUR","numeric":978,"native":"ewro","localized":"ewro"},"my":{"code":"MMK","numeric":104,"native":"မြန်မာ ကျပ်","localized":"မြန်မာ ကျပ်"},"nb":{"code":"NOK","numeric":578,"native":"norske kroner","localized":"norske kroner"},"ne":{"code":"NPR","numeric":524,"native":"नेपाली रूपैयाँ","localized":"नेपाली रूपैयाँ"},"nl":{"code":"EUR","numeric":978,"native":"Euro","localized":"Euro"},"nn":{"code":"NOK","numeric":578,"native":"norske kroner","localized":"norske kroner"},"oc":{"code":"EUR","numeric":978,"native":"EUR","localized":"EUR"},"om":{"code":"ETB","numeric":230,"native":"Itoophiyaa Birrii","localized":"Itoophiyaa Birrii"},"or":{"code":"INR","numeric":356,"native":"ଭାରତୀୟ ଟଙ୍କା","localized":"ଭାରତୀୟ ଟଙ୍କା"},"pa":{"code":"INR","numeric":356,"native":"ਭਾਰਤੀ ਰੁਪਇਆ","localized":"ਭਾਰਤੀ ਰੁਪਇਆ"},"pl":{"code":"PLN","numeric":985,"native":"złoty polski","localized":"złoty polski"},"ps":{"code":"AFN","numeric":971,"native":"افغانۍ","localized":"افغانۍ"},"pt":{"code":"BRL","numeric":986,"native":"Real brasileiro","localized":"Real brasileiro"},"pt_BR":{"code":"BRL","numeric":986,"native":"Real brasileiro","localized":"Real brasileiro"},"qu":{"code":"PEN","numeric":604,"native":"Sol Peruano","localized":"Sol Peruano"},"ro":{"code":"RON","numeric":946,"native":"leu românesc","localized":"leu românesc"},"ru":{"code":"RUB","numeric":643,"native":"российский рубль","localized":"российский рубль"},"rw":{"code":"RWF","numeric":646,"native":"RWF","localized":"RWF"},"sa":{"code":"INR","numeric":356,"native":"भारतीय रूप्यकम्","localized":"भारतीय रूप्यकम्"},"sc":{"code":"EUR","numeric":978,"native":"èuro","localized":"èuro"},"sd":{"code":"PKR","numeric":586,"native":"پاڪستاني رپي","localized":"پاڪستاني رپي"},"si":{"code":"LKR","numeric":144,"native":"ශ්‍රී ලංකා රුපියල","localized":"ශ්‍රී ලංකා රුපියල"},"sk":{"code":"EUR","numeric":978,"native":"euro","localized":"euro"},"sl":{"code":"EUR","numeric":978,"native":"evro","localized":"evro"},"sn":{"code":"USD","numeric":840,"native":"Dora re Amerika","localized":"Dora re Amerika"},"so":{"code":"SOS","numeric":706,"native":"Shilingka Soomaaliya","localized":"Shilingka Soomaaliya"},"sq":{"code":"ALL","numeric":8,"native":"Leku shqiptar","localized":"Leku shqiptar"},"sr_Cyrl":{"code":"RSD","numeric":941,"native":"српски динар","localized":"српски динар"},"sr_Latn":{"code":"RSD","numeric":941,"native":"srpski dinar","localized":"srpski dinar"},"sr_Latn_ME":{"code":"EUR","numeric":978,"native":"Evro","localized":"Evro"},"su":{"code":"IDR","numeric":360,"native":"Rupee Indonésia","localized":"Rupee Indonésia"},"sv":{"code":"SEK","numeric":752,"native":"svensk krona","localized":"svensk krona"},"sw":{"code":"TZS","numeric":834,"native":"Shilingi ya Tanzania","localized":"Shilingi ya Tanzania"},"ta":{"code":"INR","numeric":356,"native":"இந்திய ரூபாய்","localized":"இந்திய ரூபாய்"},"te":{"code":"INR","numeric":356,"native":"భారతదేశ రూపాయి","localized":"భారతదేశ రూపాయి"},"tg":{"code":"TJS","numeric":972,"native":"Сомонӣ","localized":"Сомонӣ"},"th":{"code":"THB","numeric":764,"native":"บาท","localized":"บาท"},"ti":{"code":"ETB","numeric":230,"native":"ብር","localized":"ብር"},"tk":{"code":"TMT","numeric":934,"native":"Türkmen manady","localized":"Türkmen manady"},"tl":{"code":"PHP","numeric":608,"native":"Philippine Peso","localized":"Philippine Peso"},"tr":{"code":"TRY","numeric":949,"native":"Türk Lirası","localized":"Türk Lirası"},"tt":{"code":"RUB","numeric":643,"native":"Россия сумы","localized":"Россия сумы"},"ug":{"code":"CNY","numeric":156,"native":"جۇڭگو يۈەنى","localized":"جۇڭگو يۈەنى"},"uk":{"code":"UAH","numeric":980,"native":"українська гривня","localized":"українська гривня"},"ur":{"code":"PKR","numeric":586,"native":"پاکستانی روپیہ","localized":"پاکستانی روپیہ"},"uz_Cyrl":{"code":"UZS","numeric":860,"native":"Ўзбекистон сўм","localized":"Ўзбекистон сўм"},"uz_Latn":{"code":"UZS","numeric":860,"native":"O‘zbekiston so‘mi","localized":"O‘zbekiston so‘mi"},"vi":{"code":"VND","numeric":704,"native":"Đồng Việt Nam","localized":"Đồng Việt Nam"},"xh":{"code":"ZAR","numeric":710,"native":"IRandi yaseMzantsi Afrika","localized":"IRandi yaseMzantsi Afrika"},"yi":{"code":"USD","numeric":840,"native":"","localized":""},"yo":{"code":"NGN","numeric":566,"native":"Náírà Nàìjíríà","localized":"Náírà Nàìjíríà"},"zh_CN":{"code":"CNY","numeric":156,"native":"人民币","localized":"人民币"},"zh_HK":{"code":"HKD","numeric":344,"native":"港元","localized":"港元"},"zh_TW":{"code":"TWD","numeric":901,"native":"新台币","localized":"新台币"},"zu":{"code":"ZAR","numeric":710,"native":"i-South African Rand","localized":"i-South African Rand"}}
