{"af":{"code":"ZAR","numeric":710,"native":"Suid-Afrikaanse rand","localized":"Suid-Afrikaanse rand"},"ak":{"code":"GHS","numeric":936,"native":"Ghana Sidi","localized":"Ghanese cedi"},"am":{"code":"ETB","numeric":230,"native":"የኢትዮጵያ ብር","localized":"Etiopiese birr"},"ar":{"code":"EGP","numeric":818,"native":"جنيه مصري","localized":"Egiptiese pond"},"as":{"code":"INR","numeric":356,"native":"ভাৰতীয় ৰুপী","localized":"Indiese roepee"},"az":{"code":"AZN","numeric":944,"native":"Azərbaycan Manatı","localized":"Azerbeidjaanse manat"},"be":{"code":"BYN","numeric":840,"native":"беларускі рубель","localized":"Belarusiese roebel"},"bg":{"code":"BGN","numeric":975,"native":"Български лев","localized":"Bulgaarse lev"},"bho":{"code":"INR","numeric":356,"native":"INR","localized":"Indiese roepee"},"bm":{"code":"XOF","numeric":952,"native":"sefa Fraŋ (BCEAO)","localized":"Wes-Afrikaanse CFA-frank"},"bn":{"code":"BDT","numeric":50,"native":"বাংলাদেশী টাকা","localized":"Bangladesjiese taka"},"bs":{"code":"BAM","numeric":977,"native":"Bosanskohercegovačka konvertibilna marka","localized":"Bosnies-Herzegowiniese omskakelbare marka"},"ca":{"code":"EUR","numeric":978,"native":"euro","localized":"Euro"},"ceb":{"code":"PHP","numeric":608,"native":"Philippine Peso","localized":"Filippynse peso"},"ckb":{"code":"IQD","numeric":368,"native":"IQD","localized":"Irakse dinar"},"cs":{"code":"CZK","numeric":203,"native":"česká koruna","localized":"Tsjeggiese kroon"},"cy":{"code":"GBP","numeric":826,"native":"Punt Prydain","localized":"Britse pond"},"da":{"code":"DKK","numeric":208,"native":"dansk krone","localized":"Deense kroon"},"de":{"code":"EUR","numeric":978,"native":"Euro","localized":"Euro"},"de_CH":{"code":"CHF","numeric":756,"native":"Schweizer Franken","localized":"Switserse frank"},"doi":{"code":"INR","numeric":356,"native":"भारती रपेऽ","localized":"Indiese roepee"},"ee":{"code":"GHS","numeric":936,"native":"ghana siɖi","localized":"Ghanese cedi"},"el":{"code":"EUR","numeric":978,"native":"Ευρώ","localized":"Euro"},"en":{"code":"USD","numeric":840,"native":"US Dollar","localized":"VSA-dollar"},"en_CA":{"code":"CAD","numeric":124,"native":"Canadian Dollar","localized":"Kanadese dollar"},"eo":{"code":"USD","numeric":840,"native":"","localized":""},"es":{"code":"EUR","numeric":978,"native":"euro","localized":"Euro"},"et":{"code":"EUR","numeric":978,"native":"euro","localized":"Euro"},"eu":{"code":"EUR","numeric":978,"native":"euroa","localized":"Euro"},"fa":{"code":"IRR","numeric":364,"native":"ریال ایران","localized":"Iranse rial"},"fi":{"code":"EUR","numeric":978,"native":"euro","localized":"Euro"},"fil":{"code":"PHP","numeric":608,"native":"Piso ng Pilipinas","localized":"Filippynse peso"},"fr":{"code":"EUR","numeric":978,"native":"euro","localized":"Euro"},"fy":{"code":"EUR","numeric":978,"native":"Euro","localized":"Euro"},"ga":{"code":"EUR","numeric":978,"native":"Euro","localized":"Euro"},"gd":{"code":"GBP","numeric":826,"native":"Punnd Sasannach","localized":"Britse pond"},"gl":{"code":"EUR","numeric":978,"native":"euro","localized":"Euro"},"gu":{"code":"INR","numeric":356,"native":"ભારતીય રૂપિયા","localized":"Indiese roepee"},"ha":{"code":"NGN","numeric":566,"native":"Nairar Najeriya","localized":"Nigeriese naira"},"haw":{"code":"USD","numeric":840,"native":"USD","localized":"VSA-dollar"},"he":{"code":"ILS","numeric":376,"native":"שקל חדש","localized":"Israeliese nuwe sikkel"},"hi":{"code":"INR","numeric":356,"native":"भारतीय रुपया","localized":"Indiese roepee"},"hr":{"code":"EUR","numeric":978,"native":"euro","localized":"Euro"},"hu":{"code":"HUF","numeric":348,"native":"magyar forint","localized":"Hongaarse florint"},"hy":{"code":"AMD","numeric":51,"native":"հայկական դրամ","localized":"Armeense dram"},"id":{"code":"IDR","numeric":360,"native":"Rupiah Indonesia","localized":"Indonesiese roepia"},"ig":{"code":"NGN","numeric":566,"native":"Naịra","localized":"Nigeriese naira"},"is":{"code":"ISK","numeric":352,"native":"íslensk króna","localized":"Yslandse kroon"},"it":{"code":"EUR","numeric":978,"native":"euro","localized":"Euro"},"ja":{"code":"JPY","numeric":392,"native":"日本円","localized":"Japannese jen"},"ka":{"code":"GEL","numeric":981,"native":"ქართული ლარი","localized":"Georgiese lari"},"kk":{"code":"KZT","numeric":398,"native":"Қазақстан теңгесі","localized":"Kazakse tenge"},"km":{"code":"KHR","numeric":116,"native":"រៀល​កម្ពុជា","localized":"Kambodjaanse riel"},"kn":{"code":"INR","numeric":356,"native":"ಭಾರತೀಯ ರೂಪಾಯಿ","localized":"Indiese roepee"},"ko":{"code":"KRW","numeric":410,"native":"대한민국 원","localized":"Suid-Koreaanse won"},"ku":{"code":"TRY","numeric":949,"native":"TRY","localized":"Turkse lira"},"ky":{"code":"KGS","numeric":417,"native":"Кыргызстан сому","localized":"Kirgisiese som"},"lb":{"code":"EUR","numeric":978,"native":"Euro","localized":"Euro"},"lg":{"code":"UGX","numeric":800,"native":"Silingi eya Yuganda","localized":"Ugandese sjieling"},"ln":{"code":"CDF","numeric":976,"native":"Falánga ya Kongó","localized":"Kongolese frank"},"lo":{"code":"LAK","numeric":418,"native":"ລາວ ກີບ","localized":"Laosiaanse kip"},"lt":{"code":"EUR","numeric":978,"native":"Euras","localized":"Euro"},"lv":{"code":"EUR","numeric":978,"native":"eiro","localized":"Euro"},"mai":{"code":"INR","numeric":356,"native":"भारतीय रुपया","localized":"Indiese roepee"},"mg":{"code":"MGA","numeric":969,"native":"Ariary","localized":"Malgassiese ariary"},"mi":{"code":"NZD","numeric":554,"native":"Tāra o Aotearoa","localized":"Nieu-Seelandse dollar"},"mk":{"code":"MKD","numeric":807,"native":"Македонски денар","localized":"Macedoniese denar"},"ml":{"code":"INR","numeric":356,"native":"ഇന്ത്യൻ രൂപ","localized":"Indiese roepee"},"mn":{"code":"MNT","numeric":496,"native":"Монгол төгрөг","localized":"Mongoolse toegrik"},"mni_Mtei":{"code":"INR","numeric":356,"native":"Indian Rupee","localized":"Indiese roepee"},"mr":{"code":"INR","numeric":356,"native":"भारतीय रुपया","localized":"Indiese roepee"},"ms":{"code":"MYR","numeric":458,"native":"Ringgit Malaysia","localized":"Maleisiese ringgit"},"mt":{"code":"EUR","numeric":978,"native":"ewro","localized":"Euro"},"my":{"code":"MMK","numeric":104,"native":"မြန်မာ ကျပ်","localized":"Mianmese kyat"},"nb":{"code":"NOK","numeric":578,"native":"norske kroner","localized":"Noorse kroon"},"ne":{"code":"NPR","numeric":524,"native":"नेपाली रूपैयाँ","localized":"Nepalese roepee"},"nl":{"code":"EUR","numeric":978,"native":"Euro","localized":"Euro"},"nn":{"code":"NOK","numeric":578,"native":"norske kroner","localized":"Noorse kroon"},"oc":{"code":"EUR","numeric":978,"native":"EUR","localized":"Euro"},"om":{"code":"ETB","numeric":230,"native":"Itoophiyaa Birrii","localized":"Etiopiese birr"},"or":{"code":"INR","numeric":356,"native":"ଭାରତୀୟ ଟଙ୍କା","localized":"Indiese roepee"},"pa":{"code":"INR","numeric":356,"native":"ਭਾਰਤੀ ਰੁਪਇਆ","localized":"Indiese roepee"},"pl":{"code":"PLN","numeric":985,"native":"złoty polski","localized":"Poolse zloty"},"ps":{"code":"AFN","numeric":971,"native":"افغانۍ","localized":"Afgaanse afgani"},"pt":{"code":"BRL","numeric":986,"native":"Real brasileiro","localized":"Brasilliaanse reaal"},"pt_BR":{"code":"BRL","numeric":986,"native":"Real brasileiro","localized":"Brasilliaanse reaal"},"qu":{"code":"PEN","numeric":604,"native":"Sol Peruano","localized":"Peruaanse sol"},"ro":{"code":"RON","numeric":946,"native":"leu românesc","localized":"Roemeense leu"},"ru":{"code":"RUB","numeric":643,"native":"российский рубль","localized":"Russiese roebel"},"rw":{"code":"RWF","numeric":646,"native":"RWF","localized":"Rwandese frank"},"sa":{"code":"INR","numeric":356,"native":"भारतीय रूप्यकम्","localized":"Indiese roepee"},"sc":{"code":"EUR","numeric":978,"native":"èuro","localized":"Euro"},"sd":{"code":"PKR","numeric":586,"native":"پاڪستاني رپي","localized":"Pakistanse roepee"},"si":{"code":"LKR","numeric":144,"native":"ශ්‍රී ලංකා රුපියල","localized":"Sri Lankaanse roepee"},"sk":{"code":"EUR","numeric":978,"native":"euro","localized":"Euro"},"sl":{"code":"EUR","numeric":978,"native":"evro","localized":"Euro"},"sn":{"code":"USD","numeric":840,"native":"Dora re Amerika","localized":"VSA-dollar"},"so":{"code":"SOS","numeric":706,"native":"Shilingka Soomaaliya","localized":"Somaliese sjieling"},"sq":{"code":"ALL","numeric":8,"native":"Leku shqiptar","localized":"Albanese lek"},"sr_Cyrl":{"code":"RSD","numeric":941,"native":"српски динар","localized":"Serwiese dinar"},"sr_Latn":{"code":"RSD","numeric":941,"native":"srpski dinar","localized":"Serwiese dinar"},"sr_Latn_ME":{"code":"EUR","numeric":978,"native":"Evro","localized":"Euro"},"su":{"code":"IDR","numeric":360,"native":"Rupee Indonésia","localized":"Indonesiese roepia"},"sv":{"code":"SEK","numeric":752,"native":"svensk krona","localized":"Sweedse kroon"},"sw":{"code":"TZS","numeric":834,"native":"Shilingi ya Tanzania","localized":"Tanzaniese sjieling"},"ta":{"code":"INR","numeric":356,"native":"இந்திய ரூபாய்","localized":"Indiese roepee"},"te":{"code":"INR","numeric":356,"native":"భారతదేశ రూపాయి","localized":"Indiese roepee"},"tg":{"code":"TJS","numeric":972,"native":"Сомонӣ","localized":"Tadjikse somoni"},"th":{"code":"THB","numeric":764,"native":"บาท","localized":"Thaise baht"},"ti":{"code":"ETB","numeric":230,"native":"ብር","localized":"Etiopiese birr"},"tk":{"code":"TMT","numeric":934,"native":"Türkmen manady","localized":"Turkmeense manat"},"tl":{"code":"PHP","numeric":608,"native":"Philippine Peso","localized":"Filippynse peso"},"tr":{"code":"TRY","numeric":949,"native":"Türk Lirası","localized":"Turkse lira"},"tt":{"code":"RUB","numeric":643,"native":"Россия сумы","localized":"Russiese roebel"},"ug":{"code":"CNY","numeric":156,"native":"جۇڭگو يۈەنى","localized":"Chinese joean"},"uk":{"code":"UAH","numeric":980,"native":"українська гривня","localized":"Oekraïnse hriwna"},"ur":{"code":"PKR","numeric":586,"native":"پاکستانی روپیہ","localized":"Pakistanse roepee"},"uz_Cyrl":{"code":"UZS","numeric":860,"native":"Ўзбекистон сўм","localized":"Oezbekiese som"},"uz_Latn":{"code":"UZS","numeric":860,"native":"O‘zbekiston so‘mi","localized":"Oezbekiese som"},"vi":{"code":"VND","numeric":704,"native":"Đồng Việt Nam","localized":"Viëtnamese dong"},"xh":{"code":"ZAR","numeric":710,"native":"IRandi yaseMzantsi Afrika","localized":"Suid-Afrikaanse rand"},"yi":{"code":"USD","numeric":840,"native":"","localized":""},"yo":{"code":"NGN","numeric":566,"native":"Náírà Nàìjíríà","localized":"Nigeriese naira"},"zh_CN":{"code":"CNY","numeric":156,"native":"人民币","localized":"Chinese joean"},"zh_HK":{"code":"HKD","numeric":344,"native":"港元","localized":"Hongkongse dollar"},"zh_TW":{"code":"TWD","numeric":901,"native":"新台币","localized":"Nuwe Taiwanese dollar"},"zu":{"code":"ZAR","numeric":710,"native":"i-South African Rand","localized":"Suid-Afrikaanse rand"}}
