{"af":{"code":"ZAR","numeric":710,"native":"Suid-Afrikaanse rand","localized":"የደቡብ አፍሪካ ራንድ"},"ak":{"code":"GHS","numeric":936,"native":"Ghana Sidi","localized":"የጋና ሲዲ"},"am":{"code":"ETB","numeric":230,"native":"የኢትዮጵያ ብር","localized":"የኢትዮጵያ ብር"},"ar":{"code":"EGP","numeric":818,"native":"جنيه مصري","localized":"የግብጽ ፓውንድ"},"as":{"code":"INR","numeric":356,"native":"ভাৰতীয় ৰুপী","localized":"የሕንድ ሩፒ"},"az":{"code":"AZN","numeric":944,"native":"Azərbaycan Manatı","localized":"የአዛርባጃን ማናት"},"be":{"code":"BYN","numeric":840,"native":"беларускі рубель","localized":"የቤላሩስያ ሩብል"},"bg":{"code":"BGN","numeric":975,"native":"Български лев","localized":"የቡልጋሪያ ሌቭ"},"bho":{"code":"INR","numeric":356,"native":"INR","localized":"የሕንድ ሩፒ"},"bm":{"code":"XOF","numeric":952,"native":"sefa Fraŋ (BCEAO)","localized":"የምዕራብ አፍሪካ ሴፋ ፍራንክ"},"bn":{"code":"BDT","numeric":50,"native":"বাংলাদেশী টাকা","localized":"የባንግላዲሽ ታካ"},"bs":{"code":"BAM","numeric":977,"native":"Bosanskohercegovačka konvertibilna marka","localized":"የቦስኒያ ሄርዞጎቪና የሚመነዘር ማርክ"},"ca":{"code":"EUR","numeric":978,"native":"euro","localized":"ዩሮ"},"ceb":{"code":"PHP","numeric":608,"native":"Philippine Peso","localized":"የፊሊፒንስ ፔሶ"},"ckb":{"code":"IQD","numeric":368,"native":"IQD","localized":"የኢራቅ ዲናር"},"cs":{"code":"CZK","numeric":203,"native":"česká koruna","localized":"ቼክ ሪፐብሊክ ኮሩና"},"cy":{"code":"GBP","numeric":826,"native":"Punt Prydain","localized":"የእንግሊዝ ፓውንድ ስተርሊንግ"},"da":{"code":"DKK","numeric":208,"native":"dansk krone","localized":"የዴንማርክ ክሮን"},"de":{"code":"EUR","numeric":978,"native":"Euro","localized":"ዩሮ"},"de_CH":{"code":"CHF","numeric":756,"native":"Schweizer Franken","localized":"የስዊስ ፍራንክ"},"doi":{"code":"INR","numeric":356,"native":"भारती रपेऽ","localized":"የሕንድ ሩፒ"},"ee":{"code":"GHS","numeric":936,"native":"ghana siɖi","localized":"የጋና ሲዲ"},"el":{"code":"EUR","numeric":978,"native":"Ευρώ","localized":"ዩሮ"},"en":{"code":"USD","numeric":840,"native":"US Dollar","localized":"የአሜሪካን ዶላር"},"en_CA":{"code":"CAD","numeric":124,"native":"Canadian Dollar","localized":"የካናዳ ዶላር"},"eo":{"code":"USD","numeric":840,"native":"","localized":""},"es":{"code":"EUR","numeric":978,"native":"euro","localized":"ዩሮ"},"et":{"code":"EUR","numeric":978,"native":"euro","localized":"ዩሮ"},"eu":{"code":"EUR","numeric":978,"native":"euroa","localized":"ዩሮ"},"fa":{"code":"IRR","numeric":364,"native":"ریال ایران","localized":"የኢራን ሪአል"},"fi":{"code":"EUR","numeric":978,"native":"euro","localized":"ዩሮ"},"fil":{"code":"PHP","numeric":608,"native":"Piso ng Pilipinas","localized":"የፊሊፒንስ ፔሶ"},"fr":{"code":"EUR","numeric":978,"native":"euro","localized":"ዩሮ"},"fy":{"code":"EUR","numeric":978,"native":"Euro","localized":"ዩሮ"},"ga":{"code":"EUR","numeric":978,"native":"Euro","localized":"ዩሮ"},"gd":{"code":"GBP","numeric":826,"native":"Punnd Sasannach","localized":"የእንግሊዝ ፓውንድ ስተርሊንግ"},"gl":{"code":"EUR","numeric":978,"native":"euro","localized":"ዩሮ"},"gu":{"code":"INR","numeric":356,"native":"ભારતીય રૂપિયા","localized":"የሕንድ ሩፒ"},"ha":{"code":"NGN","numeric":566,"native":"Nairar Najeriya","localized":"የናይጄሪያ ናይራ"},"haw":{"code":"USD","numeric":840,"native":"USD","localized":"የአሜሪካን ዶላር"},"he":{"code":"ILS","numeric":376,"native":"שקל חדש","localized":"የእስራኤል አዲስ ሽቅል"},"hi":{"code":"INR","numeric":356,"native":"भारतीय रुपया","localized":"የሕንድ ሩፒ"},"hr":{"code":"EUR","numeric":978,"native":"euro","localized":"ዩሮ"},"hu":{"code":"HUF","numeric":348,"native":"magyar forint","localized":"የሃንጋሪያን ፎሪንት"},"hy":{"code":"AMD","numeric":51,"native":"հայկական դրամ","localized":"የአርመን ድራም"},"id":{"code":"IDR","numeric":360,"native":"Rupiah Indonesia","localized":"የኢንዶኔዥያ ሩፒሃ"},"ig":{"code":"NGN","numeric":566,"native":"Naịra","localized":"የናይጄሪያ ናይራ"},"is":{"code":"ISK","numeric":352,"native":"íslensk króna","localized":"የአይስላንድ ክሮና"},"it":{"code":"EUR","numeric":978,"native":"euro","localized":"ዩሮ"},"ja":{"code":"JPY","numeric":392,"native":"日本円","localized":"የጃፓን የን"},"ka":{"code":"GEL","numeric":981,"native":"ქართული ლარი","localized":"የጆርጅያ ላሪ"},"kk":{"code":"KZT","numeric":398,"native":"Қазақстан теңгесі","localized":"የካዛኪስታን ተንጌ"},"km":{"code":"KHR","numeric":116,"native":"រៀល​កម្ពុជា","localized":"የካምቦዲያ ሬል"},"kn":{"code":"INR","numeric":356,"native":"ಭಾರತೀಯ ರೂಪಾಯಿ","localized":"የሕንድ ሩፒ"},"ko":{"code":"KRW","numeric":410,"native":"대한민국 원","localized":"የደቡብ ኮሪያ ዎን"},"ku":{"code":"TRY","numeric":949,"native":"TRY","localized":"የቱርክ ሊራ"},"ky":{"code":"KGS","numeric":417,"native":"Кыргызстан сому","localized":"የኪርጊስታን ሶም"},"lb":{"code":"EUR","numeric":978,"native":"Euro","localized":"ዩሮ"},"lg":{"code":"UGX","numeric":800,"native":"Silingi eya Yuganda","localized":"የዩጋንዳ ሺሊንግ"},"ln":{"code":"CDF","numeric":976,"native":"Falánga ya Kongó","localized":"የኮንጐ ፍራንክ ኮንጐሌዝ"},"lo":{"code":"LAK","numeric":418,"native":"ລາວ ກີບ","localized":"የላኦቲ ኪፕ"},"lt":{"code":"EUR","numeric":978,"native":"Euras","localized":"ዩሮ"},"lv":{"code":"EUR","numeric":978,"native":"eiro","localized":"ዩሮ"},"mai":{"code":"INR","numeric":356,"native":"भारतीय रुपया","localized":"የሕንድ ሩፒ"},"mg":{"code":"MGA","numeric":969,"native":"Ariary","localized":"የማደጋስካር ማላጋስይ አሪያርይ"},"mi":{"code":"NZD","numeric":554,"native":"Tāra o Aotearoa","localized":"የኒውዚላንድ ዶላር"},"mk":{"code":"MKD","numeric":807,"native":"Македонски денар","localized":"የሜቆድንያ ዲናር"},"ml":{"code":"INR","numeric":356,"native":"ഇന്ത്യൻ രൂപ","localized":"የሕንድ ሩፒ"},"mn":{"code":"MNT","numeric":496,"native":"Монгол төгрөг","localized":"የሞንጎሊያን ቱግሪክ"},"mni_Mtei":{"code":"INR","numeric":356,"native":"Indian Rupee","localized":"የሕንድ ሩፒ"},"mr":{"code":"INR","numeric":356,"native":"भारतीय रुपया","localized":"የሕንድ ሩፒ"},"ms":{"code":"MYR","numeric":458,"native":"Ringgit Malaysia","localized":"የማሌዥያ ሪንጊት"},"mt":{"code":"EUR","numeric":978,"native":"ewro","localized":"ዩሮ"},"my":{"code":"MMK","numeric":104,"native":"မြန်မာ ကျပ်","localized":"የማያናማር ክያት"},"nb":{"code":"NOK","numeric":578,"native":"norske kroner","localized":"የኖርዌይ ክሮን"},"ne":{"code":"NPR","numeric":524,"native":"नेपाली रूपैयाँ","localized":"የኔፓል ሩፒ"},"nl":{"code":"EUR","numeric":978,"native":"Euro","localized":"ዩሮ"},"nn":{"code":"NOK","numeric":578,"native":"norske kroner","localized":"የኖርዌይ ክሮን"},"oc":{"code":"EUR","numeric":978,"native":"EUR","localized":"ዩሮ"},"om":{"code":"ETB","numeric":230,"native":"Itoophiyaa Birrii","localized":"የኢትዮጵያ ብር"},"or":{"code":"INR","numeric":356,"native":"ଭାରତୀୟ ଟଙ୍କା","localized":"የሕንድ ሩፒ"},"pa":{"code":"INR","numeric":356,"native":"ਭਾਰਤੀ ਰੁਪਇਆ","localized":"የሕንድ ሩፒ"},"pl":{"code":"PLN","numeric":985,"native":"złoty polski","localized":"የፖላንድ ዝሎቲ"},"ps":{"code":"AFN","numeric":971,"native":"افغانۍ","localized":"የአፍጋን አፍጋኒ"},"pt":{"code":"BRL","numeric":986,"native":"Real brasileiro","localized":"የብራዚል ሪል"},"pt_BR":{"code":"BRL","numeric":986,"native":"Real brasileiro","localized":"የብራዚል ሪል"},"qu":{"code":"PEN","numeric":604,"native":"Sol Peruano","localized":"የፔሩቪያ ሶል"},"ro":{"code":"RON","numeric":946,"native":"leu românesc","localized":"የሮማኒያ ለው"},"ru":{"code":"RUB","numeric":643,"native":"российский рубль","localized":"የሩስያ ሩብል"},"rw":{"code":"RWF","numeric":646,"native":"RWF","localized":"የሩዋንዳ ፍራንክ"},"sa":{"code":"INR","numeric":356,"native":"भारतीय रूप्यकम्","localized":"የሕንድ ሩፒ"},"sc":{"code":"EUR","numeric":978,"native":"èuro","localized":"ዩሮ"},"sd":{"code":"PKR","numeric":586,"native":"پاڪستاني رپي","localized":"የፓኪስታን ሩፒ"},"si":{"code":"LKR","numeric":144,"native":"ශ්‍රී ලංකා රුපියල","localized":"የሲሪላንካ ሩፒ"},"sk":{"code":"EUR","numeric":978,"native":"euro","localized":"ዩሮ"},"sl":{"code":"EUR","numeric":978,"native":"evro","localized":"ዩሮ"},"sn":{"code":"USD","numeric":840,"native":"Dora re Amerika","localized":"የአሜሪካን ዶላር"},"so":{"code":"SOS","numeric":706,"native":"Shilingka Soomaaliya","localized":"የሶማሌ ሺሊንግ"},"sq":{"code":"ALL","numeric":8,"native":"Leku shqiptar","localized":"የአልባንያ ሌክ"},"sr_Cyrl":{"code":"RSD","numeric":941,"native":"српски динар","localized":"የሰርቢያ ዲናር"},"sr_Latn":{"code":"RSD","numeric":941,"native":"srpski dinar","localized":"የሰርቢያ ዲናር"},"sr_Latn_ME":{"code":"EUR","numeric":978,"native":"Evro","localized":"ዩሮ"},"su":{"code":"IDR","numeric":360,"native":"Rupee Indonésia","localized":"የኢንዶኔዥያ ሩፒሃ"},"sv":{"code":"SEK","numeric":752,"native":"svensk krona","localized":"የስዊድን ክሮና"},"sw":{"code":"TZS","numeric":834,"native":"Shilingi ya Tanzania","localized":"የታንዛኒያ ሺሊንግ"},"ta":{"code":"INR","numeric":356,"native":"இந்திய ரூபாய்","localized":"የሕንድ ሩፒ"},"te":{"code":"INR","numeric":356,"native":"భారతదేశ రూపాయి","localized":"የሕንድ ሩፒ"},"tg":{"code":"TJS","numeric":972,"native":"Сомонӣ","localized":"የታጂክስታን ሶሞኒ"},"th":{"code":"THB","numeric":764,"native":"บาท","localized":"የታይላንድ ባህት"},"ti":{"code":"ETB","numeric":230,"native":"ብር","localized":"የኢትዮጵያ ብር"},"tk":{"code":"TMT","numeric":934,"native":"Türkmen manady","localized":"ቱርክሜኒስታኒ ማናት"},"tl":{"code":"PHP","numeric":608,"native":"Philippine Peso","localized":"የፊሊፒንስ ፔሶ"},"tr":{"code":"TRY","numeric":949,"native":"Türk Lirası","localized":"የቱርክ ሊራ"},"tt":{"code":"RUB","numeric":643,"native":"Россия сумы","localized":"የሩስያ ሩብል"},"ug":{"code":"CNY","numeric":156,"native":"جۇڭگو يۈەنى","localized":"የቻይና የን"},"uk":{"code":"UAH","numeric":980,"native":"українська гривня","localized":"የዩክሬን ሀሪይቭኒአ"},"ur":{"code":"PKR","numeric":586,"native":"پاکستانی روپیہ","localized":"የፓኪስታን ሩፒ"},"uz_Cyrl":{"code":"UZS","numeric":860,"native":"Ўзбекистон сўм","localized":"የኡዝፔኪስታን ሶም"},"uz_Latn":{"code":"UZS","numeric":860,"native":"O‘zbekiston so‘mi","localized":"የኡዝፔኪስታን ሶም"},"vi":{"code":"VND","numeric":704,"native":"Đồng Việt Nam","localized":"የቭየትናም ዶንግ"},"xh":{"code":"ZAR","numeric":710,"native":"IRandi yaseMzantsi Afrika","localized":"የደቡብ አፍሪካ ራንድ"},"yi":{"code":"USD","numeric":840,"native":"","localized":""},"yo":{"code":"NGN","numeric":566,"native":"Náírà Nàìjíríà","localized":"የናይጄሪያ ናይራ"},"zh_CN":{"code":"CNY","numeric":156,"native":"人民币","localized":"የቻይና የን"},"zh_HK":{"code":"HKD","numeric":344,"native":"港元","localized":"የሆንግኮንግ ዶላር"},"zh_TW":{"code":"TWD","numeric":901,"native":"新台币","localized":"የአዲሷ ታይዋን ዶላር"},"zu":{"code":"ZAR","numeric":710,"native":"i-South African Rand","localized":"የደቡብ አፍሪካ ራንድ"}}
