{"af":{"code":"ZAR","numeric":710,"native":"Suid-Afrikaanse rand","localized":"راند جنوب أفريقيا"},"ak":{"code":"GHS","numeric":936,"native":"Ghana Sidi","localized":"سيدي غانا"},"am":{"code":"ETB","numeric":230,"native":"የኢትዮጵያ ብር","localized":"بير أثيوبي"},"ar":{"code":"EGP","numeric":818,"native":"جنيه مصري","localized":"جنيه مصري"},"as":{"code":"INR","numeric":356,"native":"ভাৰতীয় ৰুপী","localized":"روبية هندي"},"az":{"code":"AZN","numeric":944,"native":"Azərbaycan Manatı","localized":"مانات أذربيجان"},"be":{"code":"BYN","numeric":840,"native":"беларускі рубель","localized":"روبل بيلاروسي"},"bg":{"code":"BGN","numeric":975,"native":"Български лев","localized":"ليف بلغاري"},"bho":{"code":"INR","numeric":356,"native":"INR","localized":"روبية هندي"},"bm":{"code":"XOF","numeric":952,"native":"sefa Fraŋ (BCEAO)","localized":"فرنك غرب أفريقي"},"bn":{"code":"BDT","numeric":50,"native":"বাংলাদেশী টাকা","localized":"تاكا بنغلاديشي"},"bs":{"code":"BAM","numeric":977,"native":"Bosanskohercegovačka konvertibilna marka","localized":"مارك البوسنة والهرسك قابل للتحويل"},"ca":{"code":"EUR","numeric":978,"native":"euro","localized":"يورو"},"ceb":{"code":"PHP","numeric":608,"native":"Philippine Peso","localized":"بيزو فلبيني"},"ckb":{"code":"IQD","numeric":368,"native":"IQD","localized":"دينار عراقي"},"cs":{"code":"CZK","numeric":203,"native":"česká koruna","localized":"كرونة تشيكية"},"cy":{"code":"GBP","numeric":826,"native":"Punt Prydain","localized":"جنيه إسترليني"},"da":{"code":"DKK","numeric":208,"native":"dansk krone","localized":"كرونة دنماركية"},"de":{"code":"EUR","numeric":978,"native":"Euro","localized":"يورو"},"de_CH":{"code":"CHF","numeric":756,"native":"Schweizer Franken","localized":"فرنك سويسري"},"doi":{"code":"INR","numeric":356,"native":"भारती रपेऽ","localized":"روبية هندي"},"ee":{"code":"GHS","numeric":936,"native":"ghana siɖi","localized":"سيدي غانا"},"el":{"code":"EUR","numeric":978,"native":"Ευρώ","localized":"يورو"},"en":{"code":"USD","numeric":840,"native":"US Dollar","localized":"دولار أمريكي"},"en_CA":{"code":"CAD","numeric":124,"native":"Canadian Dollar","localized":"دولار كندي"},"eo":{"code":"USD","numeric":840,"native":"","localized":""},"es":{"code":"EUR","numeric":978,"native":"euro","localized":"يورو"},"et":{"code":"EUR","numeric":978,"native":"euro","localized":"يورو"},"eu":{"code":"EUR","numeric":978,"native":"euroa","localized":"يورو"},"fa":{"code":"IRR","numeric":364,"native":"ریال ایران","localized":"ريال إيراني"},"fi":{"code":"EUR","numeric":978,"native":"euro","localized":"يورو"},"fil":{"code":"PHP","numeric":608,"native":"Piso ng Pilipinas","localized":"بيزو فلبيني"},"fr":{"code":"EUR","numeric":978,"native":"euro","localized":"يورو"},"fy":{"code":"EUR","numeric":978,"native":"Euro","localized":"يورو"},"ga":{"code":"EUR","numeric":978,"native":"Euro","localized":"يورو"},"gd":{"code":"GBP","numeric":826,"native":"Punnd Sasannach","localized":"جنيه إسترليني"},"gl":{"code":"EUR","numeric":978,"native":"euro","localized":"يورو"},"gu":{"code":"INR","numeric":356,"native":"ભારતીય રૂપિયા","localized":"روبية هندي"},"ha":{"code":"NGN","numeric":566,"native":"Nairar Najeriya","localized":"نايرا نيجيري"},"haw":{"code":"USD","numeric":840,"native":"USD","localized":"دولار أمريكي"},"he":{"code":"ILS","numeric":376,"native":"שקל חדש","localized":"شيكل إسرائيلي جديد"},"hi":{"code":"INR","numeric":356,"native":"भारतीय रुपया","localized":"روبية هندي"},"hr":{"code":"EUR","numeric":978,"native":"euro","localized":"يورو"},"hu":{"code":"HUF","numeric":348,"native":"magyar forint","localized":"فورينت هنغاري"},"hy":{"code":"AMD","numeric":51,"native":"հայկական դրամ","localized":"درام أرميني"},"id":{"code":"IDR","numeric":360,"native":"Rupiah Indonesia","localized":"روبية إندونيسية"},"ig":{"code":"NGN","numeric":566,"native":"Naịra","localized":"نايرا نيجيري"},"is":{"code":"ISK","numeric":352,"native":"íslensk króna","localized":"كرونة أيسلندية"},"it":{"code":"EUR","numeric":978,"native":"euro","localized":"يورو"},"ja":{"code":"JPY","numeric":392,"native":"日本円","localized":"ين ياباني"},"ka":{"code":"GEL","numeric":981,"native":"ქართული ლარი","localized":"لارى جورجي"},"kk":{"code":"KZT","numeric":398,"native":"Қазақстан теңгесі","localized":"تينغ كازاخستاني"},"km":{"code":"KHR","numeric":116,"native":"រៀល​កម្ពុជា","localized":"رييال كمبودي"},"kn":{"code":"INR","numeric":356,"native":"ಭಾರತೀಯ ರೂಪಾಯಿ","localized":"روبية هندي"},"ko":{"code":"KRW","numeric":410,"native":"대한민국 원","localized":"وون كوريا الجنوبية"},"ku":{"code":"TRY","numeric":949,"native":"TRY","localized":"ليرة تركية"},"ky":{"code":"KGS","numeric":417,"native":"Кыргызстан сому","localized":"سوم قيرغستاني"},"lb":{"code":"EUR","numeric":978,"native":"Euro","localized":"يورو"},"lg":{"code":"UGX","numeric":800,"native":"Silingi eya Yuganda","localized":"شلن أوغندي"},"ln":{"code":"CDF","numeric":976,"native":"Falánga ya Kongó","localized":"فرنك كونغولي"},"lo":{"code":"LAK","numeric":418,"native":"ລາວ ກີບ","localized":"كيب لاوسي"},"lt":{"code":"EUR","numeric":978,"native":"Euras","localized":"يورو"},"lv":{"code":"EUR","numeric":978,"native":"eiro","localized":"يورو"},"mai":{"code":"INR","numeric":356,"native":"भारतीय रुपया","localized":"روبية هندي"},"mg":{"code":"MGA","numeric":969,"native":"Ariary","localized":"أرياري مدغشقر"},"mi":{"code":"NZD","numeric":554,"native":"Tāra o Aotearoa","localized":"دولار نيوزيلندي"},"mk":{"code":"MKD","numeric":807,"native":"Македонски денар","localized":"دينار مقدوني"},"ml":{"code":"INR","numeric":356,"native":"ഇന്ത്യൻ രൂപ","localized":"روبية هندي"},"mn":{"code":"MNT","numeric":496,"native":"Монгол төгрөг","localized":"توغروغ منغولي"},"mni_Mtei":{"code":"INR","numeric":356,"native":"Indian Rupee","localized":"روبية هندي"},"mr":{"code":"INR","numeric":356,"native":"भारतीय रुपया","localized":"روبية هندي"},"ms":{"code":"MYR","numeric":458,"native":"Ringgit Malaysia","localized":"رينغيت ماليزي"},"mt":{"code":"EUR","numeric":978,"native":"ewro","localized":"يورو"},"my":{"code":"MMK","numeric":104,"native":"မြန်မာ ကျပ်","localized":"كيات ميانمار"},"nb":{"code":"NOK","numeric":578,"native":"norske kroner","localized":"كرونة نرويجية"},"ne":{"code":"NPR","numeric":524,"native":"नेपाली रूपैयाँ","localized":"روبية نيبالي"},"nl":{"code":"EUR","numeric":978,"native":"Euro","localized":"يورو"},"nn":{"code":"NOK","numeric":578,"native":"norske kroner","localized":"كرونة نرويجية"},"oc":{"code":"EUR","numeric":978,"native":"EUR","localized":"يورو"},"om":{"code":"ETB","numeric":230,"native":"Itoophiyaa Birrii","localized":"بير أثيوبي"},"or":{"code":"INR","numeric":356,"native":"ଭାରତୀୟ ଟଙ୍କା","localized":"روبية هندي"},"pa":{"code":"INR","numeric":356,"native":"ਭਾਰਤੀ ਰੁਪਇਆ","localized":"روبية هندي"},"pl":{"code":"PLN","numeric":985,"native":"złoty polski","localized":"زلوتي بولندي"},"ps":{"code":"AFN","numeric":971,"native":"افغانۍ","localized":"أفغاني"},"pt":{"code":"BRL","numeric":986,"native":"Real brasileiro","localized":"ريال برازيلي"},"pt_BR":{"code":"BRL","numeric":986,"native":"Real brasileiro","localized":"ريال برازيلي"},"qu":{"code":"PEN","numeric":604,"native":"Sol Peruano","localized":"سول بيروفي"},"ro":{"code":"RON","numeric":946,"native":"leu românesc","localized":"ليو روماني"},"ru":{"code":"RUB","numeric":643,"native":"российский рубль","localized":"روبل روسي"},"rw":{"code":"RWF","numeric":646,"native":"RWF","localized":"فرنك رواندي"},"sa":{"code":"INR","numeric":356,"native":"भारतीय रूप्यकम्","localized":"روبية هندي"},"sc":{"code":"EUR","numeric":978,"native":"èuro","localized":"يورو"},"sd":{"code":"PKR","numeric":586,"native":"پاڪستاني رپي","localized":"روبية باكستاني"},"si":{"code":"LKR","numeric":144,"native":"ශ්‍රී ලංකා රුපියල","localized":"روبية سريلانكية"},"sk":{"code":"EUR","numeric":978,"native":"euro","localized":"يورو"},"sl":{"code":"EUR","numeric":978,"native":"evro","localized":"يورو"},"sn":{"code":"USD","numeric":840,"native":"Dora re Amerika","localized":"دولار أمريكي"},"so":{"code":"SOS","numeric":706,"native":"Shilingka Soomaaliya","localized":"شلن صومالي"},"sq":{"code":"ALL","numeric":8,"native":"Leku shqiptar","localized":"ليك ألباني"},"sr_Cyrl":{"code":"RSD","numeric":941,"native":"српски динар","localized":"دينار صربي"},"sr_Latn":{"code":"RSD","numeric":941,"native":"srpski dinar","localized":"دينار صربي"},"sr_Latn_ME":{"code":"EUR","numeric":978,"native":"Evro","localized":"يورو"},"su":{"code":"IDR","numeric":360,"native":"Rupee Indonésia","localized":"روبية إندونيسية"},"sv":{"code":"SEK","numeric":752,"native":"svensk krona","localized":"كرونة سويدية"},"sw":{"code":"TZS","numeric":834,"native":"Shilingi ya Tanzania","localized":"شلن تنزاني"},"ta":{"code":"INR","numeric":356,"native":"இந்திய ரூபாய்","localized":"روبية هندي"},"te":{"code":"INR","numeric":356,"native":"భారతదేశ రూపాయి","localized":"روبية هندي"},"tg":{"code":"TJS","numeric":972,"native":"Сомонӣ","localized":"سوموني طاجيكستاني"},"th":{"code":"THB","numeric":764,"native":"บาท","localized":"باخت تايلاندي"},"ti":{"code":"ETB","numeric":230,"native":"ብር","localized":"بير أثيوبي"},"tk":{"code":"TMT","numeric":934,"native":"Türkmen manady","localized":"مانات تركمانستان"},"tl":{"code":"PHP","numeric":608,"native":"Philippine Peso","localized":"بيزو فلبيني"},"tr":{"code":"TRY","numeric":949,"native":"Türk Lirası","localized":"ليرة تركية"},"tt":{"code":"RUB","numeric":643,"native":"Россия сумы","localized":"روبل روسي"},"ug":{"code":"CNY","numeric":156,"native":"جۇڭگو يۈەنى","localized":"يوان صيني"},"uk":{"code":"UAH","numeric":980,"native":"українська гривня","localized":"هريفنيا أوكراني"},"ur":{"code":"PKR","numeric":586,"native":"پاکستانی روپیہ","localized":"روبية باكستاني"},"uz_Cyrl":{"code":"UZS","numeric":860,"native":"Ўзбекистон сўм","localized":"سوم أوزبكستاني"},"uz_Latn":{"code":"UZS","numeric":860,"native":"O‘zbekiston so‘mi","localized":"سوم أوزبكستاني"},"vi":{"code":"VND","numeric":704,"native":"Đồng Việt Nam","localized":"دونج فيتنامي"},"xh":{"code":"ZAR","numeric":710,"native":"IRandi yaseMzantsi Afrika","localized":"راند جنوب أفريقيا"},"yi":{"code":"USD","numeric":840,"native":"","localized":""},"yo":{"code":"NGN","numeric":566,"native":"Náírà Nàìjíríà","localized":"نايرا نيجيري"},"zh_CN":{"code":"CNY","numeric":156,"native":"人民币","localized":"يوان صيني"},"zh_HK":{"code":"HKD","numeric":344,"native":"港元","localized":"دولار هونغ كونغ"},"zh_TW":{"code":"TWD","numeric":901,"native":"新台币","localized":"دولار تايواني"},"zu":{"code":"ZAR","numeric":710,"native":"i-South African Rand","localized":"راند جنوب أفريقيا"}}
