{"af":{"code":"ZAR","numeric":710,"native":"Suid-Afrikaanse rand","localized":"দক্ষিণ আফ্ৰিকাৰ ৰাণ্ড"},"ak":{"code":"GHS","numeric":936,"native":"Ghana Sidi","localized":"ঘানাৰ চেডি"},"am":{"code":"ETB","numeric":230,"native":"የኢትዮጵያ ብር","localized":"ইথিঅ’পিয়ান বিৰ"},"ar":{"code":"EGP","numeric":818,"native":"جنيه مصري","localized":"ইজিপ্তৰ পাউণ্ড"},"as":{"code":"INR","numeric":356,"native":"ভাৰতীয় ৰুপী","localized":"ভাৰতীয় ৰুপী"},"az":{"code":"AZN","numeric":944,"native":"Azərbaycan Manatı","localized":"আজেৰবাইজানী মানাত"},"be":{"code":"BYN","numeric":840,"native":"беларускі рубель","localized":"বেলাৰুছীয় ৰুবেল"},"bg":{"code":"BGN","numeric":975,"native":"Български лев","localized":"বুলগেৰীয় লেভ"},"bho":{"code":"INR","numeric":356,"native":"INR","localized":"ভাৰতীয় ৰুপী"},"bm":{"code":"XOF","numeric":952,"native":"sefa Fraŋ (BCEAO)","localized":"পশ্চিম আফ্ৰিকান CFA ফ্ৰেংক"},"bn":{"code":"BDT","numeric":50,"native":"বাংলাদেশী টাকা","localized":"বাংলাদেশী টাকা"},"bs":{"code":"BAM","numeric":977,"native":"Bosanskohercegovačka konvertibilna marka","localized":"ব’ছনিয়া আৰু হাৰ্জেগ’ভিনা কনভাৰ্টিব্‌ল মাৰ্ক"},"ca":{"code":"EUR","numeric":978,"native":"euro","localized":"ইউৰো"},"ceb":{"code":"PHP","numeric":608,"native":"Philippine Peso","localized":"ফিলিপিন পেইছ’"},"ckb":{"code":"IQD","numeric":368,"native":"IQD","localized":"ইৰাকী ডিনাৰ"},"cs":{"code":"CZK","numeric":203,"native":"česká koruna","localized":"চেক কোৰুনা"},"cy":{"code":"GBP","numeric":826,"native":"Punt Prydain","localized":"ব্ৰিটিছ পাউণ্ড"},"da":{"code":"DKK","numeric":208,"native":"dansk krone","localized":"ডেনিচ ক্ৰোন"},"de":{"code":"EUR","numeric":978,"native":"Euro","localized":"ইউৰো"},"de_CH":{"code":"CHF","numeric":756,"native":"Schweizer Franken","localized":"চুইছ ফ্ৰেংক"},"doi":{"code":"INR","numeric":356,"native":"भारती रपेऽ","localized":"ভাৰতীয় ৰুপী"},"ee":{"code":"GHS","numeric":936,"native":"ghana siɖi","localized":"ঘানাৰ চেডি"},"el":{"code":"EUR","numeric":978,"native":"Ευρώ","localized":"ইউৰো"},"en":{"code":"USD","numeric":840,"native":"US Dollar","localized":"ইউ. এছ. ডলাৰ"},"en_CA":{"code":"CAD","numeric":124,"native":"Canadian Dollar","localized":"কানাডিয়ান ডলাৰ"},"eo":{"code":"USD","numeric":840,"native":"","localized":""},"es":{"code":"EUR","numeric":978,"native":"euro","localized":"ইউৰো"},"et":{"code":"EUR","numeric":978,"native":"euro","localized":"ইউৰো"},"eu":{"code":"EUR","numeric":978,"native":"euroa","localized":"ইউৰো"},"fa":{"code":"IRR","numeric":364,"native":"ریال ایران","localized":"ইৰানীয়ান ৰিয়েল"},"fi":{"code":"EUR","numeric":978,"native":"euro","localized":"ইউৰো"},"fil":{"code":"PHP","numeric":608,"native":"Piso ng Pilipinas","localized":"ফিলিপিন পেইছ’"},"fr":{"code":"EUR","numeric":978,"native":"euro","localized":"ইউৰো"},"fy":{"code":"EUR","numeric":978,"native":"Euro","localized":"ইউৰো"},"ga":{"code":"EUR","numeric":978,"native":"Euro","localized":"ইউৰো"},"gd":{"code":"GBP","numeric":826,"native":"Punnd Sasannach","localized":"ব্ৰিটিছ পাউণ্ড"},"gl":{"code":"EUR","numeric":978,"native":"euro","localized":"ইউৰো"},"gu":{"code":"INR","numeric":356,"native":"ભારતીય રૂપિયા","localized":"ভাৰতীয় ৰুপী"},"ha":{"code":"NGN","numeric":566,"native":"Nairar Najeriya","localized":"নাইজেৰিয়ান নাইৰা"},"haw":{"code":"USD","numeric":840,"native":"USD","localized":"ইউ. এছ. ডলাৰ"},"he":{"code":"ILS","numeric":376,"native":"שקל חדש","localized":"ইজৰাইলী নিউ শ্বেকেল"},"hi":{"code":"INR","numeric":356,"native":"भारतीय रुपया","localized":"ভাৰতীয় ৰুপী"},"hr":{"code":"EUR","numeric":978,"native":"euro","localized":"ইউৰো"},"hu":{"code":"HUF","numeric":348,"native":"magyar forint","localized":"হাংগেৰীয়ান ফ’ৰিণ্ট"},"hy":{"code":"AMD","numeric":51,"native":"հայկական դրամ","localized":"আৰ্মেনিয়ান ড্ৰাম"},"id":{"code":"IDR","numeric":360,"native":"Rupiah Indonesia","localized":"ইণ্ডোনেচিয়ান ৰুপিয়াহ"},"ig":{"code":"NGN","numeric":566,"native":"Naịra","localized":"নাইজেৰিয়ান নাইৰা"},"is":{"code":"ISK","numeric":352,"native":"íslensk króna","localized":"আইচলেণ্ডিক ক্ৰোনা"},"it":{"code":"EUR","numeric":978,"native":"euro","localized":"ইউৰো"},"ja":{"code":"JPY","numeric":392,"native":"日本円","localized":"জাপানী য়েন"},"ka":{"code":"GEL","numeric":981,"native":"ქართული ლარი","localized":"জৰ্জিয়ান লাৰি"},"kk":{"code":"KZT","numeric":398,"native":"Қазақстан теңгесі","localized":"কাজাখস্তানী তেঞ্জ"},"km":{"code":"KHR","numeric":116,"native":"រៀល​កម្ពុជា","localized":"কেম্ব’ডিয়ান ৰিয়েল"},"kn":{"code":"INR","numeric":356,"native":"ಭಾರತೀಯ ರೂಪಾಯಿ","localized":"ভাৰতীয় ৰুপী"},"ko":{"code":"KRW","numeric":410,"native":"대한민국 원","localized":"দক্ষিণ কোৰিয়াৰ ওৱান"},"ku":{"code":"TRY","numeric":949,"native":"TRY","localized":"তুৰ্কীৰ লিৰা"},"ky":{"code":"KGS","numeric":417,"native":"Кыргызстан сому","localized":"কিৰ্গিস্তানী ছোম"},"lb":{"code":"EUR","numeric":978,"native":"Euro","localized":"ইউৰো"},"lg":{"code":"UGX","numeric":800,"native":"Silingi eya Yuganda","localized":"উগাণ্ডান শ্বিলিং"},"ln":{"code":"CDF","numeric":976,"native":"Falánga ya Kongó","localized":"কংগো ফ্ৰেংক"},"lo":{"code":"LAK","numeric":418,"native":"ລາວ ກີບ","localized":"লাওচিয়ান কিপ"},"lt":{"code":"EUR","numeric":978,"native":"Euras","localized":"ইউৰো"},"lv":{"code":"EUR","numeric":978,"native":"eiro","localized":"ইউৰো"},"mai":{"code":"INR","numeric":356,"native":"भारतीय रुपया","localized":"ভাৰতীয় ৰুপী"},"mg":{"code":"MGA","numeric":969,"native":"Ariary","localized":"মালাগাছী এৰিয়াৰী"},"mi":{"code":"NZD","numeric":554,"native":"Tāra o Aotearoa","localized":"নিউজিলেণ্ড ডলাৰ"},"mk":{"code":"MKD","numeric":807,"native":"Македонски денар","localized":"মেচিডোনীয় ডেনাৰ"},"ml":{"code":"INR","numeric":356,"native":"ഇന്ത്യൻ രൂപ","localized":"ভাৰতীয় ৰুপী"},"mn":{"code":"MNT","numeric":496,"native":"Монгол төгрөг","localized":"মঙ্গোলিয়ান টুৰ্গিক"},"mni_Mtei":{"code":"INR","numeric":356,"native":"Indian Rupee","localized":"ভাৰতীয় ৰুপী"},"mr":{"code":"INR","numeric":356,"native":"भारतीय रुपया","localized":"ভাৰতীয় ৰুপী"},"ms":{"code":"MYR","numeric":458,"native":"Ringgit Malaysia","localized":"মালায়েচিয়ান ৰিংগিট"},"mt":{"code":"EUR","numeric":978,"native":"ewro","localized":"ইউৰো"},"my":{"code":"MMK","numeric":104,"native":"မြန်မာ ကျပ်","localized":"ম্যানমাৰ কিয়াট"},"nb":{"code":"NOK","numeric":578,"native":"norske kroner","localized":"নৰৱেজিয়ান ক্ৰোন"},"ne":{"code":"NPR","numeric":524,"native":"नेपाली रूपैयाँ","localized":"নেপালী ৰুপী"},"nl":{"code":"EUR","numeric":978,"native":"Euro","localized":"ইউৰো"},"nn":{"code":"NOK","numeric":578,"native":"norske kroner","localized":"নৰৱেজিয়ান ক্ৰোন"},"oc":{"code":"EUR","numeric":978,"native":"EUR","localized":"ইউৰো"},"om":{"code":"ETB","numeric":230,"native":"Itoophiyaa Birrii","localized":"ইথিঅ’পিয়ান বিৰ"},"or":{"code":"INR","numeric":356,"native":"ଭାରତୀୟ ଟଙ୍କା","localized":"ভাৰতীয় ৰুপী"},"pa":{"code":"INR","numeric":356,"native":"ਭਾਰਤੀ ਰੁਪਇਆ","localized":"ভাৰতীয় ৰুপী"},"pl":{"code":"PLN","numeric":985,"native":"złoty polski","localized":"প’লিচ জোল্টী"},"ps":{"code":"AFN","numeric":971,"native":"افغانۍ","localized":"আফগান আফগানী"},"pt":{"code":"BRL","numeric":986,"native":"Real brasileiro","localized":"ব্ৰাজিলিয়ান ৰিয়েল"},"pt_BR":{"code":"BRL","numeric":986,"native":"Real brasileiro","localized":"ব্ৰাজিলিয়ান ৰিয়েল"},"qu":{"code":"PEN","numeric":604,"native":"Sol Peruano","localized":"পেৰুভিয়ান ছ’ল"},"ro":{"code":"RON","numeric":946,"native":"leu românesc","localized":"ৰোমানীয় লেউ"},"ru":{"code":"RUB","numeric":643,"native":"российский рубль","localized":"ৰাছিয়ান ৰুব্‌ল"},"rw":{"code":"RWF","numeric":646,"native":"RWF","localized":"ৰোৱান্দান ফ্ৰেংক"},"sa":{"code":"INR","numeric":356,"native":"भारतीय रूप्यकम्","localized":"ভাৰতীয় ৰুপী"},"sc":{"code":"EUR","numeric":978,"native":"èuro","localized":"ইউৰো"},"sd":{"code":"PKR","numeric":586,"native":"پاڪستاني رپي","localized":"পাকিস্তানী ৰুপী"},"si":{"code":"LKR","numeric":144,"native":"ශ්‍රී ලංකා රුපියල","localized":"শ্ৰীলংকান ৰুপী"},"sk":{"code":"EUR","numeric":978,"native":"euro","localized":"ইউৰো"},"sl":{"code":"EUR","numeric":978,"native":"evro","localized":"ইউৰো"},"sn":{"code":"USD","numeric":840,"native":"Dora re Amerika","localized":"ইউ. এছ. ডলাৰ"},"so":{"code":"SOS","numeric":706,"native":"Shilingka Soomaaliya","localized":"চোমালি শ্বিলিং"},"sq":{"code":"ALL","numeric":8,"native":"Leku shqiptar","localized":"আলবেনীয় লেক"},"sr_Cyrl":{"code":"RSD","numeric":941,"native":"српски динар","localized":"চাৰ্বিয়ান ডিনাৰ"},"sr_Latn":{"code":"RSD","numeric":941,"native":"srpski dinar","localized":"চাৰ্বিয়ান ডিনাৰ"},"sr_Latn_ME":{"code":"EUR","numeric":978,"native":"Evro","localized":"ইউৰো"},"su":{"code":"IDR","numeric":360,"native":"Rupee Indonésia","localized":"ইণ্ডোনেচিয়ান ৰুপিয়াহ"},"sv":{"code":"SEK","numeric":752,"native":"svensk krona","localized":"চুইডিছ ক্ৰোনা"},"sw":{"code":"TZS","numeric":834,"native":"Shilingi ya Tanzania","localized":"টানজানিয়ান শ্বিলিং"},"ta":{"code":"INR","numeric":356,"native":"இந்திய ரூபாய்","localized":"ভাৰতীয় ৰুপী"},"te":{"code":"INR","numeric":356,"native":"భారతదేశ రూపాయి","localized":"ভাৰতীয় ৰুপী"},"tg":{"code":"TJS","numeric":972,"native":"Сомонӣ","localized":"তাজিকিস্তানী ছোমনি"},"th":{"code":"THB","numeric":764,"native":"บาท","localized":"থাই বাত"},"ti":{"code":"ETB","numeric":230,"native":"ብር","localized":"ইথিঅ’পিয়ান বিৰ"},"tk":{"code":"TMT","numeric":934,"native":"Türkmen manady","localized":"তুৰ্কমেনিস্তানী মানাত"},"tl":{"code":"PHP","numeric":608,"native":"Philippine Peso","localized":"ফিলিপিন পেইছ’"},"tr":{"code":"TRY","numeric":949,"native":"Türk Lirası","localized":"তুৰ্কীৰ লিৰা"},"tt":{"code":"RUB","numeric":643,"native":"Россия сумы","localized":"ৰাছিয়ান ৰুব্‌ল"},"ug":{"code":"CNY","numeric":156,"native":"جۇڭگو يۈەنى","localized":"চীনা ইউৱান"},"uk":{"code":"UAH","numeric":980,"native":"українська гривня","localized":"ইউক্ৰেইনীয় হৃভনিয়া"},"ur":{"code":"PKR","numeric":586,"native":"پاکستانی روپیہ","localized":"পাকিস্তানী ৰুপী"},"uz_Cyrl":{"code":"UZS","numeric":860,"native":"Ўзбекистон сўм","localized":"উজবেকিস্তানী ছোম"},"uz_Latn":{"code":"UZS","numeric":860,"native":"O‘zbekiston so‘mi","localized":"উজবেকিস্তানী ছোম"},"vi":{"code":"VND","numeric":704,"native":"Đồng Việt Nam","localized":"ভিয়েটনামীজ ডং"},"xh":{"code":"ZAR","numeric":710,"native":"IRandi yaseMzantsi Afrika","localized":"দক্ষিণ আফ্ৰিকাৰ ৰাণ্ড"},"yi":{"code":"USD","numeric":840,"native":"","localized":""},"yo":{"code":"NGN","numeric":566,"native":"Náírà Nàìjíríà","localized":"নাইজেৰিয়ান নাইৰা"},"zh_CN":{"code":"CNY","numeric":156,"native":"人民币","localized":"চীনা ইউৱান"},"zh_HK":{"code":"HKD","numeric":344,"native":"港元","localized":"হং কং ডলাৰ"},"zh_TW":{"code":"TWD","numeric":901,"native":"新台币","localized":"নিউ টাইৱান ডলাৰ"},"zu":{"code":"ZAR","numeric":710,"native":"i-South African Rand","localized":"দক্ষিণ আফ্ৰিকাৰ ৰাণ্ড"}}
