{"af":{"code":"ZAR","numeric":710,"native":"Suid-Afrikaanse rand","localized":"Cənubi Afrika Randı"},"ak":{"code":"GHS","numeric":936,"native":"Ghana Sidi","localized":"Qana Sedisi"},"am":{"code":"ETB","numeric":230,"native":"የኢትዮጵያ ብር","localized":"Efiopiya Bırrı"},"ar":{"code":"EGP","numeric":818,"native":"جنيه مصري","localized":"Misir Funtu"},"as":{"code":"INR","numeric":356,"native":"ভাৰতীয় ৰুপী","localized":"Hindistan Rupisi"},"az":{"code":"AZN","numeric":944,"native":"Azərbaycan Manatı","localized":"Azərbaycan Manatı"},"be":{"code":"BYN","numeric":840,"native":"беларускі рубель","localized":"Belarus Rublu"},"bg":{"code":"BGN","numeric":975,"native":"Български лев","localized":"Bolqarıstan Levi"},"bho":{"code":"INR","numeric":356,"native":"INR","localized":"Hindistan Rupisi"},"bm":{"code":"XOF","numeric":952,"native":"sefa Fraŋ (BCEAO)","localized":"Fil Dişi Sahili Frankı"},"bn":{"code":"BDT","numeric":50,"native":"বাংলাদেশী টাকা","localized":"Banqladeş Takası"},"bs":{"code":"BAM","numeric":977,"native":"Bosanskohercegovačka konvertibilna marka","localized":"Bosniya-Herseqovina Markası"},"ca":{"code":"EUR","numeric":978,"native":"euro","localized":"Avro"},"ceb":{"code":"PHP","numeric":608,"native":"Philippine Peso","localized":"Filippin Pesosu"},"ckb":{"code":"IQD","numeric":368,"native":"IQD","localized":"İraq Dinarı"},"cs":{"code":"CZK","numeric":203,"native":"česká koruna","localized":"Çexiya Korunası"},"cy":{"code":"GBP","numeric":826,"native":"Punt Prydain","localized":"Britaniya Funtu"},"da":{"code":"DKK","numeric":208,"native":"dansk krone","localized":"Danimarka Kronu"},"de":{"code":"EUR","numeric":978,"native":"Euro","localized":"Avro"},"de_CH":{"code":"CHF","numeric":756,"native":"Schweizer Franken","localized":"İsveçrə Frankı"},"doi":{"code":"INR","numeric":356,"native":"भारती रपेऽ","localized":"Hindistan Rupisi"},"ee":{"code":"GHS","numeric":936,"native":"ghana siɖi","localized":"Qana Sedisi"},"el":{"code":"EUR","numeric":978,"native":"Ευρώ","localized":"Avro"},"en":{"code":"USD","numeric":840,"native":"US Dollar","localized":"ABŞ Dolları"},"en_CA":{"code":"CAD","numeric":124,"native":"Canadian Dollar","localized":"Kanada Dolları"},"eo":{"code":"USD","numeric":840,"native":"","localized":""},"es":{"code":"EUR","numeric":978,"native":"euro","localized":"Avro"},"et":{"code":"EUR","numeric":978,"native":"euro","localized":"Avro"},"eu":{"code":"EUR","numeric":978,"native":"euroa","localized":"Avro"},"fa":{"code":"IRR","numeric":364,"native":"ریال ایران","localized":"İran Rialı"},"fi":{"code":"EUR","numeric":978,"native":"euro","localized":"Avro"},"fil":{"code":"PHP","numeric":608,"native":"Piso ng Pilipinas","localized":"Filippin Pesosu"},"fr":{"code":"EUR","numeric":978,"native":"euro","localized":"Avro"},"fy":{"code":"EUR","numeric":978,"native":"Euro","localized":"Avro"},"ga":{"code":"EUR","numeric":978,"native":"Euro","localized":"Avro"},"gd":{"code":"GBP","numeric":826,"native":"Punnd Sasannach","localized":"Britaniya Funtu"},"gl":{"code":"EUR","numeric":978,"native":"euro","localized":"Avro"},"gu":{"code":"INR","numeric":356,"native":"ભારતીય રૂપિયા","localized":"Hindistan Rupisi"},"ha":{"code":"NGN","numeric":566,"native":"Nairar Najeriya","localized":"Nigeriya Nairası"},"haw":{"code":"USD","numeric":840,"native":"USD","localized":"ABŞ Dolları"},"he":{"code":"ILS","numeric":376,"native":"שקל חדש","localized":"İsrail Yeni Şekeli"},"hi":{"code":"INR","numeric":356,"native":"भारतीय रुपया","localized":"Hindistan Rupisi"},"hr":{"code":"EUR","numeric":978,"native":"euro","localized":"Avro"},"hu":{"code":"HUF","numeric":348,"native":"magyar forint","localized":"Macarıstan Forinti"},"hy":{"code":"AMD","numeric":51,"native":"հայկական դրամ","localized":"Ermənistan Dramı"},"id":{"code":"IDR","numeric":360,"native":"Rupiah Indonesia","localized":"İndoneziya Rupisi"},"ig":{"code":"NGN","numeric":566,"native":"Naịra","localized":"Nigeriya Nairası"},"is":{"code":"ISK","numeric":352,"native":"íslensk króna","localized":"İslandiya Kronu"},"it":{"code":"EUR","numeric":978,"native":"euro","localized":"Avro"},"ja":{"code":"JPY","numeric":392,"native":"日本円","localized":"Yaponiya Yeni"},"ka":{"code":"GEL","numeric":981,"native":"ქართული ლარი","localized":"Gürcüstan Larisi"},"kk":{"code":"KZT","numeric":398,"native":"Қазақстан теңгесі","localized":"Qazaxıstan Tengesi"},"km":{"code":"KHR","numeric":116,"native":"រៀល​កម្ពុជា","localized":"Kamboca Rieli"},"kn":{"code":"INR","numeric":356,"native":"ಭಾರತೀಯ ರೂಪಾಯಿ","localized":"Hindistan Rupisi"},"ko":{"code":"KRW","numeric":410,"native":"대한민국 원","localized":"Cənubi Koreya Vonu"},"ku":{"code":"TRY","numeric":949,"native":"TRY","localized":"Türkiyə Lirəsi"},"ky":{"code":"KGS","numeric":417,"native":"Кыргызстан сому","localized":"Qırğızıstan Somu"},"lb":{"code":"EUR","numeric":978,"native":"Euro","localized":"Avro"},"lg":{"code":"UGX","numeric":800,"native":"Silingi eya Yuganda","localized":"Uqanda Şillinqi"},"ln":{"code":"CDF","numeric":976,"native":"Falánga ya Kongó","localized":"Konqo Frankı"},"lo":{"code":"LAK","numeric":418,"native":"ລາວ ກີບ","localized":"Laos Kipi"},"lt":{"code":"EUR","numeric":978,"native":"Euras","localized":"Avro"},"lv":{"code":"EUR","numeric":978,"native":"eiro","localized":"Avro"},"mai":{"code":"INR","numeric":356,"native":"भारतीय रुपया","localized":"Hindistan Rupisi"},"mg":{"code":"MGA","numeric":969,"native":"Ariary","localized":"Madaqaskar Ariarisi"},"mi":{"code":"NZD","numeric":554,"native":"Tāra o Aotearoa","localized":"Yeni Zelandiya Dolları"},"mk":{"code":"MKD","numeric":807,"native":"Македонски денар","localized":"Makedoniya Dinarı"},"ml":{"code":"INR","numeric":356,"native":"ഇന്ത്യൻ രൂപ","localized":"Hindistan Rupisi"},"mn":{"code":"MNT","numeric":496,"native":"Монгол төгрөг","localized":"Monqoliya Tuqriki"},"mni_Mtei":{"code":"INR","numeric":356,"native":"Indian Rupee","localized":"Hindistan Rupisi"},"mr":{"code":"INR","numeric":356,"native":"भारतीय रुपया","localized":"Hindistan Rupisi"},"ms":{"code":"MYR","numeric":458,"native":"Ringgit Malaysia","localized":"Malayziya Ringiti"},"mt":{"code":"EUR","numeric":978,"native":"ewro","localized":"Avro"},"my":{"code":"MMK","numeric":104,"native":"မြန်မာ ကျပ်","localized":"Myanma Kiyatı"},"nb":{"code":"NOK","numeric":578,"native":"norske kroner","localized":"Norveç Kronu"},"ne":{"code":"NPR","numeric":524,"native":"नेपाली रूपैयाँ","localized":"Nepal Rupisi"},"nl":{"code":"EUR","numeric":978,"native":"Euro","localized":"Avro"},"nn":{"code":"NOK","numeric":578,"native":"norske kroner","localized":"Norveç Kronu"},"oc":{"code":"EUR","numeric":978,"native":"EUR","localized":"Avro"},"om":{"code":"ETB","numeric":230,"native":"Itoophiyaa Birrii","localized":"Efiopiya Bırrı"},"or":{"code":"INR","numeric":356,"native":"ଭାରତୀୟ ଟଙ୍କା","localized":"Hindistan Rupisi"},"pa":{"code":"INR","numeric":356,"native":"ਭਾਰਤੀ ਰੁਪਇਆ","localized":"Hindistan Rupisi"},"pl":{"code":"PLN","numeric":985,"native":"złoty polski","localized":"Polşa Zlotısı"},"ps":{"code":"AFN","numeric":971,"native":"افغانۍ","localized":"Əfqanıstan Əfqanisi"},"pt":{"code":"BRL","numeric":986,"native":"Real brasileiro","localized":"Braziliya Realı"},"pt_BR":{"code":"BRL","numeric":986,"native":"Real brasileiro","localized":"Braziliya Realı"},"qu":{"code":"PEN","numeric":604,"native":"Sol Peruano","localized":"Peru Solu"},"ro":{"code":"RON","numeric":946,"native":"leu românesc","localized":"Rumıniya Leyi"},"ru":{"code":"RUB","numeric":643,"native":"российский рубль","localized":"Rusiya Rublu"},"rw":{"code":"RWF","numeric":646,"native":"RWF","localized":"Ruanda Frankı"},"sa":{"code":"INR","numeric":356,"native":"भारतीय रूप्यकम्","localized":"Hindistan Rupisi"},"sc":{"code":"EUR","numeric":978,"native":"èuro","localized":"Avro"},"sd":{"code":"PKR","numeric":586,"native":"پاڪستاني رپي","localized":"Pakistan Rupisi"},"si":{"code":"LKR","numeric":144,"native":"ශ්‍රී ලංකා රුපියල","localized":"Şri Lanka Rupisi"},"sk":{"code":"EUR","numeric":978,"native":"euro","localized":"Avro"},"sl":{"code":"EUR","numeric":978,"native":"evro","localized":"Avro"},"sn":{"code":"USD","numeric":840,"native":"Dora re Amerika","localized":"ABŞ Dolları"},"so":{"code":"SOS","numeric":706,"native":"Shilingka Soomaaliya","localized":"Somali Şillinqi"},"sq":{"code":"ALL","numeric":8,"native":"Leku shqiptar","localized":"Albaniya Leki"},"sr_Cyrl":{"code":"RSD","numeric":941,"native":"српски динар","localized":"Serbiya Dinarı"},"sr_Latn":{"code":"RSD","numeric":941,"native":"srpski dinar","localized":"Serbiya Dinarı"},"sr_Latn_ME":{"code":"EUR","numeric":978,"native":"Evro","localized":"Avro"},"su":{"code":"IDR","numeric":360,"native":"Rupee Indonésia","localized":"İndoneziya Rupisi"},"sv":{"code":"SEK","numeric":752,"native":"svensk krona","localized":"İsveç Kronu"},"sw":{"code":"TZS","numeric":834,"native":"Shilingi ya Tanzania","localized":"Tanzaniya Şillinqi"},"ta":{"code":"INR","numeric":356,"native":"இந்திய ரூபாய்","localized":"Hindistan Rupisi"},"te":{"code":"INR","numeric":356,"native":"భారతదేశ రూపాయి","localized":"Hindistan Rupisi"},"tg":{"code":"TJS","numeric":972,"native":"Сомонӣ","localized":"Tacikistan Somonisi"},"th":{"code":"THB","numeric":764,"native":"บาท","localized":"Tayland Batı"},"ti":{"code":"ETB","numeric":230,"native":"ብር","localized":"Efiopiya Bırrı"},"tk":{"code":"TMT","numeric":934,"native":"Türkmen manady","localized":"Türkmənistan Manatı"},"tl":{"code":"PHP","numeric":608,"native":"Philippine Peso","localized":"Filippin Pesosu"},"tr":{"code":"TRY","numeric":949,"native":"Türk Lirası","localized":"Türkiyə Lirəsi"},"tt":{"code":"RUB","numeric":643,"native":"Россия сумы","localized":"Rusiya Rublu"},"ug":{"code":"CNY","numeric":156,"native":"جۇڭگو يۈەنى","localized":"Çin Yuanı"},"uk":{"code":"UAH","numeric":980,"native":"українська гривня","localized":"Ukrayna Qrivnası"},"ur":{"code":"PKR","numeric":586,"native":"پاکستانی روپیہ","localized":"Pakistan Rupisi"},"uz_Cyrl":{"code":"UZS","numeric":860,"native":"Ўзбекистон сўм","localized":"Özbəkistan Somu"},"uz_Latn":{"code":"UZS","numeric":860,"native":"O‘zbekiston so‘mi","localized":"Özbəkistan Somu"},"vi":{"code":"VND","numeric":704,"native":"Đồng Việt Nam","localized":"Vyetnam Donqu"},"xh":{"code":"ZAR","numeric":710,"native":"IRandi yaseMzantsi Afrika","localized":"Cənubi Afrika Randı"},"yi":{"code":"USD","numeric":840,"native":"","localized":""},"yo":{"code":"NGN","numeric":566,"native":"Náírà Nàìjíríà","localized":"Nigeriya Nairası"},"zh_CN":{"code":"CNY","numeric":156,"native":"人民币","localized":"Çin Yuanı"},"zh_HK":{"code":"HKD","numeric":344,"native":"港元","localized":"Honq Konq Dolları"},"zh_TW":{"code":"TWD","numeric":901,"native":"新台币","localized":"Tayvan Yeni Dolları"},"zu":{"code":"ZAR","numeric":710,"native":"i-South African Rand","localized":"Cənubi Afrika Randı"}}
