{"af":{"code":"ZAR","numeric":710,"native":"Suid-Afrikaanse rand","localized":"паўднёваафрыканскі рэнд"},"ak":{"code":"GHS","numeric":936,"native":"Ghana Sidi","localized":"ганскі седзі"},"am":{"code":"ETB","numeric":230,"native":"የኢትዮጵያ ብር","localized":"эфіопскі быр"},"ar":{"code":"EGP","numeric":818,"native":"جنيه مصري","localized":"егіпецкі фунт"},"as":{"code":"INR","numeric":356,"native":"ভাৰতীয় ৰুপী","localized":"індыйская рупія"},"az":{"code":"AZN","numeric":944,"native":"Azərbaycan Manatı","localized":"азербайджанскі манат"},"be":{"code":"BYN","numeric":840,"native":"беларускі рубель","localized":"беларускі рубель"},"bg":{"code":"BGN","numeric":975,"native":"Български лев","localized":"балгарскі леў"},"bho":{"code":"INR","numeric":356,"native":"INR","localized":"індыйская рупія"},"bm":{"code":"XOF","numeric":952,"native":"sefa Fraŋ (BCEAO)","localized":"заходнеафрыканскі франк КФА"},"bn":{"code":"BDT","numeric":50,"native":"বাংলাদেশী টাকা","localized":"бангладэшская така"},"bs":{"code":"BAM","numeric":977,"native":"Bosanskohercegovačka konvertibilna marka","localized":"канверсоўная марка Босніі і Герцагавіны"},"ca":{"code":"EUR","numeric":978,"native":"euro","localized":"еўра"},"ceb":{"code":"PHP","numeric":608,"native":"Philippine Peso","localized":"філіпінскае песа"},"ckb":{"code":"IQD","numeric":368,"native":"IQD","localized":"іракскі дынар"},"cs":{"code":"CZK","numeric":203,"native":"česká koruna","localized":"чэшская крона"},"cy":{"code":"GBP","numeric":826,"native":"Punt Prydain","localized":"брытанскі фунт стэрлінгаў"},"da":{"code":"DKK","numeric":208,"native":"dansk krone","localized":"дацкая крона"},"de":{"code":"EUR","numeric":978,"native":"Euro","localized":"еўра"},"de_CH":{"code":"CHF","numeric":756,"native":"Schweizer Franken","localized":"швейцарскі франк"},"doi":{"code":"INR","numeric":356,"native":"भारती रपेऽ","localized":"індыйская рупія"},"ee":{"code":"GHS","numeric":936,"native":"ghana siɖi","localized":"ганскі седзі"},"el":{"code":"EUR","numeric":978,"native":"Ευρώ","localized":"еўра"},"en":{"code":"USD","numeric":840,"native":"US Dollar","localized":"долар ЗША"},"en_CA":{"code":"CAD","numeric":124,"native":"Canadian Dollar","localized":"канадскі долар"},"eo":{"code":"USD","numeric":840,"native":"","localized":""},"es":{"code":"EUR","numeric":978,"native":"euro","localized":"еўра"},"et":{"code":"EUR","numeric":978,"native":"euro","localized":"еўра"},"eu":{"code":"EUR","numeric":978,"native":"euroa","localized":"еўра"},"fa":{"code":"IRR","numeric":364,"native":"ریال ایران","localized":"іранскі рыял"},"fi":{"code":"EUR","numeric":978,"native":"euro","localized":"еўра"},"fil":{"code":"PHP","numeric":608,"native":"Piso ng Pilipinas","localized":"філіпінскае песа"},"fr":{"code":"EUR","numeric":978,"native":"euro","localized":"еўра"},"fy":{"code":"EUR","numeric":978,"native":"Euro","localized":"еўра"},"ga":{"code":"EUR","numeric":978,"native":"Euro","localized":"еўра"},"gd":{"code":"GBP","numeric":826,"native":"Punnd Sasannach","localized":"брытанскі фунт стэрлінгаў"},"gl":{"code":"EUR","numeric":978,"native":"euro","localized":"еўра"},"gu":{"code":"INR","numeric":356,"native":"ભારતીય રૂપિયા","localized":"індыйская рупія"},"ha":{"code":"NGN","numeric":566,"native":"Nairar Najeriya","localized":"нігерыйская наіра"},"haw":{"code":"USD","numeric":840,"native":"USD","localized":"долар ЗША"},"he":{"code":"ILS","numeric":376,"native":"שקל חדש","localized":"новы ізраільскі шэкель"},"hi":{"code":"INR","numeric":356,"native":"भारतीय रुपया","localized":"індыйская рупія"},"hr":{"code":"EUR","numeric":978,"native":"euro","localized":"еўра"},"hu":{"code":"HUF","numeric":348,"native":"magyar forint","localized":"венгерскі форынт"},"hy":{"code":"AMD","numeric":51,"native":"հայկական դրամ","localized":"армянскі драм"},"id":{"code":"IDR","numeric":360,"native":"Rupiah Indonesia","localized":"інданезійская рупія"},"ig":{"code":"NGN","numeric":566,"native":"Naịra","localized":"нігерыйская наіра"},"is":{"code":"ISK","numeric":352,"native":"íslensk króna","localized":"ісландская крона"},"it":{"code":"EUR","numeric":978,"native":"euro","localized":"еўра"},"ja":{"code":"JPY","numeric":392,"native":"日本円","localized":"японская іена"},"ka":{"code":"GEL","numeric":981,"native":"ქართული ლარი","localized":"грузінскі лары"},"kk":{"code":"KZT","numeric":398,"native":"Қазақстан теңгесі","localized":"казахстанскі тэнге"},"km":{"code":"KHR","numeric":116,"native":"រៀល​កម្ពុជា","localized":"камбаджыйскі рыель"},"kn":{"code":"INR","numeric":356,"native":"ಭಾರತೀಯ ರೂಪಾಯಿ","localized":"індыйская рупія"},"ko":{"code":"KRW","numeric":410,"native":"대한민국 원","localized":"паўднёвакарэйская вона"},"ku":{"code":"TRY","numeric":949,"native":"TRY","localized":"турэцкая ліра"},"ky":{"code":"KGS","numeric":417,"native":"Кыргызстан сому","localized":"кіргізскі сом"},"lb":{"code":"EUR","numeric":978,"native":"Euro","localized":"еўра"},"lg":{"code":"UGX","numeric":800,"native":"Silingi eya Yuganda","localized":"угандыйскі шылінг"},"ln":{"code":"CDF","numeric":976,"native":"Falánga ya Kongó","localized":"кангалезскі франк"},"lo":{"code":"LAK","numeric":418,"native":"ລາວ ກີບ","localized":"лаоскі кіп"},"lt":{"code":"EUR","numeric":978,"native":"Euras","localized":"еўра"},"lv":{"code":"EUR","numeric":978,"native":"eiro","localized":"еўра"},"mai":{"code":"INR","numeric":356,"native":"भारतीय रुपया","localized":"індыйская рупія"},"mg":{"code":"MGA","numeric":969,"native":"Ariary","localized":"малагасійскі арыяры"},"mi":{"code":"NZD","numeric":554,"native":"Tāra o Aotearoa","localized":"новазеландскі долар"},"mk":{"code":"MKD","numeric":807,"native":"Македонски денар","localized":"македонскі дэнар"},"ml":{"code":"INR","numeric":356,"native":"ഇന്ത്യൻ രൂപ","localized":"індыйская рупія"},"mn":{"code":"MNT","numeric":496,"native":"Монгол төгрөг","localized":"мангольскі тугрык"},"mni_Mtei":{"code":"INR","numeric":356,"native":"Indian Rupee","localized":"індыйская рупія"},"mr":{"code":"INR","numeric":356,"native":"भारतीय रुपया","localized":"індыйская рупія"},"ms":{"code":"MYR","numeric":458,"native":"Ringgit Malaysia","localized":"малайзійскі рынгіт"},"mt":{"code":"EUR","numeric":978,"native":"ewro","localized":"еўра"},"my":{"code":"MMK","numeric":104,"native":"မြန်မာ ကျပ်","localized":"м’янманскі к’ят"},"nb":{"code":"NOK","numeric":578,"native":"norske kroner","localized":"нарвежская крона"},"ne":{"code":"NPR","numeric":524,"native":"नेपाली रूपैयाँ","localized":"непальская рупія"},"nl":{"code":"EUR","numeric":978,"native":"Euro","localized":"еўра"},"nn":{"code":"NOK","numeric":578,"native":"norske kroner","localized":"нарвежская крона"},"oc":{"code":"EUR","numeric":978,"native":"EUR","localized":"еўра"},"om":{"code":"ETB","numeric":230,"native":"Itoophiyaa Birrii","localized":"эфіопскі быр"},"or":{"code":"INR","numeric":356,"native":"ଭାରତୀୟ ଟଙ୍କା","localized":"індыйская рупія"},"pa":{"code":"INR","numeric":356,"native":"ਭਾਰਤੀ ਰੁਪਇਆ","localized":"індыйская рупія"},"pl":{"code":"PLN","numeric":985,"native":"złoty polski","localized":"польскі злоты"},"ps":{"code":"AFN","numeric":971,"native":"افغانۍ","localized":"афганскі афгані"},"pt":{"code":"BRL","numeric":986,"native":"Real brasileiro","localized":"бразільскі рэал"},"pt_BR":{"code":"BRL","numeric":986,"native":"Real brasileiro","localized":"бразільскі рэал"},"qu":{"code":"PEN","numeric":604,"native":"Sol Peruano","localized":"перуанскі соль"},"ro":{"code":"RON","numeric":946,"native":"leu românesc","localized":"румынскі лей"},"ru":{"code":"RUB","numeric":643,"native":"российский рубль","localized":"расійскі рубель"},"rw":{"code":"RWF","numeric":646,"native":"RWF","localized":"руандыйскі франк"},"sa":{"code":"INR","numeric":356,"native":"भारतीय रूप्यकम्","localized":"індыйская рупія"},"sc":{"code":"EUR","numeric":978,"native":"èuro","localized":"еўра"},"sd":{"code":"PKR","numeric":586,"native":"پاڪستاني رپي","localized":"пакістанская рупія"},"si":{"code":"LKR","numeric":144,"native":"ශ්‍රී ලංකා රුපියල","localized":"шры-ланкійская рупія"},"sk":{"code":"EUR","numeric":978,"native":"euro","localized":"еўра"},"sl":{"code":"EUR","numeric":978,"native":"evro","localized":"еўра"},"sn":{"code":"USD","numeric":840,"native":"Dora re Amerika","localized":"долар ЗША"},"so":{"code":"SOS","numeric":706,"native":"Shilingka Soomaaliya","localized":"самалійскі шылінг"},"sq":{"code":"ALL","numeric":8,"native":"Leku shqiptar","localized":"албанскі лек"},"sr_Cyrl":{"code":"RSD","numeric":941,"native":"српски динар","localized":"сербскі дынар"},"sr_Latn":{"code":"RSD","numeric":941,"native":"srpski dinar","localized":"сербскі дынар"},"sr_Latn_ME":{"code":"EUR","numeric":978,"native":"Evro","localized":"еўра"},"su":{"code":"IDR","numeric":360,"native":"Rupee Indonésia","localized":"інданезійская рупія"},"sv":{"code":"SEK","numeric":752,"native":"svensk krona","localized":"шведская крона"},"sw":{"code":"TZS","numeric":834,"native":"Shilingi ya Tanzania","localized":"танзанійскі шылінг"},"ta":{"code":"INR","numeric":356,"native":"இந்திய ரூபாய்","localized":"індыйская рупія"},"te":{"code":"INR","numeric":356,"native":"భారతదేశ రూపాయి","localized":"індыйская рупія"},"tg":{"code":"TJS","numeric":972,"native":"Сомонӣ","localized":"таджыкскі самані"},"th":{"code":"THB","numeric":764,"native":"บาท","localized":"тайскі бат"},"ti":{"code":"ETB","numeric":230,"native":"ብር","localized":"эфіопскі быр"},"tk":{"code":"TMT","numeric":934,"native":"Türkmen manady","localized":"туркменскі манат"},"tl":{"code":"PHP","numeric":608,"native":"Philippine Peso","localized":"філіпінскае песа"},"tr":{"code":"TRY","numeric":949,"native":"Türk Lirası","localized":"турэцкая ліра"},"tt":{"code":"RUB","numeric":643,"native":"Россия сумы","localized":"расійскі рубель"},"ug":{"code":"CNY","numeric":156,"native":"جۇڭگو يۈەنى","localized":"кітайскі юань"},"uk":{"code":"UAH","numeric":980,"native":"українська гривня","localized":"украінская грыўня"},"ur":{"code":"PKR","numeric":586,"native":"پاکستانی روپیہ","localized":"пакістанская рупія"},"uz_Cyrl":{"code":"UZS","numeric":860,"native":"Ўзбекистон сўм","localized":"узбекскі сум"},"uz_Latn":{"code":"UZS","numeric":860,"native":"O‘zbekiston so‘mi","localized":"узбекскі сум"},"vi":{"code":"VND","numeric":704,"native":"Đồng Việt Nam","localized":"в’етнамскі донг"},"xh":{"code":"ZAR","numeric":710,"native":"IRandi yaseMzantsi Afrika","localized":"паўднёваафрыканскі рэнд"},"yi":{"code":"USD","numeric":840,"native":"","localized":""},"yo":{"code":"NGN","numeric":566,"native":"Náírà Nàìjíríà","localized":"нігерыйская наіра"},"zh_CN":{"code":"CNY","numeric":156,"native":"人民币","localized":"кітайскі юань"},"zh_HK":{"code":"HKD","numeric":344,"native":"港元","localized":"ганконгскі долар"},"zh_TW":{"code":"TWD","numeric":901,"native":"新台币","localized":"новы тайваньскі долар"},"zu":{"code":"ZAR","numeric":710,"native":"i-South African Rand","localized":"паўднёваафрыканскі рэнд"}}
