{"af":{"code":"ZAR","numeric":710,"native":"Suid-Afrikaanse rand","localized":"Южноафрикански ранд"},"ak":{"code":"GHS","numeric":936,"native":"Ghana Sidi","localized":"Ганайско седи"},"am":{"code":"ETB","numeric":230,"native":"የኢትዮጵያ ብር","localized":"Етиопски бир"},"ar":{"code":"EGP","numeric":818,"native":"جنيه مصري","localized":"Египетска лира"},"as":{"code":"INR","numeric":356,"native":"ভাৰতীয় ৰুপী","localized":"Индийска рупия"},"az":{"code":"AZN","numeric":944,"native":"Azərbaycan Manatı","localized":"Азербайджански манат"},"be":{"code":"BYN","numeric":840,"native":"беларускі рубель","localized":"Беларуска рубла"},"bg":{"code":"BGN","numeric":975,"native":"Български лев","localized":"Български лев"},"bho":{"code":"INR","numeric":356,"native":"INR","localized":"Индийска рупия"},"bm":{"code":"XOF","numeric":952,"native":"sefa Fraŋ (BCEAO)","localized":"Западноафрикански франк"},"bn":{"code":"BDT","numeric":50,"native":"বাংলাদেশী টাকা","localized":"Бангладешка така"},"bs":{"code":"BAM","numeric":977,"native":"Bosanskohercegovačka konvertibilna marka","localized":"Босненска конвертируема марка"},"ca":{"code":"EUR","numeric":978,"native":"euro","localized":"Евро"},"ceb":{"code":"PHP","numeric":608,"native":"Philippine Peso","localized":"Филипинско песо"},"ckb":{"code":"IQD","numeric":368,"native":"IQD","localized":"Иракски динар"},"cs":{"code":"CZK","numeric":203,"native":"česká koruna","localized":"Чешка крона"},"cy":{"code":"GBP","numeric":826,"native":"Punt Prydain","localized":"Британска лира"},"da":{"code":"DKK","numeric":208,"native":"dansk krone","localized":"Датска крона"},"de":{"code":"EUR","numeric":978,"native":"Euro","localized":"Евро"},"de_CH":{"code":"CHF","numeric":756,"native":"Schweizer Franken","localized":"Швейцарски франк"},"doi":{"code":"INR","numeric":356,"native":"भारती रपेऽ","localized":"Индийска рупия"},"ee":{"code":"GHS","numeric":936,"native":"ghana siɖi","localized":"Ганайско седи"},"el":{"code":"EUR","numeric":978,"native":"Ευρώ","localized":"Евро"},"en":{"code":"USD","numeric":840,"native":"US Dollar","localized":"Щатски долар"},"en_CA":{"code":"CAD","numeric":124,"native":"Canadian Dollar","localized":"Канадски долар"},"eo":{"code":"USD","numeric":840,"native":"","localized":""},"es":{"code":"EUR","numeric":978,"native":"euro","localized":"Евро"},"et":{"code":"EUR","numeric":978,"native":"euro","localized":"Евро"},"eu":{"code":"EUR","numeric":978,"native":"euroa","localized":"Евро"},"fa":{"code":"IRR","numeric":364,"native":"ریال ایران","localized":"Ирански риал"},"fi":{"code":"EUR","numeric":978,"native":"euro","localized":"Евро"},"fil":{"code":"PHP","numeric":608,"native":"Piso ng Pilipinas","localized":"Филипинско песо"},"fr":{"code":"EUR","numeric":978,"native":"euro","localized":"Евро"},"fy":{"code":"EUR","numeric":978,"native":"Euro","localized":"Евро"},"ga":{"code":"EUR","numeric":978,"native":"Euro","localized":"Евро"},"gd":{"code":"GBP","numeric":826,"native":"Punnd Sasannach","localized":"Британска лира"},"gl":{"code":"EUR","numeric":978,"native":"euro","localized":"Евро"},"gu":{"code":"INR","numeric":356,"native":"ભારતીય રૂપિયા","localized":"Индийска рупия"},"ha":{"code":"NGN","numeric":566,"native":"Nairar Najeriya","localized":"Нигерийска найра"},"haw":{"code":"USD","numeric":840,"native":"USD","localized":"Щатски долар"},"he":{"code":"ILS","numeric":376,"native":"שקל חדש","localized":"Израелски нов шекел"},"hi":{"code":"INR","numeric":356,"native":"भारतीय रुपया","localized":"Индийска рупия"},"hr":{"code":"EUR","numeric":978,"native":"euro","localized":"Евро"},"hu":{"code":"HUF","numeric":348,"native":"magyar forint","localized":"Унгарски форинт"},"hy":{"code":"AMD","numeric":51,"native":"հայկական դրամ","localized":"Арменски драм"},"id":{"code":"IDR","numeric":360,"native":"Rupiah Indonesia","localized":"Индонезийска рупия"},"ig":{"code":"NGN","numeric":566,"native":"Naịra","localized":"Нигерийска найра"},"is":{"code":"ISK","numeric":352,"native":"íslensk króna","localized":"Исландска крона"},"it":{"code":"EUR","numeric":978,"native":"euro","localized":"Евро"},"ja":{"code":"JPY","numeric":392,"native":"日本円","localized":"Японска йена"},"ka":{"code":"GEL","numeric":981,"native":"ქართული ლარი","localized":"Грузински лари"},"kk":{"code":"KZT","numeric":398,"native":"Қазақстан теңгесі","localized":"Казахстанско тенге"},"km":{"code":"KHR","numeric":116,"native":"រៀល​កម្ពុជា","localized":"Камбоджански риел"},"kn":{"code":"INR","numeric":356,"native":"ಭಾರತೀಯ ರೂಪಾಯಿ","localized":"Индийска рупия"},"ko":{"code":"KRW","numeric":410,"native":"대한민국 원","localized":"Южнокорейски вон"},"ku":{"code":"TRY","numeric":949,"native":"TRY","localized":"Турска лира"},"ky":{"code":"KGS","numeric":417,"native":"Кыргызстан сому","localized":"Киргизстански сом"},"lb":{"code":"EUR","numeric":978,"native":"Euro","localized":"Евро"},"lg":{"code":"UGX","numeric":800,"native":"Silingi eya Yuganda","localized":"Угандски шилинг"},"ln":{"code":"CDF","numeric":976,"native":"Falánga ya Kongó","localized":"Конгоански франк"},"lo":{"code":"LAK","numeric":418,"native":"ລາວ ກີບ","localized":"Лаоски кип"},"lt":{"code":"EUR","numeric":978,"native":"Euras","localized":"Евро"},"lv":{"code":"EUR","numeric":978,"native":"eiro","localized":"Евро"},"mai":{"code":"INR","numeric":356,"native":"भारतीय रुपया","localized":"Индийска рупия"},"mg":{"code":"MGA","numeric":969,"native":"Ariary","localized":"Малгашко ариари"},"mi":{"code":"NZD","numeric":554,"native":"Tāra o Aotearoa","localized":"Новозеландски долар"},"mk":{"code":"MKD","numeric":807,"native":"Македонски денар","localized":"Македонски денар"},"ml":{"code":"INR","numeric":356,"native":"ഇന്ത്യൻ രൂപ","localized":"Индийска рупия"},"mn":{"code":"MNT","numeric":496,"native":"Монгол төгрөг","localized":"Монголски тугрик"},"mni_Mtei":{"code":"INR","numeric":356,"native":"Indian Rupee","localized":"Индийска рупия"},"mr":{"code":"INR","numeric":356,"native":"भारतीय रुपया","localized":"Индийска рупия"},"ms":{"code":"MYR","numeric":458,"native":"Ringgit Malaysia","localized":"Малайзийски рингит"},"mt":{"code":"EUR","numeric":978,"native":"ewro","localized":"Евро"},"my":{"code":"MMK","numeric":104,"native":"မြန်မာ ကျပ်","localized":"Мианмарски киат"},"nb":{"code":"NOK","numeric":578,"native":"norske kroner","localized":"Норвежка крона"},"ne":{"code":"NPR","numeric":524,"native":"नेपाली रूपैयाँ","localized":"Непалска рупия"},"nl":{"code":"EUR","numeric":978,"native":"Euro","localized":"Евро"},"nn":{"code":"NOK","numeric":578,"native":"norske kroner","localized":"Норвежка крона"},"oc":{"code":"EUR","numeric":978,"native":"EUR","localized":"Евро"},"om":{"code":"ETB","numeric":230,"native":"Itoophiyaa Birrii","localized":"Етиопски бир"},"or":{"code":"INR","numeric":356,"native":"ଭାରତୀୟ ଟଙ୍କା","localized":"Индийска рупия"},"pa":{"code":"INR","numeric":356,"native":"ਭਾਰਤੀ ਰੁਪਇਆ","localized":"Индийска рупия"},"pl":{"code":"PLN","numeric":985,"native":"złoty polski","localized":"Полска злота"},"ps":{"code":"AFN","numeric":971,"native":"افغانۍ","localized":"Афганистански афган"},"pt":{"code":"BRL","numeric":986,"native":"Real brasileiro","localized":"Бразилски реал"},"pt_BR":{"code":"BRL","numeric":986,"native":"Real brasileiro","localized":"Бразилски реал"},"qu":{"code":"PEN","numeric":604,"native":"Sol Peruano","localized":"Перуански сол"},"ro":{"code":"RON","numeric":946,"native":"leu românesc","localized":"Румънска лея"},"ru":{"code":"RUB","numeric":643,"native":"российский рубль","localized":"Руска рубла"},"rw":{"code":"RWF","numeric":646,"native":"RWF","localized":"Руандски франк"},"sa":{"code":"INR","numeric":356,"native":"भारतीय रूप्यकम्","localized":"Индийска рупия"},"sc":{"code":"EUR","numeric":978,"native":"èuro","localized":"Евро"},"sd":{"code":"PKR","numeric":586,"native":"پاڪستاني رپي","localized":"Пакистанска рупия"},"si":{"code":"LKR","numeric":144,"native":"ශ්‍රී ලංකා රුපියල","localized":"Шриланкска рупия"},"sk":{"code":"EUR","numeric":978,"native":"euro","localized":"Евро"},"sl":{"code":"EUR","numeric":978,"native":"evro","localized":"Евро"},"sn":{"code":"USD","numeric":840,"native":"Dora re Amerika","localized":"Щатски долар"},"so":{"code":"SOS","numeric":706,"native":"Shilingka Soomaaliya","localized":"Сомалийски шилинг"},"sq":{"code":"ALL","numeric":8,"native":"Leku shqiptar","localized":"Албански лек"},"sr_Cyrl":{"code":"RSD","numeric":941,"native":"српски динар","localized":"Сръбски динар"},"sr_Latn":{"code":"RSD","numeric":941,"native":"srpski dinar","localized":"Сръбски динар"},"sr_Latn_ME":{"code":"EUR","numeric":978,"native":"Evro","localized":"Евро"},"su":{"code":"IDR","numeric":360,"native":"Rupee Indonésia","localized":"Индонезийска рупия"},"sv":{"code":"SEK","numeric":752,"native":"svensk krona","localized":"Шведска крона"},"sw":{"code":"TZS","numeric":834,"native":"Shilingi ya Tanzania","localized":"Танзанийски шилинг"},"ta":{"code":"INR","numeric":356,"native":"இந்திய ரூபாய்","localized":"Индийска рупия"},"te":{"code":"INR","numeric":356,"native":"భారతదేశ రూపాయి","localized":"Индийска рупия"},"tg":{"code":"TJS","numeric":972,"native":"Сомонӣ","localized":"Таджикистански сомони"},"th":{"code":"THB","numeric":764,"native":"บาท","localized":"Тайландски бат"},"ti":{"code":"ETB","numeric":230,"native":"ብር","localized":"Етиопски бир"},"tk":{"code":"TMT","numeric":934,"native":"Türkmen manady","localized":"Туркменски манат"},"tl":{"code":"PHP","numeric":608,"native":"Philippine Peso","localized":"Филипинско песо"},"tr":{"code":"TRY","numeric":949,"native":"Türk Lirası","localized":"Турска лира"},"tt":{"code":"RUB","numeric":643,"native":"Россия сумы","localized":"Руска рубла"},"ug":{"code":"CNY","numeric":156,"native":"جۇڭگو يۈەنى","localized":"Китайски юан"},"uk":{"code":"UAH","numeric":980,"native":"українська гривня","localized":"Украинска гривня"},"ur":{"code":"PKR","numeric":586,"native":"پاکستانی روپیہ","localized":"Пакистанска рупия"},"uz_Cyrl":{"code":"UZS","numeric":860,"native":"Ўзбекистон сўм","localized":"Узбекски сум"},"uz_Latn":{"code":"UZS","numeric":860,"native":"O‘zbekiston so‘mi","localized":"Узбекски сум"},"vi":{"code":"VND","numeric":704,"native":"Đồng Việt Nam","localized":"Виетнамски донг"},"xh":{"code":"ZAR","numeric":710,"native":"IRandi yaseMzantsi Afrika","localized":"Южноафрикански ранд"},"yi":{"code":"USD","numeric":840,"native":"","localized":""},"yo":{"code":"NGN","numeric":566,"native":"Náírà Nàìjíríà","localized":"Нигерийска найра"},"zh_CN":{"code":"CNY","numeric":156,"native":"人民币","localized":"Китайски юан"},"zh_HK":{"code":"HKD","numeric":344,"native":"港元","localized":"Хонконгски долар"},"zh_TW":{"code":"TWD","numeric":901,"native":"新台币","localized":"Тайвански долар"},"zu":{"code":"ZAR","numeric":710,"native":"i-South African Rand","localized":"Южноафрикански ранд"}}
