{"af":{"code":"ZAR","numeric":710,"native":"Suid-Afrikaanse rand","localized":"দক্ষিণ আফ্রিকান রেন্ড"},"ak":{"code":"GHS","numeric":936,"native":"Ghana Sidi","localized":"ঘানা সেডি"},"am":{"code":"ETB","numeric":230,"native":"የኢትዮጵያ ብር","localized":"ইথিওপিয়ান বির"},"ar":{"code":"EGP","numeric":818,"native":"جنيه مصري","localized":"মিশরীয় পাউন্ড"},"as":{"code":"INR","numeric":356,"native":"ভাৰতীয় ৰুপী","localized":"ভারতীয় রুপি"},"az":{"code":"AZN","numeric":944,"native":"Azərbaycan Manatı","localized":"আজারবাইজান মানাত"},"be":{"code":"BYN","numeric":840,"native":"беларускі рубель","localized":"বেলারুশিয়ান রুবেল"},"bg":{"code":"BGN","numeric":975,"native":"Български лев","localized":"বুলগেরীয় লেভ"},"bho":{"code":"INR","numeric":356,"native":"INR","localized":"ভারতীয় রুপি"},"bm":{"code":"XOF","numeric":952,"native":"sefa Fraŋ (BCEAO)","localized":"পশ্চিম আফ্রিকান [CFA] ফ্র্যাঙ্ক"},"bn":{"code":"BDT","numeric":50,"native":"বাংলাদেশী টাকা","localized":"বাংলাদেশী টাকা"},"bs":{"code":"BAM","numeric":977,"native":"Bosanskohercegovačka konvertibilna marka","localized":"বসনিয়া এবং হার্জেগোভিনা বিনিমেয় মার্ক"},"ca":{"code":"EUR","numeric":978,"native":"euro","localized":"ইউরো"},"ceb":{"code":"PHP","numeric":608,"native":"Philippine Peso","localized":"ফিলিপাইন পেসো"},"ckb":{"code":"IQD","numeric":368,"native":"IQD","localized":"ইরাকি দিনার"},"cs":{"code":"CZK","numeric":203,"native":"česká koruna","localized":"চেক প্রজাতন্ত্র কোরুনা"},"cy":{"code":"GBP","numeric":826,"native":"Punt Prydain","localized":"ব্রিটিশ পাউন্ড"},"da":{"code":"DKK","numeric":208,"native":"dansk krone","localized":"ড্যানিশ ক্রোন"},"de":{"code":"EUR","numeric":978,"native":"Euro","localized":"ইউরো"},"de_CH":{"code":"CHF","numeric":756,"native":"Schweizer Franken","localized":"সুইস ফ্রাঁ"},"doi":{"code":"INR","numeric":356,"native":"भारती रपेऽ","localized":"ভারতীয় রুপি"},"ee":{"code":"GHS","numeric":936,"native":"ghana siɖi","localized":"ঘানা সেডি"},"el":{"code":"EUR","numeric":978,"native":"Ευρώ","localized":"ইউরো"},"en":{"code":"USD","numeric":840,"native":"US Dollar","localized":"মার্কিন ডলার"},"en_CA":{"code":"CAD","numeric":124,"native":"Canadian Dollar","localized":"কানাডিয়ান ডলার"},"eo":{"code":"USD","numeric":840,"native":"","localized":""},"es":{"code":"EUR","numeric":978,"native":"euro","localized":"ইউরো"},"et":{"code":"EUR","numeric":978,"native":"euro","localized":"ইউরো"},"eu":{"code":"EUR","numeric":978,"native":"euroa","localized":"ইউরো"},"fa":{"code":"IRR","numeric":364,"native":"ریال ایران","localized":"ইরানিয়ান রিয়াল"},"fi":{"code":"EUR","numeric":978,"native":"euro","localized":"ইউরো"},"fil":{"code":"PHP","numeric":608,"native":"Piso ng Pilipinas","localized":"ফিলিপাইন পেসো"},"fr":{"code":"EUR","numeric":978,"native":"euro","localized":"ইউরো"},"fy":{"code":"EUR","numeric":978,"native":"Euro","localized":"ইউরো"},"ga":{"code":"EUR","numeric":978,"native":"Euro","localized":"ইউরো"},"gd":{"code":"GBP","numeric":826,"native":"Punnd Sasannach","localized":"ব্রিটিশ পাউন্ড"},"gl":{"code":"EUR","numeric":978,"native":"euro","localized":"ইউরো"},"gu":{"code":"INR","numeric":356,"native":"ભારતીય રૂપિયા","localized":"ভারতীয় রুপি"},"ha":{"code":"NGN","numeric":566,"native":"Nairar Najeriya","localized":"নাইজেরিয়ান নায়রা"},"haw":{"code":"USD","numeric":840,"native":"USD","localized":"মার্কিন ডলার"},"he":{"code":"ILS","numeric":376,"native":"שקל חדש","localized":"ইসরায়েলি নতুন শেকেল"},"hi":{"code":"INR","numeric":356,"native":"भारतीय रुपया","localized":"ভারতীয় রুপি"},"hr":{"code":"EUR","numeric":978,"native":"euro","localized":"ইউরো"},"hu":{"code":"HUF","numeric":348,"native":"magyar forint","localized":"হাঙ্গেরিয়ান ফোরিন্ট"},"hy":{"code":"AMD","numeric":51,"native":"հայկական դրամ","localized":"আরমেনিয়ান দ্রাম"},"id":{"code":"IDR","numeric":360,"native":"Rupiah Indonesia","localized":"ইন্দোনেশিয়ান রুপিয়াহ"},"ig":{"code":"NGN","numeric":566,"native":"Naịra","localized":"নাইজেরিয়ান নায়রা"},"is":{"code":"ISK","numeric":352,"native":"íslensk króna","localized":"আইসল্যান্ডীয় ক্রোনা"},"it":{"code":"EUR","numeric":978,"native":"euro","localized":"ইউরো"},"ja":{"code":"JPY","numeric":392,"native":"日本円","localized":"জাপানি ইয়েন"},"ka":{"code":"GEL","numeric":981,"native":"ქართული ლარი","localized":"জর্জিয়ান লারি"},"kk":{"code":"KZT","numeric":398,"native":"Қазақстан теңгесі","localized":"কাজাখাস্তানি টেঙ্গে"},"km":{"code":"KHR","numeric":116,"native":"រៀល​កម្ពុជា","localized":"কম্বোডিয়ান রিয়েল"},"kn":{"code":"INR","numeric":356,"native":"ಭಾರತೀಯ ರೂಪಾಯಿ","localized":"ভারতীয় রুপি"},"ko":{"code":"KRW","numeric":410,"native":"대한민국 원","localized":"দক্ষিণ কোরিয়ান ওন"},"ku":{"code":"TRY","numeric":949,"native":"TRY","localized":"তুর্কি লিরা"},"ky":{"code":"KGS","numeric":417,"native":"Кыргызстан сому","localized":"কিরগিজস্তান সোম"},"lb":{"code":"EUR","numeric":978,"native":"Euro","localized":"ইউরো"},"lg":{"code":"UGX","numeric":800,"native":"Silingi eya Yuganda","localized":"উগান্ডান শিলিং"},"ln":{"code":"CDF","numeric":976,"native":"Falánga ya Kongó","localized":"কঙ্গোলিস ফ্র্যাঙ্ক"},"lo":{"code":"LAK","numeric":418,"native":"ລາວ ກີບ","localized":"লেউশান কিপ"},"lt":{"code":"EUR","numeric":978,"native":"Euras","localized":"ইউরো"},"lv":{"code":"EUR","numeric":978,"native":"eiro","localized":"ইউরো"},"mai":{"code":"INR","numeric":356,"native":"भारतीय रुपया","localized":"ভারতীয় রুপি"},"mg":{"code":"MGA","numeric":969,"native":"Ariary","localized":"মাদাগাস্কার আরিয়ারি"},"mi":{"code":"NZD","numeric":554,"native":"Tāra o Aotearoa","localized":"নিউজিল্যান্ড ডলার"},"mk":{"code":"MKD","numeric":807,"native":"Македонски денар","localized":"ম্যাসেডোনিয়ান দিনার"},"ml":{"code":"INR","numeric":356,"native":"ഇന്ത്യൻ രൂപ","localized":"ভারতীয় রুপি"},"mn":{"code":"MNT","numeric":496,"native":"Монгол төгрөг","localized":"মঙ্গোলিয়ান তুগরিক"},"mni_Mtei":{"code":"INR","numeric":356,"native":"Indian Rupee","localized":"ভারতীয় রুপি"},"mr":{"code":"INR","numeric":356,"native":"भारतीय रुपया","localized":"ভারতীয় রুপি"},"ms":{"code":"MYR","numeric":458,"native":"Ringgit Malaysia","localized":"মালয়েশিয়ান রিঙ্গিৎ"},"mt":{"code":"EUR","numeric":978,"native":"ewro","localized":"ইউরো"},"my":{"code":"MMK","numeric":104,"native":"မြန်မာ ကျပ်","localized":"মায়ানমার কিয়াত"},"nb":{"code":"NOK","numeric":578,"native":"norske kroner","localized":"নরওয়েজিয়ান ক্রোন"},"ne":{"code":"NPR","numeric":524,"native":"नेपाली रूपैयाँ","localized":"নেপালি রুপি"},"nl":{"code":"EUR","numeric":978,"native":"Euro","localized":"ইউরো"},"nn":{"code":"NOK","numeric":578,"native":"norske kroner","localized":"নরওয়েজিয়ান ক্রোন"},"oc":{"code":"EUR","numeric":978,"native":"EUR","localized":"ইউরো"},"om":{"code":"ETB","numeric":230,"native":"Itoophiyaa Birrii","localized":"ইথিওপিয়ান বির"},"or":{"code":"INR","numeric":356,"native":"ଭାରତୀୟ ଟଙ୍କା","localized":"ভারতীয় রুপি"},"pa":{"code":"INR","numeric":356,"native":"ਭਾਰਤੀ ਰੁਪਇਆ","localized":"ভারতীয় রুপি"},"pl":{"code":"PLN","numeric":985,"native":"złoty polski","localized":"পোলিশ জ্লোটি"},"ps":{"code":"AFN","numeric":971,"native":"افغانۍ","localized":"আফগান আফগানি"},"pt":{"code":"BRL","numeric":986,"native":"Real brasileiro","localized":"ব্রাজিলিয়ান রিয়েল"},"pt_BR":{"code":"BRL","numeric":986,"native":"Real brasileiro","localized":"ব্রাজিলিয়ান রিয়েল"},"qu":{"code":"PEN","numeric":604,"native":"Sol Peruano","localized":"পেরুভিয়ান সোল"},"ro":{"code":"RON","numeric":946,"native":"leu românesc","localized":"রুমানিয়া লেয়ু"},"ru":{"code":"RUB","numeric":643,"native":"российский рубль","localized":"রাশিয়ান রুবেল"},"rw":{"code":"RWF","numeric":646,"native":"RWF","localized":"রুয়ান্ডান ফ্রাঙ্ক"},"sa":{"code":"INR","numeric":356,"native":"भारतीय रूप्यकम्","localized":"ভারতীয় রুপি"},"sc":{"code":"EUR","numeric":978,"native":"èuro","localized":"ইউরো"},"sd":{"code":"PKR","numeric":586,"native":"پاڪستاني رپي","localized":"পাকিস্তানি রুপি"},"si":{"code":"LKR","numeric":144,"native":"ශ්‍රී ලංකා රුපියල","localized":"শ্রীলঙ্কান রুপি"},"sk":{"code":"EUR","numeric":978,"native":"euro","localized":"ইউরো"},"sl":{"code":"EUR","numeric":978,"native":"evro","localized":"ইউরো"},"sn":{"code":"USD","numeric":840,"native":"Dora re Amerika","localized":"মার্কিন ডলার"},"so":{"code":"SOS","numeric":706,"native":"Shilingka Soomaaliya","localized":"সোমালি শিলিং"},"sq":{"code":"ALL","numeric":8,"native":"Leku shqiptar","localized":"আলবেনিয়ান লেক"},"sr_Cyrl":{"code":"RSD","numeric":941,"native":"српски динар","localized":"সারবিয়ান দিনার"},"sr_Latn":{"code":"RSD","numeric":941,"native":"srpski dinar","localized":"সারবিয়ান দিনার"},"sr_Latn_ME":{"code":"EUR","numeric":978,"native":"Evro","localized":"ইউরো"},"su":{"code":"IDR","numeric":360,"native":"Rupee Indonésia","localized":"ইন্দোনেশিয়ান রুপিয়াহ"},"sv":{"code":"SEK","numeric":752,"native":"svensk krona","localized":"সুইডিশ ক্রোনা"},"sw":{"code":"TZS","numeric":834,"native":"Shilingi ya Tanzania","localized":"তাঞ্জনিয়া শিলিং"},"ta":{"code":"INR","numeric":356,"native":"இந்திய ரூபாய்","localized":"ভারতীয় রুপি"},"te":{"code":"INR","numeric":356,"native":"భారతదేశ రూపాయి","localized":"ভারতীয় রুপি"},"tg":{"code":"TJS","numeric":972,"native":"Сомонӣ","localized":"তাজিকিস্তান সোমোনি"},"th":{"code":"THB","numeric":764,"native":"บาท","localized":"থাই বাত"},"ti":{"code":"ETB","numeric":230,"native":"ብር","localized":"ইথিওপিয়ান বির"},"tk":{"code":"TMT","numeric":934,"native":"Türkmen manady","localized":"তুর্কমেনিস্তান মানত"},"tl":{"code":"PHP","numeric":608,"native":"Philippine Peso","localized":"ফিলিপাইন পেসো"},"tr":{"code":"TRY","numeric":949,"native":"Türk Lirası","localized":"তুর্কি লিরা"},"tt":{"code":"RUB","numeric":643,"native":"Россия сумы","localized":"রাশিয়ান রুবেল"},"ug":{"code":"CNY","numeric":156,"native":"جۇڭگو يۈەنى","localized":"চীনা য়ুয়ান"},"uk":{"code":"UAH","numeric":980,"native":"українська гривня","localized":"ইউক্রেইন হৃভনিয়া"},"ur":{"code":"PKR","numeric":586,"native":"پاکستانی روپیہ","localized":"পাকিস্তানি রুপি"},"uz_Cyrl":{"code":"UZS","numeric":860,"native":"Ўзбекистон сўм","localized":"উজবেকিস্তানি সোম"},"uz_Latn":{"code":"UZS","numeric":860,"native":"O‘zbekiston so‘mi","localized":"উজবেকিস্তানি সোম"},"vi":{"code":"VND","numeric":704,"native":"Đồng Việt Nam","localized":"ভিয়েতনামি ডঙ্গ"},"xh":{"code":"ZAR","numeric":710,"native":"IRandi yaseMzantsi Afrika","localized":"দক্ষিণ আফ্রিকান রেন্ড"},"yi":{"code":"USD","numeric":840,"native":"","localized":""},"yo":{"code":"NGN","numeric":566,"native":"Náírà Nàìjíríà","localized":"নাইজেরিয়ান নায়রা"},"zh_CN":{"code":"CNY","numeric":156,"native":"人民币","localized":"চীনা য়ুয়ান"},"zh_HK":{"code":"HKD","numeric":344,"native":"港元","localized":"হংকং ডলার"},"zh_TW":{"code":"TWD","numeric":901,"native":"新台币","localized":"নতুন তাইওয়ান ডলার"},"zu":{"code":"ZAR","numeric":710,"native":"i-South African Rand","localized":"দক্ষিণ আফ্রিকান রেন্ড"}}
