{"af":{"code":"ZAR","numeric":710,"native":"Suid-Afrikaanse rand","localized":"Južnoafrički rand"},"ak":{"code":"GHS","numeric":936,"native":"Ghana Sidi","localized":"Ganski cedi"},"am":{"code":"ETB","numeric":230,"native":"የኢትዮጵያ ብር","localized":"Etiopski bir"},"ar":{"code":"EGP","numeric":818,"native":"جنيه مصري","localized":"Egipatska funta"},"as":{"code":"INR","numeric":356,"native":"ভাৰতীয় ৰুপী","localized":"Indijska rupija"},"az":{"code":"AZN","numeric":944,"native":"Azərbaycan Manatı","localized":"Azerbejdžanski manat"},"be":{"code":"BYN","numeric":840,"native":"беларускі рубель","localized":"Bjeloruska rublja"},"bg":{"code":"BGN","numeric":975,"native":"Български лев","localized":"Bugarski lev"},"bho":{"code":"INR","numeric":356,"native":"INR","localized":"Indijska rupija"},"bm":{"code":"XOF","numeric":952,"native":"sefa Fraŋ (BCEAO)","localized":"Zapadnoafrički franak (CFA)"},"bn":{"code":"BDT","numeric":50,"native":"বাংলাদেশী টাকা","localized":"Bangladeška taka"},"bs":{"code":"BAM","numeric":977,"native":"Bosanskohercegovačka konvertibilna marka","localized":"Bosanskohercegovačka konvertibilna marka"},"ca":{"code":"EUR","numeric":978,"native":"euro","localized":"Euro"},"ceb":{"code":"PHP","numeric":608,"native":"Philippine Peso","localized":"Filipinski pezos"},"ckb":{"code":"IQD","numeric":368,"native":"IQD","localized":"Irački dinar"},"cs":{"code":"CZK","numeric":203,"native":"česká koruna","localized":"Češka kruna"},"cy":{"code":"GBP","numeric":826,"native":"Punt Prydain","localized":"Britanska funta"},"da":{"code":"DKK","numeric":208,"native":"dansk krone","localized":"Danska kruna"},"de":{"code":"EUR","numeric":978,"native":"Euro","localized":"Euro"},"de_CH":{"code":"CHF","numeric":756,"native":"Schweizer Franken","localized":"Švicarski franak"},"doi":{"code":"INR","numeric":356,"native":"भारती रपेऽ","localized":"Indijska rupija"},"ee":{"code":"GHS","numeric":936,"native":"ghana siɖi","localized":"Ganski cedi"},"el":{"code":"EUR","numeric":978,"native":"Ευρώ","localized":"Euro"},"en":{"code":"USD","numeric":840,"native":"US Dollar","localized":"Američki dolar"},"en_CA":{"code":"CAD","numeric":124,"native":"Canadian Dollar","localized":"Kanadski dolar"},"eo":{"code":"USD","numeric":840,"native":"","localized":""},"es":{"code":"EUR","numeric":978,"native":"euro","localized":"Euro"},"et":{"code":"EUR","numeric":978,"native":"euro","localized":"Euro"},"eu":{"code":"EUR","numeric":978,"native":"euroa","localized":"Euro"},"fa":{"code":"IRR","numeric":364,"native":"ریال ایران","localized":"Iranski rijal"},"fi":{"code":"EUR","numeric":978,"native":"euro","localized":"Euro"},"fil":{"code":"PHP","numeric":608,"native":"Piso ng Pilipinas","localized":"Filipinski pezos"},"fr":{"code":"EUR","numeric":978,"native":"euro","localized":"Euro"},"fy":{"code":"EUR","numeric":978,"native":"Euro","localized":"Euro"},"ga":{"code":"EUR","numeric":978,"native":"Euro","localized":"Euro"},"gd":{"code":"GBP","numeric":826,"native":"Punnd Sasannach","localized":"Britanska funta"},"gl":{"code":"EUR","numeric":978,"native":"euro","localized":"Euro"},"gu":{"code":"INR","numeric":356,"native":"ભારતીય રૂપિયા","localized":"Indijska rupija"},"ha":{"code":"NGN","numeric":566,"native":"Nairar Najeriya","localized":"Nigerijska naira"},"haw":{"code":"USD","numeric":840,"native":"USD","localized":"Američki dolar"},"he":{"code":"ILS","numeric":376,"native":"שקל חדש","localized":"Izraelski novi šekel"},"hi":{"code":"INR","numeric":356,"native":"भारतीय रुपया","localized":"Indijska rupija"},"hr":{"code":"EUR","numeric":978,"native":"euro","localized":"Euro"},"hu":{"code":"HUF","numeric":348,"native":"magyar forint","localized":"Mađarska forinta"},"hy":{"code":"AMD","numeric":51,"native":"հայկական դրամ","localized":"Armenski dram"},"id":{"code":"IDR","numeric":360,"native":"Rupiah Indonesia","localized":"Indonežanska rupija"},"ig":{"code":"NGN","numeric":566,"native":"Naịra","localized":"Nigerijska naira"},"is":{"code":"ISK","numeric":352,"native":"íslensk króna","localized":"Islandska kruna"},"it":{"code":"EUR","numeric":978,"native":"euro","localized":"Euro"},"ja":{"code":"JPY","numeric":392,"native":"日本円","localized":"Japanski jen"},"ka":{"code":"GEL","numeric":981,"native":"ქართული ლარი","localized":"Gruzijski lari"},"kk":{"code":"KZT","numeric":398,"native":"Қазақстан теңгесі","localized":"Kazahstanski tenge"},"km":{"code":"KHR","numeric":116,"native":"រៀល​កម្ពុជា","localized":"Kambodžanski rijel"},"kn":{"code":"INR","numeric":356,"native":"ಭಾರತೀಯ ರೂಪಾಯಿ","localized":"Indijska rupija"},"ko":{"code":"KRW","numeric":410,"native":"대한민국 원","localized":"Južnokorejski von"},"ku":{"code":"TRY","numeric":949,"native":"TRY","localized":"Turska lira"},"ky":{"code":"KGS","numeric":417,"native":"Кыргызстан сому","localized":"Kirgistanski som"},"lb":{"code":"EUR","numeric":978,"native":"Euro","localized":"Euro"},"lg":{"code":"UGX","numeric":800,"native":"Silingi eya Yuganda","localized":"Ugandski šiling"},"ln":{"code":"CDF","numeric":976,"native":"Falánga ya Kongó","localized":"Kongoanski franak"},"lo":{"code":"LAK","numeric":418,"native":"ລາວ ກີບ","localized":"Laoski kip"},"lt":{"code":"EUR","numeric":978,"native":"Euras","localized":"Euro"},"lv":{"code":"EUR","numeric":978,"native":"eiro","localized":"Euro"},"mai":{"code":"INR","numeric":356,"native":"भारतीय रुपया","localized":"Indijska rupija"},"mg":{"code":"MGA","numeric":969,"native":"Ariary","localized":"Malagaški arijari"},"mi":{"code":"NZD","numeric":554,"native":"Tāra o Aotearoa","localized":"Novozelandski dolar"},"mk":{"code":"MKD","numeric":807,"native":"Македонски денар","localized":"Makedonski denar"},"ml":{"code":"INR","numeric":356,"native":"ഇന്ത്യൻ രൂപ","localized":"Indijska rupija"},"mn":{"code":"MNT","numeric":496,"native":"Монгол төгрөг","localized":"Mongolski tugrik"},"mni_Mtei":{"code":"INR","numeric":356,"native":"Indian Rupee","localized":"Indijska rupija"},"mr":{"code":"INR","numeric":356,"native":"भारतीय रुपया","localized":"Indijska rupija"},"ms":{"code":"MYR","numeric":458,"native":"Ringgit Malaysia","localized":"Malezijski ringit"},"mt":{"code":"EUR","numeric":978,"native":"ewro","localized":"Euro"},"my":{"code":"MMK","numeric":104,"native":"မြန်မာ ကျပ်","localized":"Mijanmarski kjat"},"nb":{"code":"NOK","numeric":578,"native":"norske kroner","localized":"Norveška kruna"},"ne":{"code":"NPR","numeric":524,"native":"नेपाली रूपैयाँ","localized":"Nepalska rupija"},"nl":{"code":"EUR","numeric":978,"native":"Euro","localized":"Euro"},"nn":{"code":"NOK","numeric":578,"native":"norske kroner","localized":"Norveška kruna"},"oc":{"code":"EUR","numeric":978,"native":"EUR","localized":"Euro"},"om":{"code":"ETB","numeric":230,"native":"Itoophiyaa Birrii","localized":"Etiopski bir"},"or":{"code":"INR","numeric":356,"native":"ଭାରତୀୟ ଟଙ୍କା","localized":"Indijska rupija"},"pa":{"code":"INR","numeric":356,"native":"ਭਾਰਤੀ ਰੁਪਇਆ","localized":"Indijska rupija"},"pl":{"code":"PLN","numeric":985,"native":"złoty polski","localized":"Poljski zlot"},"ps":{"code":"AFN","numeric":971,"native":"افغانۍ","localized":"Afganistanski afgan"},"pt":{"code":"BRL","numeric":986,"native":"Real brasileiro","localized":"Brazilski real"},"pt_BR":{"code":"BRL","numeric":986,"native":"Real brasileiro","localized":"Brazilski real"},"qu":{"code":"PEN","numeric":604,"native":"Sol Peruano","localized":"Peruanski sol"},"ro":{"code":"RON","numeric":946,"native":"leu românesc","localized":"Rumunski lej"},"ru":{"code":"RUB","numeric":643,"native":"российский рубль","localized":"Ruska rublja"},"rw":{"code":"RWF","numeric":646,"native":"RWF","localized":"Ruandski franak"},"sa":{"code":"INR","numeric":356,"native":"भारतीय रूप्यकम्","localized":"Indijska rupija"},"sc":{"code":"EUR","numeric":978,"native":"èuro","localized":"Euro"},"sd":{"code":"PKR","numeric":586,"native":"پاڪستاني رپي","localized":"Pakistanska rupija"},"si":{"code":"LKR","numeric":144,"native":"ශ්‍රී ලංකා රුපියල","localized":"Šrilankanska rupija"},"sk":{"code":"EUR","numeric":978,"native":"euro","localized":"Euro"},"sl":{"code":"EUR","numeric":978,"native":"evro","localized":"Euro"},"sn":{"code":"USD","numeric":840,"native":"Dora re Amerika","localized":"Američki dolar"},"so":{"code":"SOS","numeric":706,"native":"Shilingka Soomaaliya","localized":"Somalski šiling"},"sq":{"code":"ALL","numeric":8,"native":"Leku shqiptar","localized":"Albanski lek"},"sr_Cyrl":{"code":"RSD","numeric":941,"native":"српски динар","localized":"Srpski dinar"},"sr_Latn":{"code":"RSD","numeric":941,"native":"srpski dinar","localized":"Srpski dinar"},"sr_Latn_ME":{"code":"EUR","numeric":978,"native":"Evro","localized":"Euro"},"su":{"code":"IDR","numeric":360,"native":"Rupee Indonésia","localized":"Indonežanska rupija"},"sv":{"code":"SEK","numeric":752,"native":"svensk krona","localized":"Švedska kruna"},"sw":{"code":"TZS","numeric":834,"native":"Shilingi ya Tanzania","localized":"Tanzanijski šiling"},"ta":{"code":"INR","numeric":356,"native":"இந்திய ரூபாய்","localized":"Indijska rupija"},"te":{"code":"INR","numeric":356,"native":"భారతదేశ రూపాయి","localized":"Indijska rupija"},"tg":{"code":"TJS","numeric":972,"native":"Сомонӣ","localized":"Tadžikistanski somoni"},"th":{"code":"THB","numeric":764,"native":"บาท","localized":"Tajlandski baht"},"ti":{"code":"ETB","numeric":230,"native":"ብር","localized":"Etiopski bir"},"tk":{"code":"TMT","numeric":934,"native":"Türkmen manady","localized":"Turkmenistanski manat"},"tl":{"code":"PHP","numeric":608,"native":"Philippine Peso","localized":"Filipinski pezos"},"tr":{"code":"TRY","numeric":949,"native":"Türk Lirası","localized":"Turska lira"},"tt":{"code":"RUB","numeric":643,"native":"Россия сумы","localized":"Ruska rublja"},"ug":{"code":"CNY","numeric":156,"native":"جۇڭگو يۈەنى","localized":"Kineski juan"},"uk":{"code":"UAH","numeric":980,"native":"українська гривня","localized":"Ukrajinska hrivnja"},"ur":{"code":"PKR","numeric":586,"native":"پاکستانی روپیہ","localized":"Pakistanska rupija"},"uz_Cyrl":{"code":"UZS","numeric":860,"native":"Ўзбекистон сўм","localized":"Uzbekistanski som"},"uz_Latn":{"code":"UZS","numeric":860,"native":"O‘zbekiston so‘mi","localized":"Uzbekistanski som"},"vi":{"code":"VND","numeric":704,"native":"Đồng Việt Nam","localized":"Vijetnamski dong"},"xh":{"code":"ZAR","numeric":710,"native":"IRandi yaseMzantsi Afrika","localized":"Južnoafrički rand"},"yi":{"code":"USD","numeric":840,"native":"","localized":""},"yo":{"code":"NGN","numeric":566,"native":"Náírà Nàìjíríà","localized":"Nigerijska naira"},"zh_CN":{"code":"CNY","numeric":156,"native":"人民币","localized":"Kineski juan"},"zh_HK":{"code":"HKD","numeric":344,"native":"港元","localized":"Honkonški dolar"},"zh_TW":{"code":"TWD","numeric":901,"native":"新台币","localized":"Novi tajvanski dolar"},"zu":{"code":"ZAR","numeric":710,"native":"i-South African Rand","localized":"Južnoafrički rand"}}
