{"af":{"code":"ZAR","numeric":710,"native":"Suid-Afrikaanse rand","localized":"South African Rand"},"ak":{"code":"GHS","numeric":936,"native":"Ghana Sidi","localized":"Ghanaian Cedi"},"am":{"code":"ETB","numeric":230,"native":"የኢትዮጵያ ብር","localized":"Ethiopian Birr"},"ar":{"code":"EGP","numeric":818,"native":"جنيه مصري","localized":"Egyptian Pound"},"as":{"code":"INR","numeric":356,"native":"ভাৰতীয় ৰুপী","localized":"Indian Rupee"},"az":{"code":"AZN","numeric":944,"native":"Azərbaycan Manatı","localized":"Azerbaijani Manat"},"be":{"code":"BYN","numeric":840,"native":"беларускі рубель","localized":"Belarusian Ruble"},"bg":{"code":"BGN","numeric":975,"native":"Български лев","localized":"Bulgarian Lev"},"bho":{"code":"INR","numeric":356,"native":"INR","localized":"Indian Rupee"},"bm":{"code":"XOF","numeric":952,"native":"sefa Fraŋ (BCEAO)","localized":"West African CFA Franc"},"bn":{"code":"BDT","numeric":50,"native":"বাংলাদেশী টাকা","localized":"Bangladeshi Taka"},"bs":{"code":"BAM","numeric":977,"native":"Bosanskohercegovačka konvertibilna marka","localized":"Bosnia-Herzegovina Convertible Mark"},"ca":{"code":"EUR","numeric":978,"native":"euro","localized":"Euro"},"ceb":{"code":"PHP","numeric":608,"native":"Philippine Peso","localized":"Philippine Peso"},"ckb":{"code":"IQD","numeric":368,"native":"IQD","localized":"Iraqi Dinar"},"cs":{"code":"CZK","numeric":203,"native":"česká koruna","localized":"Czech Koruna"},"cy":{"code":"GBP","numeric":826,"native":"Punt Prydain","localized":"British Pound"},"da":{"code":"DKK","numeric":208,"native":"dansk krone","localized":"Danish Krone"},"de":{"code":"EUR","numeric":978,"native":"Euro","localized":"Euro"},"de_CH":{"code":"CHF","numeric":756,"native":"Schweizer Franken","localized":"Swiss Franc"},"doi":{"code":"INR","numeric":356,"native":"भारती रपेऽ","localized":"Indian Rupee"},"ee":{"code":"GHS","numeric":936,"native":"ghana siɖi","localized":"Ghanaian Cedi"},"el":{"code":"EUR","numeric":978,"native":"Ευρώ","localized":"Euro"},"en":{"code":"USD","numeric":840,"native":"US Dollar","localized":"US Dollar"},"en_CA":{"code":"CAD","numeric":124,"native":"Canadian Dollar","localized":"Canadian Dollar"},"eo":{"code":"USD","numeric":840,"native":"","localized":""},"es":{"code":"EUR","numeric":978,"native":"euro","localized":"Euro"},"et":{"code":"EUR","numeric":978,"native":"euro","localized":"Euro"},"eu":{"code":"EUR","numeric":978,"native":"euroa","localized":"Euro"},"fa":{"code":"IRR","numeric":364,"native":"ریال ایران","localized":"Iranian Rial"},"fi":{"code":"EUR","numeric":978,"native":"euro","localized":"Euro"},"fil":{"code":"PHP","numeric":608,"native":"Piso ng Pilipinas","localized":"Philippine Peso"},"fr":{"code":"EUR","numeric":978,"native":"euro","localized":"Euro"},"fy":{"code":"EUR","numeric":978,"native":"Euro","localized":"Euro"},"ga":{"code":"EUR","numeric":978,"native":"Euro","localized":"Euro"},"gd":{"code":"GBP","numeric":826,"native":"Punnd Sasannach","localized":"British Pound"},"gl":{"code":"EUR","numeric":978,"native":"euro","localized":"Euro"},"gu":{"code":"INR","numeric":356,"native":"ભારતીય રૂપિયા","localized":"Indian Rupee"},"ha":{"code":"NGN","numeric":566,"native":"Nairar Najeriya","localized":"Nigerian Naira"},"haw":{"code":"USD","numeric":840,"native":"USD","localized":"US Dollar"},"he":{"code":"ILS","numeric":376,"native":"שקל חדש","localized":"Israeli New Shekel"},"hi":{"code":"INR","numeric":356,"native":"भारतीय रुपया","localized":"Indian Rupee"},"hr":{"code":"EUR","numeric":978,"native":"euro","localized":"Euro"},"hu":{"code":"HUF","numeric":348,"native":"magyar forint","localized":"Hungarian Forint"},"hy":{"code":"AMD","numeric":51,"native":"հայկական դրամ","localized":"Armenian Dram"},"id":{"code":"IDR","numeric":360,"native":"Rupiah Indonesia","localized":"Indonesian Rupiah"},"ig":{"code":"NGN","numeric":566,"native":"Naịra","localized":"Nigerian Naira"},"is":{"code":"ISK","numeric":352,"native":"íslensk króna","localized":"Icelandic Krona"},"it":{"code":"EUR","numeric":978,"native":"euro","localized":"Euro"},"ja":{"code":"JPY","numeric":392,"native":"日本円","localized":"Japanese Yen"},"ka":{"code":"GEL","numeric":981,"native":"ქართული ლარი","localized":"Georgian Lari"},"kk":{"code":"KZT","numeric":398,"native":"Қазақстан теңгесі","localized":"Kazakhstani Tenge"},"km":{"code":"KHR","numeric":116,"native":"រៀល​កម្ពុជា","localized":"Cambodian Riel"},"kn":{"code":"INR","numeric":356,"native":"ಭಾರತೀಯ ರೂಪಾಯಿ","localized":"Indian Rupee"},"ko":{"code":"KRW","numeric":410,"native":"대한민국 원","localized":"South Korean Won"},"ku":{"code":"TRY","numeric":949,"native":"TRY","localized":"Turkish Lira"},"ky":{"code":"KGS","numeric":417,"native":"Кыргызстан сому","localized":"Kyrgystani Som"},"lb":{"code":"EUR","numeric":978,"native":"Euro","localized":"Euro"},"lg":{"code":"UGX","numeric":800,"native":"Silingi eya Yuganda","localized":"Ugandan Shilling"},"ln":{"code":"CDF","numeric":976,"native":"Falánga ya Kongó","localized":"Congolese Franc"},"lo":{"code":"LAK","numeric":418,"native":"ລາວ ກີບ","localized":"Laotian Kip"},"lt":{"code":"EUR","numeric":978,"native":"Euras","localized":"Euro"},"lv":{"code":"EUR","numeric":978,"native":"eiro","localized":"Euro"},"mai":{"code":"INR","numeric":356,"native":"भारतीय रुपया","localized":"Indian Rupee"},"mg":{"code":"MGA","numeric":969,"native":"Ariary","localized":"Malagasy Ariary"},"mi":{"code":"NZD","numeric":554,"native":"Tāra o Aotearoa","localized":"New Zealand Dollar"},"mk":{"code":"MKD","numeric":807,"native":"Македонски денар","localized":"Macedonian Denar"},"ml":{"code":"INR","numeric":356,"native":"ഇന്ത്യൻ രൂപ","localized":"Indian Rupee"},"mn":{"code":"MNT","numeric":496,"native":"Монгол төгрөг","localized":"Mongolian Tugrik"},"mni_Mtei":{"code":"INR","numeric":356,"native":"Indian Rupee","localized":"Indian Rupee"},"mr":{"code":"INR","numeric":356,"native":"भारतीय रुपया","localized":"Indian Rupee"},"ms":{"code":"MYR","numeric":458,"native":"Ringgit Malaysia","localized":"Malaysian Ringgit"},"mt":{"code":"EUR","numeric":978,"native":"ewro","localized":"Euro"},"my":{"code":"MMK","numeric":104,"native":"မြန်မာ ကျပ်","localized":"Myanmar Kyat"},"nb":{"code":"NOK","numeric":578,"native":"norske kroner","localized":"Norwegian Krone"},"ne":{"code":"NPR","numeric":524,"native":"नेपाली रूपैयाँ","localized":"Nepalese Rupee"},"nl":{"code":"EUR","numeric":978,"native":"Euro","localized":"Euro"},"nn":{"code":"NOK","numeric":578,"native":"norske kroner","localized":"Norwegian Krone"},"oc":{"code":"EUR","numeric":978,"native":"EUR","localized":"Euro"},"om":{"code":"ETB","numeric":230,"native":"Itoophiyaa Birrii","localized":"Ethiopian Birr"},"or":{"code":"INR","numeric":356,"native":"ଭାରତୀୟ ଟଙ୍କା","localized":"Indian Rupee"},"pa":{"code":"INR","numeric":356,"native":"ਭਾਰਤੀ ਰੁਪਇਆ","localized":"Indian Rupee"},"pl":{"code":"PLN","numeric":985,"native":"złoty polski","localized":"Polish Zloty"},"ps":{"code":"AFN","numeric":971,"native":"افغانۍ","localized":"Afghan Afghani"},"pt":{"code":"BRL","numeric":986,"native":"Real brasileiro","localized":"Brazilian Real"},"pt_BR":{"code":"BRL","numeric":986,"native":"Real brasileiro","localized":"Brazilian Real"},"qu":{"code":"PEN","numeric":604,"native":"Sol Peruano","localized":"Peruvian Sol"},"ro":{"code":"RON","numeric":946,"native":"leu românesc","localized":"Romanian Leu"},"ru":{"code":"RUB","numeric":643,"native":"российский рубль","localized":"Russian Ruble"},"rw":{"code":"RWF","numeric":646,"native":"RWF","localized":"Rwandan Franc"},"sa":{"code":"INR","numeric":356,"native":"भारतीय रूप्यकम्","localized":"Indian Rupee"},"sc":{"code":"EUR","numeric":978,"native":"èuro","localized":"Euro"},"sd":{"code":"PKR","numeric":586,"native":"پاڪستاني رپي","localized":"Pakistani Rupee"},"si":{"code":"LKR","numeric":144,"native":"ශ්‍රී ලංකා රුපියල","localized":"Sri Lankan Rupee"},"sk":{"code":"EUR","numeric":978,"native":"euro","localized":"Euro"},"sl":{"code":"EUR","numeric":978,"native":"evro","localized":"Euro"},"sn":{"code":"USD","numeric":840,"native":"Dora re Amerika","localized":"US Dollar"},"so":{"code":"SOS","numeric":706,"native":"Shilingka Soomaaliya","localized":"Somali Shilling"},"sq":{"code":"ALL","numeric":8,"native":"Leku shqiptar","localized":"Albanian Lek"},"sr_Cyrl":{"code":"RSD","numeric":941,"native":"српски динар","localized":"Serbian Dinar"},"sr_Latn":{"code":"RSD","numeric":941,"native":"srpski dinar","localized":"Serbian Dinar"},"sr_Latn_ME":{"code":"EUR","numeric":978,"native":"Evro","localized":"Euro"},"su":{"code":"IDR","numeric":360,"native":"Rupee Indonésia","localized":"Indonesian Rupiah"},"sv":{"code":"SEK","numeric":752,"native":"svensk krona","localized":"Swedish Krona"},"sw":{"code":"TZS","numeric":834,"native":"Shilingi ya Tanzania","localized":"Tanzanian Shilling"},"ta":{"code":"INR","numeric":356,"native":"இந்திய ரூபாய்","localized":"Indian Rupee"},"te":{"code":"INR","numeric":356,"native":"భారతదేశ రూపాయి","localized":"Indian Rupee"},"tg":{"code":"TJS","numeric":972,"native":"Сомонӣ","localized":"Tajikistani Somoni"},"th":{"code":"THB","numeric":764,"native":"บาท","localized":"Thai Baht"},"ti":{"code":"ETB","numeric":230,"native":"ብር","localized":"Ethiopian Birr"},"tk":{"code":"TMT","numeric":934,"native":"Türkmen manady","localized":"Turkmenistani Manat"},"tl":{"code":"PHP","numeric":608,"native":"Philippine Peso","localized":"Philippine Peso"},"tr":{"code":"TRY","numeric":949,"native":"Türk Lirası","localized":"Turkish Lira"},"tt":{"code":"RUB","numeric":643,"native":"Россия сумы","localized":"Russian Ruble"},"ug":{"code":"CNY","numeric":156,"native":"جۇڭگو يۈەنى","localized":"Chinese Yuan"},"uk":{"code":"UAH","numeric":980,"native":"українська гривня","localized":"Ukrainian Hryvnia"},"ur":{"code":"PKR","numeric":586,"native":"پاکستانی روپیہ","localized":"Pakistani Rupee"},"uz_Cyrl":{"code":"UZS","numeric":860,"native":"Ўзбекистон сўм","localized":"Uzbekistani Som"},"uz_Latn":{"code":"UZS","numeric":860,"native":"O‘zbekiston so‘mi","localized":"Uzbekistani Som"},"vi":{"code":"VND","numeric":704,"native":"Đồng Việt Nam","localized":"Vietnamese Dong"},"xh":{"code":"ZAR","numeric":710,"native":"IRandi yaseMzantsi Afrika","localized":"South African Rand"},"yi":{"code":"USD","numeric":840,"native":"","localized":""},"yo":{"code":"NGN","numeric":566,"native":"Náírà Nàìjíríà","localized":"Nigerian Naira"},"zh_CN":{"code":"CNY","numeric":156,"native":"人民币","localized":"Chinese Yuan"},"zh_HK":{"code":"HKD","numeric":344,"native":"港元","localized":"Hong Kong Dollar"},"zh_TW":{"code":"TWD","numeric":901,"native":"新台币","localized":"New Taiwan Dollar"},"zu":{"code":"ZAR","numeric":710,"native":"i-South African Rand","localized":"South African Rand"}}
