{"af":{"code":"ZAR","numeric":710,"native":"Suid-Afrikaanse rand","localized":"jihoafrický rand"},"ak":{"code":"GHS","numeric":936,"native":"Ghana Sidi","localized":"ghanský cedi"},"am":{"code":"ETB","numeric":230,"native":"የኢትዮጵያ ብር","localized":"etiopský birr"},"ar":{"code":"EGP","numeric":818,"native":"جنيه مصري","localized":"egyptská libra"},"as":{"code":"INR","numeric":356,"native":"ভাৰতীয় ৰুপী","localized":"indická rupie"},"az":{"code":"AZN","numeric":944,"native":"Azərbaycan Manatı","localized":"ázerbájdžánský manat"},"be":{"code":"BYN","numeric":840,"native":"беларускі рубель","localized":"běloruský rubl"},"bg":{"code":"BGN","numeric":975,"native":"Български лев","localized":"bulharský leva"},"bho":{"code":"INR","numeric":356,"native":"INR","localized":"indická rupie"},"bm":{"code":"XOF","numeric":952,"native":"sefa Fraŋ (BCEAO)","localized":"CFA/BCEAO frank"},"bn":{"code":"BDT","numeric":50,"native":"বাংলাদেশী টাকা","localized":"bangladéšská taka"},"bs":{"code":"BAM","numeric":977,"native":"Bosanskohercegovačka konvertibilna marka","localized":"bosenská konvertibilní marka"},"ca":{"code":"EUR","numeric":978,"native":"euro","localized":"euro"},"ceb":{"code":"PHP","numeric":608,"native":"Philippine Peso","localized":"filipínské peso"},"ckb":{"code":"IQD","numeric":368,"native":"IQD","localized":"irácký dinár"},"cs":{"code":"CZK","numeric":203,"native":"česká koruna","localized":"česká koruna"},"cy":{"code":"GBP","numeric":826,"native":"Punt Prydain","localized":"britská libra"},"da":{"code":"DKK","numeric":208,"native":"dansk krone","localized":"dánská koruna"},"de":{"code":"EUR","numeric":978,"native":"Euro","localized":"euro"},"de_CH":{"code":"CHF","numeric":756,"native":"Schweizer Franken","localized":"švýcarský frank"},"doi":{"code":"INR","numeric":356,"native":"भारती रपेऽ","localized":"indická rupie"},"ee":{"code":"GHS","numeric":936,"native":"ghana siɖi","localized":"ghanský cedi"},"el":{"code":"EUR","numeric":978,"native":"Ευρώ","localized":"euro"},"en":{"code":"USD","numeric":840,"native":"US Dollar","localized":"americký dolar"},"en_CA":{"code":"CAD","numeric":124,"native":"Canadian Dollar","localized":"kanadský dolar"},"eo":{"code":"USD","numeric":840,"native":"","localized":""},"es":{"code":"EUR","numeric":978,"native":"euro","localized":"euro"},"et":{"code":"EUR","numeric":978,"native":"euro","localized":"euro"},"eu":{"code":"EUR","numeric":978,"native":"euroa","localized":"euro"},"fa":{"code":"IRR","numeric":364,"native":"ریال ایران","localized":"íránský rijál"},"fi":{"code":"EUR","numeric":978,"native":"euro","localized":"euro"},"fil":{"code":"PHP","numeric":608,"native":"Piso ng Pilipinas","localized":"filipínské peso"},"fr":{"code":"EUR","numeric":978,"native":"euro","localized":"euro"},"fy":{"code":"EUR","numeric":978,"native":"Euro","localized":"euro"},"ga":{"code":"EUR","numeric":978,"native":"Euro","localized":"euro"},"gd":{"code":"GBP","numeric":826,"native":"Punnd Sasannach","localized":"britská libra"},"gl":{"code":"EUR","numeric":978,"native":"euro","localized":"euro"},"gu":{"code":"INR","numeric":356,"native":"ભારતીય રૂપિયા","localized":"indická rupie"},"ha":{"code":"NGN","numeric":566,"native":"Nairar Najeriya","localized":"nigerijská naira"},"haw":{"code":"USD","numeric":840,"native":"USD","localized":"americký dolar"},"he":{"code":"ILS","numeric":376,"native":"שקל חדש","localized":"izraelský nový šekel"},"hi":{"code":"INR","numeric":356,"native":"भारतीय रुपया","localized":"indická rupie"},"hr":{"code":"EUR","numeric":978,"native":"euro","localized":"euro"},"hu":{"code":"HUF","numeric":348,"native":"magyar forint","localized":"maďarský forint"},"hy":{"code":"AMD","numeric":51,"native":"հայկական դրամ","localized":"arménský dram"},"id":{"code":"IDR","numeric":360,"native":"Rupiah Indonesia","localized":"indonéská rupie"},"ig":{"code":"NGN","numeric":566,"native":"Naịra","localized":"nigerijská naira"},"is":{"code":"ISK","numeric":352,"native":"íslensk króna","localized":"islandská koruna"},"it":{"code":"EUR","numeric":978,"native":"euro","localized":"euro"},"ja":{"code":"JPY","numeric":392,"native":"日本円","localized":"japonský jen"},"ka":{"code":"GEL","numeric":981,"native":"ქართული ლარი","localized":"gruzínské lari"},"kk":{"code":"KZT","numeric":398,"native":"Қазақстан теңгесі","localized":"kazašské tenge"},"km":{"code":"KHR","numeric":116,"native":"រៀល​កម្ពុជា","localized":"kambodžský riel"},"kn":{"code":"INR","numeric":356,"native":"ಭಾರತೀಯ ರೂಪಾಯಿ","localized":"indická rupie"},"ko":{"code":"KRW","numeric":410,"native":"대한민국 원","localized":"jihokorejský won"},"ku":{"code":"TRY","numeric":949,"native":"TRY","localized":"turecká lira"},"ky":{"code":"KGS","numeric":417,"native":"Кыргызстан сому","localized":"kyrgyzský som"},"lb":{"code":"EUR","numeric":978,"native":"Euro","localized":"euro"},"lg":{"code":"UGX","numeric":800,"native":"Silingi eya Yuganda","localized":"ugandský šilink"},"ln":{"code":"CDF","numeric":976,"native":"Falánga ya Kongó","localized":"konžský frank"},"lo":{"code":"LAK","numeric":418,"native":"ລາວ ກີບ","localized":"laoský kip"},"lt":{"code":"EUR","numeric":978,"native":"Euras","localized":"euro"},"lv":{"code":"EUR","numeric":978,"native":"eiro","localized":"euro"},"mai":{"code":"INR","numeric":356,"native":"भारतीय रुपया","localized":"indická rupie"},"mg":{"code":"MGA","numeric":969,"native":"Ariary","localized":"madagaskarský ariary"},"mi":{"code":"NZD","numeric":554,"native":"Tāra o Aotearoa","localized":"novozélandský dolar"},"mk":{"code":"MKD","numeric":807,"native":"Македонски денар","localized":"makedonský denár"},"ml":{"code":"INR","numeric":356,"native":"ഇന്ത്യൻ രൂപ","localized":"indická rupie"},"mn":{"code":"MNT","numeric":496,"native":"Монгол төгрөг","localized":"mongolský tugrik"},"mni_Mtei":{"code":"INR","numeric":356,"native":"Indian Rupee","localized":"indická rupie"},"mr":{"code":"INR","numeric":356,"native":"भारतीय रुपया","localized":"indická rupie"},"ms":{"code":"MYR","numeric":458,"native":"Ringgit Malaysia","localized":"malajsijský ringgit"},"mt":{"code":"EUR","numeric":978,"native":"ewro","localized":"euro"},"my":{"code":"MMK","numeric":104,"native":"မြန်မာ ကျပ်","localized":"myanmarský kyat"},"nb":{"code":"NOK","numeric":578,"native":"norske kroner","localized":"norská koruna"},"ne":{"code":"NPR","numeric":524,"native":"नेपाली रूपैयाँ","localized":"nepálská rupie"},"nl":{"code":"EUR","numeric":978,"native":"Euro","localized":"euro"},"nn":{"code":"NOK","numeric":578,"native":"norske kroner","localized":"norská koruna"},"oc":{"code":"EUR","numeric":978,"native":"EUR","localized":"euro"},"om":{"code":"ETB","numeric":230,"native":"Itoophiyaa Birrii","localized":"etiopský birr"},"or":{"code":"INR","numeric":356,"native":"ଭାରତୀୟ ଟଙ୍କା","localized":"indická rupie"},"pa":{"code":"INR","numeric":356,"native":"ਭਾਰਤੀ ਰੁਪਇਆ","localized":"indická rupie"},"pl":{"code":"PLN","numeric":985,"native":"złoty polski","localized":"polský zlotý"},"ps":{"code":"AFN","numeric":971,"native":"افغانۍ","localized":"afghánský afghán"},"pt":{"code":"BRL","numeric":986,"native":"Real brasileiro","localized":"brazilský real"},"pt_BR":{"code":"BRL","numeric":986,"native":"Real brasileiro","localized":"brazilský real"},"qu":{"code":"PEN","numeric":604,"native":"Sol Peruano","localized":"peruánský sol"},"ro":{"code":"RON","numeric":946,"native":"leu românesc","localized":"rumunský leu"},"ru":{"code":"RUB","numeric":643,"native":"российский рубль","localized":"ruský rubl"},"rw":{"code":"RWF","numeric":646,"native":"RWF","localized":"rwandský frank"},"sa":{"code":"INR","numeric":356,"native":"भारतीय रूप्यकम्","localized":"indická rupie"},"sc":{"code":"EUR","numeric":978,"native":"èuro","localized":"euro"},"sd":{"code":"PKR","numeric":586,"native":"پاڪستاني رپي","localized":"pákistánská rupie"},"si":{"code":"LKR","numeric":144,"native":"ශ්‍රී ලංකා රුපියල","localized":"srílanská rupie"},"sk":{"code":"EUR","numeric":978,"native":"euro","localized":"euro"},"sl":{"code":"EUR","numeric":978,"native":"evro","localized":"euro"},"sn":{"code":"USD","numeric":840,"native":"Dora re Amerika","localized":"americký dolar"},"so":{"code":"SOS","numeric":706,"native":"Shilingka Soomaaliya","localized":"somálský šilink"},"sq":{"code":"ALL","numeric":8,"native":"Leku shqiptar","localized":"albánský lek"},"sr_Cyrl":{"code":"RSD","numeric":941,"native":"српски динар","localized":"srbský dinár"},"sr_Latn":{"code":"RSD","numeric":941,"native":"srpski dinar","localized":"srbský dinár"},"sr_Latn_ME":{"code":"EUR","numeric":978,"native":"Evro","localized":"euro"},"su":{"code":"IDR","numeric":360,"native":"Rupee Indonésia","localized":"indonéská rupie"},"sv":{"code":"SEK","numeric":752,"native":"svensk krona","localized":"švédská koruna"},"sw":{"code":"TZS","numeric":834,"native":"Shilingi ya Tanzania","localized":"tanzanský šilink"},"ta":{"code":"INR","numeric":356,"native":"இந்திய ரூபாய்","localized":"indická rupie"},"te":{"code":"INR","numeric":356,"native":"భారతదేశ రూపాయి","localized":"indická rupie"},"tg":{"code":"TJS","numeric":972,"native":"Сомонӣ","localized":"tádžické somoni"},"th":{"code":"THB","numeric":764,"native":"บาท","localized":"thajský baht"},"ti":{"code":"ETB","numeric":230,"native":"ብር","localized":"etiopský birr"},"tk":{"code":"TMT","numeric":934,"native":"Türkmen manady","localized":"turkmenský manat"},"tl":{"code":"PHP","numeric":608,"native":"Philippine Peso","localized":"filipínské peso"},"tr":{"code":"TRY","numeric":949,"native":"Türk Lirası","localized":"turecká lira"},"tt":{"code":"RUB","numeric":643,"native":"Россия сумы","localized":"ruský rubl"},"ug":{"code":"CNY","numeric":156,"native":"جۇڭگو يۈەنى","localized":"čínský jüan"},"uk":{"code":"UAH","numeric":980,"native":"українська гривня","localized":"ukrajinská hřivna"},"ur":{"code":"PKR","numeric":586,"native":"پاکستانی روپیہ","localized":"pákistánská rupie"},"uz_Cyrl":{"code":"UZS","numeric":860,"native":"Ўзбекистон сўм","localized":"uzbecký sum"},"uz_Latn":{"code":"UZS","numeric":860,"native":"O‘zbekiston so‘mi","localized":"uzbecký sum"},"vi":{"code":"VND","numeric":704,"native":"Đồng Việt Nam","localized":"vietnamský dong"},"xh":{"code":"ZAR","numeric":710,"native":"IRandi yaseMzantsi Afrika","localized":"jihoafrický rand"},"yi":{"code":"USD","numeric":840,"native":"","localized":""},"yo":{"code":"NGN","numeric":566,"native":"Náírà Nàìjíríà","localized":"nigerijská naira"},"zh_CN":{"code":"CNY","numeric":156,"native":"人民币","localized":"čínský jüan"},"zh_HK":{"code":"HKD","numeric":344,"native":"港元","localized":"hongkongský dolar"},"zh_TW":{"code":"TWD","numeric":901,"native":"新台币","localized":"tchajwanský dolar"},"zu":{"code":"ZAR","numeric":710,"native":"i-South African Rand","localized":"jihoafrický rand"}}
