{"af":{"code":"ZAR","numeric":710,"native":"Suid-Afrikaanse rand","localized":"Rand De Affrica"},"ak":{"code":"GHS","numeric":936,"native":"Ghana Sidi","localized":"Cedi Ghana"},"am":{"code":"ETB","numeric":230,"native":"የኢትዮጵያ ብር","localized":"Birr Ethiopia"},"ar":{"code":"EGP","numeric":818,"native":"جنيه مصري","localized":"Punt Yr Aifft"},"as":{"code":"INR","numeric":356,"native":"ভাৰতীয় ৰুপী","localized":"Rwpî India"},"az":{"code":"AZN","numeric":944,"native":"Azərbaycan Manatı","localized":"Manat Azerbaijan"},"be":{"code":"BYN","numeric":840,"native":"беларускі рубель","localized":"Rwbl Belarws"},"bg":{"code":"BGN","numeric":975,"native":"Български лев","localized":"Lev Bwlgaria"},"bho":{"code":"INR","numeric":356,"native":"INR","localized":"Rwpî India"},"bm":{"code":"XOF","numeric":952,"native":"sefa Fraŋ (BCEAO)","localized":"Ffranc CFA Gorllewin Affrica"},"bn":{"code":"BDT","numeric":50,"native":"বাংলাদেশী টাকা","localized":"Taka Bangladesh"},"bs":{"code":"BAM","numeric":977,"native":"Bosanskohercegovačka konvertibilna marka","localized":"Marc Trosadwy Bosnia a Hercegovina"},"ca":{"code":"EUR","numeric":978,"native":"euro","localized":"Ewro"},"ceb":{"code":"PHP","numeric":608,"native":"Philippine Peso","localized":"Peso Philipinas"},"ckb":{"code":"IQD","numeric":368,"native":"IQD","localized":"Dinar Irac"},"cs":{"code":"CZK","numeric":203,"native":"česká koruna","localized":"Koruna’r Weriniaeth Tsiec"},"cy":{"code":"GBP","numeric":826,"native":"Punt Prydain","localized":"Punt Prydain"},"da":{"code":"DKK","numeric":208,"native":"dansk krone","localized":"Krone Denmarc"},"de":{"code":"EUR","numeric":978,"native":"Euro","localized":"Ewro"},"de_CH":{"code":"CHF","numeric":756,"native":"Schweizer Franken","localized":"Ffranc y Swistir"},"doi":{"code":"INR","numeric":356,"native":"भारती रपेऽ","localized":"Rwpî India"},"ee":{"code":"GHS","numeric":936,"native":"ghana siɖi","localized":"Cedi Ghana"},"el":{"code":"EUR","numeric":978,"native":"Ευρώ","localized":"Ewro"},"en":{"code":"USD","numeric":840,"native":"US Dollar","localized":"Doler UDA"},"en_CA":{"code":"CAD","numeric":124,"native":"Canadian Dollar","localized":"Doler Canada"},"eo":{"code":"USD","numeric":840,"native":"","localized":""},"es":{"code":"EUR","numeric":978,"native":"euro","localized":"Ewro"},"et":{"code":"EUR","numeric":978,"native":"euro","localized":"Ewro"},"eu":{"code":"EUR","numeric":978,"native":"euroa","localized":"Ewro"},"fa":{"code":"IRR","numeric":364,"native":"ریال ایران","localized":"Rial Iran"},"fi":{"code":"EUR","numeric":978,"native":"euro","localized":"Ewro"},"fil":{"code":"PHP","numeric":608,"native":"Piso ng Pilipinas","localized":"Peso Philipinas"},"fr":{"code":"EUR","numeric":978,"native":"euro","localized":"Ewro"},"fy":{"code":"EUR","numeric":978,"native":"Euro","localized":"Ewro"},"ga":{"code":"EUR","numeric":978,"native":"Euro","localized":"Ewro"},"gd":{"code":"GBP","numeric":826,"native":"Punnd Sasannach","localized":"Punt Prydain"},"gl":{"code":"EUR","numeric":978,"native":"euro","localized":"Ewro"},"gu":{"code":"INR","numeric":356,"native":"ભારતીય રૂપિયા","localized":"Rwpî India"},"ha":{"code":"NGN","numeric":566,"native":"Nairar Najeriya","localized":"Naira Nigeria"},"haw":{"code":"USD","numeric":840,"native":"USD","localized":"Doler UDA"},"he":{"code":"ILS","numeric":376,"native":"שקל חדש","localized":"Shegel Newydd Israel"},"hi":{"code":"INR","numeric":356,"native":"भारतीय रुपया","localized":"Rwpî India"},"hr":{"code":"EUR","numeric":978,"native":"euro","localized":"Ewro"},"hu":{"code":"HUF","numeric":348,"native":"magyar forint","localized":"Fforint Hwngari"},"hy":{"code":"AMD","numeric":51,"native":"հայկական դրամ","localized":"Dram Armenia"},"id":{"code":"IDR","numeric":360,"native":"Rupiah Indonesia","localized":"Rupiah Indonesia"},"ig":{"code":"NGN","numeric":566,"native":"Naịra","localized":"Naira Nigeria"},"is":{"code":"ISK","numeric":352,"native":"íslensk króna","localized":"Króna Gwlad yr Iâ"},"it":{"code":"EUR","numeric":978,"native":"euro","localized":"Ewro"},"ja":{"code":"JPY","numeric":392,"native":"日本円","localized":"Yen Japan"},"ka":{"code":"GEL","numeric":981,"native":"ქართული ლარი","localized":"Lari Georgia"},"kk":{"code":"KZT","numeric":398,"native":"Қазақстан теңгесі","localized":"Tenge Kazakstan"},"km":{"code":"KHR","numeric":116,"native":"រៀល​កម្ពុជា","localized":"Riel Cambodia"},"kn":{"code":"INR","numeric":356,"native":"ಭಾರತೀಯ ರೂಪಾಯಿ","localized":"Rwpî India"},"ko":{"code":"KRW","numeric":410,"native":"대한민국 원","localized":"Won De Corea"},"ku":{"code":"TRY","numeric":949,"native":"TRY","localized":"Lira Twrci"},"ky":{"code":"KGS","numeric":417,"native":"Кыргызстан сому","localized":"Som Kyrgyzstan"},"lb":{"code":"EUR","numeric":978,"native":"Euro","localized":"Ewro"},"lg":{"code":"UGX","numeric":800,"native":"Silingi eya Yuganda","localized":"Swllt Uganda"},"ln":{"code":"CDF","numeric":976,"native":"Falánga ya Kongó","localized":"Ffranc Congo"},"lo":{"code":"LAK","numeric":418,"native":"ລາວ ກີບ","localized":"Kip Laos"},"lt":{"code":"EUR","numeric":978,"native":"Euras","localized":"Ewro"},"lv":{"code":"EUR","numeric":978,"native":"eiro","localized":"Ewro"},"mai":{"code":"INR","numeric":356,"native":"भारतीय रुपया","localized":"Rwpî India"},"mg":{"code":"MGA","numeric":969,"native":"Ariary","localized":"Ariary Madagascar"},"mi":{"code":"NZD","numeric":554,"native":"Tāra o Aotearoa","localized":"Doler Seland Newydd"},"mk":{"code":"MKD","numeric":807,"native":"Македонски денар","localized":"Denar Macedonia"},"ml":{"code":"INR","numeric":356,"native":"ഇന്ത്യൻ രൂപ","localized":"Rwpî India"},"mn":{"code":"MNT","numeric":496,"native":"Монгол төгрөг","localized":"Tugrik Mongolia"},"mni_Mtei":{"code":"INR","numeric":356,"native":"Indian Rupee","localized":"Rwpî India"},"mr":{"code":"INR","numeric":356,"native":"भारतीय रुपया","localized":"Rwpî India"},"ms":{"code":"MYR","numeric":458,"native":"Ringgit Malaysia","localized":"Ringgit Malaysia"},"mt":{"code":"EUR","numeric":978,"native":"ewro","localized":"Ewro"},"my":{"code":"MMK","numeric":104,"native":"မြန်မာ ကျပ်","localized":"Kyat Myanmar"},"nb":{"code":"NOK","numeric":578,"native":"norske kroner","localized":"Krone Norwy"},"ne":{"code":"NPR","numeric":524,"native":"नेपाली रूपैयाँ","localized":"Rwpî Nepal"},"nl":{"code":"EUR","numeric":978,"native":"Euro","localized":"Ewro"},"nn":{"code":"NOK","numeric":578,"native":"norske kroner","localized":"Krone Norwy"},"oc":{"code":"EUR","numeric":978,"native":"EUR","localized":"Ewro"},"om":{"code":"ETB","numeric":230,"native":"Itoophiyaa Birrii","localized":"Birr Ethiopia"},"or":{"code":"INR","numeric":356,"native":"ଭାରତୀୟ ଟଙ୍କା","localized":"Rwpî India"},"pa":{"code":"INR","numeric":356,"native":"ਭਾਰਤੀ ਰੁਪਇਆ","localized":"Rwpî India"},"pl":{"code":"PLN","numeric":985,"native":"złoty polski","localized":"Zloty Gwlad Pwyl"},"ps":{"code":"AFN","numeric":971,"native":"افغانۍ","localized":"Afghani Afghanistan"},"pt":{"code":"BRL","numeric":986,"native":"Real brasileiro","localized":"Real Brasil"},"pt_BR":{"code":"BRL","numeric":986,"native":"Real brasileiro","localized":"Real Brasil"},"qu":{"code":"PEN","numeric":604,"native":"Sol Peruano","localized":"Sol Periw"},"ro":{"code":"RON","numeric":946,"native":"leu românesc","localized":"Leu Rwmania"},"ru":{"code":"RUB","numeric":643,"native":"российский рубль","localized":"Rwbl Rwsia"},"rw":{"code":"RWF","numeric":646,"native":"RWF","localized":"Ffranc Rwanda"},"sa":{"code":"INR","numeric":356,"native":"भारतीय रूप्यकम्","localized":"Rwpî India"},"sc":{"code":"EUR","numeric":978,"native":"èuro","localized":"Ewro"},"sd":{"code":"PKR","numeric":586,"native":"پاڪستاني رپي","localized":"Rwpî Pacistan"},"si":{"code":"LKR","numeric":144,"native":"ශ්‍රී ලංකා රුපියල","localized":"Rwpî Sri Lanka"},"sk":{"code":"EUR","numeric":978,"native":"euro","localized":"Ewro"},"sl":{"code":"EUR","numeric":978,"native":"evro","localized":"Ewro"},"sn":{"code":"USD","numeric":840,"native":"Dora re Amerika","localized":"Doler UDA"},"so":{"code":"SOS","numeric":706,"native":"Shilingka Soomaaliya","localized":"Swllt Somalia"},"sq":{"code":"ALL","numeric":8,"native":"Leku shqiptar","localized":"Lek Albania"},"sr_Cyrl":{"code":"RSD","numeric":941,"native":"српски динар","localized":"Dinar Serbia"},"sr_Latn":{"code":"RSD","numeric":941,"native":"srpski dinar","localized":"Dinar Serbia"},"sr_Latn_ME":{"code":"EUR","numeric":978,"native":"Evro","localized":"Ewro"},"su":{"code":"IDR","numeric":360,"native":"Rupee Indonésia","localized":"Rupiah Indonesia"},"sv":{"code":"SEK","numeric":752,"native":"svensk krona","localized":"Krona Sweden"},"sw":{"code":"TZS","numeric":834,"native":"Shilingi ya Tanzania","localized":"Swllt Tanzania"},"ta":{"code":"INR","numeric":356,"native":"இந்திய ரூபாய்","localized":"Rwpî India"},"te":{"code":"INR","numeric":356,"native":"భారతదేశ రూపాయి","localized":"Rwpî India"},"tg":{"code":"TJS","numeric":972,"native":"Сомонӣ","localized":"Somoni Tajikistan"},"th":{"code":"THB","numeric":764,"native":"บาท","localized":"Baht Gwlad Thai"},"ti":{"code":"ETB","numeric":230,"native":"ብር","localized":"Birr Ethiopia"},"tk":{"code":"TMT","numeric":934,"native":"Türkmen manady","localized":"Manat Turkmenistan"},"tl":{"code":"PHP","numeric":608,"native":"Philippine Peso","localized":"Peso Philipinas"},"tr":{"code":"TRY","numeric":949,"native":"Türk Lirası","localized":"Lira Twrci"},"tt":{"code":"RUB","numeric":643,"native":"Россия сумы","localized":"Rwbl Rwsia"},"ug":{"code":"CNY","numeric":156,"native":"جۇڭگو يۈەنى","localized":"Yuan Tsieina"},"uk":{"code":"UAH","numeric":980,"native":"українська гривня","localized":"Hryvnia Wcráin"},"ur":{"code":"PKR","numeric":586,"native":"پاکستانی روپیہ","localized":"Rwpî Pacistan"},"uz_Cyrl":{"code":"UZS","numeric":860,"native":"Ўзбекистон сўм","localized":"Som Uzbekistan"},"uz_Latn":{"code":"UZS","numeric":860,"native":"O‘zbekiston so‘mi","localized":"Som Uzbekistan"},"vi":{"code":"VND","numeric":704,"native":"Đồng Việt Nam","localized":"Dong Fietnam"},"xh":{"code":"ZAR","numeric":710,"native":"IRandi yaseMzantsi Afrika","localized":"Rand De Affrica"},"yi":{"code":"USD","numeric":840,"native":"","localized":""},"yo":{"code":"NGN","numeric":566,"native":"Náírà Nàìjíríà","localized":"Naira Nigeria"},"zh_CN":{"code":"CNY","numeric":156,"native":"人民币","localized":"Yuan Tsieina"},"zh_HK":{"code":"HKD","numeric":344,"native":"港元","localized":"Doler Hong Kong"},"zh_TW":{"code":"TWD","numeric":901,"native":"新台币","localized":"Doler Newydd Taiwan"},"zu":{"code":"ZAR","numeric":710,"native":"i-South African Rand","localized":"Rand De Affrica"}}
