{"af":{"code":"ZAR","numeric":710,"native":"Suid-Afrikaanse rand","localized":"South Africaga rand"},"ak":{"code":"GHS","numeric":936,"native":"Ghana Sidi","localized":"ghana siɖi"},"am":{"code":"ETB","numeric":230,"native":"የኢትዮጵያ ብር","localized":"ethiopiaga birr"},"ar":{"code":"EGP","numeric":818,"native":"جنيه مصري","localized":"egyptega pound"},"as":{"code":"INR","numeric":356,"native":"ভাৰতীয় ৰুপী","localized":"Indiaga rupee"},"az":{"code":"AZN","numeric":944,"native":"Azərbaycan Manatı","localized":"azerbaidzanga manat"},"be":{"code":"BYN","numeric":840,"native":"беларускі рубель","localized":"belarusiaga ruble"},"bg":{"code":"BGN","numeric":975,"native":"Български лев","localized":"bulgariaga lev"},"bho":{"code":"INR","numeric":356,"native":"INR","localized":"Indiaga rupee"},"bm":{"code":"XOF","numeric":952,"native":"sefa Fraŋ (BCEAO)","localized":"ɣetoɖofe afrikaga CFA franc BCEAO"},"bn":{"code":"BDT","numeric":50,"native":"বাংলাদেশী টাকা","localized":"bangladeshga taka"},"bs":{"code":"BAM","numeric":977,"native":"Bosanskohercegovačka konvertibilna marka","localized":"bosnia-herzegovinaga convertible mark"},"ca":{"code":"EUR","numeric":978,"native":"euro","localized":"EUR"},"ceb":{"code":"PHP","numeric":608,"native":"Philippine Peso","localized":"filipiniga peso"},"ckb":{"code":"IQD","numeric":368,"native":"IQD","localized":"irakga dinar"},"cs":{"code":"CZK","numeric":203,"native":"česká koruna","localized":"czechga koruna"},"cy":{"code":"GBP","numeric":826,"native":"Punt Prydain","localized":"britainga pound"},"da":{"code":"DKK","numeric":208,"native":"dansk krone","localized":"denmarkga krone"},"de":{"code":"EUR","numeric":978,"native":"Euro","localized":"EUR"},"de_CH":{"code":"CHF","numeric":756,"native":"Schweizer Franken","localized":"switzerlandga franc"},"doi":{"code":"INR","numeric":356,"native":"भारती रपेऽ","localized":"Indiaga rupee"},"ee":{"code":"GHS","numeric":936,"native":"ghana siɖi","localized":"ghana siɖi"},"el":{"code":"EUR","numeric":978,"native":"Ευρώ","localized":"EUR"},"en":{"code":"USD","numeric":840,"native":"US Dollar","localized":"us ga dollar"},"en_CA":{"code":"CAD","numeric":124,"native":"Canadian Dollar","localized":"canadaga dollar"},"eo":{"code":"USD","numeric":840,"native":"","localized":""},"es":{"code":"EUR","numeric":978,"native":"euro","localized":"EUR"},"et":{"code":"EUR","numeric":978,"native":"euro","localized":"EUR"},"eu":{"code":"EUR","numeric":978,"native":"euroa","localized":"EUR"},"fa":{"code":"IRR","numeric":364,"native":"ریال ایران","localized":"iranga rial"},"fi":{"code":"EUR","numeric":978,"native":"euro","localized":"EUR"},"fil":{"code":"PHP","numeric":608,"native":"Piso ng Pilipinas","localized":"filipiniga peso"},"fr":{"code":"EUR","numeric":978,"native":"euro","localized":"EUR"},"fy":{"code":"EUR","numeric":978,"native":"Euro","localized":"EUR"},"ga":{"code":"EUR","numeric":978,"native":"Euro","localized":"EUR"},"gd":{"code":"GBP","numeric":826,"native":"Punnd Sasannach","localized":"britainga pound"},"gl":{"code":"EUR","numeric":978,"native":"euro","localized":"EUR"},"gu":{"code":"INR","numeric":356,"native":"ભારતીય રૂપિયા","localized":"Indiaga rupee"},"ha":{"code":"NGN","numeric":566,"native":"Nairar Najeriya","localized":"naidzeriaga naira"},"haw":{"code":"USD","numeric":840,"native":"USD","localized":"us ga dollar"},"he":{"code":"ILS","numeric":376,"native":"שקל חדש","localized":"israelga yeyetɔ sheqel"},"hi":{"code":"INR","numeric":356,"native":"भारतीय रुपया","localized":"Indiaga rupee"},"hr":{"code":"EUR","numeric":978,"native":"euro","localized":"EUR"},"hu":{"code":"HUF","numeric":348,"native":"magyar forint","localized":"hungariaga forint"},"hy":{"code":"AMD","numeric":51,"native":"հայկական դրամ","localized":"armeniaga dram"},"id":{"code":"IDR","numeric":360,"native":"Rupiah Indonesia","localized":"Indonesiaga rupiah"},"ig":{"code":"NGN","numeric":566,"native":"Naịra","localized":"naidzeriaga naira"},"is":{"code":"ISK","numeric":352,"native":"íslensk króna","localized":"icelandga króna"},"it":{"code":"EUR","numeric":978,"native":"euro","localized":"EUR"},"ja":{"code":"JPY","numeric":392,"native":"日本円","localized":"Japanesega yen"},"ka":{"code":"GEL","numeric":981,"native":"ქართული ლარი","localized":"dzɔdziaga lari"},"kk":{"code":"KZT","numeric":398,"native":"Қазақстан теңгесі","localized":"kazakhstanga tenge"},"km":{"code":"KHR","numeric":116,"native":"រៀល​កម្ពុជា","localized":"kambodiaga riel"},"kn":{"code":"INR","numeric":356,"native":"ಭಾರತೀಯ ರೂಪಾಯಿ","localized":"Indiaga rupee"},"ko":{"code":"KRW","numeric":410,"native":"대한민국 원","localized":"South Koreaga won"},"ku":{"code":"TRY","numeric":949,"native":"TRY","localized":"Turkishga lira"},"ky":{"code":"KGS","numeric":417,"native":"Кыргызстан сому","localized":"kirgistanga som"},"lb":{"code":"EUR","numeric":978,"native":"Euro","localized":"EUR"},"lg":{"code":"UGX","numeric":800,"native":"Silingi eya Yuganda","localized":"ugandaga shilling"},"ln":{"code":"CDF","numeric":976,"native":"Falánga ya Kongó","localized":"kongoga franc"},"lo":{"code":"LAK","numeric":418,"native":"ລາວ ກີບ","localized":"laosga kip"},"lt":{"code":"EUR","numeric":978,"native":"Euras","localized":"EUR"},"lv":{"code":"EUR","numeric":978,"native":"eiro","localized":"EUR"},"mai":{"code":"INR","numeric":356,"native":"भारतीय रुपया","localized":"Indiaga rupee"},"mg":{"code":"MGA","numeric":969,"native":"Ariary","localized":"malagasega ariary"},"mi":{"code":"NZD","numeric":554,"native":"Tāra o Aotearoa","localized":"new zealanɖga dollar"},"mk":{"code":"MKD","numeric":807,"native":"Македонски денар","localized":"marcedoniaga denar"},"ml":{"code":"INR","numeric":356,"native":"ഇന്ത്യൻ രൂപ","localized":"Indiaga rupee"},"mn":{"code":"MNT","numeric":496,"native":"Монгол төгрөг","localized":"mongoliaga tugrik"},"mni_Mtei":{"code":"INR","numeric":356,"native":"Indian Rupee","localized":"Indiaga rupee"},"mr":{"code":"INR","numeric":356,"native":"भारतीय रुपया","localized":"Indiaga rupee"},"ms":{"code":"MYR","numeric":458,"native":"Ringgit Malaysia","localized":"malaysiaga ringit"},"mt":{"code":"EUR","numeric":978,"native":"ewro","localized":"EUR"},"my":{"code":"MMK","numeric":104,"native":"မြန်မာ ကျပ်","localized":"myanmaga kyat"},"nb":{"code":"NOK","numeric":578,"native":"norske kroner","localized":"norwayga krone"},"ne":{"code":"NPR","numeric":524,"native":"नेपाली रूपैयाँ","localized":"nepalga rupee"},"nl":{"code":"EUR","numeric":978,"native":"Euro","localized":"EUR"},"nn":{"code":"NOK","numeric":578,"native":"norske kroner","localized":"norwayga krone"},"oc":{"code":"EUR","numeric":978,"native":"EUR","localized":"EUR"},"om":{"code":"ETB","numeric":230,"native":"Itoophiyaa Birrii","localized":"ethiopiaga birr"},"or":{"code":"INR","numeric":356,"native":"ଭାରତୀୟ ଟଙ୍କା","localized":"Indiaga rupee"},"pa":{"code":"INR","numeric":356,"native":"ਭਾਰਤੀ ਰੁਪਇਆ","localized":"Indiaga rupee"},"pl":{"code":"PLN","numeric":985,"native":"złoty polski","localized":"polandga zloty"},"ps":{"code":"AFN","numeric":971,"native":"افغانۍ","localized":"afghanistanga afghani"},"pt":{"code":"BRL","numeric":986,"native":"Real brasileiro","localized":"braziliaga real"},"pt_BR":{"code":"BRL","numeric":986,"native":"Real brasileiro","localized":"braziliaga real"},"qu":{"code":"PEN","numeric":604,"native":"Sol Peruano","localized":"peruga sol"},"ro":{"code":"RON","numeric":946,"native":"leu românesc","localized":"romaniaga leu"},"ru":{"code":"RUB","numeric":643,"native":"российский рубль","localized":"russiaga ruble"},"rw":{"code":"RWF","numeric":646,"native":"RWF","localized":"rwandaga franc"},"sa":{"code":"INR","numeric":356,"native":"भारतीय रूप्यकम्","localized":"Indiaga rupee"},"sc":{"code":"EUR","numeric":978,"native":"èuro","localized":"EUR"},"sd":{"code":"PKR","numeric":586,"native":"پاڪستاني رپي","localized":"pakistaniga rupee"},"si":{"code":"LKR","numeric":144,"native":"ශ්‍රී ලංකා රුපියල","localized":"sri lankaga rupee"},"sk":{"code":"EUR","numeric":978,"native":"euro","localized":"EUR"},"sl":{"code":"EUR","numeric":978,"native":"evro","localized":"EUR"},"sn":{"code":"USD","numeric":840,"native":"Dora re Amerika","localized":"us ga dollar"},"so":{"code":"SOS","numeric":706,"native":"Shilingka Soomaaliya","localized":"somaliaga shilling"},"sq":{"code":"ALL","numeric":8,"native":"Leku shqiptar","localized":"albaniaga lek"},"sr_Cyrl":{"code":"RSD","numeric":941,"native":"српски динар","localized":"serbiaga dinar"},"sr_Latn":{"code":"RSD","numeric":941,"native":"srpski dinar","localized":"serbiaga dinar"},"sr_Latn_ME":{"code":"EUR","numeric":978,"native":"Evro","localized":"EUR"},"su":{"code":"IDR","numeric":360,"native":"Rupee Indonésia","localized":"Indonesiaga rupiah"},"sv":{"code":"SEK","numeric":752,"native":"svensk krona","localized":"swedenga krone"},"sw":{"code":"TZS","numeric":834,"native":"Shilingi ya Tanzania","localized":"Tanzaniatɔwofɛgadudu"},"ta":{"code":"INR","numeric":356,"native":"இந்திய ரூபாய்","localized":"Indiaga rupee"},"te":{"code":"INR","numeric":356,"native":"భారతదేశ రూపాయి","localized":"Indiaga rupee"},"tg":{"code":"TJS","numeric":972,"native":"Сомонӣ","localized":"tajikistanga somoni"},"th":{"code":"THB","numeric":764,"native":"บาท","localized":"Thailandga baht"},"ti":{"code":"ETB","numeric":230,"native":"ብር","localized":"ethiopiaga birr"},"tk":{"code":"TMT","numeric":934,"native":"Türkmen manady","localized":"turkmenistanga manat"},"tl":{"code":"PHP","numeric":608,"native":"Philippine Peso","localized":"filipiniga peso"},"tr":{"code":"TRY","numeric":949,"native":"Türk Lirası","localized":"Turkishga lira"},"tt":{"code":"RUB","numeric":643,"native":"Россия сумы","localized":"russiaga ruble"},"ug":{"code":"CNY","numeric":156,"native":"جۇڭگو يۈەنى","localized":"Chinesega yuan"},"uk":{"code":"UAH","numeric":980,"native":"українська гривня","localized":"ukrainega hryvnia"},"ur":{"code":"PKR","numeric":586,"native":"پاکستانی روپیہ","localized":"pakistaniga rupee"},"uz_Cyrl":{"code":"UZS","numeric":860,"native":"Ўзбекистон сўм","localized":"uzbekistanga som"},"uz_Latn":{"code":"UZS","numeric":860,"native":"O‘zbekiston so‘mi","localized":"uzbekistanga som"},"vi":{"code":"VND","numeric":704,"native":"Đồng Việt Nam","localized":"vietnamga dong"},"xh":{"code":"ZAR","numeric":710,"native":"IRandi yaseMzantsi Afrika","localized":"South Africaga rand"},"yi":{"code":"USD","numeric":840,"native":"","localized":""},"yo":{"code":"NGN","numeric":566,"native":"Náírà Nàìjíríà","localized":"naidzeriaga naira"},"zh_CN":{"code":"CNY","numeric":156,"native":"人民币","localized":"Chinesega yuan"},"zh_HK":{"code":"HKD","numeric":344,"native":"港元","localized":"Hong Kongga dollar"},"zh_TW":{"code":"TWD","numeric":901,"native":"新台币","localized":"Taiwanga dollar"},"zu":{"code":"ZAR","numeric":710,"native":"i-South African Rand","localized":"South Africaga rand"}}
