{"af":{"code":"ZAR","numeric":710,"native":"Suid-Afrikaanse rand","localized":"Ραντ Νότιας Αφρικής"},"ak":{"code":"GHS","numeric":936,"native":"Ghana Sidi","localized":"Σέντι Γκάνας"},"am":{"code":"ETB","numeric":230,"native":"የኢትዮጵያ ብር","localized":"Μπιρ Αιθιοπίας"},"ar":{"code":"EGP","numeric":818,"native":"جنيه مصري","localized":"Λίρα Αιγύπτου"},"as":{"code":"INR","numeric":356,"native":"ভাৰতীয় ৰুপী","localized":"Ρουπία Ινδίας"},"az":{"code":"AZN","numeric":944,"native":"Azərbaycan Manatı","localized":"Μανάτ Αζερμπαϊτζάν"},"be":{"code":"BYN","numeric":840,"native":"беларускі рубель","localized":"Ρούβλι Λευκορωσίας"},"bg":{"code":"BGN","numeric":975,"native":"Български лев","localized":"Λεβ Βουλγαρίας"},"bho":{"code":"INR","numeric":356,"native":"INR","localized":"Ρουπία Ινδίας"},"bm":{"code":"XOF","numeric":952,"native":"sefa Fraŋ (BCEAO)","localized":"Φράγκο CFA Δυτικής Αφρικής"},"bn":{"code":"BDT","numeric":50,"native":"বাংলাদেশী টাকা","localized":"Τάκα Μπαγκλαντές"},"bs":{"code":"BAM","numeric":977,"native":"Bosanskohercegovačka konvertibilna marka","localized":"Μετατρέψιμο Μάρκο Βοσνίας-Ερζεγοβίνης"},"ca":{"code":"EUR","numeric":978,"native":"euro","localized":"Ευρώ"},"ceb":{"code":"PHP","numeric":608,"native":"Philippine Peso","localized":"Πέσο Φιλιππίνων"},"ckb":{"code":"IQD","numeric":368,"native":"IQD","localized":"Δηνάριο Ιράκ"},"cs":{"code":"CZK","numeric":203,"native":"česká koruna","localized":"Κορόνα Τσεχίας"},"cy":{"code":"GBP","numeric":826,"native":"Punt Prydain","localized":"Λίρα Στερλίνα Βρετανίας"},"da":{"code":"DKK","numeric":208,"native":"dansk krone","localized":"Κορόνα Δανίας"},"de":{"code":"EUR","numeric":978,"native":"Euro","localized":"Ευρώ"},"de_CH":{"code":"CHF","numeric":756,"native":"Schweizer Franken","localized":"Φράγκο Ελβετίας"},"doi":{"code":"INR","numeric":356,"native":"भारती रपेऽ","localized":"Ρουπία Ινδίας"},"ee":{"code":"GHS","numeric":936,"native":"ghana siɖi","localized":"Σέντι Γκάνας"},"el":{"code":"EUR","numeric":978,"native":"Ευρώ","localized":"Ευρώ"},"en":{"code":"USD","numeric":840,"native":"US Dollar","localized":"Δολάριο ΗΠΑ"},"en_CA":{"code":"CAD","numeric":124,"native":"Canadian Dollar","localized":"Δολάριο Καναδά"},"eo":{"code":"USD","numeric":840,"native":"","localized":""},"es":{"code":"EUR","numeric":978,"native":"euro","localized":"Ευρώ"},"et":{"code":"EUR","numeric":978,"native":"euro","localized":"Ευρώ"},"eu":{"code":"EUR","numeric":978,"native":"euroa","localized":"Ευρώ"},"fa":{"code":"IRR","numeric":364,"native":"ریال ایران","localized":"Ριάλ Ιράν"},"fi":{"code":"EUR","numeric":978,"native":"euro","localized":"Ευρώ"},"fil":{"code":"PHP","numeric":608,"native":"Piso ng Pilipinas","localized":"Πέσο Φιλιππίνων"},"fr":{"code":"EUR","numeric":978,"native":"euro","localized":"Ευρώ"},"fy":{"code":"EUR","numeric":978,"native":"Euro","localized":"Ευρώ"},"ga":{"code":"EUR","numeric":978,"native":"Euro","localized":"Ευρώ"},"gd":{"code":"GBP","numeric":826,"native":"Punnd Sasannach","localized":"Λίρα Στερλίνα Βρετανίας"},"gl":{"code":"EUR","numeric":978,"native":"euro","localized":"Ευρώ"},"gu":{"code":"INR","numeric":356,"native":"ભારતીય રૂપિયા","localized":"Ρουπία Ινδίας"},"ha":{"code":"NGN","numeric":566,"native":"Nairar Najeriya","localized":"Νάιρα Νιγηρίας"},"haw":{"code":"USD","numeric":840,"native":"USD","localized":"Δολάριο ΗΠΑ"},"he":{"code":"ILS","numeric":376,"native":"שקל חדש","localized":"Νέο Σέκελ Ισραήλ"},"hi":{"code":"INR","numeric":356,"native":"भारतीय रुपया","localized":"Ρουπία Ινδίας"},"hr":{"code":"EUR","numeric":978,"native":"euro","localized":"Ευρώ"},"hu":{"code":"HUF","numeric":348,"native":"magyar forint","localized":"Φιορίνι Ουγγαρίας"},"hy":{"code":"AMD","numeric":51,"native":"հայկական դրամ","localized":"Ντραμ Αρμενίας"},"id":{"code":"IDR","numeric":360,"native":"Rupiah Indonesia","localized":"Ρουπία Ινδονησίας"},"ig":{"code":"NGN","numeric":566,"native":"Naịra","localized":"Νάιρα Νιγηρίας"},"is":{"code":"ISK","numeric":352,"native":"íslensk króna","localized":"Κορόνα Ισλανδίας"},"it":{"code":"EUR","numeric":978,"native":"euro","localized":"Ευρώ"},"ja":{"code":"JPY","numeric":392,"native":"日本円","localized":"Γιεν Ιαπωνίας"},"ka":{"code":"GEL","numeric":981,"native":"ქართული ლარი","localized":"Λάρι Γεωργίας"},"kk":{"code":"KZT","numeric":398,"native":"Қазақстан теңгесі","localized":"Τένγκε Καζακστάν"},"km":{"code":"KHR","numeric":116,"native":"រៀល​កម្ពុជា","localized":"Ρίελ Καμπότζης"},"kn":{"code":"INR","numeric":356,"native":"ಭಾರತೀಯ ರೂಪಾಯಿ","localized":"Ρουπία Ινδίας"},"ko":{"code":"KRW","numeric":410,"native":"대한민국 원","localized":"Γουόν Νότιας Κορέας"},"ku":{"code":"TRY","numeric":949,"native":"TRY","localized":"Λίρα Τουρκίας"},"ky":{"code":"KGS","numeric":417,"native":"Кыргызстан сому","localized":"Σομ Κιργιζίας"},"lb":{"code":"EUR","numeric":978,"native":"Euro","localized":"Ευρώ"},"lg":{"code":"UGX","numeric":800,"native":"Silingi eya Yuganda","localized":"Σελίνι Ουγκάντας"},"ln":{"code":"CDF","numeric":976,"native":"Falánga ya Kongó","localized":"Φράγκο Κονγκό"},"lo":{"code":"LAK","numeric":418,"native":"ລາວ ກີບ","localized":"Κιπ Λάος"},"lt":{"code":"EUR","numeric":978,"native":"Euras","localized":"Ευρώ"},"lv":{"code":"EUR","numeric":978,"native":"eiro","localized":"Ευρώ"},"mai":{"code":"INR","numeric":356,"native":"भारतीय रुपया","localized":"Ρουπία Ινδίας"},"mg":{"code":"MGA","numeric":969,"native":"Ariary","localized":"Αριάρι Μαδαγασκάρης"},"mi":{"code":"NZD","numeric":554,"native":"Tāra o Aotearoa","localized":"Δολάριο Νέας Ζηλανδίας"},"mk":{"code":"MKD","numeric":807,"native":"Македонски денар","localized":"Δηνάριο ΠΓΔΜ"},"ml":{"code":"INR","numeric":356,"native":"ഇന്ത്യൻ രൂപ","localized":"Ρουπία Ινδίας"},"mn":{"code":"MNT","numeric":496,"native":"Монгол төгрөг","localized":"Τουγκρίκ Μογγολίας"},"mni_Mtei":{"code":"INR","numeric":356,"native":"Indian Rupee","localized":"Ρουπία Ινδίας"},"mr":{"code":"INR","numeric":356,"native":"भारतीय रुपया","localized":"Ρουπία Ινδίας"},"ms":{"code":"MYR","numeric":458,"native":"Ringgit Malaysia","localized":"Ρινγκίτ Μαλαισίας"},"mt":{"code":"EUR","numeric":978,"native":"ewro","localized":"Ευρώ"},"my":{"code":"MMK","numeric":104,"native":"မြန်မာ ကျပ်","localized":"Κιάτ Μιανμάρ"},"nb":{"code":"NOK","numeric":578,"native":"norske kroner","localized":"Κορόνα Νορβηγίας"},"ne":{"code":"NPR","numeric":524,"native":"नेपाली रूपैयाँ","localized":"Ρουπία Νεπάλ"},"nl":{"code":"EUR","numeric":978,"native":"Euro","localized":"Ευρώ"},"nn":{"code":"NOK","numeric":578,"native":"norske kroner","localized":"Κορόνα Νορβηγίας"},"oc":{"code":"EUR","numeric":978,"native":"EUR","localized":"Ευρώ"},"om":{"code":"ETB","numeric":230,"native":"Itoophiyaa Birrii","localized":"Μπιρ Αιθιοπίας"},"or":{"code":"INR","numeric":356,"native":"ଭାରତୀୟ ଟଙ୍କା","localized":"Ρουπία Ινδίας"},"pa":{"code":"INR","numeric":356,"native":"ਭਾਰਤੀ ਰੁਪਇਆ","localized":"Ρουπία Ινδίας"},"pl":{"code":"PLN","numeric":985,"native":"złoty polski","localized":"Ζλότι Πολωνίας"},"ps":{"code":"AFN","numeric":971,"native":"افغانۍ","localized":"Αφγάνι Αφγανιστάν"},"pt":{"code":"BRL","numeric":986,"native":"Real brasileiro","localized":"Ρεάλ Βραζιλίας"},"pt_BR":{"code":"BRL","numeric":986,"native":"Real brasileiro","localized":"Ρεάλ Βραζιλίας"},"qu":{"code":"PEN","numeric":604,"native":"Sol Peruano","localized":"Σολ Περού"},"ro":{"code":"RON","numeric":946,"native":"leu românesc","localized":"Λέου Ρουμανίας"},"ru":{"code":"RUB","numeric":643,"native":"российский рубль","localized":"Ρούβλι Ρωσίας"},"rw":{"code":"RWF","numeric":646,"native":"RWF","localized":"Φράγκο Ρουάντας"},"sa":{"code":"INR","numeric":356,"native":"भारतीय रूप्यकम्","localized":"Ρουπία Ινδίας"},"sc":{"code":"EUR","numeric":978,"native":"èuro","localized":"Ευρώ"},"sd":{"code":"PKR","numeric":586,"native":"پاڪستاني رپي","localized":"Ρουπία Πακιστάν"},"si":{"code":"LKR","numeric":144,"native":"ශ්‍රී ලංකා රුපියල","localized":"Ρουπία Σρι Λάνκα"},"sk":{"code":"EUR","numeric":978,"native":"euro","localized":"Ευρώ"},"sl":{"code":"EUR","numeric":978,"native":"evro","localized":"Ευρώ"},"sn":{"code":"USD","numeric":840,"native":"Dora re Amerika","localized":"Δολάριο ΗΠΑ"},"so":{"code":"SOS","numeric":706,"native":"Shilingka Soomaaliya","localized":"Σελίνι Σομαλίας"},"sq":{"code":"ALL","numeric":8,"native":"Leku shqiptar","localized":"Λεκ Αλβανίας"},"sr_Cyrl":{"code":"RSD","numeric":941,"native":"српски динар","localized":"Δηνάριο Σερβίας"},"sr_Latn":{"code":"RSD","numeric":941,"native":"srpski dinar","localized":"Δηνάριο Σερβίας"},"sr_Latn_ME":{"code":"EUR","numeric":978,"native":"Evro","localized":"Ευρώ"},"su":{"code":"IDR","numeric":360,"native":"Rupee Indonésia","localized":"Ρουπία Ινδονησίας"},"sv":{"code":"SEK","numeric":752,"native":"svensk krona","localized":"Κορόνα Σουηδίας"},"sw":{"code":"TZS","numeric":834,"native":"Shilingi ya Tanzania","localized":"Σελίνι Τανζανίας"},"ta":{"code":"INR","numeric":356,"native":"இந்திய ரூபாய்","localized":"Ρουπία Ινδίας"},"te":{"code":"INR","numeric":356,"native":"భారతదేశ రూపాయి","localized":"Ρουπία Ινδίας"},"tg":{"code":"TJS","numeric":972,"native":"Сомонӣ","localized":"Σομόνι Τατζικιστάν"},"th":{"code":"THB","numeric":764,"native":"บาท","localized":"Μπατ Ταϊλάνδης"},"ti":{"code":"ETB","numeric":230,"native":"ብር","localized":"Μπιρ Αιθιοπίας"},"tk":{"code":"TMT","numeric":934,"native":"Türkmen manady","localized":"Μάνατ Τουρκμενιστάν"},"tl":{"code":"PHP","numeric":608,"native":"Philippine Peso","localized":"Πέσο Φιλιππίνων"},"tr":{"code":"TRY","numeric":949,"native":"Türk Lirası","localized":"Λίρα Τουρκίας"},"tt":{"code":"RUB","numeric":643,"native":"Россия сумы","localized":"Ρούβλι Ρωσίας"},"ug":{"code":"CNY","numeric":156,"native":"جۇڭگو يۈەنى","localized":"Γουάν Κίνας"},"uk":{"code":"UAH","numeric":980,"native":"українська гривня","localized":"Γρίβνα Ουκρανίας"},"ur":{"code":"PKR","numeric":586,"native":"پاکستانی روپیہ","localized":"Ρουπία Πακιστάν"},"uz_Cyrl":{"code":"UZS","numeric":860,"native":"Ўзбекистон сўм","localized":"Σομ Ουζμπεκιστάν"},"uz_Latn":{"code":"UZS","numeric":860,"native":"O‘zbekiston so‘mi","localized":"Σομ Ουζμπεκιστάν"},"vi":{"code":"VND","numeric":704,"native":"Đồng Việt Nam","localized":"Ντονγκ Βιετνάμ"},"xh":{"code":"ZAR","numeric":710,"native":"IRandi yaseMzantsi Afrika","localized":"Ραντ Νότιας Αφρικής"},"yi":{"code":"USD","numeric":840,"native":"","localized":""},"yo":{"code":"NGN","numeric":566,"native":"Náírà Nàìjíríà","localized":"Νάιρα Νιγηρίας"},"zh_CN":{"code":"CNY","numeric":156,"native":"人民币","localized":"Γουάν Κίνας"},"zh_HK":{"code":"HKD","numeric":344,"native":"港元","localized":"Δολάριο Χονγκ Κονγκ"},"zh_TW":{"code":"TWD","numeric":901,"native":"新台币","localized":"Νέο δολάριο Ταϊβάν"},"zu":{"code":"ZAR","numeric":710,"native":"i-South African Rand","localized":"Ραντ Νότιας Αφρικής"}}
