{"af":{"code":"ZAR","numeric":710,"native":"Suid-Afrikaanse rand","localized":"rand"},"ak":{"code":"GHS","numeric":936,"native":"Ghana Sidi","localized":"cedi"},"am":{"code":"ETB","numeric":230,"native":"የኢትዮጵያ ብር","localized":"bir"},"ar":{"code":"EGP","numeric":818,"native":"جنيه مصري","localized":"libra egipcia"},"as":{"code":"INR","numeric":356,"native":"ভাৰতীয় ৰুপী","localized":"rupia india"},"az":{"code":"AZN","numeric":944,"native":"Azərbaycan Manatı","localized":"manat azerbaiyano"},"be":{"code":"BYN","numeric":840,"native":"беларускі рубель","localized":"rublo bielorruso"},"bg":{"code":"BGN","numeric":975,"native":"Български лев","localized":"leva búlgara"},"bho":{"code":"INR","numeric":356,"native":"INR","localized":"rupia india"},"bm":{"code":"XOF","numeric":952,"native":"sefa Fraŋ (BCEAO)","localized":"franco CFA de África Occidental"},"bn":{"code":"BDT","numeric":50,"native":"বাংলাদেশী টাকা","localized":"taka"},"bs":{"code":"BAM","numeric":977,"native":"Bosanskohercegovačka konvertibilna marka","localized":"marco convertible de Bosnia y Herzegovina"},"ca":{"code":"EUR","numeric":978,"native":"euro","localized":"euro"},"ceb":{"code":"PHP","numeric":608,"native":"Philippine Peso","localized":"peso filipino"},"ckb":{"code":"IQD","numeric":368,"native":"IQD","localized":"dinar iraquí"},"cs":{"code":"CZK","numeric":203,"native":"česká koruna","localized":"corona checa"},"cy":{"code":"GBP","numeric":826,"native":"Punt Prydain","localized":"libra esterlina"},"da":{"code":"DKK","numeric":208,"native":"dansk krone","localized":"corona danesa"},"de":{"code":"EUR","numeric":978,"native":"Euro","localized":"euro"},"de_CH":{"code":"CHF","numeric":756,"native":"Schweizer Franken","localized":"franco suizo"},"doi":{"code":"INR","numeric":356,"native":"भारती रपेऽ","localized":"rupia india"},"ee":{"code":"GHS","numeric":936,"native":"ghana siɖi","localized":"cedi"},"el":{"code":"EUR","numeric":978,"native":"Ευρώ","localized":"euro"},"en":{"code":"USD","numeric":840,"native":"US Dollar","localized":"dólar estadounidense"},"en_CA":{"code":"CAD","numeric":124,"native":"Canadian Dollar","localized":"dólar canadiense"},"eo":{"code":"USD","numeric":840,"native":"","localized":""},"es":{"code":"EUR","numeric":978,"native":"euro","localized":"euro"},"et":{"code":"EUR","numeric":978,"native":"euro","localized":"euro"},"eu":{"code":"EUR","numeric":978,"native":"euroa","localized":"euro"},"fa":{"code":"IRR","numeric":364,"native":"ریال ایران","localized":"rial iraní"},"fi":{"code":"EUR","numeric":978,"native":"euro","localized":"euro"},"fil":{"code":"PHP","numeric":608,"native":"Piso ng Pilipinas","localized":"peso filipino"},"fr":{"code":"EUR","numeric":978,"native":"euro","localized":"euro"},"fy":{"code":"EUR","numeric":978,"native":"Euro","localized":"euro"},"ga":{"code":"EUR","numeric":978,"native":"Euro","localized":"euro"},"gd":{"code":"GBP","numeric":826,"native":"Punnd Sasannach","localized":"libra esterlina"},"gl":{"code":"EUR","numeric":978,"native":"euro","localized":"euro"},"gu":{"code":"INR","numeric":356,"native":"ભારતીય રૂપિયા","localized":"rupia india"},"ha":{"code":"NGN","numeric":566,"native":"Nairar Najeriya","localized":"naira"},"haw":{"code":"USD","numeric":840,"native":"USD","localized":"dólar estadounidense"},"he":{"code":"ILS","numeric":376,"native":"שקל חדש","localized":"nuevo séquel israelí"},"hi":{"code":"INR","numeric":356,"native":"भारतीय रुपया","localized":"rupia india"},"hr":{"code":"EUR","numeric":978,"native":"euro","localized":"euro"},"hu":{"code":"HUF","numeric":348,"native":"magyar forint","localized":"forinto húngaro"},"hy":{"code":"AMD","numeric":51,"native":"հայկական դրամ","localized":"dram"},"id":{"code":"IDR","numeric":360,"native":"Rupiah Indonesia","localized":"rupia indonesia"},"ig":{"code":"NGN","numeric":566,"native":"Naịra","localized":"naira"},"is":{"code":"ISK","numeric":352,"native":"íslensk króna","localized":"corona islandesa"},"it":{"code":"EUR","numeric":978,"native":"euro","localized":"euro"},"ja":{"code":"JPY","numeric":392,"native":"日本円","localized":"yen"},"ka":{"code":"GEL","numeric":981,"native":"ქართული ლარი","localized":"lari"},"kk":{"code":"KZT","numeric":398,"native":"Қазақстан теңгесі","localized":"tengue kazajo"},"km":{"code":"KHR","numeric":116,"native":"រៀល​កម្ពុជា","localized":"riel"},"kn":{"code":"INR","numeric":356,"native":"ಭಾರತೀಯ ರೂಪಾಯಿ","localized":"rupia india"},"ko":{"code":"KRW","numeric":410,"native":"대한민국 원","localized":"won surcoreano"},"ku":{"code":"TRY","numeric":949,"native":"TRY","localized":"lira turca"},"ky":{"code":"KGS","numeric":417,"native":"Кыргызстан сому","localized":"som"},"lb":{"code":"EUR","numeric":978,"native":"Euro","localized":"euro"},"lg":{"code":"UGX","numeric":800,"native":"Silingi eya Yuganda","localized":"chelín ugandés"},"ln":{"code":"CDF","numeric":976,"native":"Falánga ya Kongó","localized":"franco congoleño"},"lo":{"code":"LAK","numeric":418,"native":"ລາວ ກີບ","localized":"kip"},"lt":{"code":"EUR","numeric":978,"native":"Euras","localized":"euro"},"lv":{"code":"EUR","numeric":978,"native":"eiro","localized":"euro"},"mai":{"code":"INR","numeric":356,"native":"भारतीय रुपया","localized":"rupia india"},"mg":{"code":"MGA","numeric":969,"native":"Ariary","localized":"ariari"},"mi":{"code":"NZD","numeric":554,"native":"Tāra o Aotearoa","localized":"dólar neozelandés"},"mk":{"code":"MKD","numeric":807,"native":"Македонски денар","localized":"dinar macedonio"},"ml":{"code":"INR","numeric":356,"native":"ഇന്ത്യൻ രൂപ","localized":"rupia india"},"mn":{"code":"MNT","numeric":496,"native":"Монгол төгрөг","localized":"tugrik"},"mni_Mtei":{"code":"INR","numeric":356,"native":"Indian Rupee","localized":"rupia india"},"mr":{"code":"INR","numeric":356,"native":"भारतीय रुपया","localized":"rupia india"},"ms":{"code":"MYR","numeric":458,"native":"Ringgit Malaysia","localized":"ringit"},"mt":{"code":"EUR","numeric":978,"native":"ewro","localized":"euro"},"my":{"code":"MMK","numeric":104,"native":"မြန်မာ ကျပ်","localized":"kiat"},"nb":{"code":"NOK","numeric":578,"native":"norske kroner","localized":"corona noruega"},"ne":{"code":"NPR","numeric":524,"native":"नेपाली रूपैयाँ","localized":"rupia nepalí"},"nl":{"code":"EUR","numeric":978,"native":"Euro","localized":"euro"},"nn":{"code":"NOK","numeric":578,"native":"norske kroner","localized":"corona noruega"},"oc":{"code":"EUR","numeric":978,"native":"EUR","localized":"euro"},"om":{"code":"ETB","numeric":230,"native":"Itoophiyaa Birrii","localized":"bir"},"or":{"code":"INR","numeric":356,"native":"ଭାରତୀୟ ଟଙ୍କା","localized":"rupia india"},"pa":{"code":"INR","numeric":356,"native":"ਭਾਰਤੀ ਰੁਪਇਆ","localized":"rupia india"},"pl":{"code":"PLN","numeric":985,"native":"złoty polski","localized":"esloti"},"ps":{"code":"AFN","numeric":971,"native":"افغانۍ","localized":"afgani"},"pt":{"code":"BRL","numeric":986,"native":"Real brasileiro","localized":"real brasileño"},"pt_BR":{"code":"BRL","numeric":986,"native":"Real brasileiro","localized":"real brasileño"},"qu":{"code":"PEN","numeric":604,"native":"Sol Peruano","localized":"sol peruano"},"ro":{"code":"RON","numeric":946,"native":"leu românesc","localized":"leu rumano"},"ru":{"code":"RUB","numeric":643,"native":"российский рубль","localized":"rublo ruso"},"rw":{"code":"RWF","numeric":646,"native":"RWF","localized":"franco ruandés"},"sa":{"code":"INR","numeric":356,"native":"भारतीय रूप्यकम्","localized":"rupia india"},"sc":{"code":"EUR","numeric":978,"native":"èuro","localized":"euro"},"sd":{"code":"PKR","numeric":586,"native":"پاڪستاني رپي","localized":"rupia pakistaní"},"si":{"code":"LKR","numeric":144,"native":"ශ්‍රී ලංකා රුපියල","localized":"rupia esrilanquesa"},"sk":{"code":"EUR","numeric":978,"native":"euro","localized":"euro"},"sl":{"code":"EUR","numeric":978,"native":"evro","localized":"euro"},"sn":{"code":"USD","numeric":840,"native":"Dora re Amerika","localized":"dólar estadounidense"},"so":{"code":"SOS","numeric":706,"native":"Shilingka Soomaaliya","localized":"chelín somalí"},"sq":{"code":"ALL","numeric":8,"native":"Leku shqiptar","localized":"lek"},"sr_Cyrl":{"code":"RSD","numeric":941,"native":"српски динар","localized":"dinar serbio"},"sr_Latn":{"code":"RSD","numeric":941,"native":"srpski dinar","localized":"dinar serbio"},"sr_Latn_ME":{"code":"EUR","numeric":978,"native":"Evro","localized":"euro"},"su":{"code":"IDR","numeric":360,"native":"Rupee Indonésia","localized":"rupia indonesia"},"sv":{"code":"SEK","numeric":752,"native":"svensk krona","localized":"corona sueca"},"sw":{"code":"TZS","numeric":834,"native":"Shilingi ya Tanzania","localized":"chelín tanzano"},"ta":{"code":"INR","numeric":356,"native":"இந்திய ரூபாய்","localized":"rupia india"},"te":{"code":"INR","numeric":356,"native":"భారతదేశ రూపాయి","localized":"rupia india"},"tg":{"code":"TJS","numeric":972,"native":"Сомонӣ","localized":"somoni tayiko"},"th":{"code":"THB","numeric":764,"native":"บาท","localized":"bat"},"ti":{"code":"ETB","numeric":230,"native":"ብር","localized":"bir"},"tk":{"code":"TMT","numeric":934,"native":"Türkmen manady","localized":"manat turcomano"},"tl":{"code":"PHP","numeric":608,"native":"Philippine Peso","localized":"peso filipino"},"tr":{"code":"TRY","numeric":949,"native":"Türk Lirası","localized":"lira turca"},"tt":{"code":"RUB","numeric":643,"native":"Россия сумы","localized":"rublo ruso"},"ug":{"code":"CNY","numeric":156,"native":"جۇڭگو يۈەنى","localized":"yuan"},"uk":{"code":"UAH","numeric":980,"native":"українська гривня","localized":"grivna"},"ur":{"code":"PKR","numeric":586,"native":"پاکستانی روپیہ","localized":"rupia pakistaní"},"uz_Cyrl":{"code":"UZS","numeric":860,"native":"Ўзбекистон сўм","localized":"sum"},"uz_Latn":{"code":"UZS","numeric":860,"native":"O‘zbekiston so‘mi","localized":"sum"},"vi":{"code":"VND","numeric":704,"native":"Đồng Việt Nam","localized":"dong"},"xh":{"code":"ZAR","numeric":710,"native":"IRandi yaseMzantsi Afrika","localized":"rand"},"yi":{"code":"USD","numeric":840,"native":"","localized":""},"yo":{"code":"NGN","numeric":566,"native":"Náírà Nàìjíríà","localized":"naira"},"zh_CN":{"code":"CNY","numeric":156,"native":"人民币","localized":"yuan"},"zh_HK":{"code":"HKD","numeric":344,"native":"港元","localized":"dólar hongkonés"},"zh_TW":{"code":"TWD","numeric":901,"native":"新台币","localized":"nuevo dólar taiwanés"},"zu":{"code":"ZAR","numeric":710,"native":"i-South African Rand","localized":"rand"}}
