{"af":{"code":"ZAR","numeric":710,"native":"Suid-Afrikaanse rand","localized":"Lõuna-Aafrika rand"},"ak":{"code":"GHS","numeric":936,"native":"Ghana Sidi","localized":"Ghana sedi"},"am":{"code":"ETB","numeric":230,"native":"የኢትዮጵያ ብር","localized":"Etioopia birr"},"ar":{"code":"EGP","numeric":818,"native":"جنيه مصري","localized":"Egiptuse nael"},"as":{"code":"INR","numeric":356,"native":"ভাৰতীয় ৰুপী","localized":"India ruupia"},"az":{"code":"AZN","numeric":944,"native":"Azərbaycan Manatı","localized":"Aserbaidžaani manat"},"be":{"code":"BYN","numeric":840,"native":"беларускі рубель","localized":"Valgevene rubla"},"bg":{"code":"BGN","numeric":975,"native":"Български лев","localized":"Bulgaaria leev"},"bho":{"code":"INR","numeric":356,"native":"INR","localized":"India ruupia"},"bm":{"code":"XOF","numeric":952,"native":"sefa Fraŋ (BCEAO)","localized":"Lääne-Aafrika CFA frank"},"bn":{"code":"BDT","numeric":50,"native":"বাংলাদেশী টাকা","localized":"Bangladeshi taka"},"bs":{"code":"BAM","numeric":977,"native":"Bosanskohercegovačka konvertibilna marka","localized":"Bosnia ja Hertsegoviina konverteeritav mark"},"ca":{"code":"EUR","numeric":978,"native":"euro","localized":"euro"},"ceb":{"code":"PHP","numeric":608,"native":"Philippine Peso","localized":"Filipiini peeso"},"ckb":{"code":"IQD","numeric":368,"native":"IQD","localized":"Iraagi dinaar"},"cs":{"code":"CZK","numeric":203,"native":"česká koruna","localized":"Tšehhi kroon"},"cy":{"code":"GBP","numeric":826,"native":"Punt Prydain","localized":"Suurbritannia naelsterling"},"da":{"code":"DKK","numeric":208,"native":"dansk krone","localized":"Taani kroon"},"de":{"code":"EUR","numeric":978,"native":"Euro","localized":"euro"},"de_CH":{"code":"CHF","numeric":756,"native":"Schweizer Franken","localized":"Šveitsi frank"},"doi":{"code":"INR","numeric":356,"native":"भारती रपेऽ","localized":"India ruupia"},"ee":{"code":"GHS","numeric":936,"native":"ghana siɖi","localized":"Ghana sedi"},"el":{"code":"EUR","numeric":978,"native":"Ευρώ","localized":"euro"},"en":{"code":"USD","numeric":840,"native":"US Dollar","localized":"USA dollar"},"en_CA":{"code":"CAD","numeric":124,"native":"Canadian Dollar","localized":"Kanada dollar"},"eo":{"code":"USD","numeric":840,"native":"","localized":""},"es":{"code":"EUR","numeric":978,"native":"euro","localized":"euro"},"et":{"code":"EUR","numeric":978,"native":"euro","localized":"euro"},"eu":{"code":"EUR","numeric":978,"native":"euroa","localized":"euro"},"fa":{"code":"IRR","numeric":364,"native":"ریال ایران","localized":"Iraani riaal"},"fi":{"code":"EUR","numeric":978,"native":"euro","localized":"euro"},"fil":{"code":"PHP","numeric":608,"native":"Piso ng Pilipinas","localized":"Filipiini peeso"},"fr":{"code":"EUR","numeric":978,"native":"euro","localized":"euro"},"fy":{"code":"EUR","numeric":978,"native":"Euro","localized":"euro"},"ga":{"code":"EUR","numeric":978,"native":"Euro","localized":"euro"},"gd":{"code":"GBP","numeric":826,"native":"Punnd Sasannach","localized":"Suurbritannia naelsterling"},"gl":{"code":"EUR","numeric":978,"native":"euro","localized":"euro"},"gu":{"code":"INR","numeric":356,"native":"ભારતીય રૂપિયા","localized":"India ruupia"},"ha":{"code":"NGN","numeric":566,"native":"Nairar Najeriya","localized":"Nigeeria naira"},"haw":{"code":"USD","numeric":840,"native":"USD","localized":"USA dollar"},"he":{"code":"ILS","numeric":376,"native":"שקל חדש","localized":"Iisraeli uus seekel"},"hi":{"code":"INR","numeric":356,"native":"भारतीय रुपया","localized":"India ruupia"},"hr":{"code":"EUR","numeric":978,"native":"euro","localized":"euro"},"hu":{"code":"HUF","numeric":348,"native":"magyar forint","localized":"Ungari forint"},"hy":{"code":"AMD","numeric":51,"native":"հայկական դրամ","localized":"Armeenia dramm"},"id":{"code":"IDR","numeric":360,"native":"Rupiah Indonesia","localized":"Indoneesia ruupia"},"ig":{"code":"NGN","numeric":566,"native":"Naịra","localized":"Nigeeria naira"},"is":{"code":"ISK","numeric":352,"native":"íslensk króna","localized":"Islandi kroon"},"it":{"code":"EUR","numeric":978,"native":"euro","localized":"euro"},"ja":{"code":"JPY","numeric":392,"native":"日本円","localized":"Jaapani jeen"},"ka":{"code":"GEL","numeric":981,"native":"ქართული ლარი","localized":"Gruusia lari"},"kk":{"code":"KZT","numeric":398,"native":"Қазақстан теңгесі","localized":"Kasahstani tenge"},"km":{"code":"KHR","numeric":116,"native":"រៀល​កម្ពុជា","localized":"Kambodža riaal"},"kn":{"code":"INR","numeric":356,"native":"ಭಾರತೀಯ ರೂಪಾಯಿ","localized":"India ruupia"},"ko":{"code":"KRW","numeric":410,"native":"대한민국 원","localized":"Lõuna-Korea vonn"},"ku":{"code":"TRY","numeric":949,"native":"TRY","localized":"Türgi liir"},"ky":{"code":"KGS","numeric":417,"native":"Кыргызстан сому","localized":"Kõrgõzstani somm"},"lb":{"code":"EUR","numeric":978,"native":"Euro","localized":"euro"},"lg":{"code":"UGX","numeric":800,"native":"Silingi eya Yuganda","localized":"Uganda šilling"},"ln":{"code":"CDF","numeric":976,"native":"Falánga ya Kongó","localized":"Kongo frank"},"lo":{"code":"LAK","numeric":418,"native":"ລາວ ກີບ","localized":"Laose kiip"},"lt":{"code":"EUR","numeric":978,"native":"Euras","localized":"euro"},"lv":{"code":"EUR","numeric":978,"native":"eiro","localized":"euro"},"mai":{"code":"INR","numeric":356,"native":"भारतीय रुपया","localized":"India ruupia"},"mg":{"code":"MGA","numeric":969,"native":"Ariary","localized":"Madagaskari ariari"},"mi":{"code":"NZD","numeric":554,"native":"Tāra o Aotearoa","localized":"Uus-Meremaa dollar"},"mk":{"code":"MKD","numeric":807,"native":"Македонски денар","localized":"Makedoonia dinaar"},"ml":{"code":"INR","numeric":356,"native":"ഇന്ത്യൻ രൂപ","localized":"India ruupia"},"mn":{"code":"MNT","numeric":496,"native":"Монгол төгрөг","localized":"Mongoolia tugrik"},"mni_Mtei":{"code":"INR","numeric":356,"native":"Indian Rupee","localized":"India ruupia"},"mr":{"code":"INR","numeric":356,"native":"भारतीय रुपया","localized":"India ruupia"},"ms":{"code":"MYR","numeric":458,"native":"Ringgit Malaysia","localized":"Malaisia ringgit"},"mt":{"code":"EUR","numeric":978,"native":"ewro","localized":"euro"},"my":{"code":"MMK","numeric":104,"native":"မြန်မာ ကျပ်","localized":"Myanmari kjatt"},"nb":{"code":"NOK","numeric":578,"native":"norske kroner","localized":"Norra kroon"},"ne":{"code":"NPR","numeric":524,"native":"नेपाली रूपैयाँ","localized":"Nepali ruupia"},"nl":{"code":"EUR","numeric":978,"native":"Euro","localized":"euro"},"nn":{"code":"NOK","numeric":578,"native":"norske kroner","localized":"Norra kroon"},"oc":{"code":"EUR","numeric":978,"native":"EUR","localized":"euro"},"om":{"code":"ETB","numeric":230,"native":"Itoophiyaa Birrii","localized":"Etioopia birr"},"or":{"code":"INR","numeric":356,"native":"ଭାରତୀୟ ଟଙ୍କା","localized":"India ruupia"},"pa":{"code":"INR","numeric":356,"native":"ਭਾਰਤੀ ਰੁਪਇਆ","localized":"India ruupia"},"pl":{"code":"PLN","numeric":985,"native":"złoty polski","localized":"Poola zlott"},"ps":{"code":"AFN","numeric":971,"native":"افغانۍ","localized":"Afganistani afgaani"},"pt":{"code":"BRL","numeric":986,"native":"Real brasileiro","localized":"Brasiilia reaal"},"pt_BR":{"code":"BRL","numeric":986,"native":"Real brasileiro","localized":"Brasiilia reaal"},"qu":{"code":"PEN","numeric":604,"native":"Sol Peruano","localized":"Peruu soll"},"ro":{"code":"RON","numeric":946,"native":"leu românesc","localized":"Rumeenia leu"},"ru":{"code":"RUB","numeric":643,"native":"российский рубль","localized":"Venemaa rubla"},"rw":{"code":"RWF","numeric":646,"native":"RWF","localized":"Rwanda frank"},"sa":{"code":"INR","numeric":356,"native":"भारतीय रूप्यकम्","localized":"India ruupia"},"sc":{"code":"EUR","numeric":978,"native":"èuro","localized":"euro"},"sd":{"code":"PKR","numeric":586,"native":"پاڪستاني رپي","localized":"Pakistani ruupia"},"si":{"code":"LKR","numeric":144,"native":"ශ්‍රී ලංකා රුපියල","localized":"Sri Lanka ruupia"},"sk":{"code":"EUR","numeric":978,"native":"euro","localized":"euro"},"sl":{"code":"EUR","numeric":978,"native":"evro","localized":"euro"},"sn":{"code":"USD","numeric":840,"native":"Dora re Amerika","localized":"USA dollar"},"so":{"code":"SOS","numeric":706,"native":"Shilingka Soomaaliya","localized":"Somaalia šilling"},"sq":{"code":"ALL","numeric":8,"native":"Leku shqiptar","localized":"Albaania lekk"},"sr_Cyrl":{"code":"RSD","numeric":941,"native":"српски динар","localized":"Serbia dinaar"},"sr_Latn":{"code":"RSD","numeric":941,"native":"srpski dinar","localized":"Serbia dinaar"},"sr_Latn_ME":{"code":"EUR","numeric":978,"native":"Evro","localized":"euro"},"su":{"code":"IDR","numeric":360,"native":"Rupee Indonésia","localized":"Indoneesia ruupia"},"sv":{"code":"SEK","numeric":752,"native":"svensk krona","localized":"Rootsi kroon"},"sw":{"code":"TZS","numeric":834,"native":"Shilingi ya Tanzania","localized":"Tansaania šilling"},"ta":{"code":"INR","numeric":356,"native":"இந்திய ரூபாய்","localized":"India ruupia"},"te":{"code":"INR","numeric":356,"native":"భారతదేశ రూపాయి","localized":"India ruupia"},"tg":{"code":"TJS","numeric":972,"native":"Сомонӣ","localized":"Tadžikistani somoni"},"th":{"code":"THB","numeric":764,"native":"บาท","localized":"Tai baat"},"ti":{"code":"ETB","numeric":230,"native":"ብር","localized":"Etioopia birr"},"tk":{"code":"TMT","numeric":934,"native":"Türkmen manady","localized":"Türkmenistani manat"},"tl":{"code":"PHP","numeric":608,"native":"Philippine Peso","localized":"Filipiini peeso"},"tr":{"code":"TRY","numeric":949,"native":"Türk Lirası","localized":"Türgi liir"},"tt":{"code":"RUB","numeric":643,"native":"Россия сумы","localized":"Venemaa rubla"},"ug":{"code":"CNY","numeric":156,"native":"جۇڭگو يۈەنى","localized":"Hiina jüaan"},"uk":{"code":"UAH","numeric":980,"native":"українська гривня","localized":"Ukraina grivna"},"ur":{"code":"PKR","numeric":586,"native":"پاکستانی روپیہ","localized":"Pakistani ruupia"},"uz_Cyrl":{"code":"UZS","numeric":860,"native":"Ўзбекистон сўм","localized":"Usbekistani somm"},"uz_Latn":{"code":"UZS","numeric":860,"native":"O‘zbekiston so‘mi","localized":"Usbekistani somm"},"vi":{"code":"VND","numeric":704,"native":"Đồng Việt Nam","localized":"Vietnami dong"},"xh":{"code":"ZAR","numeric":710,"native":"IRandi yaseMzantsi Afrika","localized":"Lõuna-Aafrika rand"},"yi":{"code":"USD","numeric":840,"native":"","localized":""},"yo":{"code":"NGN","numeric":566,"native":"Náírà Nàìjíríà","localized":"Nigeeria naira"},"zh_CN":{"code":"CNY","numeric":156,"native":"人民币","localized":"Hiina jüaan"},"zh_HK":{"code":"HKD","numeric":344,"native":"港元","localized":"Hongkongi dollar"},"zh_TW":{"code":"TWD","numeric":901,"native":"新台币","localized":"uus Taiwani dollar"},"zu":{"code":"ZAR","numeric":710,"native":"i-South African Rand","localized":"Lõuna-Aafrika rand"}}
