{"af":{"code":"ZAR","numeric":710,"native":"Suid-Afrikaanse rand","localized":"rand hegoafrikarra"},"ak":{"code":"GHS","numeric":936,"native":"Ghana Sidi","localized":"cedi ghanatarra"},"am":{"code":"ETB","numeric":230,"native":"የኢትዮጵያ ብር","localized":"birr etiopiarra"},"ar":{"code":"EGP","numeric":818,"native":"جنيه مصري","localized":"libera egiptoarra"},"as":{"code":"INR","numeric":356,"native":"ভাৰতীয় ৰুপী","localized":"errupia indiarra"},"az":{"code":"AZN","numeric":944,"native":"Azərbaycan Manatı","localized":"manat azerbaijandarra"},"be":{"code":"BYN","numeric":840,"native":"беларускі рубель","localized":"errublo bielorrusiarra"},"bg":{"code":"BGN","numeric":975,"native":"Български лев","localized":"lev bulgariarra"},"bho":{"code":"INR","numeric":356,"native":"INR","localized":"errupia indiarra"},"bm":{"code":"XOF","numeric":952,"native":"sefa Fraŋ (BCEAO)","localized":"Afrika mendebaldeko CFA frankoa"},"bn":{"code":"BDT","numeric":50,"native":"বাংলাদেশী টাকা","localized":"taka bangladeshtarra"},"bs":{"code":"BAM","numeric":977,"native":"Bosanskohercegovačka konvertibilna marka","localized":"marko bihurgarri bosniarra"},"ca":{"code":"EUR","numeric":978,"native":"euro","localized":"euroa"},"ceb":{"code":"PHP","numeric":608,"native":"Philippine Peso","localized":"peso filipinarra"},"ckb":{"code":"IQD","numeric":368,"native":"IQD","localized":"dinar irakiarra"},"cs":{"code":"CZK","numeric":203,"native":"česká koruna","localized":"koroa txekiarra"},"cy":{"code":"GBP","numeric":826,"native":"Punt Prydain","localized":"libera esterlina"},"da":{"code":"DKK","numeric":208,"native":"dansk krone","localized":"koroa danimarkarra"},"de":{"code":"EUR","numeric":978,"native":"Euro","localized":"euroa"},"de_CH":{"code":"CHF","numeric":756,"native":"Schweizer Franken","localized":"franko suitzarra"},"doi":{"code":"INR","numeric":356,"native":"भारती रपेऽ","localized":"errupia indiarra"},"ee":{"code":"GHS","numeric":936,"native":"ghana siɖi","localized":"cedi ghanatarra"},"el":{"code":"EUR","numeric":978,"native":"Ευρώ","localized":"euroa"},"en":{"code":"USD","numeric":840,"native":"US Dollar","localized":"dolar estatubatuarra"},"en_CA":{"code":"CAD","numeric":124,"native":"Canadian Dollar","localized":"dolar kanadarra"},"eo":{"code":"USD","numeric":840,"native":"","localized":""},"es":{"code":"EUR","numeric":978,"native":"euro","localized":"euroa"},"et":{"code":"EUR","numeric":978,"native":"euro","localized":"euroa"},"eu":{"code":"EUR","numeric":978,"native":"euroa","localized":"euroa"},"fa":{"code":"IRR","numeric":364,"native":"ریال ایران","localized":"rial irandarra"},"fi":{"code":"EUR","numeric":978,"native":"euro","localized":"euroa"},"fil":{"code":"PHP","numeric":608,"native":"Piso ng Pilipinas","localized":"peso filipinarra"},"fr":{"code":"EUR","numeric":978,"native":"euro","localized":"euroa"},"fy":{"code":"EUR","numeric":978,"native":"Euro","localized":"euroa"},"ga":{"code":"EUR","numeric":978,"native":"Euro","localized":"euroa"},"gd":{"code":"GBP","numeric":826,"native":"Punnd Sasannach","localized":"libera esterlina"},"gl":{"code":"EUR","numeric":978,"native":"euro","localized":"euroa"},"gu":{"code":"INR","numeric":356,"native":"ભારતીય રૂપિયા","localized":"errupia indiarra"},"ha":{"code":"NGN","numeric":566,"native":"Nairar Najeriya","localized":"naira nigeriarra"},"haw":{"code":"USD","numeric":840,"native":"USD","localized":"dolar estatubatuarra"},"he":{"code":"ILS","numeric":376,"native":"שקל חדש","localized":"shekel israeldar berria"},"hi":{"code":"INR","numeric":356,"native":"भारतीय रुपया","localized":"errupia indiarra"},"hr":{"code":"EUR","numeric":978,"native":"euro","localized":"euroa"},"hu":{"code":"HUF","numeric":348,"native":"magyar forint","localized":"forint hungariarra"},"hy":{"code":"AMD","numeric":51,"native":"հայկական դրամ","localized":"dram armeniarra"},"id":{"code":"IDR","numeric":360,"native":"Rupiah Indonesia","localized":"errupia indonesiarra"},"ig":{"code":"NGN","numeric":566,"native":"Naịra","localized":"naira nigeriarra"},"is":{"code":"ISK","numeric":352,"native":"íslensk króna","localized":"koroa islandiarra"},"it":{"code":"EUR","numeric":978,"native":"euro","localized":"euroa"},"ja":{"code":"JPY","numeric":392,"native":"日本円","localized":"yen japoniarra"},"ka":{"code":"GEL","numeric":981,"native":"ქართული ლარი","localized":"lari georgiarra"},"kk":{"code":"KZT","numeric":398,"native":"Қазақстан теңгесі","localized":"tenge kazakhstandarra"},"km":{"code":"KHR","numeric":116,"native":"រៀល​កម្ពុជា","localized":"riel kanbodiarra"},"kn":{"code":"INR","numeric":356,"native":"ಭಾರತೀಯ ರೂಪಾಯಿ","localized":"errupia indiarra"},"ko":{"code":"KRW","numeric":410,"native":"대한민국 원","localized":"won hegokorearra"},"ku":{"code":"TRY","numeric":949,"native":"TRY","localized":"lira turkiarra"},"ky":{"code":"KGS","numeric":417,"native":"Кыргызстан сому","localized":"som kirgizistandarra"},"lb":{"code":"EUR","numeric":978,"native":"Euro","localized":"euroa"},"lg":{"code":"UGX","numeric":800,"native":"Silingi eya Yuganda","localized":"txelin ugandarra"},"ln":{"code":"CDF","numeric":976,"native":"Falánga ya Kongó","localized":"franko kongoarra"},"lo":{"code":"LAK","numeric":418,"native":"ລາວ ກີບ","localized":"kip laostarra"},"lt":{"code":"EUR","numeric":978,"native":"Euras","localized":"euroa"},"lv":{"code":"EUR","numeric":978,"native":"eiro","localized":"euroa"},"mai":{"code":"INR","numeric":356,"native":"भारतीय रुपया","localized":"errupia indiarra"},"mg":{"code":"MGA","numeric":969,"native":"Ariary","localized":"ariary madagaskartarra"},"mi":{"code":"NZD","numeric":554,"native":"Tāra o Aotearoa","localized":"dolar zeelandaberritarra"},"mk":{"code":"MKD","numeric":807,"native":"Македонски денар","localized":"dinar mazedoniarra"},"ml":{"code":"INR","numeric":356,"native":"ഇന്ത്യൻ രൂപ","localized":"errupia indiarra"},"mn":{"code":"MNT","numeric":496,"native":"Монгол төгрөг","localized":"tugrik mongoliarra"},"mni_Mtei":{"code":"INR","numeric":356,"native":"Indian Rupee","localized":"errupia indiarra"},"mr":{"code":"INR","numeric":356,"native":"भारतीय रुपया","localized":"errupia indiarra"},"ms":{"code":"MYR","numeric":458,"native":"Ringgit Malaysia","localized":"ringgit malaysiarra"},"mt":{"code":"EUR","numeric":978,"native":"ewro","localized":"euroa"},"my":{"code":"MMK","numeric":104,"native":"မြန်မာ ကျပ်","localized":"kyat myanmartarra"},"nb":{"code":"NOK","numeric":578,"native":"norske kroner","localized":"koroa norvegiarra"},"ne":{"code":"NPR","numeric":524,"native":"नेपाली रूपैयाँ","localized":"errupia nepaldarra"},"nl":{"code":"EUR","numeric":978,"native":"Euro","localized":"euroa"},"nn":{"code":"NOK","numeric":578,"native":"norske kroner","localized":"koroa norvegiarra"},"oc":{"code":"EUR","numeric":978,"native":"EUR","localized":"euroa"},"om":{"code":"ETB","numeric":230,"native":"Itoophiyaa Birrii","localized":"birr etiopiarra"},"or":{"code":"INR","numeric":356,"native":"ଭାରତୀୟ ଟଙ୍କା","localized":"errupia indiarra"},"pa":{"code":"INR","numeric":356,"native":"ਭਾਰਤੀ ਰੁਪਇਆ","localized":"errupia indiarra"},"pl":{"code":"PLN","numeric":985,"native":"złoty polski","localized":"zloty poloniarra"},"ps":{"code":"AFN","numeric":971,"native":"افغانۍ","localized":"afgani afganiarra"},"pt":{"code":"BRL","numeric":986,"native":"Real brasileiro","localized":"erreal brasildarra"},"pt_BR":{"code":"BRL","numeric":986,"native":"Real brasileiro","localized":"erreal brasildarra"},"qu":{"code":"PEN","numeric":604,"native":"Sol Peruano","localized":"sol perutarra"},"ro":{"code":"RON","numeric":946,"native":"leu românesc","localized":"leu errumaniarra"},"ru":{"code":"RUB","numeric":643,"native":"российский рубль","localized":"errublo errusiarra"},"rw":{"code":"RWF","numeric":646,"native":"RWF","localized":"franko ruandarra"},"sa":{"code":"INR","numeric":356,"native":"भारतीय रूप्यकम्","localized":"errupia indiarra"},"sc":{"code":"EUR","numeric":978,"native":"èuro","localized":"euroa"},"sd":{"code":"PKR","numeric":586,"native":"پاڪستاني رپي","localized":"errupia pakistandarra"},"si":{"code":"LKR","numeric":144,"native":"ශ්‍රී ලංකා රුපියල","localized":"errupia srilankarra"},"sk":{"code":"EUR","numeric":978,"native":"euro","localized":"euroa"},"sl":{"code":"EUR","numeric":978,"native":"evro","localized":"euroa"},"sn":{"code":"USD","numeric":840,"native":"Dora re Amerika","localized":"dolar estatubatuarra"},"so":{"code":"SOS","numeric":706,"native":"Shilingka Soomaaliya","localized":"txelin somaliarra"},"sq":{"code":"ALL","numeric":8,"native":"Leku shqiptar","localized":"lek albaniarra"},"sr_Cyrl":{"code":"RSD","numeric":941,"native":"српски динар","localized":"dinar serbiarra"},"sr_Latn":{"code":"RSD","numeric":941,"native":"srpski dinar","localized":"dinar serbiarra"},"sr_Latn_ME":{"code":"EUR","numeric":978,"native":"Evro","localized":"euroa"},"su":{"code":"IDR","numeric":360,"native":"Rupee Indonésia","localized":"errupia indonesiarra"},"sv":{"code":"SEK","numeric":752,"native":"svensk krona","localized":"koroa suediarra"},"sw":{"code":"TZS","numeric":834,"native":"Shilingi ya Tanzania","localized":"txelin tanzaniarra"},"ta":{"code":"INR","numeric":356,"native":"இந்திய ரூபாய்","localized":"errupia indiarra"},"te":{"code":"INR","numeric":356,"native":"భారతదేశ రూపాయి","localized":"errupia indiarra"},"tg":{"code":"TJS","numeric":972,"native":"Сомонӣ","localized":"somoni tajikistandarra"},"th":{"code":"THB","numeric":764,"native":"บาท","localized":"baht thailandiarra"},"ti":{"code":"ETB","numeric":230,"native":"ብር","localized":"birr etiopiarra"},"tk":{"code":"TMT","numeric":934,"native":"Türkmen manady","localized":"manat turkmenistandarra"},"tl":{"code":"PHP","numeric":608,"native":"Philippine Peso","localized":"peso filipinarra"},"tr":{"code":"TRY","numeric":949,"native":"Türk Lirası","localized":"lira turkiarra"},"tt":{"code":"RUB","numeric":643,"native":"Россия сумы","localized":"errublo errusiarra"},"ug":{"code":"CNY","numeric":156,"native":"جۇڭگو يۈەنى","localized":"yuan txinatarra"},"uk":{"code":"UAH","numeric":980,"native":"українська гривня","localized":"hryvnia ukrainarra"},"ur":{"code":"PKR","numeric":586,"native":"پاکستانی روپیہ","localized":"errupia pakistandarra"},"uz_Cyrl":{"code":"UZS","numeric":860,"native":"Ўзбекистон сўм","localized":"sum uzbekistandarra"},"uz_Latn":{"code":"UZS","numeric":860,"native":"O‘zbekiston so‘mi","localized":"sum uzbekistandarra"},"vi":{"code":"VND","numeric":704,"native":"Đồng Việt Nam","localized":"dong vietnamdarra"},"xh":{"code":"ZAR","numeric":710,"native":"IRandi yaseMzantsi Afrika","localized":"rand hegoafrikarra"},"yi":{"code":"USD","numeric":840,"native":"","localized":""},"yo":{"code":"NGN","numeric":566,"native":"Náírà Nàìjíríà","localized":"naira nigeriarra"},"zh_CN":{"code":"CNY","numeric":156,"native":"人民币","localized":"yuan txinatarra"},"zh_HK":{"code":"HKD","numeric":344,"native":"港元","localized":"dolar hongkongtarra"},"zh_TW":{"code":"TWD","numeric":901,"native":"新台币","localized":"dolar taiwandar berria"},"zu":{"code":"ZAR","numeric":710,"native":"i-South African Rand","localized":"rand hegoafrikarra"}}
