{"af":{"code":"ZAR","numeric":710,"native":"Suid-Afrikaanse rand","localized":"راند افریقای جنوبی"},"ak":{"code":"GHS","numeric":936,"native":"Ghana Sidi","localized":"سدی غنا"},"am":{"code":"ETB","numeric":230,"native":"የኢትዮጵያ ብር","localized":"بیر اتیوپی"},"ar":{"code":"EGP","numeric":818,"native":"جنيه مصري","localized":"پوند مصر"},"as":{"code":"INR","numeric":356,"native":"ভাৰতীয় ৰুপী","localized":"روپیهٔ هند"},"az":{"code":"AZN","numeric":944,"native":"Azərbaycan Manatı","localized":"منات جمهوری آذربایجان"},"be":{"code":"BYN","numeric":840,"native":"беларускі рубель","localized":"روبل بلاروس"},"bg":{"code":"BGN","numeric":975,"native":"Български лев","localized":"لف بلغارستان"},"bho":{"code":"INR","numeric":356,"native":"INR","localized":"روپیهٔ هند"},"bm":{"code":"XOF","numeric":952,"native":"sefa Fraŋ (BCEAO)","localized":"فرانک CFA غرب افریقا"},"bn":{"code":"BDT","numeric":50,"native":"বাংলাদেশী টাকা","localized":"تاکای بنگلادش"},"bs":{"code":"BAM","numeric":977,"native":"Bosanskohercegovačka konvertibilna marka","localized":"مارک تبدیل‌پذیر بوسنی و هرزگوین"},"ca":{"code":"EUR","numeric":978,"native":"euro","localized":"یورو"},"ceb":{"code":"PHP","numeric":608,"native":"Philippine Peso","localized":"پزوی فیلیپین"},"ckb":{"code":"IQD","numeric":368,"native":"IQD","localized":"دینار عراق"},"cs":{"code":"CZK","numeric":203,"native":"česká koruna","localized":"کورونای جمهوری چک"},"cy":{"code":"GBP","numeric":826,"native":"Punt Prydain","localized":"پوند بریتانیا"},"da":{"code":"DKK","numeric":208,"native":"dansk krone","localized":"کرون دانمارک"},"de":{"code":"EUR","numeric":978,"native":"Euro","localized":"یورو"},"de_CH":{"code":"CHF","numeric":756,"native":"Schweizer Franken","localized":"فرانک سوئیس"},"doi":{"code":"INR","numeric":356,"native":"भारती रपेऽ","localized":"روپیهٔ هند"},"ee":{"code":"GHS","numeric":936,"native":"ghana siɖi","localized":"سدی غنا"},"el":{"code":"EUR","numeric":978,"native":"Ευρώ","localized":"یورو"},"en":{"code":"USD","numeric":840,"native":"US Dollar","localized":"دلار آمریکا"},"en_CA":{"code":"CAD","numeric":124,"native":"Canadian Dollar","localized":"دلار کانادا"},"eo":{"code":"USD","numeric":840,"native":"","localized":""},"es":{"code":"EUR","numeric":978,"native":"euro","localized":"یورو"},"et":{"code":"EUR","numeric":978,"native":"euro","localized":"یورو"},"eu":{"code":"EUR","numeric":978,"native":"euroa","localized":"یورو"},"fa":{"code":"IRR","numeric":364,"native":"ریال ایران","localized":"ریال ایران"},"fi":{"code":"EUR","numeric":978,"native":"euro","localized":"یورو"},"fil":{"code":"PHP","numeric":608,"native":"Piso ng Pilipinas","localized":"پزوی فیلیپین"},"fr":{"code":"EUR","numeric":978,"native":"euro","localized":"یورو"},"fy":{"code":"EUR","numeric":978,"native":"Euro","localized":"یورو"},"ga":{"code":"EUR","numeric":978,"native":"Euro","localized":"یورو"},"gd":{"code":"GBP","numeric":826,"native":"Punnd Sasannach","localized":"پوند بریتانیا"},"gl":{"code":"EUR","numeric":978,"native":"euro","localized":"یورو"},"gu":{"code":"INR","numeric":356,"native":"ભારતીય રૂપિયા","localized":"روپیهٔ هند"},"ha":{"code":"NGN","numeric":566,"native":"Nairar Najeriya","localized":"نایرای نیجریه"},"haw":{"code":"USD","numeric":840,"native":"USD","localized":"دلار آمریکا"},"he":{"code":"ILS","numeric":376,"native":"שקל חדש","localized":"شقل جدید اسرائیل"},"hi":{"code":"INR","numeric":356,"native":"भारतीय रुपया","localized":"روپیهٔ هند"},"hr":{"code":"EUR","numeric":978,"native":"euro","localized":"یورو"},"hu":{"code":"HUF","numeric":348,"native":"magyar forint","localized":"فورینت مجارستان"},"hy":{"code":"AMD","numeric":51,"native":"հայկական դրամ","localized":"درام ارمنستان"},"id":{"code":"IDR","numeric":360,"native":"Rupiah Indonesia","localized":"روپیهٔ اندونزی"},"ig":{"code":"NGN","numeric":566,"native":"Naịra","localized":"نایرای نیجریه"},"is":{"code":"ISK","numeric":352,"native":"íslensk króna","localized":"کرونای ایسلند"},"it":{"code":"EUR","numeric":978,"native":"euro","localized":"یورو"},"ja":{"code":"JPY","numeric":392,"native":"日本円","localized":"ین ژاپن"},"ka":{"code":"GEL","numeric":981,"native":"ქართული ლარი","localized":"لاری گرجستان"},"kk":{"code":"KZT","numeric":398,"native":"Қазақстан теңгесі","localized":"تنگهٔ قزاقستان"},"km":{"code":"KHR","numeric":116,"native":"រៀល​កម្ពុជា","localized":"ری‌یل کامبوج"},"kn":{"code":"INR","numeric":356,"native":"ಭಾರತೀಯ ರೂಪಾಯಿ","localized":"روپیهٔ هند"},"ko":{"code":"KRW","numeric":410,"native":"대한민국 원","localized":"وون کرهٔ جنوبی"},"ku":{"code":"TRY","numeric":949,"native":"TRY","localized":"لیرهٔ ترکیه"},"ky":{"code":"KGS","numeric":417,"native":"Кыргызстан сому","localized":"سوم قرقیزستان"},"lb":{"code":"EUR","numeric":978,"native":"Euro","localized":"یورو"},"lg":{"code":"UGX","numeric":800,"native":"Silingi eya Yuganda","localized":"شیلینگ اوگاندا"},"ln":{"code":"CDF","numeric":976,"native":"Falánga ya Kongó","localized":"فرانک کنگو"},"lo":{"code":"LAK","numeric":418,"native":"ລາວ ກີບ","localized":"کیپ لائوس"},"lt":{"code":"EUR","numeric":978,"native":"Euras","localized":"یورو"},"lv":{"code":"EUR","numeric":978,"native":"eiro","localized":"یورو"},"mai":{"code":"INR","numeric":356,"native":"भारतीय रुपया","localized":"روپیهٔ هند"},"mg":{"code":"MGA","numeric":969,"native":"Ariary","localized":"آریاری مالاگاسی"},"mi":{"code":"NZD","numeric":554,"native":"Tāra o Aotearoa","localized":"دلار زلاند نو"},"mk":{"code":"MKD","numeric":807,"native":"Македонски денар","localized":"دینار مقدونیه"},"ml":{"code":"INR","numeric":356,"native":"ഇന്ത്യൻ രൂപ","localized":"روپیهٔ هند"},"mn":{"code":"MNT","numeric":496,"native":"Монгол төгрөг","localized":"توگریک مغولستان"},"mni_Mtei":{"code":"INR","numeric":356,"native":"Indian Rupee","localized":"روپیهٔ هند"},"mr":{"code":"INR","numeric":356,"native":"भारतीय रुपया","localized":"روپیهٔ هند"},"ms":{"code":"MYR","numeric":458,"native":"Ringgit Malaysia","localized":"رینگیت مالزی"},"mt":{"code":"EUR","numeric":978,"native":"ewro","localized":"یورو"},"my":{"code":"MMK","numeric":104,"native":"မြန်မာ ကျပ်","localized":"کیات میانمار"},"nb":{"code":"NOK","numeric":578,"native":"norske kroner","localized":"کرون نروژ"},"ne":{"code":"NPR","numeric":524,"native":"नेपाली रूपैयाँ","localized":"روپیهٔ نپال"},"nl":{"code":"EUR","numeric":978,"native":"Euro","localized":"یورو"},"nn":{"code":"NOK","numeric":578,"native":"norske kroner","localized":"کرون نروژ"},"oc":{"code":"EUR","numeric":978,"native":"EUR","localized":"یورو"},"om":{"code":"ETB","numeric":230,"native":"Itoophiyaa Birrii","localized":"بیر اتیوپی"},"or":{"code":"INR","numeric":356,"native":"ଭାରତୀୟ ଟଙ୍କା","localized":"روپیهٔ هند"},"pa":{"code":"INR","numeric":356,"native":"ਭਾਰਤੀ ਰੁਪਇਆ","localized":"روپیهٔ هند"},"pl":{"code":"PLN","numeric":985,"native":"złoty polski","localized":"زواتی لهستان"},"ps":{"code":"AFN","numeric":971,"native":"افغانۍ","localized":"افغانی افغانستان"},"pt":{"code":"BRL","numeric":986,"native":"Real brasileiro","localized":"رئال برزیل"},"pt_BR":{"code":"BRL","numeric":986,"native":"Real brasileiro","localized":"رئال برزیل"},"qu":{"code":"PEN","numeric":604,"native":"Sol Peruano","localized":"سول پرو"},"ro":{"code":"RON","numeric":946,"native":"leu românesc","localized":"لئوی رومانی"},"ru":{"code":"RUB","numeric":643,"native":"российский рубль","localized":"روبل روسیه"},"rw":{"code":"RWF","numeric":646,"native":"RWF","localized":"فرانک رواندا"},"sa":{"code":"INR","numeric":356,"native":"भारतीय रूप्यकम्","localized":"روپیهٔ هند"},"sc":{"code":"EUR","numeric":978,"native":"èuro","localized":"یورو"},"sd":{"code":"PKR","numeric":586,"native":"پاڪستاني رپي","localized":"روپیهٔ پاکستان"},"si":{"code":"LKR","numeric":144,"native":"ශ්‍රී ලංකා රුපියල","localized":"روپیهٔ سری‌لانکا"},"sk":{"code":"EUR","numeric":978,"native":"euro","localized":"یورو"},"sl":{"code":"EUR","numeric":978,"native":"evro","localized":"یورو"},"sn":{"code":"USD","numeric":840,"native":"Dora re Amerika","localized":"دلار آمریکا"},"so":{"code":"SOS","numeric":706,"native":"Shilingka Soomaaliya","localized":"شیلینگ سومالی"},"sq":{"code":"ALL","numeric":8,"native":"Leku shqiptar","localized":"لک آلبانی"},"sr_Cyrl":{"code":"RSD","numeric":941,"native":"српски динар","localized":"دینار صربستان"},"sr_Latn":{"code":"RSD","numeric":941,"native":"srpski dinar","localized":"دینار صربستان"},"sr_Latn_ME":{"code":"EUR","numeric":978,"native":"Evro","localized":"یورو"},"su":{"code":"IDR","numeric":360,"native":"Rupee Indonésia","localized":"روپیهٔ اندونزی"},"sv":{"code":"SEK","numeric":752,"native":"svensk krona","localized":"کرون سوئد"},"sw":{"code":"TZS","numeric":834,"native":"Shilingi ya Tanzania","localized":"شیلینگ تانزانیا"},"ta":{"code":"INR","numeric":356,"native":"இந்திய ரூபாய்","localized":"روپیهٔ هند"},"te":{"code":"INR","numeric":356,"native":"భారతదేశ రూపాయి","localized":"روپیهٔ هند"},"tg":{"code":"TJS","numeric":972,"native":"Сомонӣ","localized":"سامانی تاجیکستان"},"th":{"code":"THB","numeric":764,"native":"บาท","localized":"بات تایلند"},"ti":{"code":"ETB","numeric":230,"native":"ብር","localized":"بیر اتیوپی"},"tk":{"code":"TMT","numeric":934,"native":"Türkmen manady","localized":"منات ترکمنستان"},"tl":{"code":"PHP","numeric":608,"native":"Philippine Peso","localized":"پزوی فیلیپین"},"tr":{"code":"TRY","numeric":949,"native":"Türk Lirası","localized":"لیرهٔ ترکیه"},"tt":{"code":"RUB","numeric":643,"native":"Россия сумы","localized":"روبل روسیه"},"ug":{"code":"CNY","numeric":156,"native":"جۇڭگو يۈەنى","localized":"یوآن چین"},"uk":{"code":"UAH","numeric":980,"native":"українська гривня","localized":"هریونیای اوکراین"},"ur":{"code":"PKR","numeric":586,"native":"پاکستانی روپیہ","localized":"روپیهٔ پاکستان"},"uz_Cyrl":{"code":"UZS","numeric":860,"native":"Ўзбекистон сўм","localized":"سوم ازبکستان"},"uz_Latn":{"code":"UZS","numeric":860,"native":"O‘zbekiston so‘mi","localized":"سوم ازبکستان"},"vi":{"code":"VND","numeric":704,"native":"Đồng Việt Nam","localized":"دانگ ویتنام"},"xh":{"code":"ZAR","numeric":710,"native":"IRandi yaseMzantsi Afrika","localized":"راند افریقای جنوبی"},"yi":{"code":"USD","numeric":840,"native":"","localized":""},"yo":{"code":"NGN","numeric":566,"native":"Náírà Nàìjíríà","localized":"نایرای نیجریه"},"zh_CN":{"code":"CNY","numeric":156,"native":"人民币","localized":"یوآن چین"},"zh_HK":{"code":"HKD","numeric":344,"native":"港元","localized":"دلار هنگ‌کنگ"},"zh_TW":{"code":"TWD","numeric":901,"native":"新台币","localized":"دلار جدید تایوان"},"zu":{"code":"ZAR","numeric":710,"native":"i-South African Rand","localized":"راند افریقای جنوبی"}}
