{"af":{"code":"ZAR","numeric":710,"native":"Suid-Afrikaanse rand","localized":"Etelä-Afrikan randi"},"ak":{"code":"GHS","numeric":936,"native":"Ghana Sidi","localized":"Ghanan cedi"},"am":{"code":"ETB","numeric":230,"native":"የኢትዮጵያ ብር","localized":"Etiopian birr"},"ar":{"code":"EGP","numeric":818,"native":"جنيه مصري","localized":"Egyptin punta"},"as":{"code":"INR","numeric":356,"native":"ভাৰতীয় ৰুপী","localized":"Intian rupia"},"az":{"code":"AZN","numeric":944,"native":"Azərbaycan Manatı","localized":"Azerbaidžanin manat"},"be":{"code":"BYN","numeric":840,"native":"беларускі рубель","localized":"Valko-Venäjän rupla"},"bg":{"code":"BGN","numeric":975,"native":"Български лев","localized":"Bulgarian lev"},"bho":{"code":"INR","numeric":356,"native":"INR","localized":"Intian rupia"},"bm":{"code":"XOF","numeric":952,"native":"sefa Fraŋ (BCEAO)","localized":"CFA-frangi BCEAO"},"bn":{"code":"BDT","numeric":50,"native":"বাংলাদেশী টাকা","localized":"Bangladeshin taka"},"bs":{"code":"BAM","numeric":977,"native":"Bosanskohercegovačka konvertibilna marka","localized":"Bosnia-Hertsegovinan vaihdettava markka"},"ca":{"code":"EUR","numeric":978,"native":"euro","localized":"euro"},"ceb":{"code":"PHP","numeric":608,"native":"Philippine Peso","localized":"Filippiinien peso"},"ckb":{"code":"IQD","numeric":368,"native":"IQD","localized":"Irakin dinaari"},"cs":{"code":"CZK","numeric":203,"native":"česká koruna","localized":"Tšekin koruna"},"cy":{"code":"GBP","numeric":826,"native":"Punt Prydain","localized":"Englannin punta"},"da":{"code":"DKK","numeric":208,"native":"dansk krone","localized":"Tanskan kruunu"},"de":{"code":"EUR","numeric":978,"native":"Euro","localized":"euro"},"de_CH":{"code":"CHF","numeric":756,"native":"Schweizer Franken","localized":"Sveitsin frangi"},"doi":{"code":"INR","numeric":356,"native":"भारती रपेऽ","localized":"Intian rupia"},"ee":{"code":"GHS","numeric":936,"native":"ghana siɖi","localized":"Ghanan cedi"},"el":{"code":"EUR","numeric":978,"native":"Ευρώ","localized":"euro"},"en":{"code":"USD","numeric":840,"native":"US Dollar","localized":"Yhdysvaltain dollari"},"en_CA":{"code":"CAD","numeric":124,"native":"Canadian Dollar","localized":"Kanadan dollari"},"eo":{"code":"USD","numeric":840,"native":"","localized":""},"es":{"code":"EUR","numeric":978,"native":"euro","localized":"euro"},"et":{"code":"EUR","numeric":978,"native":"euro","localized":"euro"},"eu":{"code":"EUR","numeric":978,"native":"euroa","localized":"euro"},"fa":{"code":"IRR","numeric":364,"native":"ریال ایران","localized":"Iranin rial"},"fi":{"code":"EUR","numeric":978,"native":"euro","localized":"euro"},"fil":{"code":"PHP","numeric":608,"native":"Piso ng Pilipinas","localized":"Filippiinien peso"},"fr":{"code":"EUR","numeric":978,"native":"euro","localized":"euro"},"fy":{"code":"EUR","numeric":978,"native":"Euro","localized":"euro"},"ga":{"code":"EUR","numeric":978,"native":"Euro","localized":"euro"},"gd":{"code":"GBP","numeric":826,"native":"Punnd Sasannach","localized":"Englannin punta"},"gl":{"code":"EUR","numeric":978,"native":"euro","localized":"euro"},"gu":{"code":"INR","numeric":356,"native":"ભારતીય રૂપિયા","localized":"Intian rupia"},"ha":{"code":"NGN","numeric":566,"native":"Nairar Najeriya","localized":"Nigerian naira"},"haw":{"code":"USD","numeric":840,"native":"USD","localized":"Yhdysvaltain dollari"},"he":{"code":"ILS","numeric":376,"native":"שקל חדש","localized":"Israelin uusi sekeli"},"hi":{"code":"INR","numeric":356,"native":"भारतीय रुपया","localized":"Intian rupia"},"hr":{"code":"EUR","numeric":978,"native":"euro","localized":"euro"},"hu":{"code":"HUF","numeric":348,"native":"magyar forint","localized":"Unkarin forintti"},"hy":{"code":"AMD","numeric":51,"native":"հայկական դրամ","localized":"Armenian dram"},"id":{"code":"IDR","numeric":360,"native":"Rupiah Indonesia","localized":"Indonesian rupia"},"ig":{"code":"NGN","numeric":566,"native":"Naịra","localized":"Nigerian naira"},"is":{"code":"ISK","numeric":352,"native":"íslensk króna","localized":"Islannin kruunu"},"it":{"code":"EUR","numeric":978,"native":"euro","localized":"euro"},"ja":{"code":"JPY","numeric":392,"native":"日本円","localized":"Japanin jeni"},"ka":{"code":"GEL","numeric":981,"native":"ქართული ლარი","localized":"Georgian lari"},"kk":{"code":"KZT","numeric":398,"native":"Қазақстан теңгесі","localized":"Kazakstanin tenge"},"km":{"code":"KHR","numeric":116,"native":"រៀល​កម្ពុជា","localized":"Kambodžan riel"},"kn":{"code":"INR","numeric":356,"native":"ಭಾರತೀಯ ರೂಪಾಯಿ","localized":"Intian rupia"},"ko":{"code":"KRW","numeric":410,"native":"대한민국 원","localized":"Etelä-Korean won"},"ku":{"code":"TRY","numeric":949,"native":"TRY","localized":"Turkin liira"},"ky":{"code":"KGS","numeric":417,"native":"Кыргызстан сому","localized":"Kirgisian som"},"lb":{"code":"EUR","numeric":978,"native":"Euro","localized":"euro"},"lg":{"code":"UGX","numeric":800,"native":"Silingi eya Yuganda","localized":"Ugandan šillinki"},"ln":{"code":"CDF","numeric":976,"native":"Falánga ya Kongó","localized":"Kongon frangi"},"lo":{"code":"LAK","numeric":418,"native":"ລາວ ກີບ","localized":"Laosin kip"},"lt":{"code":"EUR","numeric":978,"native":"Euras","localized":"euro"},"lv":{"code":"EUR","numeric":978,"native":"eiro","localized":"euro"},"mai":{"code":"INR","numeric":356,"native":"भारतीय रुपया","localized":"Intian rupia"},"mg":{"code":"MGA","numeric":969,"native":"Ariary","localized":"Madagaskarin ariary"},"mi":{"code":"NZD","numeric":554,"native":"Tāra o Aotearoa","localized":"Uuden-Seelannin dollari"},"mk":{"code":"MKD","numeric":807,"native":"Македонски денар","localized":"Makedonian denaari"},"ml":{"code":"INR","numeric":356,"native":"ഇന്ത്യൻ രൂപ","localized":"Intian rupia"},"mn":{"code":"MNT","numeric":496,"native":"Монгол төгрөг","localized":"Mongolian tugrik"},"mni_Mtei":{"code":"INR","numeric":356,"native":"Indian Rupee","localized":"Intian rupia"},"mr":{"code":"INR","numeric":356,"native":"भारतीय रुपया","localized":"Intian rupia"},"ms":{"code":"MYR","numeric":458,"native":"Ringgit Malaysia","localized":"Malesian ringgit"},"mt":{"code":"EUR","numeric":978,"native":"ewro","localized":"euro"},"my":{"code":"MMK","numeric":104,"native":"မြန်မာ ကျပ်","localized":"Myanmarin kyat"},"nb":{"code":"NOK","numeric":578,"native":"norske kroner","localized":"Norjan kruunu"},"ne":{"code":"NPR","numeric":524,"native":"नेपाली रूपैयाँ","localized":"Nepalin rupia"},"nl":{"code":"EUR","numeric":978,"native":"Euro","localized":"euro"},"nn":{"code":"NOK","numeric":578,"native":"norske kroner","localized":"Norjan kruunu"},"oc":{"code":"EUR","numeric":978,"native":"EUR","localized":"euro"},"om":{"code":"ETB","numeric":230,"native":"Itoophiyaa Birrii","localized":"Etiopian birr"},"or":{"code":"INR","numeric":356,"native":"ଭାରତୀୟ ଟଙ୍କା","localized":"Intian rupia"},"pa":{"code":"INR","numeric":356,"native":"ਭਾਰਤੀ ਰੁਪਇਆ","localized":"Intian rupia"},"pl":{"code":"PLN","numeric":985,"native":"złoty polski","localized":"Puolan złoty"},"ps":{"code":"AFN","numeric":971,"native":"افغانۍ","localized":"Afganistanin afgaani"},"pt":{"code":"BRL","numeric":986,"native":"Real brasileiro","localized":"Brasilian real"},"pt_BR":{"code":"BRL","numeric":986,"native":"Real brasileiro","localized":"Brasilian real"},"qu":{"code":"PEN","numeric":604,"native":"Sol Peruano","localized":"Perun sol"},"ro":{"code":"RON","numeric":946,"native":"leu românesc","localized":"Romanian leu"},"ru":{"code":"RUB","numeric":643,"native":"российский рубль","localized":"Venäjän rupla"},"rw":{"code":"RWF","numeric":646,"native":"RWF","localized":"Ruandan frangi"},"sa":{"code":"INR","numeric":356,"native":"भारतीय रूप्यकम्","localized":"Intian rupia"},"sc":{"code":"EUR","numeric":978,"native":"èuro","localized":"euro"},"sd":{"code":"PKR","numeric":586,"native":"پاڪستاني رپي","localized":"Pakistanin rupia"},"si":{"code":"LKR","numeric":144,"native":"ශ්‍රී ලංකා රුපියල","localized":"Sri Lankan rupia"},"sk":{"code":"EUR","numeric":978,"native":"euro","localized":"euro"},"sl":{"code":"EUR","numeric":978,"native":"evro","localized":"euro"},"sn":{"code":"USD","numeric":840,"native":"Dora re Amerika","localized":"Yhdysvaltain dollari"},"so":{"code":"SOS","numeric":706,"native":"Shilingka Soomaaliya","localized":"Somalian šillinki"},"sq":{"code":"ALL","numeric":8,"native":"Leku shqiptar","localized":"Albanian lek"},"sr_Cyrl":{"code":"RSD","numeric":941,"native":"српски динар","localized":"Serbian dinaari"},"sr_Latn":{"code":"RSD","numeric":941,"native":"srpski dinar","localized":"Serbian dinaari"},"sr_Latn_ME":{"code":"EUR","numeric":978,"native":"Evro","localized":"euro"},"su":{"code":"IDR","numeric":360,"native":"Rupee Indonésia","localized":"Indonesian rupia"},"sv":{"code":"SEK","numeric":752,"native":"svensk krona","localized":"Ruotsin kruunu"},"sw":{"code":"TZS","numeric":834,"native":"Shilingi ya Tanzania","localized":"Tansanian šillinki"},"ta":{"code":"INR","numeric":356,"native":"இந்திய ரூபாய்","localized":"Intian rupia"},"te":{"code":"INR","numeric":356,"native":"భారతదేశ రూపాయి","localized":"Intian rupia"},"tg":{"code":"TJS","numeric":972,"native":"Сомонӣ","localized":"Tadžikistanin somoni"},"th":{"code":"THB","numeric":764,"native":"บาท","localized":"Thaimaan baht"},"ti":{"code":"ETB","numeric":230,"native":"ብር","localized":"Etiopian birr"},"tk":{"code":"TMT","numeric":934,"native":"Türkmen manady","localized":"Turkmenistanin manat"},"tl":{"code":"PHP","numeric":608,"native":"Philippine Peso","localized":"Filippiinien peso"},"tr":{"code":"TRY","numeric":949,"native":"Türk Lirası","localized":"Turkin liira"},"tt":{"code":"RUB","numeric":643,"native":"Россия сумы","localized":"Venäjän rupla"},"ug":{"code":"CNY","numeric":156,"native":"جۇڭگو يۈەنى","localized":"Kiinan juan"},"uk":{"code":"UAH","numeric":980,"native":"українська гривня","localized":"Ukrainan hryvnia"},"ur":{"code":"PKR","numeric":586,"native":"پاکستانی روپیہ","localized":"Pakistanin rupia"},"uz_Cyrl":{"code":"UZS","numeric":860,"native":"Ўзбекистон сўм","localized":"Uzbekistanin som"},"uz_Latn":{"code":"UZS","numeric":860,"native":"O‘zbekiston so‘mi","localized":"Uzbekistanin som"},"vi":{"code":"VND","numeric":704,"native":"Đồng Việt Nam","localized":"Vietnamin dong"},"xh":{"code":"ZAR","numeric":710,"native":"IRandi yaseMzantsi Afrika","localized":"Etelä-Afrikan randi"},"yi":{"code":"USD","numeric":840,"native":"","localized":""},"yo":{"code":"NGN","numeric":566,"native":"Náírà Nàìjíríà","localized":"Nigerian naira"},"zh_CN":{"code":"CNY","numeric":156,"native":"人民币","localized":"Kiinan juan"},"zh_HK":{"code":"HKD","numeric":344,"native":"港元","localized":"Hongkongin dollari"},"zh_TW":{"code":"TWD","numeric":901,"native":"新台币","localized":"Taiwanin uusi dollari"},"zu":{"code":"ZAR","numeric":710,"native":"i-South African Rand","localized":"Etelä-Afrikan randi"}}
