{"af":{"code":"ZAR","numeric":710,"native":"Suid-Afrikaanse rand","localized":"rand sud-africain"},"ak":{"code":"GHS","numeric":936,"native":"Ghana Sidi","localized":"cédi ghanéen"},"am":{"code":"ETB","numeric":230,"native":"የኢትዮጵያ ብር","localized":"birr éthiopien"},"ar":{"code":"EGP","numeric":818,"native":"جنيه مصري","localized":"livre égyptienne"},"as":{"code":"INR","numeric":356,"native":"ভাৰতীয় ৰুপী","localized":"roupie indienne"},"az":{"code":"AZN","numeric":944,"native":"Azərbaycan Manatı","localized":"manat azéri"},"be":{"code":"BYN","numeric":840,"native":"беларускі рубель","localized":"rouble biélorusse"},"bg":{"code":"BGN","numeric":975,"native":"Български лев","localized":"lev bulgare"},"bho":{"code":"INR","numeric":356,"native":"INR","localized":"roupie indienne"},"bm":{"code":"XOF","numeric":952,"native":"sefa Fraŋ (BCEAO)","localized":"franc CFA (BCEAO)"},"bn":{"code":"BDT","numeric":50,"native":"বাংলাদেশী টাকা","localized":"taka bangladeshi"},"bs":{"code":"BAM","numeric":977,"native":"Bosanskohercegovačka konvertibilna marka","localized":"mark convertible bosniaque"},"ca":{"code":"EUR","numeric":978,"native":"euro","localized":"euro"},"ceb":{"code":"PHP","numeric":608,"native":"Philippine Peso","localized":"peso philippin"},"ckb":{"code":"IQD","numeric":368,"native":"IQD","localized":"dinar irakien"},"cs":{"code":"CZK","numeric":203,"native":"česká koruna","localized":"couronne tchèque"},"cy":{"code":"GBP","numeric":826,"native":"Punt Prydain","localized":"livre sterling"},"da":{"code":"DKK","numeric":208,"native":"dansk krone","localized":"couronne danoise"},"de":{"code":"EUR","numeric":978,"native":"Euro","localized":"euro"},"de_CH":{"code":"CHF","numeric":756,"native":"Schweizer Franken","localized":"franc suisse"},"doi":{"code":"INR","numeric":356,"native":"भारती रपेऽ","localized":"roupie indienne"},"ee":{"code":"GHS","numeric":936,"native":"ghana siɖi","localized":"cédi ghanéen"},"el":{"code":"EUR","numeric":978,"native":"Ευρώ","localized":"euro"},"en":{"code":"USD","numeric":840,"native":"US Dollar","localized":"dollar des États-Unis"},"en_CA":{"code":"CAD","numeric":124,"native":"Canadian Dollar","localized":"dollar canadien"},"eo":{"code":"USD","numeric":840,"native":"","localized":""},"es":{"code":"EUR","numeric":978,"native":"euro","localized":"euro"},"et":{"code":"EUR","numeric":978,"native":"euro","localized":"euro"},"eu":{"code":"EUR","numeric":978,"native":"euroa","localized":"euro"},"fa":{"code":"IRR","numeric":364,"native":"ریال ایران","localized":"riyal iranien"},"fi":{"code":"EUR","numeric":978,"native":"euro","localized":"euro"},"fil":{"code":"PHP","numeric":608,"native":"Piso ng Pilipinas","localized":"peso philippin"},"fr":{"code":"EUR","numeric":978,"native":"euro","localized":"euro"},"fy":{"code":"EUR","numeric":978,"native":"Euro","localized":"euro"},"ga":{"code":"EUR","numeric":978,"native":"Euro","localized":"euro"},"gd":{"code":"GBP","numeric":826,"native":"Punnd Sasannach","localized":"livre sterling"},"gl":{"code":"EUR","numeric":978,"native":"euro","localized":"euro"},"gu":{"code":"INR","numeric":356,"native":"ભારતીય રૂપિયા","localized":"roupie indienne"},"ha":{"code":"NGN","numeric":566,"native":"Nairar Najeriya","localized":"naira nigérian"},"haw":{"code":"USD","numeric":840,"native":"USD","localized":"dollar des États-Unis"},"he":{"code":"ILS","numeric":376,"native":"שקל חדש","localized":"nouveau shekel israélien"},"hi":{"code":"INR","numeric":356,"native":"भारतीय रुपया","localized":"roupie indienne"},"hr":{"code":"EUR","numeric":978,"native":"euro","localized":"euro"},"hu":{"code":"HUF","numeric":348,"native":"magyar forint","localized":"forint hongrois"},"hy":{"code":"AMD","numeric":51,"native":"հայկական դրամ","localized":"dram arménien"},"id":{"code":"IDR","numeric":360,"native":"Rupiah Indonesia","localized":"roupie indonésienne"},"ig":{"code":"NGN","numeric":566,"native":"Naịra","localized":"naira nigérian"},"is":{"code":"ISK","numeric":352,"native":"íslensk króna","localized":"couronne islandaise"},"it":{"code":"EUR","numeric":978,"native":"euro","localized":"euro"},"ja":{"code":"JPY","numeric":392,"native":"日本円","localized":"yen japonais"},"ka":{"code":"GEL","numeric":981,"native":"ქართული ლარი","localized":"lari géorgien"},"kk":{"code":"KZT","numeric":398,"native":"Қазақстан теңгесі","localized":"tenge kazakh"},"km":{"code":"KHR","numeric":116,"native":"រៀល​កម្ពុជា","localized":"riel cambodgien"},"kn":{"code":"INR","numeric":356,"native":"ಭಾರತೀಯ ರೂಪಾಯಿ","localized":"roupie indienne"},"ko":{"code":"KRW","numeric":410,"native":"대한민국 원","localized":"won sud-coréen"},"ku":{"code":"TRY","numeric":949,"native":"TRY","localized":"livre turque"},"ky":{"code":"KGS","numeric":417,"native":"Кыргызстан сому","localized":"som kirghize"},"lb":{"code":"EUR","numeric":978,"native":"Euro","localized":"euro"},"lg":{"code":"UGX","numeric":800,"native":"Silingi eya Yuganda","localized":"shilling ougandais"},"ln":{"code":"CDF","numeric":976,"native":"Falánga ya Kongó","localized":"franc congolais"},"lo":{"code":"LAK","numeric":418,"native":"ລາວ ກີບ","localized":"kip loatien"},"lt":{"code":"EUR","numeric":978,"native":"Euras","localized":"euro"},"lv":{"code":"EUR","numeric":978,"native":"eiro","localized":"euro"},"mai":{"code":"INR","numeric":356,"native":"भारतीय रुपया","localized":"roupie indienne"},"mg":{"code":"MGA","numeric":969,"native":"Ariary","localized":"ariary malgache"},"mi":{"code":"NZD","numeric":554,"native":"Tāra o Aotearoa","localized":"dollar néo-zélandais"},"mk":{"code":"MKD","numeric":807,"native":"Македонски денар","localized":"denar macédonien"},"ml":{"code":"INR","numeric":356,"native":"ഇന്ത്യൻ രൂപ","localized":"roupie indienne"},"mn":{"code":"MNT","numeric":496,"native":"Монгол төгрөг","localized":"tugrik mongol"},"mni_Mtei":{"code":"INR","numeric":356,"native":"Indian Rupee","localized":"roupie indienne"},"mr":{"code":"INR","numeric":356,"native":"भारतीय रुपया","localized":"roupie indienne"},"ms":{"code":"MYR","numeric":458,"native":"Ringgit Malaysia","localized":"ringgit malais"},"mt":{"code":"EUR","numeric":978,"native":"ewro","localized":"euro"},"my":{"code":"MMK","numeric":104,"native":"မြန်မာ ကျပ်","localized":"kyat myanmarais"},"nb":{"code":"NOK","numeric":578,"native":"norske kroner","localized":"couronne norvégienne"},"ne":{"code":"NPR","numeric":524,"native":"नेपाली रूपैयाँ","localized":"roupie népalaise"},"nl":{"code":"EUR","numeric":978,"native":"Euro","localized":"euro"},"nn":{"code":"NOK","numeric":578,"native":"norske kroner","localized":"couronne norvégienne"},"oc":{"code":"EUR","numeric":978,"native":"EUR","localized":"euro"},"om":{"code":"ETB","numeric":230,"native":"Itoophiyaa Birrii","localized":"birr éthiopien"},"or":{"code":"INR","numeric":356,"native":"ଭାରତୀୟ ଟଙ୍କା","localized":"roupie indienne"},"pa":{"code":"INR","numeric":356,"native":"ਭਾਰਤੀ ਰੁਪਇਆ","localized":"roupie indienne"},"pl":{"code":"PLN","numeric":985,"native":"złoty polski","localized":"zloty polonais"},"ps":{"code":"AFN","numeric":971,"native":"افغانۍ","localized":"afghani afghan"},"pt":{"code":"BRL","numeric":986,"native":"Real brasileiro","localized":"réal brésilien"},"pt_BR":{"code":"BRL","numeric":986,"native":"Real brasileiro","localized":"réal brésilien"},"qu":{"code":"PEN","numeric":604,"native":"Sol Peruano","localized":"sol péruvien"},"ro":{"code":"RON","numeric":946,"native":"leu românesc","localized":"leu roumain"},"ru":{"code":"RUB","numeric":643,"native":"российский рубль","localized":"rouble russe"},"rw":{"code":"RWF","numeric":646,"native":"RWF","localized":"franc rwandais"},"sa":{"code":"INR","numeric":356,"native":"भारतीय रूप्यकम्","localized":"roupie indienne"},"sc":{"code":"EUR","numeric":978,"native":"èuro","localized":"euro"},"sd":{"code":"PKR","numeric":586,"native":"پاڪستاني رپي","localized":"roupie pakistanaise"},"si":{"code":"LKR","numeric":144,"native":"ශ්‍රී ලංකා රුපියල","localized":"roupie srilankaise"},"sk":{"code":"EUR","numeric":978,"native":"euro","localized":"euro"},"sl":{"code":"EUR","numeric":978,"native":"evro","localized":"euro"},"sn":{"code":"USD","numeric":840,"native":"Dora re Amerika","localized":"dollar des États-Unis"},"so":{"code":"SOS","numeric":706,"native":"Shilingka Soomaaliya","localized":"shilling somalien"},"sq":{"code":"ALL","numeric":8,"native":"Leku shqiptar","localized":"lek albanais"},"sr_Cyrl":{"code":"RSD","numeric":941,"native":"српски динар","localized":"dinar serbe"},"sr_Latn":{"code":"RSD","numeric":941,"native":"srpski dinar","localized":"dinar serbe"},"sr_Latn_ME":{"code":"EUR","numeric":978,"native":"Evro","localized":"euro"},"su":{"code":"IDR","numeric":360,"native":"Rupee Indonésia","localized":"roupie indonésienne"},"sv":{"code":"SEK","numeric":752,"native":"svensk krona","localized":"couronne suédoise"},"sw":{"code":"TZS","numeric":834,"native":"Shilingi ya Tanzania","localized":"shilling tanzanien"},"ta":{"code":"INR","numeric":356,"native":"இந்திய ரூபாய்","localized":"roupie indienne"},"te":{"code":"INR","numeric":356,"native":"భారతదేశ రూపాయి","localized":"roupie indienne"},"tg":{"code":"TJS","numeric":972,"native":"Сомонӣ","localized":"somoni tadjik"},"th":{"code":"THB","numeric":764,"native":"บาท","localized":"baht thaïlandais"},"ti":{"code":"ETB","numeric":230,"native":"ብር","localized":"birr éthiopien"},"tk":{"code":"TMT","numeric":934,"native":"Türkmen manady","localized":"nouveau manat turkmène"},"tl":{"code":"PHP","numeric":608,"native":"Philippine Peso","localized":"peso philippin"},"tr":{"code":"TRY","numeric":949,"native":"Türk Lirası","localized":"livre turque"},"tt":{"code":"RUB","numeric":643,"native":"Россия сумы","localized":"rouble russe"},"ug":{"code":"CNY","numeric":156,"native":"جۇڭگو يۈەنى","localized":"yuan renminbi chinois"},"uk":{"code":"UAH","numeric":980,"native":"українська гривня","localized":"hryvnia ukrainienne"},"ur":{"code":"PKR","numeric":586,"native":"پاکستانی روپیہ","localized":"roupie pakistanaise"},"uz_Cyrl":{"code":"UZS","numeric":860,"native":"Ўзбекистон сўм","localized":"sum ouzbek"},"uz_Latn":{"code":"UZS","numeric":860,"native":"O‘zbekiston so‘mi","localized":"sum ouzbek"},"vi":{"code":"VND","numeric":704,"native":"Đồng Việt Nam","localized":"dông vietnamien"},"xh":{"code":"ZAR","numeric":710,"native":"IRandi yaseMzantsi Afrika","localized":"rand sud-africain"},"yi":{"code":"USD","numeric":840,"native":"","localized":""},"yo":{"code":"NGN","numeric":566,"native":"Náírà Nàìjíríà","localized":"naira nigérian"},"zh_CN":{"code":"CNY","numeric":156,"native":"人民币","localized":"yuan renminbi chinois"},"zh_HK":{"code":"HKD","numeric":344,"native":"港元","localized":"dollar de Hong Kong"},"zh_TW":{"code":"TWD","numeric":901,"native":"新台币","localized":"nouveau dollar taïwanais"},"zu":{"code":"ZAR","numeric":710,"native":"i-South African Rand","localized":"rand sud-africain"}}
