{"af":{"code":"ZAR","numeric":710,"native":"Suid-Afrikaanse rand","localized":"Sûd-Afrikaanske rand"},"ak":{"code":"GHS","numeric":936,"native":"Ghana Sidi","localized":"Ghanese cedi"},"am":{"code":"ETB","numeric":230,"native":"የኢትዮጵያ ብር","localized":"Ethiopyske birr"},"ar":{"code":"EGP","numeric":818,"native":"جنيه مصري","localized":"Egyptysk pûn"},"as":{"code":"INR","numeric":356,"native":"ভাৰতীয় ৰুপী","localized":"Indiase roepie"},"az":{"code":"AZN","numeric":944,"native":"Azərbaycan Manatı","localized":"Azerbeidzjaanske manat"},"be":{"code":"BYN","numeric":840,"native":"беларускі рубель","localized":"Wit-Russyske roebel"},"bg":{"code":"BGN","numeric":975,"native":"Български лев","localized":"Bulgaarse lev"},"bho":{"code":"INR","numeric":356,"native":"INR","localized":"Indiase roepie"},"bm":{"code":"XOF","numeric":952,"native":"sefa Fraŋ (BCEAO)","localized":"CFA-franc BCEAO"},"bn":{"code":"BDT","numeric":50,"native":"বাংলাদেশী টাকা","localized":"Bengalese taka"},"bs":{"code":"BAM","numeric":977,"native":"Bosanskohercegovačka konvertibilna marka","localized":"Bosnyske convertibele mark"},"ca":{"code":"EUR","numeric":978,"native":"euro","localized":"Euro"},"ceb":{"code":"PHP","numeric":608,"native":"Philippine Peso","localized":"Filipynske peso"},"ckb":{"code":"IQD","numeric":368,"native":"IQD","localized":"Iraakse dinar"},"cs":{"code":"CZK","numeric":203,"native":"česká koruna","localized":"Tsjechyske kroon"},"cy":{"code":"GBP","numeric":826,"native":"Punt Prydain","localized":"Brits pûn"},"da":{"code":"DKK","numeric":208,"native":"dansk krone","localized":"Deenske kroon"},"de":{"code":"EUR","numeric":978,"native":"Euro","localized":"Euro"},"de_CH":{"code":"CHF","numeric":756,"native":"Schweizer Franken","localized":"Zwitserse frank"},"doi":{"code":"INR","numeric":356,"native":"भारती रपेऽ","localized":"Indiase roepie"},"ee":{"code":"GHS","numeric":936,"native":"ghana siɖi","localized":"Ghanese cedi"},"el":{"code":"EUR","numeric":978,"native":"Ευρώ","localized":"Euro"},"en":{"code":"USD","numeric":840,"native":"US Dollar","localized":"Amerikaanske dollar"},"en_CA":{"code":"CAD","numeric":124,"native":"Canadian Dollar","localized":"Canadese dollar"},"eo":{"code":"USD","numeric":840,"native":"","localized":""},"es":{"code":"EUR","numeric":978,"native":"euro","localized":"Euro"},"et":{"code":"EUR","numeric":978,"native":"euro","localized":"Euro"},"eu":{"code":"EUR","numeric":978,"native":"euroa","localized":"Euro"},"fa":{"code":"IRR","numeric":364,"native":"ریال ایران","localized":"Iraanske rial"},"fi":{"code":"EUR","numeric":978,"native":"euro","localized":"Euro"},"fil":{"code":"PHP","numeric":608,"native":"Piso ng Pilipinas","localized":"Filipynske peso"},"fr":{"code":"EUR","numeric":978,"native":"euro","localized":"Euro"},"fy":{"code":"EUR","numeric":978,"native":"Euro","localized":"Euro"},"ga":{"code":"EUR","numeric":978,"native":"Euro","localized":"Euro"},"gd":{"code":"GBP","numeric":826,"native":"Punnd Sasannach","localized":"Brits pûn"},"gl":{"code":"EUR","numeric":978,"native":"euro","localized":"Euro"},"gu":{"code":"INR","numeric":356,"native":"ભારતીય રૂપિયા","localized":"Indiase roepie"},"ha":{"code":"NGN","numeric":566,"native":"Nairar Najeriya","localized":"Nigeriaanske naira"},"haw":{"code":"USD","numeric":840,"native":"USD","localized":"Amerikaanske dollar"},"he":{"code":"ILS","numeric":376,"native":"שקל חדש","localized":"Israëlyske nieuwe shekel"},"hi":{"code":"INR","numeric":356,"native":"भारतीय रुपया","localized":"Indiase roepie"},"hr":{"code":"EUR","numeric":978,"native":"euro","localized":"Euro"},"hu":{"code":"HUF","numeric":348,"native":"magyar forint","localized":"Hongaarse forint"},"hy":{"code":"AMD","numeric":51,"native":"հայկական դրամ","localized":"Armeense dram"},"id":{"code":"IDR","numeric":360,"native":"Rupiah Indonesia","localized":"Indonesyske roepia"},"ig":{"code":"NGN","numeric":566,"native":"Naịra","localized":"Nigeriaanske naira"},"is":{"code":"ISK","numeric":352,"native":"íslensk króna","localized":"Yslânske kroon"},"it":{"code":"EUR","numeric":978,"native":"euro","localized":"Euro"},"ja":{"code":"JPY","numeric":392,"native":"日本円","localized":"Japanse yen"},"ka":{"code":"GEL","numeric":981,"native":"ქართული ლარი","localized":"Georgyske lari"},"kk":{"code":"KZT","numeric":398,"native":"Қазақстан теңгесі","localized":"Kazachstaanske tenge"},"km":{"code":"KHR","numeric":116,"native":"រៀល​កម្ពុជា","localized":"Kambodjaanske riel"},"kn":{"code":"INR","numeric":356,"native":"ಭಾರತೀಯ ರೂಪಾಯಿ","localized":"Indiase roepie"},"ko":{"code":"KRW","numeric":410,"native":"대한민국 원","localized":"Sûd-Koreaanske won"},"ku":{"code":"TRY","numeric":949,"native":"TRY","localized":"Turkse lira"},"ky":{"code":"KGS","numeric":417,"native":"Кыргызстан сому","localized":"Kirgizyske som"},"lb":{"code":"EUR","numeric":978,"native":"Euro","localized":"Euro"},"lg":{"code":"UGX","numeric":800,"native":"Silingi eya Yuganda","localized":"Oegandese shilling"},"ln":{"code":"CDF","numeric":976,"native":"Falánga ya Kongó","localized":"Congolese frank"},"lo":{"code":"LAK","numeric":418,"native":"ລາວ ກີບ","localized":"Laotiaanske kip"},"lt":{"code":"EUR","numeric":978,"native":"Euras","localized":"Euro"},"lv":{"code":"EUR","numeric":978,"native":"eiro","localized":"Euro"},"mai":{"code":"INR","numeric":356,"native":"भारतीय रुपया","localized":"Indiase roepie"},"mg":{"code":"MGA","numeric":969,"native":"Ariary","localized":"Malagassyske ariary"},"mi":{"code":"NZD","numeric":554,"native":"Tāra o Aotearoa","localized":"Nij-Seelânske dollar"},"mk":{"code":"MKD","numeric":807,"native":"Македонски денар","localized":"Macedonyske denar"},"ml":{"code":"INR","numeric":356,"native":"ഇന്ത്യൻ രൂപ","localized":"Indiase roepie"},"mn":{"code":"MNT","numeric":496,"native":"Монгол төгрөг","localized":"Mongoalske tugrik"},"mni_Mtei":{"code":"INR","numeric":356,"native":"Indian Rupee","localized":"Indiase roepie"},"mr":{"code":"INR","numeric":356,"native":"भारतीय रुपया","localized":"Indiase roepie"},"ms":{"code":"MYR","numeric":458,"native":"Ringgit Malaysia","localized":"Maleisyske ringgit"},"mt":{"code":"EUR","numeric":978,"native":"ewro","localized":"Euro"},"my":{"code":"MMK","numeric":104,"native":"မြန်မာ ကျပ်","localized":"Myanmarese kyat"},"nb":{"code":"NOK","numeric":578,"native":"norske kroner","localized":"Noarske kroon"},"ne":{"code":"NPR","numeric":524,"native":"नेपाली रूपैयाँ","localized":"Nepalese roepie"},"nl":{"code":"EUR","numeric":978,"native":"Euro","localized":"Euro"},"nn":{"code":"NOK","numeric":578,"native":"norske kroner","localized":"Noarske kroon"},"oc":{"code":"EUR","numeric":978,"native":"EUR","localized":"Euro"},"om":{"code":"ETB","numeric":230,"native":"Itoophiyaa Birrii","localized":"Ethiopyske birr"},"or":{"code":"INR","numeric":356,"native":"ଭାରତୀୟ ଟଙ୍କା","localized":"Indiase roepie"},"pa":{"code":"INR","numeric":356,"native":"ਭਾਰਤੀ ਰੁਪਇਆ","localized":"Indiase roepie"},"pl":{"code":"PLN","numeric":985,"native":"złoty polski","localized":"Poalske zloty"},"ps":{"code":"AFN","numeric":971,"native":"افغانۍ","localized":"Afghaanske afghani"},"pt":{"code":"BRL","numeric":986,"native":"Real brasileiro","localized":"Braziliaanske real"},"pt_BR":{"code":"BRL","numeric":986,"native":"Real brasileiro","localized":"Braziliaanske real"},"qu":{"code":"PEN","numeric":604,"native":"Sol Peruano","localized":"Peruaanske sol"},"ro":{"code":"RON","numeric":946,"native":"leu românesc","localized":"Roemeenske leu"},"ru":{"code":"RUB","numeric":643,"native":"российский рубль","localized":"Russyske roebel"},"rw":{"code":"RWF","numeric":646,"native":"RWF","localized":"Rwandese frank"},"sa":{"code":"INR","numeric":356,"native":"भारतीय रूप्यकम्","localized":"Indiase roepie"},"sc":{"code":"EUR","numeric":978,"native":"èuro","localized":"Euro"},"sd":{"code":"PKR","numeric":586,"native":"پاڪستاني رپي","localized":"Pakistaanske roepie"},"si":{"code":"LKR","numeric":144,"native":"ශ්‍රී ලංකා රුපියල","localized":"Sri Lankaanske roepie"},"sk":{"code":"EUR","numeric":978,"native":"euro","localized":"Euro"},"sl":{"code":"EUR","numeric":978,"native":"evro","localized":"Euro"},"sn":{"code":"USD","numeric":840,"native":"Dora re Amerika","localized":"Amerikaanske dollar"},"so":{"code":"SOS","numeric":706,"native":"Shilingka Soomaaliya","localized":"Somalyske shilling"},"sq":{"code":"ALL","numeric":8,"native":"Leku shqiptar","localized":"Albanese lek"},"sr_Cyrl":{"code":"RSD","numeric":941,"native":"српски динар","localized":"Servyske dinar"},"sr_Latn":{"code":"RSD","numeric":941,"native":"srpski dinar","localized":"Servyske dinar"},"sr_Latn_ME":{"code":"EUR","numeric":978,"native":"Evro","localized":"Euro"},"su":{"code":"IDR","numeric":360,"native":"Rupee Indonésia","localized":"Indonesyske roepia"},"sv":{"code":"SEK","numeric":752,"native":"svensk krona","localized":"Sweedske kroon"},"sw":{"code":"TZS","numeric":834,"native":"Shilingi ya Tanzania","localized":"Tanzaniaanske shilling"},"ta":{"code":"INR","numeric":356,"native":"இந்திய ரூபாய்","localized":"Indiase roepie"},"te":{"code":"INR","numeric":356,"native":"భారతదేశ రూపాయి","localized":"Indiase roepie"},"tg":{"code":"TJS","numeric":972,"native":"Сомонӣ","localized":"Tadzjikistaanske somoni"},"th":{"code":"THB","numeric":764,"native":"บาท","localized":"Thaise baht"},"ti":{"code":"ETB","numeric":230,"native":"ብር","localized":"Ethiopyske birr"},"tk":{"code":"TMT","numeric":934,"native":"Türkmen manady","localized":"Turkmeense manat"},"tl":{"code":"PHP","numeric":608,"native":"Philippine Peso","localized":"Filipynske peso"},"tr":{"code":"TRY","numeric":949,"native":"Türk Lirası","localized":"Turkse lira"},"tt":{"code":"RUB","numeric":643,"native":"Россия сумы","localized":"Russyske roebel"},"ug":{"code":"CNY","numeric":156,"native":"جۇڭگو يۈەنى","localized":"Sineeske yuan renminbi"},"uk":{"code":"UAH","numeric":980,"native":"українська гривня","localized":"Oekraïense hryvnia"},"ur":{"code":"PKR","numeric":586,"native":"پاکستانی روپیہ","localized":"Pakistaanske roepie"},"uz_Cyrl":{"code":"UZS","numeric":860,"native":"Ўзбекистон сўм","localized":"Oezbekistaanske sum"},"uz_Latn":{"code":"UZS","numeric":860,"native":"O‘zbekiston so‘mi","localized":"Oezbekistaanske sum"},"vi":{"code":"VND","numeric":704,"native":"Đồng Việt Nam","localized":"Fietnameeske dong"},"xh":{"code":"ZAR","numeric":710,"native":"IRandi yaseMzantsi Afrika","localized":"Sûd-Afrikaanske rand"},"yi":{"code":"USD","numeric":840,"native":"","localized":""},"yo":{"code":"NGN","numeric":566,"native":"Náírà Nàìjíríà","localized":"Nigeriaanske naira"},"zh_CN":{"code":"CNY","numeric":156,"native":"人民币","localized":"Sineeske yuan renminbi"},"zh_HK":{"code":"HKD","numeric":344,"native":"港元","localized":"Hongkongske dollar"},"zh_TW":{"code":"TWD","numeric":901,"native":"新台币","localized":"Nije Taiwanese dollar"},"zu":{"code":"ZAR","numeric":710,"native":"i-South African Rand","localized":"Sûd-Afrikaanske rand"}}
