{"af":{"code":"ZAR","numeric":710,"native":"Suid-Afrikaanse rand","localized":"Rand na hAfraice Theas"},"ak":{"code":"GHS","numeric":936,"native":"Ghana Sidi","localized":"Cedi Ghána"},"am":{"code":"ETB","numeric":230,"native":"የኢትዮጵያ ብር","localized":"Birr na hAetóipe"},"ar":{"code":"EGP","numeric":818,"native":"جنيه مصري","localized":"Punt na hÉigipte"},"as":{"code":"INR","numeric":356,"native":"ভাৰতীয় ৰুপী","localized":"Rúipí na hIndia"},"az":{"code":"AZN","numeric":944,"native":"Azərbaycan Manatı","localized":"Manat na hAsarbaiseáine"},"be":{"code":"BYN","numeric":840,"native":"беларускі рубель","localized":"Rúbal na Bealarúise"},"bg":{"code":"BGN","numeric":975,"native":"Български лев","localized":"Lev na Bulgáire"},"bho":{"code":"INR","numeric":356,"native":"INR","localized":"Rúipí na hIndia"},"bm":{"code":"XOF","numeric":952,"native":"sefa Fraŋ (BCEAO)","localized":"Franc CFA Iarthar na hAfraice"},"bn":{"code":"BDT","numeric":50,"native":"বাংলাদেশী টাকা","localized":"Taka na Banglaidéise"},"bs":{"code":"BAM","numeric":977,"native":"Bosanskohercegovačka konvertibilna marka","localized":"Marg Inmhalartaithe na Boisnia-Heirseagaivéine"},"ca":{"code":"EUR","numeric":978,"native":"euro","localized":"Euro"},"ceb":{"code":"PHP","numeric":608,"native":"Philippine Peso","localized":"Peso na nOileán Filipíneach"},"ckb":{"code":"IQD","numeric":368,"native":"IQD","localized":"Dinar na hIaráice"},"cs":{"code":"CZK","numeric":203,"native":"česká koruna","localized":"Koruna Phoblacht na Seice"},"cy":{"code":"GBP","numeric":826,"native":"Punt Prydain","localized":"Punt Steirling"},"da":{"code":"DKK","numeric":208,"native":"dansk krone","localized":"Coróin na Danmhairge"},"de":{"code":"EUR","numeric":978,"native":"Euro","localized":"Euro"},"de_CH":{"code":"CHF","numeric":756,"native":"Schweizer Franken","localized":"Franc na hEilvéise"},"doi":{"code":"INR","numeric":356,"native":"भारती रपेऽ","localized":"Rúipí na hIndia"},"ee":{"code":"GHS","numeric":936,"native":"ghana siɖi","localized":"Cedi Ghána"},"el":{"code":"EUR","numeric":978,"native":"Ευρώ","localized":"Euro"},"en":{"code":"USD","numeric":840,"native":"US Dollar","localized":"Dollar S.A.M."},"en_CA":{"code":"CAD","numeric":124,"native":"Canadian Dollar","localized":"Dollar Cheanada"},"eo":{"code":"USD","numeric":840,"native":"","localized":""},"es":{"code":"EUR","numeric":978,"native":"euro","localized":"Euro"},"et":{"code":"EUR","numeric":978,"native":"euro","localized":"Euro"},"eu":{"code":"EUR","numeric":978,"native":"euroa","localized":"Euro"},"fa":{"code":"IRR","numeric":364,"native":"ریال ایران","localized":"Rial na hIaráine"},"fi":{"code":"EUR","numeric":978,"native":"euro","localized":"Euro"},"fil":{"code":"PHP","numeric":608,"native":"Piso ng Pilipinas","localized":"Peso na nOileán Filipíneach"},"fr":{"code":"EUR","numeric":978,"native":"euro","localized":"Euro"},"fy":{"code":"EUR","numeric":978,"native":"Euro","localized":"Euro"},"ga":{"code":"EUR","numeric":978,"native":"Euro","localized":"Euro"},"gd":{"code":"GBP","numeric":826,"native":"Punnd Sasannach","localized":"Punt Steirling"},"gl":{"code":"EUR","numeric":978,"native":"euro","localized":"Euro"},"gu":{"code":"INR","numeric":356,"native":"ભારતીય રૂપિયા","localized":"Rúipí na hIndia"},"ha":{"code":"NGN","numeric":566,"native":"Nairar Najeriya","localized":"Naira na Nigéire"},"haw":{"code":"USD","numeric":840,"native":"USD","localized":"Dollar S.A.M."},"he":{"code":"ILS","numeric":376,"native":"שקל חדש","localized":"Seiceal Nua Iosrael"},"hi":{"code":"INR","numeric":356,"native":"भारतीय रुपया","localized":"Rúipí na hIndia"},"hr":{"code":"EUR","numeric":978,"native":"euro","localized":"Euro"},"hu":{"code":"HUF","numeric":348,"native":"magyar forint","localized":"Forint na hUngáire"},"hy":{"code":"AMD","numeric":51,"native":"հայկական դրամ","localized":"Dram na hAirméine"},"id":{"code":"IDR","numeric":360,"native":"Rupiah Indonesia","localized":"Rupiah na hIndinéise"},"ig":{"code":"NGN","numeric":566,"native":"Naịra","localized":"Naira na Nigéire"},"is":{"code":"ISK","numeric":352,"native":"íslensk króna","localized":"Króna na hÍoslainne"},"it":{"code":"EUR","numeric":978,"native":"euro","localized":"Euro"},"ja":{"code":"JPY","numeric":392,"native":"日本円","localized":"Yen na Seapáine"},"ka":{"code":"GEL","numeric":981,"native":"ქართული ლარი","localized":"Lari na Seoirsia"},"kk":{"code":"KZT","numeric":398,"native":"Қазақстан теңгесі","localized":"Tenge na Casacstáine"},"km":{"code":"KHR","numeric":116,"native":"រៀល​កម្ពុជា","localized":"Riel na Cambóide"},"kn":{"code":"INR","numeric":356,"native":"ಭಾರತೀಯ ರೂಪಾಯಿ","localized":"Rúipí na hIndia"},"ko":{"code":"KRW","numeric":410,"native":"대한민국 원","localized":"Won na Cóiré Theas"},"ku":{"code":"TRY","numeric":949,"native":"TRY","localized":"Lira na Tuirce"},"ky":{"code":"KGS","numeric":417,"native":"Кыргызстан сому","localized":"Som na Cirgeastáine"},"lb":{"code":"EUR","numeric":978,"native":"Euro","localized":"Euro"},"lg":{"code":"UGX","numeric":800,"native":"Silingi eya Yuganda","localized":"Scilling Uganda"},"ln":{"code":"CDF","numeric":976,"native":"Falánga ya Kongó","localized":"Franc an Chongó"},"lo":{"code":"LAK","numeric":418,"native":"ລາວ ກີບ","localized":"Kip Laos"},"lt":{"code":"EUR","numeric":978,"native":"Euras","localized":"Euro"},"lv":{"code":"EUR","numeric":978,"native":"eiro","localized":"Euro"},"mai":{"code":"INR","numeric":356,"native":"भारतीय रुपया","localized":"Rúipí na hIndia"},"mg":{"code":"MGA","numeric":969,"native":"Ariary","localized":"Ariary Mhadagascar"},"mi":{"code":"NZD","numeric":554,"native":"Tāra o Aotearoa","localized":"Dollar na Nua-Shéalainne"},"mk":{"code":"MKD","numeric":807,"native":"Македонски денар","localized":"Denar na Macadóine"},"ml":{"code":"INR","numeric":356,"native":"ഇന്ത്യൻ രൂപ","localized":"Rúipí na hIndia"},"mn":{"code":"MNT","numeric":496,"native":"Монгол төгрөг","localized":"Tugrik na Mongóile"},"mni_Mtei":{"code":"INR","numeric":356,"native":"Indian Rupee","localized":"Rúipí na hIndia"},"mr":{"code":"INR","numeric":356,"native":"भारतीय रुपया","localized":"Rúipí na hIndia"},"ms":{"code":"MYR","numeric":458,"native":"Ringgit Malaysia","localized":"Ringgit na Malaeisia"},"mt":{"code":"EUR","numeric":978,"native":"ewro","localized":"Euro"},"my":{"code":"MMK","numeric":104,"native":"မြန်မာ ကျပ်","localized":"Kyat Mhaenmar"},"nb":{"code":"NOK","numeric":578,"native":"norske kroner","localized":"Coróin na hIorua"},"ne":{"code":"NPR","numeric":524,"native":"नेपाली रूपैयाँ","localized":"Rúipí Neipeal"},"nl":{"code":"EUR","numeric":978,"native":"Euro","localized":"Euro"},"nn":{"code":"NOK","numeric":578,"native":"norske kroner","localized":"Coróin na hIorua"},"oc":{"code":"EUR","numeric":978,"native":"EUR","localized":"Euro"},"om":{"code":"ETB","numeric":230,"native":"Itoophiyaa Birrii","localized":"Birr na hAetóipe"},"or":{"code":"INR","numeric":356,"native":"ଭାରତୀୟ ଟଙ୍କା","localized":"Rúipí na hIndia"},"pa":{"code":"INR","numeric":356,"native":"ਭਾਰਤੀ ਰੁਪਇਆ","localized":"Rúipí na hIndia"},"pl":{"code":"PLN","numeric":985,"native":"złoty polski","localized":"Zloty na Polainne"},"ps":{"code":"AFN","numeric":971,"native":"افغانۍ","localized":"Afghani na hAfganastáine"},"pt":{"code":"BRL","numeric":986,"native":"Real brasileiro","localized":"Real na Brasaíle"},"pt_BR":{"code":"BRL","numeric":986,"native":"Real brasileiro","localized":"Real na Brasaíle"},"qu":{"code":"PEN","numeric":604,"native":"Sol Peruano","localized":"Sol Pheiriú"},"ro":{"code":"RON","numeric":946,"native":"leu românesc","localized":"Leu na Rómáine"},"ru":{"code":"RUB","numeric":643,"native":"российский рубль","localized":"Rúbal na Rúise"},"rw":{"code":"RWF","numeric":646,"native":"RWF","localized":"Franc Ruanda"},"sa":{"code":"INR","numeric":356,"native":"भारतीय रूप्यकम्","localized":"Rúipí na hIndia"},"sc":{"code":"EUR","numeric":978,"native":"èuro","localized":"Euro"},"sd":{"code":"PKR","numeric":586,"native":"پاڪستاني رپي","localized":"Rúipí na Pacastáine"},"si":{"code":"LKR","numeric":144,"native":"ශ්‍රී ලංකා රුපියල","localized":"Rúipí Shrí Lanca"},"sk":{"code":"EUR","numeric":978,"native":"euro","localized":"Euro"},"sl":{"code":"EUR","numeric":978,"native":"evro","localized":"Euro"},"sn":{"code":"USD","numeric":840,"native":"Dora re Amerika","localized":"Dollar S.A.M."},"so":{"code":"SOS","numeric":706,"native":"Shilingka Soomaaliya","localized":"Scilling na Somáile"},"sq":{"code":"ALL","numeric":8,"native":"Leku shqiptar","localized":"Lek na hAlbáine"},"sr_Cyrl":{"code":"RSD","numeric":941,"native":"српски динар","localized":"Dinar na Seirbia"},"sr_Latn":{"code":"RSD","numeric":941,"native":"srpski dinar","localized":"Dinar na Seirbia"},"sr_Latn_ME":{"code":"EUR","numeric":978,"native":"Evro","localized":"Euro"},"su":{"code":"IDR","numeric":360,"native":"Rupee Indonésia","localized":"Rupiah na hIndinéise"},"sv":{"code":"SEK","numeric":752,"native":"svensk krona","localized":"Coróin na Sualainne"},"sw":{"code":"TZS","numeric":834,"native":"Shilingi ya Tanzania","localized":"Scilling na Tansáine"},"ta":{"code":"INR","numeric":356,"native":"இந்திய ரூபாய்","localized":"Rúipí na hIndia"},"te":{"code":"INR","numeric":356,"native":"భారతదేశ రూపాయి","localized":"Rúipí na hIndia"},"tg":{"code":"TJS","numeric":972,"native":"Сомонӣ","localized":"Somoni na Táidsíceastáine"},"th":{"code":"THB","numeric":764,"native":"บาท","localized":"Baht na Téalainne"},"ti":{"code":"ETB","numeric":230,"native":"ብር","localized":"Birr na hAetóipe"},"tk":{"code":"TMT","numeric":934,"native":"Türkmen manady","localized":"Manat na Tuircméanastáine"},"tl":{"code":"PHP","numeric":608,"native":"Philippine Peso","localized":"Peso na nOileán Filipíneach"},"tr":{"code":"TRY","numeric":949,"native":"Türk Lirası","localized":"Lira na Tuirce"},"tt":{"code":"RUB","numeric":643,"native":"Россия сумы","localized":"Rúbal na Rúise"},"ug":{"code":"CNY","numeric":156,"native":"جۇڭگو يۈەنى","localized":"Yuan na Síne"},"uk":{"code":"UAH","numeric":980,"native":"українська гривня","localized":"Hryvnia na hÚcráine"},"ur":{"code":"PKR","numeric":586,"native":"پاکستانی روپیہ","localized":"Rúipí na Pacastáine"},"uz_Cyrl":{"code":"UZS","numeric":860,"native":"Ўзбекистон сўм","localized":"Sum na hÚisbéiceastáine"},"uz_Latn":{"code":"UZS","numeric":860,"native":"O‘zbekiston so‘mi","localized":"Sum na hÚisbéiceastáine"},"vi":{"code":"VND","numeric":704,"native":"Đồng Việt Nam","localized":"Dong Vítneam"},"xh":{"code":"ZAR","numeric":710,"native":"IRandi yaseMzantsi Afrika","localized":"Rand na hAfraice Theas"},"yi":{"code":"USD","numeric":840,"native":"","localized":""},"yo":{"code":"NGN","numeric":566,"native":"Náírà Nàìjíríà","localized":"Naira na Nigéire"},"zh_CN":{"code":"CNY","numeric":156,"native":"人民币","localized":"Yuan na Síne"},"zh_HK":{"code":"HKD","numeric":344,"native":"港元","localized":"Dollar Hong Cong"},"zh_TW":{"code":"TWD","numeric":901,"native":"新台币","localized":"Dollar Nua na Téaváine"},"zu":{"code":"ZAR","numeric":710,"native":"i-South African Rand","localized":"Rand na hAfraice Theas"}}
