{"af":{"code":"ZAR","numeric":710,"native":"Suid-Afrikaanse rand","localized":"Rand Afraga a Deas"},"ak":{"code":"GHS","numeric":936,"native":"Ghana Sidi","localized":"Cedi Gànach"},"am":{"code":"ETB","numeric":230,"native":"የኢትዮጵያ ብር","localized":"Birr Itiopach"},"ar":{"code":"EGP","numeric":818,"native":"جنيه مصري","localized":"Punnd Èipheiteach"},"as":{"code":"INR","numeric":356,"native":"ভাৰতীয় ৰুপী","localized":"Rupee Innseanach"},"az":{"code":"AZN","numeric":944,"native":"Azərbaycan Manatı","localized":"Manat Asarbaideànach"},"be":{"code":"BYN","numeric":840,"native":"беларускі рубель","localized":"Rùbal Bealaruiseach"},"bg":{"code":"BGN","numeric":975,"native":"Български лев","localized":"Lev Bulgarach"},"bho":{"code":"INR","numeric":356,"native":"INR","localized":"Rupee Innseanach"},"bm":{"code":"XOF","numeric":952,"native":"sefa Fraŋ (BCEAO)","localized":"Franc CFA Afraga an Iar"},"bn":{"code":"BDT","numeric":50,"native":"বাংলাদেশী টাকা","localized":"Taka Bangladaiseach"},"bs":{"code":"BAM","numeric":977,"native":"Bosanskohercegovačka konvertibilna marka","localized":"Mark iompachail Bhosna agus Hearsagobhana"},"ca":{"code":"EUR","numeric":978,"native":"euro","localized":"Eòro"},"ceb":{"code":"PHP","numeric":608,"native":"Philippine Peso","localized":"Peso Filipineach"},"ckb":{"code":"IQD","numeric":368,"native":"IQD","localized":"Dinar Ioràcach"},"cs":{"code":"CZK","numeric":203,"native":"česká koruna","localized":"Koruna Seiceach"},"cy":{"code":"GBP","numeric":826,"native":"Punt Prydain","localized":"Punnd Sasannach"},"da":{"code":"DKK","numeric":208,"native":"dansk krone","localized":"Krone Danmhairgeach"},"de":{"code":"EUR","numeric":978,"native":"Euro","localized":"Eòro"},"de_CH":{"code":"CHF","numeric":756,"native":"Schweizer Franken","localized":"Franc Eilbheiseach"},"doi":{"code":"INR","numeric":356,"native":"भारती रपेऽ","localized":"Rupee Innseanach"},"ee":{"code":"GHS","numeric":936,"native":"ghana siɖi","localized":"Cedi Gànach"},"el":{"code":"EUR","numeric":978,"native":"Ευρώ","localized":"Eòro"},"en":{"code":"USD","numeric":840,"native":"US Dollar","localized":"Dolar nan Stàitean Aonaichte"},"en_CA":{"code":"CAD","numeric":124,"native":"Canadian Dollar","localized":"Dolar Canadach"},"eo":{"code":"USD","numeric":840,"native":"","localized":""},"es":{"code":"EUR","numeric":978,"native":"euro","localized":"Eòro"},"et":{"code":"EUR","numeric":978,"native":"euro","localized":"Eòro"},"eu":{"code":"EUR","numeric":978,"native":"euroa","localized":"Eòro"},"fa":{"code":"IRR","numeric":364,"native":"ریال ایران","localized":"Rial Iorànach"},"fi":{"code":"EUR","numeric":978,"native":"euro","localized":"Eòro"},"fil":{"code":"PHP","numeric":608,"native":"Piso ng Pilipinas","localized":"Peso Filipineach"},"fr":{"code":"EUR","numeric":978,"native":"euro","localized":"Eòro"},"fy":{"code":"EUR","numeric":978,"native":"Euro","localized":"Eòro"},"ga":{"code":"EUR","numeric":978,"native":"Euro","localized":"Eòro"},"gd":{"code":"GBP","numeric":826,"native":"Punnd Sasannach","localized":"Punnd Sasannach"},"gl":{"code":"EUR","numeric":978,"native":"euro","localized":"Eòro"},"gu":{"code":"INR","numeric":356,"native":"ભારતીય રૂપિયા","localized":"Rupee Innseanach"},"ha":{"code":"NGN","numeric":566,"native":"Nairar Najeriya","localized":"Naira Nigèiriach"},"haw":{"code":"USD","numeric":840,"native":"USD","localized":"Dolar nan Stàitean Aonaichte"},"he":{"code":"ILS","numeric":376,"native":"שקל חדש","localized":"Sheqel ùr Iosraeleach"},"hi":{"code":"INR","numeric":356,"native":"भारतीय रुपया","localized":"Rupee Innseanach"},"hr":{"code":"EUR","numeric":978,"native":"euro","localized":"Eòro"},"hu":{"code":"HUF","numeric":348,"native":"magyar forint","localized":"Forint Ungaireach"},"hy":{"code":"AMD","numeric":51,"native":"հայկական դրամ","localized":"Dram Airmeineach"},"id":{"code":"IDR","numeric":360,"native":"Rupiah Indonesia","localized":"Rupiah Innd-Innseach"},"ig":{"code":"NGN","numeric":566,"native":"Naịra","localized":"Naira Nigèiriach"},"is":{"code":"ISK","numeric":352,"native":"íslensk króna","localized":"Króna Innis Tìleach"},"it":{"code":"EUR","numeric":978,"native":"euro","localized":"Eòro"},"ja":{"code":"JPY","numeric":392,"native":"日本円","localized":"Yen Seapanach"},"ka":{"code":"GEL","numeric":981,"native":"ქართული ლარი","localized":"Lari Cairtbheileach"},"kk":{"code":"KZT","numeric":398,"native":"Қазақстан теңгесі","localized":"Tenge Casachach"},"km":{"code":"KHR","numeric":116,"native":"រៀល​កម្ពុជា","localized":"Riel Cambuideach"},"kn":{"code":"INR","numeric":356,"native":"ಭಾರತೀಯ ರೂಪಾಯಿ","localized":"Rupee Innseanach"},"ko":{"code":"KRW","numeric":410,"native":"대한민국 원","localized":"Won Choirèa a Deas"},"ku":{"code":"TRY","numeric":949,"native":"TRY","localized":"Lira Turcach"},"ky":{"code":"KGS","numeric":417,"native":"Кыргызстан сому","localized":"Som Cìorgasach"},"lb":{"code":"EUR","numeric":978,"native":"Euro","localized":"Eòro"},"lg":{"code":"UGX","numeric":800,"native":"Silingi eya Yuganda","localized":"Shilling Ugandach"},"ln":{"code":"CDF","numeric":976,"native":"Falánga ya Kongó","localized":"Franc Congothach"},"lo":{"code":"LAK","numeric":418,"native":"ລາວ ກີບ","localized":"Kip Làthosach"},"lt":{"code":"EUR","numeric":978,"native":"Euras","localized":"Eòro"},"lv":{"code":"EUR","numeric":978,"native":"eiro","localized":"Eòro"},"mai":{"code":"INR","numeric":356,"native":"भारतीय रुपया","localized":"Rupee Innseanach"},"mg":{"code":"MGA","numeric":969,"native":"Ariary","localized":"Ariary Madagasgarach"},"mi":{"code":"NZD","numeric":554,"native":"Tāra o Aotearoa","localized":"Dolar Shealainn Nuaidh"},"mk":{"code":"MKD","numeric":807,"native":"Македонски денар","localized":"Denar Masadonach"},"ml":{"code":"INR","numeric":356,"native":"ഇന്ത്യൻ രൂപ","localized":"Rupee Innseanach"},"mn":{"code":"MNT","numeric":496,"native":"Монгол төгрөг","localized":"Tugrik Mongolach"},"mni_Mtei":{"code":"INR","numeric":356,"native":"Indian Rupee","localized":"Rupee Innseanach"},"mr":{"code":"INR","numeric":356,"native":"भारतीय रुपया","localized":"Rupee Innseanach"},"ms":{"code":"MYR","numeric":458,"native":"Ringgit Malaysia","localized":"Ringgit Malaidheach"},"mt":{"code":"EUR","numeric":978,"native":"ewro","localized":"Eòro"},"my":{"code":"MMK","numeric":104,"native":"မြန်မာ ကျပ်","localized":"Kyat Miànmarach"},"nb":{"code":"NOK","numeric":578,"native":"norske kroner","localized":"Krone Nirribheach"},"ne":{"code":"NPR","numeric":524,"native":"नेपाली रूपैयाँ","localized":"Rupee Neapàlach"},"nl":{"code":"EUR","numeric":978,"native":"Euro","localized":"Eòro"},"nn":{"code":"NOK","numeric":578,"native":"norske kroner","localized":"Krone Nirribheach"},"oc":{"code":"EUR","numeric":978,"native":"EUR","localized":"Eòro"},"om":{"code":"ETB","numeric":230,"native":"Itoophiyaa Birrii","localized":"Birr Itiopach"},"or":{"code":"INR","numeric":356,"native":"ଭାରତୀୟ ଟଙ୍କା","localized":"Rupee Innseanach"},"pa":{"code":"INR","numeric":356,"native":"ਭਾਰਤੀ ਰੁਪਇਆ","localized":"Rupee Innseanach"},"pl":{"code":"PLN","numeric":985,"native":"złoty polski","localized":"Złoty Pòlainneach"},"ps":{"code":"AFN","numeric":971,"native":"افغانۍ","localized":"Afghani Afghanach"},"pt":{"code":"BRL","numeric":986,"native":"Real brasileiro","localized":"Real Braisileach"},"pt_BR":{"code":"BRL","numeric":986,"native":"Real brasileiro","localized":"Real Braisileach"},"qu":{"code":"PEN","numeric":604,"native":"Sol Peruano","localized":"Sol Pearùthach"},"ro":{"code":"RON","numeric":946,"native":"leu românesc","localized":"Leu Romàineach"},"ru":{"code":"RUB","numeric":643,"native":"российский рубль","localized":"Rùbal Ruiseach"},"rw":{"code":"RWF","numeric":646,"native":"RWF","localized":"Franc Rubhandach"},"sa":{"code":"INR","numeric":356,"native":"भारतीय रूप्यकम्","localized":"Rupee Innseanach"},"sc":{"code":"EUR","numeric":978,"native":"èuro","localized":"Eòro"},"sd":{"code":"PKR","numeric":586,"native":"پاڪستاني رپي","localized":"Rupee Pagastànach"},"si":{"code":"LKR","numeric":144,"native":"ශ්‍රී ලංකා රුපියල","localized":"Rupee Sri Lancach"},"sk":{"code":"EUR","numeric":978,"native":"euro","localized":"Eòro"},"sl":{"code":"EUR","numeric":978,"native":"evro","localized":"Eòro"},"sn":{"code":"USD","numeric":840,"native":"Dora re Amerika","localized":"Dolar nan Stàitean Aonaichte"},"so":{"code":"SOS","numeric":706,"native":"Shilingka Soomaaliya","localized":"Shilling Somàilitheach"},"sq":{"code":"ALL","numeric":8,"native":"Leku shqiptar","localized":"Lek Albàineach"},"sr_Cyrl":{"code":"RSD","numeric":941,"native":"српски динар","localized":"Dinar Sèirbeach"},"sr_Latn":{"code":"RSD","numeric":941,"native":"srpski dinar","localized":"Dinar Sèirbeach"},"sr_Latn_ME":{"code":"EUR","numeric":978,"native":"Evro","localized":"Eòro"},"su":{"code":"IDR","numeric":360,"native":"Rupee Indonésia","localized":"Rupiah Innd-Innseach"},"sv":{"code":"SEK","numeric":752,"native":"svensk krona","localized":"Krona Suaineach"},"sw":{"code":"TZS","numeric":834,"native":"Shilingi ya Tanzania","localized":"Shilling Tansanaidheach"},"ta":{"code":"INR","numeric":356,"native":"இந்திய ரூபாய்","localized":"Rupee Innseanach"},"te":{"code":"INR","numeric":356,"native":"భారతదేశ రూపాయి","localized":"Rupee Innseanach"},"tg":{"code":"TJS","numeric":972,"native":"Сомонӣ","localized":"Somoni Taidigeach"},"th":{"code":"THB","numeric":764,"native":"บาท","localized":"Baht Tàidheach"},"ti":{"code":"ETB","numeric":230,"native":"ብር","localized":"Birr Itiopach"},"tk":{"code":"TMT","numeric":934,"native":"Türkmen manady","localized":"Manat Turcmanach"},"tl":{"code":"PHP","numeric":608,"native":"Philippine Peso","localized":"Peso Filipineach"},"tr":{"code":"TRY","numeric":949,"native":"Türk Lirası","localized":"Lira Turcach"},"tt":{"code":"RUB","numeric":643,"native":"Россия сумы","localized":"Rùbal Ruiseach"},"ug":{"code":"CNY","numeric":156,"native":"جۇڭگو يۈەنى","localized":"Yuan Sìneach"},"uk":{"code":"UAH","numeric":980,"native":"українська гривня","localized":"Hryvnia Ucràineach"},"ur":{"code":"PKR","numeric":586,"native":"پاکستانی روپیہ","localized":"Rupee Pagastànach"},"uz_Cyrl":{"code":"UZS","numeric":860,"native":"Ўзбекистон сўм","localized":"Som Usbagach"},"uz_Latn":{"code":"UZS","numeric":860,"native":"O‘zbekiston so‘mi","localized":"Som Usbagach"},"vi":{"code":"VND","numeric":704,"native":"Đồng Việt Nam","localized":"Dong Bhiet-Namach"},"xh":{"code":"ZAR","numeric":710,"native":"IRandi yaseMzantsi Afrika","localized":"Rand Afraga a Deas"},"yi":{"code":"USD","numeric":840,"native":"","localized":""},"yo":{"code":"NGN","numeric":566,"native":"Náírà Nàìjíríà","localized":"Naira Nigèiriach"},"zh_CN":{"code":"CNY","numeric":156,"native":"人民币","localized":"Yuan Sìneach"},"zh_HK":{"code":"HKD","numeric":344,"native":"港元","localized":"Dolar Hong Kong"},"zh_TW":{"code":"TWD","numeric":901,"native":"新台币","localized":"Dolar ùr Taidh-Bhànach"},"zu":{"code":"ZAR","numeric":710,"native":"i-South African Rand","localized":"Rand Afraga a Deas"}}
