{"af":{"code":"ZAR","numeric":710,"native":"Suid-Afrikaanse rand","localized":"દક્ષિણ આફ્રિકી રેંડ"},"ak":{"code":"GHS","numeric":936,"native":"Ghana Sidi","localized":"ઘાનાઇયન સેડી"},"am":{"code":"ETB","numeric":230,"native":"የኢትዮጵያ ብር","localized":"ઇથિયોપીયન બિર"},"ar":{"code":"EGP","numeric":818,"native":"جنيه مصري","localized":"ઇજિપ્તિયન પાઉન્ડ"},"as":{"code":"INR","numeric":356,"native":"ভাৰতীয় ৰুপী","localized":"ભારતીય રૂપિયા"},"az":{"code":"AZN","numeric":944,"native":"Azərbaycan Manatı","localized":"અઝરબૈજાની મનાત"},"be":{"code":"BYN","numeric":840,"native":"беларускі рубель","localized":"બેલારુશિયન રૂબલ"},"bg":{"code":"BGN","numeric":975,"native":"Български лев","localized":"બલ્ગેરીયન લેવ"},"bho":{"code":"INR","numeric":356,"native":"INR","localized":"ભારતીય રૂપિયા"},"bm":{"code":"XOF","numeric":952,"native":"sefa Fraŋ (BCEAO)","localized":"પશ્ચિમી આફ્રિકન [CFA] ફ્રેંક"},"bn":{"code":"BDT","numeric":50,"native":"বাংলাদেশী টাকা","localized":"બાંગ્લાદેશી ટાકા"},"bs":{"code":"BAM","numeric":977,"native":"Bosanskohercegovačka konvertibilna marka","localized":"બોસ્નિયા અને હર્ઝેગોવિના રૂપાંતર યોગ્ય માર્ક"},"ca":{"code":"EUR","numeric":978,"native":"euro","localized":"યુરો"},"ceb":{"code":"PHP","numeric":608,"native":"Philippine Peso","localized":"ફિલીપાઇન પેસો"},"ckb":{"code":"IQD","numeric":368,"native":"IQD","localized":"ઇરાકી દિનાર"},"cs":{"code":"CZK","numeric":203,"native":"česká koruna","localized":"ચેક રીપબ્લિક કોરુના"},"cy":{"code":"GBP","numeric":826,"native":"Punt Prydain","localized":"બ્રિટિશ પાઉન્ડ"},"da":{"code":"DKK","numeric":208,"native":"dansk krone","localized":"ડેનિશ ક્રોન"},"de":{"code":"EUR","numeric":978,"native":"Euro","localized":"યુરો"},"de_CH":{"code":"CHF","numeric":756,"native":"Schweizer Franken","localized":"સ્વિસ ફ્રેંક"},"doi":{"code":"INR","numeric":356,"native":"भारती रपेऽ","localized":"ભારતીય રૂપિયા"},"ee":{"code":"GHS","numeric":936,"native":"ghana siɖi","localized":"ઘાનાઇયન સેડી"},"el":{"code":"EUR","numeric":978,"native":"Ευρώ","localized":"યુરો"},"en":{"code":"USD","numeric":840,"native":"US Dollar","localized":"યુઍસ ડોલર"},"en_CA":{"code":"CAD","numeric":124,"native":"Canadian Dollar","localized":"કેનેડિયન ડૉલર"},"eo":{"code":"USD","numeric":840,"native":"","localized":""},"es":{"code":"EUR","numeric":978,"native":"euro","localized":"યુરો"},"et":{"code":"EUR","numeric":978,"native":"euro","localized":"યુરો"},"eu":{"code":"EUR","numeric":978,"native":"euroa","localized":"યુરો"},"fa":{"code":"IRR","numeric":364,"native":"ریال ایران","localized":"ઇરાનિયન રિયાલ"},"fi":{"code":"EUR","numeric":978,"native":"euro","localized":"યુરો"},"fil":{"code":"PHP","numeric":608,"native":"Piso ng Pilipinas","localized":"ફિલીપાઇન પેસો"},"fr":{"code":"EUR","numeric":978,"native":"euro","localized":"યુરો"},"fy":{"code":"EUR","numeric":978,"native":"Euro","localized":"યુરો"},"ga":{"code":"EUR","numeric":978,"native":"Euro","localized":"યુરો"},"gd":{"code":"GBP","numeric":826,"native":"Punnd Sasannach","localized":"બ્રિટિશ પાઉન્ડ"},"gl":{"code":"EUR","numeric":978,"native":"euro","localized":"યુરો"},"gu":{"code":"INR","numeric":356,"native":"ભારતીય રૂપિયા","localized":"ભારતીય રૂપિયા"},"ha":{"code":"NGN","numeric":566,"native":"Nairar Najeriya","localized":"નાઇજીરિયન નૈરા"},"haw":{"code":"USD","numeric":840,"native":"USD","localized":"યુઍસ ડોલર"},"he":{"code":"ILS","numeric":376,"native":"שקל חדש","localized":"ઇઝરાયેલી ન્યુ શેકલ"},"hi":{"code":"INR","numeric":356,"native":"भारतीय रुपया","localized":"ભારતીય રૂપિયા"},"hr":{"code":"EUR","numeric":978,"native":"euro","localized":"યુરો"},"hu":{"code":"HUF","numeric":348,"native":"magyar forint","localized":"હંગેરીયન ફોરિન્ત"},"hy":{"code":"AMD","numeric":51,"native":"հայկական դրամ","localized":"અર્મેનિયન ડ્રેમ"},"id":{"code":"IDR","numeric":360,"native":"Rupiah Indonesia","localized":"ઇન્ડોનેશિયન રૂપિયા"},"ig":{"code":"NGN","numeric":566,"native":"Naịra","localized":"નાઇજીરિયન નૈરા"},"is":{"code":"ISK","numeric":352,"native":"íslensk króna","localized":"આઇસલેન્ડિક ક્રોના"},"it":{"code":"EUR","numeric":978,"native":"euro","localized":"યુરો"},"ja":{"code":"JPY","numeric":392,"native":"日本円","localized":"જાપાનીઝ યેન"},"ka":{"code":"GEL","numeric":981,"native":"ქართული ლარი","localized":"જ્યોર્જિઅન લારી"},"kk":{"code":"KZT","numeric":398,"native":"Қазақстан теңгесі","localized":"કઝાકિસ્તાની ટેંગ"},"km":{"code":"KHR","numeric":116,"native":"រៀល​កម្ពុជា","localized":"કેમ્બોડિયન રીઅલ"},"kn":{"code":"INR","numeric":356,"native":"ಭಾರತೀಯ ರೂಪಾಯಿ","localized":"ભારતીય રૂપિયા"},"ko":{"code":"KRW","numeric":410,"native":"대한민국 원","localized":"દક્ષિણ કોરિયન વન"},"ku":{"code":"TRY","numeric":949,"native":"TRY","localized":"તુર્કિશ લિરા"},"ky":{"code":"KGS","numeric":417,"native":"Кыргызстан сому","localized":"કિર્ગિસ્તાની સોમ"},"lb":{"code":"EUR","numeric":978,"native":"Euro","localized":"યુરો"},"lg":{"code":"UGX","numeric":800,"native":"Silingi eya Yuganda","localized":"યુગાંડન શિલિંગ"},"ln":{"code":"CDF","numeric":976,"native":"Falánga ya Kongó","localized":"કોંગોલિઝ ફ્રેંક"},"lo":{"code":"LAK","numeric":418,"native":"ລາວ ກີບ","localized":"લાઓશિયન કિપ"},"lt":{"code":"EUR","numeric":978,"native":"Euras","localized":"યુરો"},"lv":{"code":"EUR","numeric":978,"native":"eiro","localized":"યુરો"},"mai":{"code":"INR","numeric":356,"native":"भारतीय रुपया","localized":"ભારતીય રૂપિયા"},"mg":{"code":"MGA","numeric":969,"native":"Ariary","localized":"માલાગેસી અરીઆરી"},"mi":{"code":"NZD","numeric":554,"native":"Tāra o Aotearoa","localized":"ન્યૂઝિલેંડ ડૉલર"},"mk":{"code":"MKD","numeric":807,"native":"Македонски денар","localized":"મેસેડોનિયન દિનાર"},"ml":{"code":"INR","numeric":356,"native":"ഇന്ത്യൻ രൂപ","localized":"ભારતીય રૂપિયા"},"mn":{"code":"MNT","numeric":496,"native":"Монгол төгрөг","localized":"મોંગોલિયન ટગરિક"},"mni_Mtei":{"code":"INR","numeric":356,"native":"Indian Rupee","localized":"ભારતીય રૂપિયા"},"mr":{"code":"INR","numeric":356,"native":"भारतीय रुपया","localized":"ભારતીય રૂપિયા"},"ms":{"code":"MYR","numeric":458,"native":"Ringgit Malaysia","localized":"મલેશિયન રિંગ્ગેટ"},"mt":{"code":"EUR","numeric":978,"native":"ewro","localized":"યુરો"},"my":{"code":"MMK","numeric":104,"native":"မြန်မာ ကျပ်","localized":"મ્યાંમાર ક્યાત"},"nb":{"code":"NOK","numeric":578,"native":"norske kroner","localized":"નૉર્વેજિયન ક્રોન"},"ne":{"code":"NPR","numeric":524,"native":"नेपाली रूपैयाँ","localized":"નેપાલિઝ રૂપી"},"nl":{"code":"EUR","numeric":978,"native":"Euro","localized":"યુરો"},"nn":{"code":"NOK","numeric":578,"native":"norske kroner","localized":"નૉર્વેજિયન ક્રોન"},"oc":{"code":"EUR","numeric":978,"native":"EUR","localized":"યુરો"},"om":{"code":"ETB","numeric":230,"native":"Itoophiyaa Birrii","localized":"ઇથિયોપીયન બિર"},"or":{"code":"INR","numeric":356,"native":"ଭାରତୀୟ ଟଙ୍କା","localized":"ભારતીય રૂપિયા"},"pa":{"code":"INR","numeric":356,"native":"ਭਾਰਤੀ ਰੁਪਇਆ","localized":"ભારતીય રૂપિયા"},"pl":{"code":"PLN","numeric":985,"native":"złoty polski","localized":"પોલિસ ઝ્લોટી"},"ps":{"code":"AFN","numeric":971,"native":"افغانۍ","localized":"અફ્ગાન અફ્ગાની"},"pt":{"code":"BRL","numeric":986,"native":"Real brasileiro","localized":"બ્રાઝિલીયન રિઆલ"},"pt_BR":{"code":"BRL","numeric":986,"native":"Real brasileiro","localized":"બ્રાઝિલીયન રિઆલ"},"qu":{"code":"PEN","numeric":604,"native":"Sol Peruano","localized":"પેરુવિયન સોલ"},"ro":{"code":"RON","numeric":946,"native":"leu românesc","localized":"રોમાનિયન લેઉ"},"ru":{"code":"RUB","numeric":643,"native":"российский рубль","localized":"રશિયન રૂબલ"},"rw":{"code":"RWF","numeric":646,"native":"RWF","localized":"રવાંડન ફ્રેંક"},"sa":{"code":"INR","numeric":356,"native":"भारतीय रूप्यकम्","localized":"ભારતીય રૂપિયા"},"sc":{"code":"EUR","numeric":978,"native":"èuro","localized":"યુરો"},"sd":{"code":"PKR","numeric":586,"native":"پاڪستاني رپي","localized":"પાકિસ્તાની રૂપી"},"si":{"code":"LKR","numeric":144,"native":"ශ්‍රී ලංකා රුපියල","localized":"શ્રી લંકન રૂપી"},"sk":{"code":"EUR","numeric":978,"native":"euro","localized":"યુરો"},"sl":{"code":"EUR","numeric":978,"native":"evro","localized":"યુરો"},"sn":{"code":"USD","numeric":840,"native":"Dora re Amerika","localized":"યુઍસ ડોલર"},"so":{"code":"SOS","numeric":706,"native":"Shilingka Soomaaliya","localized":"સોમાલી શિલિંગ"},"sq":{"code":"ALL","numeric":8,"native":"Leku shqiptar","localized":"અલ્બેનિયન લેક"},"sr_Cyrl":{"code":"RSD","numeric":941,"native":"српски динар","localized":"સર્બિયન દિનાર"},"sr_Latn":{"code":"RSD","numeric":941,"native":"srpski dinar","localized":"સર્બિયન દિનાર"},"sr_Latn_ME":{"code":"EUR","numeric":978,"native":"Evro","localized":"યુરો"},"su":{"code":"IDR","numeric":360,"native":"Rupee Indonésia","localized":"ઇન્ડોનેશિયન રૂપિયા"},"sv":{"code":"SEK","numeric":752,"native":"svensk krona","localized":"સ્વીડિશ ક્રોના"},"sw":{"code":"TZS","numeric":834,"native":"Shilingi ya Tanzania","localized":"તાન્ઝાનિયન શિલિંગ"},"ta":{"code":"INR","numeric":356,"native":"இந்திய ரூபாய்","localized":"ભારતીય રૂપિયા"},"te":{"code":"INR","numeric":356,"native":"భారతదేశ రూపాయి","localized":"ભારતીય રૂપિયા"},"tg":{"code":"TJS","numeric":972,"native":"Сомонӣ","localized":"તાજિકિસ્તાની સોમોની"},"th":{"code":"THB","numeric":764,"native":"บาท","localized":"થાઇ બાહ્ત"},"ti":{"code":"ETB","numeric":230,"native":"ብር","localized":"ઇથિયોપીયન બિર"},"tk":{"code":"TMT","numeric":934,"native":"Türkmen manady","localized":"તુર્કમેનિસ્તાની મનત"},"tl":{"code":"PHP","numeric":608,"native":"Philippine Peso","localized":"ફિલીપાઇન પેસો"},"tr":{"code":"TRY","numeric":949,"native":"Türk Lirası","localized":"તુર્કિશ લિરા"},"tt":{"code":"RUB","numeric":643,"native":"Россия сумы","localized":"રશિયન રૂબલ"},"ug":{"code":"CNY","numeric":156,"native":"جۇڭگو يۈەنى","localized":"ચાઇનિઝ યુઆન"},"uk":{"code":"UAH","numeric":980,"native":"українська гривня","localized":"યુક્રેનિયન હ્રિવિનિયા"},"ur":{"code":"PKR","numeric":586,"native":"پاکستانی روپیہ","localized":"પાકિસ્તાની રૂપી"},"uz_Cyrl":{"code":"UZS","numeric":860,"native":"Ўзбекистон сўм","localized":"ઉઝ્બેકિસ્તાન સોમ"},"uz_Latn":{"code":"UZS","numeric":860,"native":"O‘zbekiston so‘mi","localized":"ઉઝ્બેકિસ્તાન સોમ"},"vi":{"code":"VND","numeric":704,"native":"Đồng Việt Nam","localized":"વિયેતનામીસ ડોંગ"},"xh":{"code":"ZAR","numeric":710,"native":"IRandi yaseMzantsi Afrika","localized":"દક્ષિણ આફ્રિકી રેંડ"},"yi":{"code":"USD","numeric":840,"native":"","localized":""},"yo":{"code":"NGN","numeric":566,"native":"Náírà Nàìjíríà","localized":"નાઇજીરિયન નૈરા"},"zh_CN":{"code":"CNY","numeric":156,"native":"人民币","localized":"ચાઇનિઝ યુઆન"},"zh_HK":{"code":"HKD","numeric":344,"native":"港元","localized":"હોંગ કોંગ ડૉલર"},"zh_TW":{"code":"TWD","numeric":901,"native":"新台币","localized":"ન્યુ તાઇવાન ડૉલર"},"zu":{"code":"ZAR","numeric":710,"native":"i-South African Rand","localized":"દક્ષિણ આફ્રિકી રેંડ"}}
