{"af":{"code":"ZAR","numeric":710,"native":"Suid-Afrikaanse rand","localized":"Kuɗin Afirka Ta Kudu"},"ak":{"code":"GHS","numeric":936,"native":"Ghana Sidi","localized":"Sidi na Ghana"},"am":{"code":"ETB","numeric":230,"native":"የኢትዮጵያ ብር","localized":"Kuɗin Habasha"},"ar":{"code":"EGP","numeric":818,"native":"جنيه مصري","localized":"Fam kin Masar"},"as":{"code":"INR","numeric":356,"native":"ভাৰতীয় ৰুপী","localized":"Kuɗin Indiya"},"az":{"code":"AZN","numeric":944,"native":"Azərbaycan Manatı","localized":"Kuɗin Azerbaijani"},"be":{"code":"BYN","numeric":840,"native":"беларускі рубель","localized":"Kuɗin Belarus"},"bg":{"code":"BGN","numeric":975,"native":"Български лев","localized":"Kuɗin Bulgeria"},"bho":{"code":"INR","numeric":356,"native":"INR","localized":"Kuɗin Indiya"},"bm":{"code":"XOF","numeric":952,"native":"sefa Fraŋ (BCEAO)","localized":"Kuɗin Sefa na Afirka Ta Yamma"},"bn":{"code":"BDT","numeric":50,"native":"বাংলাদেশী টাকা","localized":"Taka na ƙasar Bangladesh"},"bs":{"code":"BAM","numeric":977,"native":"Bosanskohercegovačka konvertibilna marka","localized":"Kuɗaɗen Bosnia da Herzegovina"},"ca":{"code":"EUR","numeric":978,"native":"euro","localized":"Yuro"},"ceb":{"code":"PHP","numeric":608,"native":"Philippine Peso","localized":"Kuɗin Philippine"},"ckb":{"code":"IQD","numeric":368,"native":"IQD","localized":"Dinarin Iraqi"},"cs":{"code":"CZK","numeric":203,"native":"česká koruna","localized":"Kuɗin Czech"},"cy":{"code":"GBP","numeric":826,"native":"Punt Prydain","localized":"Fam na Ingila"},"da":{"code":"DKK","numeric":208,"native":"dansk krone","localized":"Krone na ƙasar Denmark"},"de":{"code":"EUR","numeric":978,"native":"Euro","localized":"Yuro"},"de_CH":{"code":"CHF","numeric":756,"native":"Schweizer Franken","localized":"Kuɗin Suwizalan"},"doi":{"code":"INR","numeric":356,"native":"भारती रपेऽ","localized":"Kuɗin Indiya"},"ee":{"code":"GHS","numeric":936,"native":"ghana siɖi","localized":"Sidi na Ghana"},"el":{"code":"EUR","numeric":978,"native":"Ευρώ","localized":"Yuro"},"en":{"code":"USD","numeric":840,"native":"US Dollar","localized":"Dalar Amurka"},"en_CA":{"code":"CAD","numeric":124,"native":"Canadian Dollar","localized":"Dalar Kanada"},"eo":{"code":"USD","numeric":840,"native":"","localized":""},"es":{"code":"EUR","numeric":978,"native":"euro","localized":"Yuro"},"et":{"code":"EUR","numeric":978,"native":"euro","localized":"Yuro"},"eu":{"code":"EUR","numeric":978,"native":"euroa","localized":"Yuro"},"fa":{"code":"IRR","numeric":364,"native":"ریال ایران","localized":"Riyal na ƙasar Iran"},"fi":{"code":"EUR","numeric":978,"native":"euro","localized":"Yuro"},"fil":{"code":"PHP","numeric":608,"native":"Piso ng Pilipinas","localized":"Kuɗin Philippine"},"fr":{"code":"EUR","numeric":978,"native":"euro","localized":"Yuro"},"fy":{"code":"EUR","numeric":978,"native":"Euro","localized":"Yuro"},"ga":{"code":"EUR","numeric":978,"native":"Euro","localized":"Yuro"},"gd":{"code":"GBP","numeric":826,"native":"Punnd Sasannach","localized":"Fam na Ingila"},"gl":{"code":"EUR","numeric":978,"native":"euro","localized":"Yuro"},"gu":{"code":"INR","numeric":356,"native":"ભારતીય રૂપિયા","localized":"Kuɗin Indiya"},"ha":{"code":"NGN","numeric":566,"native":"Nairar Najeriya","localized":"Nairar Najeriya"},"haw":{"code":"USD","numeric":840,"native":"USD","localized":"Dalar Amurka"},"he":{"code":"ILS","numeric":376,"native":"שקל חדש","localized":"Sabbin Kuɗin Israʼila"},"hi":{"code":"INR","numeric":356,"native":"भारतीय रुपया","localized":"Kuɗin Indiya"},"hr":{"code":"EUR","numeric":978,"native":"euro","localized":"Yuro"},"hu":{"code":"HUF","numeric":348,"native":"magyar forint","localized":"Kuɗin Hungary"},"hy":{"code":"AMD","numeric":51,"native":"հայկական դրամ","localized":"Kuɗin Armenia"},"id":{"code":"IDR","numeric":360,"native":"Rupiah Indonesia","localized":"Rupiah na ƙasar Indonesia"},"ig":{"code":"NGN","numeric":566,"native":"Naịra","localized":"Nairar Najeriya"},"is":{"code":"ISK","numeric":352,"native":"íslensk króna","localized":"Króna na ƙasar Iceland"},"it":{"code":"EUR","numeric":978,"native":"euro","localized":"Yuro"},"ja":{"code":"JPY","numeric":392,"native":"日本円","localized":"Yen na ƙasar Japan"},"ka":{"code":"GEL","numeric":981,"native":"ქართული ლარი","localized":"Kuɗin Georgia"},"kk":{"code":"KZT","numeric":398,"native":"Қазақстан теңгесі","localized":"Tenge na ƙasar Kazkhstan"},"km":{"code":"KHR","numeric":116,"native":"រៀល​កម្ពុជា","localized":"Riel na ƙasar Cambodia"},"kn":{"code":"INR","numeric":356,"native":"ಭಾರತೀಯ ರೂಪಾಯಿ","localized":"Kuɗin Indiya"},"ko":{"code":"KRW","numeric":410,"native":"대한민국 원","localized":"Won na Koriya ta Kudu"},"ku":{"code":"TRY","numeric":949,"native":"TRY","localized":"Kuɗin Turkiyya"},"ky":{"code":"KGS","numeric":417,"native":"Кыргызстан сому","localized":"Som na ƙasar Kyrgystani"},"lb":{"code":"EUR","numeric":978,"native":"Euro","localized":"Yuro"},"lg":{"code":"UGX","numeric":800,"native":"Silingi eya Yuganda","localized":"Sule Yuganda"},"ln":{"code":"CDF","numeric":976,"native":"Falánga ya Kongó","localized":"Kuɗin Kongo"},"lo":{"code":"LAK","numeric":418,"native":"ລາວ ກີບ","localized":"Kuɗin Laos"},"lt":{"code":"EUR","numeric":978,"native":"Euras","localized":"Yuro"},"lv":{"code":"EUR","numeric":978,"native":"eiro","localized":"Yuro"},"mai":{"code":"INR","numeric":356,"native":"भारतीय रुपया","localized":"Kuɗin Indiya"},"mg":{"code":"MGA","numeric":969,"native":"Ariary","localized":"Kuɗin Madagaskar"},"mi":{"code":"NZD","numeric":554,"native":"Tāra o Aotearoa","localized":"Dalar New Zealand"},"mk":{"code":"MKD","numeric":807,"native":"Македонски денар","localized":"Dinarin Macedonia"},"ml":{"code":"INR","numeric":356,"native":"ഇന്ത്യൻ രൂപ","localized":"Kuɗin Indiya"},"mn":{"code":"MNT","numeric":496,"native":"Монгол төгрөг","localized":"Tugrik na Mongolia"},"mni_Mtei":{"code":"INR","numeric":356,"native":"Indian Rupee","localized":"Kuɗin Indiya"},"mr":{"code":"INR","numeric":356,"native":"भारतीय रुपया","localized":"Kuɗin Indiya"},"ms":{"code":"MYR","numeric":458,"native":"Ringgit Malaysia","localized":"Kuɗin Malaysia"},"mt":{"code":"EUR","numeric":978,"native":"ewro","localized":"Yuro"},"my":{"code":"MMK","numeric":104,"native":"မြန်မာ ကျပ်","localized":"Kuɗin Myanmar"},"nb":{"code":"NOK","numeric":578,"native":"norske kroner","localized":"Krone na ƙasar Norway"},"ne":{"code":"NPR","numeric":524,"native":"नेपाली रूपैयाँ","localized":"Rupee na Nepal"},"nl":{"code":"EUR","numeric":978,"native":"Euro","localized":"Yuro"},"nn":{"code":"NOK","numeric":578,"native":"norske kroner","localized":"Krone na ƙasar Norway"},"oc":{"code":"EUR","numeric":978,"native":"EUR","localized":"Yuro"},"om":{"code":"ETB","numeric":230,"native":"Itoophiyaa Birrii","localized":"Kuɗin Habasha"},"or":{"code":"INR","numeric":356,"native":"ଭାରତୀୟ ଟଙ୍କା","localized":"Kuɗin Indiya"},"pa":{"code":"INR","numeric":356,"native":"ਭਾਰਤੀ ਰੁਪਇਆ","localized":"Kuɗin Indiya"},"pl":{"code":"PLN","numeric":985,"native":"złoty polski","localized":"Kuɗin Polan"},"ps":{"code":"AFN","numeric":971,"native":"افغانۍ","localized":"Afghani na ƙasar Afghanistan"},"pt":{"code":"BRL","numeric":986,"native":"Real brasileiro","localized":"Ril Kudin Birazil"},"pt_BR":{"code":"BRL","numeric":986,"native":"Real brasileiro","localized":"Ril Kudin Birazil"},"qu":{"code":"PEN","numeric":604,"native":"Sol Peruano","localized":"Sol na ƙasar Peru"},"ro":{"code":"RON","numeric":946,"native":"leu românesc","localized":"Kuɗin Romania"},"ru":{"code":"RUB","numeric":643,"native":"российский рубль","localized":"Ruble na ƙasar Rasha"},"rw":{"code":"RWF","numeric":646,"native":"RWF","localized":"Kuɗin Ruwanda"},"sa":{"code":"INR","numeric":356,"native":"भारतीय रूप्यकम्","localized":"Kuɗin Indiya"},"sc":{"code":"EUR","numeric":978,"native":"èuro","localized":"Yuro"},"sd":{"code":"PKR","numeric":586,"native":"پاڪستاني رپي","localized":"Rupee na ƙasar Pakistan"},"si":{"code":"LKR","numeric":144,"native":"ශ්‍රී ලංකා රුපියල","localized":"Rupee na ƙasar Sri Lanka"},"sk":{"code":"EUR","numeric":978,"native":"euro","localized":"Yuro"},"sl":{"code":"EUR","numeric":978,"native":"evro","localized":"Yuro"},"sn":{"code":"USD","numeric":840,"native":"Dora re Amerika","localized":"Dalar Amurka"},"so":{"code":"SOS","numeric":706,"native":"Shilingka Soomaaliya","localized":"Sulen Somaliya"},"sq":{"code":"ALL","numeric":8,"native":"Leku shqiptar","localized":"Kuɗin Albania"},"sr_Cyrl":{"code":"RSD","numeric":941,"native":"српски динар","localized":"Dinarin Serbia"},"sr_Latn":{"code":"RSD","numeric":941,"native":"srpski dinar","localized":"Dinarin Serbia"},"sr_Latn_ME":{"code":"EUR","numeric":978,"native":"Evro","localized":"Yuro"},"su":{"code":"IDR","numeric":360,"native":"Rupee Indonésia","localized":"Rupiah na ƙasar Indonesia"},"sv":{"code":"SEK","numeric":752,"native":"svensk krona","localized":"Krona na ƙasar Sweden"},"sw":{"code":"TZS","numeric":834,"native":"Shilingi ya Tanzania","localized":"Sulen Tanzaniya"},"ta":{"code":"INR","numeric":356,"native":"இந்திய ரூபாய்","localized":"Kuɗin Indiya"},"te":{"code":"INR","numeric":356,"native":"భారతదేశ రూపాయి","localized":"Kuɗin Indiya"},"tg":{"code":"TJS","numeric":972,"native":"Сомонӣ","localized":"Somoni na ƙasar Tajikistan"},"th":{"code":"THB","numeric":764,"native":"บาท","localized":"Baht na ƙasar Thailand"},"ti":{"code":"ETB","numeric":230,"native":"ብር","localized":"Kuɗin Habasha"},"tk":{"code":"TMT","numeric":934,"native":"Türkmen manady","localized":"Manat na ƙasar Turkmenistan"},"tl":{"code":"PHP","numeric":608,"native":"Philippine Peso","localized":"Kuɗin Philippine"},"tr":{"code":"TRY","numeric":949,"native":"Türk Lirası","localized":"Kuɗin Turkiyya"},"tt":{"code":"RUB","numeric":643,"native":"Россия сумы","localized":"Ruble na ƙasar Rasha"},"ug":{"code":"CNY","numeric":156,"native":"جۇڭگو يۈەنى","localized":"Yuwan na ƙasar Sin"},"uk":{"code":"UAH","numeric":980,"native":"українська гривня","localized":"Kudin Ukrainian"},"ur":{"code":"PKR","numeric":586,"native":"پاکستانی روپیہ","localized":"Rupee na ƙasar Pakistan"},"uz_Cyrl":{"code":"UZS","numeric":860,"native":"Ўзбекистон сўм","localized":"Som na ƙasar Uzbekistan"},"uz_Latn":{"code":"UZS","numeric":860,"native":"O‘zbekiston so‘mi","localized":"Som na ƙasar Uzbekistan"},"vi":{"code":"VND","numeric":704,"native":"Đồng Việt Nam","localized":"Kuɗin Vietnam"},"xh":{"code":"ZAR","numeric":710,"native":"IRandi yaseMzantsi Afrika","localized":"Kuɗin Afirka Ta Kudu"},"yi":{"code":"USD","numeric":840,"native":"","localized":""},"yo":{"code":"NGN","numeric":566,"native":"Náírà Nàìjíríà","localized":"Nairar Najeriya"},"zh_CN":{"code":"CNY","numeric":156,"native":"人民币","localized":"Yuwan na ƙasar Sin"},"zh_HK":{"code":"HKD","numeric":344,"native":"港元","localized":"Dalar Hong Kong"},"zh_TW":{"code":"TWD","numeric":901,"native":"新台币","localized":"Sabuwar Dalar Taiwan"},"zu":{"code":"ZAR","numeric":710,"native":"i-South African Rand","localized":"Kuɗin Afirka Ta Kudu"}}
