{"af":{"code":"ZAR","numeric":710,"native":"Suid-Afrikaanse rand","localized":"ראנד דרום אפריקאי"},"ak":{"code":"GHS","numeric":936,"native":"Ghana Sidi","localized":"סדי גאני"},"am":{"code":"ETB","numeric":230,"native":"የኢትዮጵያ ብር","localized":"ביר אתיופי"},"ar":{"code":"EGP","numeric":818,"native":"جنيه مصري","localized":"לירה מצרית"},"as":{"code":"INR","numeric":356,"native":"ভাৰতীয় ৰুপী","localized":"רופי הודי"},"az":{"code":"AZN","numeric":944,"native":"Azərbaycan Manatı","localized":"מאנאט אזרבייג׳ני"},"be":{"code":"BYN","numeric":840,"native":"беларускі рубель","localized":"רובל בלרוסי"},"bg":{"code":"BGN","numeric":975,"native":"Български лев","localized":"לב בולגרי"},"bho":{"code":"INR","numeric":356,"native":"INR","localized":"רופי הודי"},"bm":{"code":"XOF","numeric":952,"native":"sefa Fraŋ (BCEAO)","localized":"פרנק CFA מערב אפריקני"},"bn":{"code":"BDT","numeric":50,"native":"বাংলাদেশী টাকা","localized":"טאקה בנגלדשי"},"bs":{"code":"BAM","numeric":977,"native":"Bosanskohercegovačka konvertibilna marka","localized":"מארק סחיר של בוסניה והרצגובינה"},"ca":{"code":"EUR","numeric":978,"native":"euro","localized":"אירו"},"ceb":{"code":"PHP","numeric":608,"native":"Philippine Peso","localized":"פסו פיליפיני"},"ckb":{"code":"IQD","numeric":368,"native":"IQD","localized":"דינר עיראקי"},"cs":{"code":"CZK","numeric":203,"native":"česká koruna","localized":"קורונה צ׳כית"},"cy":{"code":"GBP","numeric":826,"native":"Punt Prydain","localized":"לירה שטרלינג"},"da":{"code":"DKK","numeric":208,"native":"dansk krone","localized":"כתר דני"},"de":{"code":"EUR","numeric":978,"native":"Euro","localized":"אירו"},"de_CH":{"code":"CHF","numeric":756,"native":"Schweizer Franken","localized":"פרנק שוויצרי"},"doi":{"code":"INR","numeric":356,"native":"भारती रपेऽ","localized":"רופי הודי"},"ee":{"code":"GHS","numeric":936,"native":"ghana siɖi","localized":"סדי גאני"},"el":{"code":"EUR","numeric":978,"native":"Ευρώ","localized":"אירו"},"en":{"code":"USD","numeric":840,"native":"US Dollar","localized":"דולר אמריקאי"},"en_CA":{"code":"CAD","numeric":124,"native":"Canadian Dollar","localized":"דולר קנדי"},"eo":{"code":"USD","numeric":840,"native":"","localized":""},"es":{"code":"EUR","numeric":978,"native":"euro","localized":"אירו"},"et":{"code":"EUR","numeric":978,"native":"euro","localized":"אירו"},"eu":{"code":"EUR","numeric":978,"native":"euroa","localized":"אירו"},"fa":{"code":"IRR","numeric":364,"native":"ریال ایران","localized":"ריאל איראני"},"fi":{"code":"EUR","numeric":978,"native":"euro","localized":"אירו"},"fil":{"code":"PHP","numeric":608,"native":"Piso ng Pilipinas","localized":"פסו פיליפיני"},"fr":{"code":"EUR","numeric":978,"native":"euro","localized":"אירו"},"fy":{"code":"EUR","numeric":978,"native":"Euro","localized":"אירו"},"ga":{"code":"EUR","numeric":978,"native":"Euro","localized":"אירו"},"gd":{"code":"GBP","numeric":826,"native":"Punnd Sasannach","localized":"לירה שטרלינג"},"gl":{"code":"EUR","numeric":978,"native":"euro","localized":"אירו"},"gu":{"code":"INR","numeric":356,"native":"ભારતીય રૂપિયા","localized":"רופי הודי"},"ha":{"code":"NGN","numeric":566,"native":"Nairar Najeriya","localized":"נאירה ניגרי"},"haw":{"code":"USD","numeric":840,"native":"USD","localized":"דולר אמריקאי"},"he":{"code":"ILS","numeric":376,"native":"שקל חדש","localized":"שקל חדש"},"hi":{"code":"INR","numeric":356,"native":"भारतीय रुपया","localized":"רופי הודי"},"hr":{"code":"EUR","numeric":978,"native":"euro","localized":"אירו"},"hu":{"code":"HUF","numeric":348,"native":"magyar forint","localized":"פורינט הונגרי"},"hy":{"code":"AMD","numeric":51,"native":"հայկական դրամ","localized":"דראם ארמני"},"id":{"code":"IDR","numeric":360,"native":"Rupiah Indonesia","localized":"רופיה אינדונזית"},"ig":{"code":"NGN","numeric":566,"native":"Naịra","localized":"נאירה ניגרי"},"is":{"code":"ISK","numeric":352,"native":"íslensk króna","localized":"כתר איסלנדי"},"it":{"code":"EUR","numeric":978,"native":"euro","localized":"אירו"},"ja":{"code":"JPY","numeric":392,"native":"日本円","localized":"ין יפני"},"ka":{"code":"GEL","numeric":981,"native":"ქართული ლარი","localized":"לארי גאורגי"},"kk":{"code":"KZT","numeric":398,"native":"Қазақстан теңгесі","localized":"טנגה קזחסטני"},"km":{"code":"KHR","numeric":116,"native":"រៀល​កម្ពុជា","localized":"ריל קמבודי"},"kn":{"code":"INR","numeric":356,"native":"ಭಾರತೀಯ ರೂಪಾಯಿ","localized":"רופי הודי"},"ko":{"code":"KRW","numeric":410,"native":"대한민국 원","localized":"וון דרום קוריאני"},"ku":{"code":"TRY","numeric":949,"native":"TRY","localized":"לירה טורקית חדשה"},"ky":{"code":"KGS","numeric":417,"native":"Кыргызстан сому","localized":"סום קירגיזי"},"lb":{"code":"EUR","numeric":978,"native":"Euro","localized":"אירו"},"lg":{"code":"UGX","numeric":800,"native":"Silingi eya Yuganda","localized":"שילינג אוגנדי"},"ln":{"code":"CDF","numeric":976,"native":"Falánga ya Kongó","localized":"פרנק קונגולזי"},"lo":{"code":"LAK","numeric":418,"native":"ລາວ ກີບ","localized":"קיפ לאי"},"lt":{"code":"EUR","numeric":978,"native":"Euras","localized":"אירו"},"lv":{"code":"EUR","numeric":978,"native":"eiro","localized":"אירו"},"mai":{"code":"INR","numeric":356,"native":"भारतीय रुपया","localized":"רופי הודי"},"mg":{"code":"MGA","numeric":969,"native":"Ariary","localized":"אריארי מלגשי"},"mi":{"code":"NZD","numeric":554,"native":"Tāra o Aotearoa","localized":"דולר ניו זילנדי"},"mk":{"code":"MKD","numeric":807,"native":"Македонски денар","localized":"דינר מקדוני"},"ml":{"code":"INR","numeric":356,"native":"ഇന്ത്യൻ രൂപ","localized":"רופי הודי"},"mn":{"code":"MNT","numeric":496,"native":"Монгол төгрөг","localized":"טוגרוג מונגולי"},"mni_Mtei":{"code":"INR","numeric":356,"native":"Indian Rupee","localized":"רופי הודי"},"mr":{"code":"INR","numeric":356,"native":"भारतीय रुपया","localized":"רופי הודי"},"ms":{"code":"MYR","numeric":458,"native":"Ringgit Malaysia","localized":"רינגיט מלזי"},"mt":{"code":"EUR","numeric":978,"native":"ewro","localized":"אירו"},"my":{"code":"MMK","numeric":104,"native":"မြန်မာ ကျပ်","localized":"קיאט מיאנמרי"},"nb":{"code":"NOK","numeric":578,"native":"norske kroner","localized":"כתר נורווגי"},"ne":{"code":"NPR","numeric":524,"native":"नेपाली रूपैयाँ","localized":"רופי נפאלי"},"nl":{"code":"EUR","numeric":978,"native":"Euro","localized":"אירו"},"nn":{"code":"NOK","numeric":578,"native":"norske kroner","localized":"כתר נורווגי"},"oc":{"code":"EUR","numeric":978,"native":"EUR","localized":"אירו"},"om":{"code":"ETB","numeric":230,"native":"Itoophiyaa Birrii","localized":"ביר אתיופי"},"or":{"code":"INR","numeric":356,"native":"ଭାରତୀୟ ଟଙ୍କା","localized":"רופי הודי"},"pa":{"code":"INR","numeric":356,"native":"ਭਾਰਤੀ ਰੁਪਇਆ","localized":"רופי הודי"},"pl":{"code":"PLN","numeric":985,"native":"złoty polski","localized":"זלוטי פולני"},"ps":{"code":"AFN","numeric":971,"native":"افغانۍ","localized":"אפגני אפגני"},"pt":{"code":"BRL","numeric":986,"native":"Real brasileiro","localized":"ריאל ברזילאי"},"pt_BR":{"code":"BRL","numeric":986,"native":"Real brasileiro","localized":"ריאל ברזילאי"},"qu":{"code":"PEN","numeric":604,"native":"Sol Peruano","localized":"סול פרואני"},"ro":{"code":"RON","numeric":946,"native":"leu românesc","localized":"לאו רומני"},"ru":{"code":"RUB","numeric":643,"native":"российский рубль","localized":"רובל רוסי"},"rw":{"code":"RWF","numeric":646,"native":"RWF","localized":"פרנק רואנדי"},"sa":{"code":"INR","numeric":356,"native":"भारतीय रूप्यकम्","localized":"רופי הודי"},"sc":{"code":"EUR","numeric":978,"native":"èuro","localized":"אירו"},"sd":{"code":"PKR","numeric":586,"native":"پاڪستاني رپي","localized":"רופי פקיסטני"},"si":{"code":"LKR","numeric":144,"native":"ශ්‍රී ලංකා රුපියල","localized":"רופי סרי לנקי"},"sk":{"code":"EUR","numeric":978,"native":"euro","localized":"אירו"},"sl":{"code":"EUR","numeric":978,"native":"evro","localized":"אירו"},"sn":{"code":"USD","numeric":840,"native":"Dora re Amerika","localized":"דולר אמריקאי"},"so":{"code":"SOS","numeric":706,"native":"Shilingka Soomaaliya","localized":"שילינג סומלי"},"sq":{"code":"ALL","numeric":8,"native":"Leku shqiptar","localized":"לק אלבני"},"sr_Cyrl":{"code":"RSD","numeric":941,"native":"српски динар","localized":"דינר סרבי"},"sr_Latn":{"code":"RSD","numeric":941,"native":"srpski dinar","localized":"דינר סרבי"},"sr_Latn_ME":{"code":"EUR","numeric":978,"native":"Evro","localized":"אירו"},"su":{"code":"IDR","numeric":360,"native":"Rupee Indonésia","localized":"רופיה אינדונזית"},"sv":{"code":"SEK","numeric":752,"native":"svensk krona","localized":"כתר שוודי"},"sw":{"code":"TZS","numeric":834,"native":"Shilingi ya Tanzania","localized":"שילינג טנזני"},"ta":{"code":"INR","numeric":356,"native":"இந்திய ரூபாய்","localized":"רופי הודי"},"te":{"code":"INR","numeric":356,"native":"భారతదేశ రూపాయి","localized":"רופי הודי"},"tg":{"code":"TJS","numeric":972,"native":"Сомонӣ","localized":"סומוני טג׳קיסטני"},"th":{"code":"THB","numeric":764,"native":"บาท","localized":"בהט תאילנדי"},"ti":{"code":"ETB","numeric":230,"native":"ብር","localized":"ביר אתיופי"},"tk":{"code":"TMT","numeric":934,"native":"Türkmen manady","localized":"מאנאט טורקמני"},"tl":{"code":"PHP","numeric":608,"native":"Philippine Peso","localized":"פסו פיליפיני"},"tr":{"code":"TRY","numeric":949,"native":"Türk Lirası","localized":"לירה טורקית חדשה"},"tt":{"code":"RUB","numeric":643,"native":"Россия сумы","localized":"רובל רוסי"},"ug":{"code":"CNY","numeric":156,"native":"جۇڭگو يۈەنى","localized":"יואן סיני"},"uk":{"code":"UAH","numeric":980,"native":"українська гривня","localized":"הריבנה אוקראיני"},"ur":{"code":"PKR","numeric":586,"native":"پاکستانی روپیہ","localized":"רופי פקיסטני"},"uz_Cyrl":{"code":"UZS","numeric":860,"native":"Ўзбекистон сўм","localized":"סום אוזבקי"},"uz_Latn":{"code":"UZS","numeric":860,"native":"O‘zbekiston so‘mi","localized":"סום אוזבקי"},"vi":{"code":"VND","numeric":704,"native":"Đồng Việt Nam","localized":"דונג וייטנאמי"},"xh":{"code":"ZAR","numeric":710,"native":"IRandi yaseMzantsi Afrika","localized":"ראנד דרום אפריקאי"},"yi":{"code":"USD","numeric":840,"native":"","localized":""},"yo":{"code":"NGN","numeric":566,"native":"Náírà Nàìjíríà","localized":"נאירה ניגרי"},"zh_CN":{"code":"CNY","numeric":156,"native":"人民币","localized":"יואן סיני"},"zh_HK":{"code":"HKD","numeric":344,"native":"港元","localized":"דולר הונג קונגי"},"zh_TW":{"code":"TWD","numeric":901,"native":"新台币","localized":"דולר טייוואני חדש"},"zu":{"code":"ZAR","numeric":710,"native":"i-South African Rand","localized":"ראנד דרום אפריקאי"}}
