{"af":{"code":"ZAR","numeric":710,"native":"Suid-Afrikaanse rand","localized":"दक्षिण अफ़्रीकी रैंड"},"ak":{"code":"GHS","numeric":936,"native":"Ghana Sidi","localized":"घानियन सेडी"},"am":{"code":"ETB","numeric":230,"native":"የኢትዮጵያ ብር","localized":"इथियोपियन बिर"},"ar":{"code":"EGP","numeric":818,"native":"جنيه مصري","localized":"मिस्र पाउंड"},"as":{"code":"INR","numeric":356,"native":"ভাৰতীয় ৰুপী","localized":"भारतीय रुपया"},"az":{"code":"AZN","numeric":944,"native":"Azərbaycan Manatı","localized":"अज़रबैजानी मैनेट"},"be":{"code":"BYN","numeric":840,"native":"беларускі рубель","localized":"बेलारूसी रूबल"},"bg":{"code":"BGN","numeric":975,"native":"Български лев","localized":"बुल्गारियाई लेव"},"bho":{"code":"INR","numeric":356,"native":"INR","localized":"भारतीय रुपया"},"bm":{"code":"XOF","numeric":952,"native":"sefa Fraŋ (BCEAO)","localized":"पश्चिमी अफ़्रीकी CFA फ़्रैंक"},"bn":{"code":"BDT","numeric":50,"native":"বাংলাদেশী টাকা","localized":"बांग्लादेशी टका"},"bs":{"code":"BAM","numeric":977,"native":"Bosanskohercegovačka konvertibilna marka","localized":"बोस्निया हर्ज़ेगोविना परिवर्तनीय मार्क"},"ca":{"code":"EUR","numeric":978,"native":"euro","localized":"यूरो"},"ceb":{"code":"PHP","numeric":608,"native":"Philippine Peso","localized":"फ़िलिपीनी पेसो"},"ckb":{"code":"IQD","numeric":368,"native":"IQD","localized":"इराकी दिनार"},"cs":{"code":"CZK","numeric":203,"native":"česká koruna","localized":"चेक गणराज्य कोरुना"},"cy":{"code":"GBP","numeric":826,"native":"Punt Prydain","localized":"ब्रिटिश पाउंड स्टर्लिंग"},"da":{"code":"DKK","numeric":208,"native":"dansk krone","localized":"डैनिश क्रोन"},"de":{"code":"EUR","numeric":978,"native":"Euro","localized":"यूरो"},"de_CH":{"code":"CHF","numeric":756,"native":"Schweizer Franken","localized":"स्विस फ़्रैंक"},"doi":{"code":"INR","numeric":356,"native":"भारती रपेऽ","localized":"भारतीय रुपया"},"ee":{"code":"GHS","numeric":936,"native":"ghana siɖi","localized":"घानियन सेडी"},"el":{"code":"EUR","numeric":978,"native":"Ευρώ","localized":"यूरो"},"en":{"code":"USD","numeric":840,"native":"US Dollar","localized":"यूएस डॉलर"},"en_CA":{"code":"CAD","numeric":124,"native":"Canadian Dollar","localized":"कनाडाई डॉलर"},"eo":{"code":"USD","numeric":840,"native":"","localized":""},"es":{"code":"EUR","numeric":978,"native":"euro","localized":"यूरो"},"et":{"code":"EUR","numeric":978,"native":"euro","localized":"यूरो"},"eu":{"code":"EUR","numeric":978,"native":"euroa","localized":"यूरो"},"fa":{"code":"IRR","numeric":364,"native":"ریال ایران","localized":"ईरानी रियाल"},"fi":{"code":"EUR","numeric":978,"native":"euro","localized":"यूरो"},"fil":{"code":"PHP","numeric":608,"native":"Piso ng Pilipinas","localized":"फ़िलिपीनी पेसो"},"fr":{"code":"EUR","numeric":978,"native":"euro","localized":"यूरो"},"fy":{"code":"EUR","numeric":978,"native":"Euro","localized":"यूरो"},"ga":{"code":"EUR","numeric":978,"native":"Euro","localized":"यूरो"},"gd":{"code":"GBP","numeric":826,"native":"Punnd Sasannach","localized":"ब्रिटिश पाउंड स्टर्लिंग"},"gl":{"code":"EUR","numeric":978,"native":"euro","localized":"यूरो"},"gu":{"code":"INR","numeric":356,"native":"ભારતીય રૂપિયા","localized":"भारतीय रुपया"},"ha":{"code":"NGN","numeric":566,"native":"Nairar Najeriya","localized":"नाइजीरियाई नाइरा"},"haw":{"code":"USD","numeric":840,"native":"USD","localized":"यूएस डॉलर"},"he":{"code":"ILS","numeric":376,"native":"שקל חדש","localized":"इज़राइली न्यू शेकेल"},"hi":{"code":"INR","numeric":356,"native":"भारतीय रुपया","localized":"भारतीय रुपया"},"hr":{"code":"EUR","numeric":978,"native":"euro","localized":"यूरो"},"hu":{"code":"HUF","numeric":348,"native":"magyar forint","localized":"हंगेरियन फ़ोरिंट"},"hy":{"code":"AMD","numeric":51,"native":"հայկական դրամ","localized":"आर्मेनियाई द्राम"},"id":{"code":"IDR","numeric":360,"native":"Rupiah Indonesia","localized":"इंडोनेशियाई रुपिया"},"ig":{"code":"NGN","numeric":566,"native":"Naịra","localized":"नाइजीरियाई नाइरा"},"is":{"code":"ISK","numeric":352,"native":"íslensk króna","localized":"आइसलैंडिक क्रोना"},"it":{"code":"EUR","numeric":978,"native":"euro","localized":"यूरो"},"ja":{"code":"JPY","numeric":392,"native":"日本円","localized":"जापानी येन"},"ka":{"code":"GEL","numeric":981,"native":"ქართული ლარი","localized":"जॉर्जियन लारी"},"kk":{"code":"KZT","numeric":398,"native":"Қазақстан теңгесі","localized":"कज़ाखिस्तानी टेंज़"},"km":{"code":"KHR","numeric":116,"native":"រៀល​កម្ពុជា","localized":"कंबोडियाई रियाल"},"kn":{"code":"INR","numeric":356,"native":"ಭಾರತೀಯ ರೂಪಾಯಿ","localized":"भारतीय रुपया"},"ko":{"code":"KRW","numeric":410,"native":"대한민국 원","localized":"दक्षिण कोरियाई वॉन"},"ku":{"code":"TRY","numeric":949,"native":"TRY","localized":"तुर्की लीरा"},"ky":{"code":"KGS","numeric":417,"native":"Кыргызстан сому","localized":"किर्गिस्तानी सोम"},"lb":{"code":"EUR","numeric":978,"native":"Euro","localized":"यूरो"},"lg":{"code":"UGX","numeric":800,"native":"Silingi eya Yuganda","localized":"युगांडाई शिलिंग"},"ln":{"code":"CDF","numeric":976,"native":"Falánga ya Kongó","localized":"कोंगोली फ़्रैंक"},"lo":{"code":"LAK","numeric":418,"native":"ລາວ ກີບ","localized":"लाओशियन किप"},"lt":{"code":"EUR","numeric":978,"native":"Euras","localized":"यूरो"},"lv":{"code":"EUR","numeric":978,"native":"eiro","localized":"यूरो"},"mai":{"code":"INR","numeric":356,"native":"भारतीय रुपया","localized":"भारतीय रुपया"},"mg":{"code":"MGA","numeric":969,"native":"Ariary","localized":"मालागासी आरियरी"},"mi":{"code":"NZD","numeric":554,"native":"Tāra o Aotearoa","localized":"न्यूज़ीलैंड डॉलर"},"mk":{"code":"MKD","numeric":807,"native":"Македонски денар","localized":"मैसीडोनियन दिनार"},"ml":{"code":"INR","numeric":356,"native":"ഇന്ത്യൻ രൂപ","localized":"भारतीय रुपया"},"mn":{"code":"MNT","numeric":496,"native":"Монгол төгрөг","localized":"मंगोलियाई टगरिक"},"mni_Mtei":{"code":"INR","numeric":356,"native":"Indian Rupee","localized":"भारतीय रुपया"},"mr":{"code":"INR","numeric":356,"native":"भारतीय रुपया","localized":"भारतीय रुपया"},"ms":{"code":"MYR","numeric":458,"native":"Ringgit Malaysia","localized":"मलेशियाई रिंगित"},"mt":{"code":"EUR","numeric":978,"native":"ewro","localized":"यूरो"},"my":{"code":"MMK","numeric":104,"native":"မြန်မာ ကျပ်","localized":"म्यांमार क्याट"},"nb":{"code":"NOK","numeric":578,"native":"norske kroner","localized":"नॉर्वेजियन क्रोन"},"ne":{"code":"NPR","numeric":524,"native":"नेपाली रूपैयाँ","localized":"नेपाली रुपया"},"nl":{"code":"EUR","numeric":978,"native":"Euro","localized":"यूरो"},"nn":{"code":"NOK","numeric":578,"native":"norske kroner","localized":"नॉर्वेजियन क्रोन"},"oc":{"code":"EUR","numeric":978,"native":"EUR","localized":"यूरो"},"om":{"code":"ETB","numeric":230,"native":"Itoophiyaa Birrii","localized":"इथियोपियन बिर"},"or":{"code":"INR","numeric":356,"native":"ଭାରତୀୟ ଟଙ୍କା","localized":"भारतीय रुपया"},"pa":{"code":"INR","numeric":356,"native":"ਭਾਰਤੀ ਰੁਪਇਆ","localized":"भारतीय रुपया"},"pl":{"code":"PLN","numeric":985,"native":"złoty polski","localized":"पोलिश ज़्लॉटी"},"ps":{"code":"AFN","numeric":971,"native":"افغانۍ","localized":"अफ़गान अफ़गानी"},"pt":{"code":"BRL","numeric":986,"native":"Real brasileiro","localized":"ब्राज़ीली रियाल"},"pt_BR":{"code":"BRL","numeric":986,"native":"Real brasileiro","localized":"ब्राज़ीली रियाल"},"qu":{"code":"PEN","numeric":604,"native":"Sol Peruano","localized":"पेरूवियन सोल"},"ro":{"code":"RON","numeric":946,"native":"leu românesc","localized":"रोमानियाई ल्यू"},"ru":{"code":"RUB","numeric":643,"native":"российский рубль","localized":"रूसी रूबल"},"rw":{"code":"RWF","numeric":646,"native":"RWF","localized":"रवांडाई फ़्रैंक"},"sa":{"code":"INR","numeric":356,"native":"भारतीय रूप्यकम्","localized":"भारतीय रुपया"},"sc":{"code":"EUR","numeric":978,"native":"èuro","localized":"यूरो"},"sd":{"code":"PKR","numeric":586,"native":"پاڪستاني رپي","localized":"पाकिस्तानी रुपया"},"si":{"code":"LKR","numeric":144,"native":"ශ්‍රී ලංකා රුපියල","localized":"श्रीलंकाई रुपया"},"sk":{"code":"EUR","numeric":978,"native":"euro","localized":"यूरो"},"sl":{"code":"EUR","numeric":978,"native":"evro","localized":"यूरो"},"sn":{"code":"USD","numeric":840,"native":"Dora re Amerika","localized":"यूएस डॉलर"},"so":{"code":"SOS","numeric":706,"native":"Shilingka Soomaaliya","localized":"सोमाली शिलिंग"},"sq":{"code":"ALL","numeric":8,"native":"Leku shqiptar","localized":"अल्बानियाई लेक"},"sr_Cyrl":{"code":"RSD","numeric":941,"native":"српски динар","localized":"सर्बियन दिनार"},"sr_Latn":{"code":"RSD","numeric":941,"native":"srpski dinar","localized":"सर्बियन दिनार"},"sr_Latn_ME":{"code":"EUR","numeric":978,"native":"Evro","localized":"यूरो"},"su":{"code":"IDR","numeric":360,"native":"Rupee Indonésia","localized":"इंडोनेशियाई रुपिया"},"sv":{"code":"SEK","numeric":752,"native":"svensk krona","localized":"स्वीडीश क्रोना"},"sw":{"code":"TZS","numeric":834,"native":"Shilingi ya Tanzania","localized":"तंज़ानियाई शिलिंग"},"ta":{"code":"INR","numeric":356,"native":"இந்திய ரூபாய்","localized":"भारतीय रुपया"},"te":{"code":"INR","numeric":356,"native":"భారతదేశ రూపాయి","localized":"भारतीय रुपया"},"tg":{"code":"TJS","numeric":972,"native":"Сомонӣ","localized":"ताजिकिस्तानी सोमोनी"},"th":{"code":"THB","numeric":764,"native":"บาท","localized":"थाई बहत"},"ti":{"code":"ETB","numeric":230,"native":"ብር","localized":"इथियोपियन बिर"},"tk":{"code":"TMT","numeric":934,"native":"Türkmen manady","localized":"तुर्कमेनिस्तानी मैनत"},"tl":{"code":"PHP","numeric":608,"native":"Philippine Peso","localized":"फ़िलिपीनी पेसो"},"tr":{"code":"TRY","numeric":949,"native":"Türk Lirası","localized":"तुर्की लीरा"},"tt":{"code":"RUB","numeric":643,"native":"Россия сумы","localized":"रूसी रूबल"},"ug":{"code":"CNY","numeric":156,"native":"جۇڭگو يۈەنى","localized":"चीनी युआन"},"uk":{"code":"UAH","numeric":980,"native":"українська гривня","localized":"यूक्रेनियन रिव्निया"},"ur":{"code":"PKR","numeric":586,"native":"پاکستانی روپیہ","localized":"पाकिस्तानी रुपया"},"uz_Cyrl":{"code":"UZS","numeric":860,"native":"Ўзбекистон сўм","localized":"उज़्बेकिस्तानी सोम"},"uz_Latn":{"code":"UZS","numeric":860,"native":"O‘zbekiston so‘mi","localized":"उज़्बेकिस्तानी सोम"},"vi":{"code":"VND","numeric":704,"native":"Đồng Việt Nam","localized":"वियतनामी डोंग"},"xh":{"code":"ZAR","numeric":710,"native":"IRandi yaseMzantsi Afrika","localized":"दक्षिण अफ़्रीकी रैंड"},"yi":{"code":"USD","numeric":840,"native":"","localized":""},"yo":{"code":"NGN","numeric":566,"native":"Náírà Nàìjíríà","localized":"नाइजीरियाई नाइरा"},"zh_CN":{"code":"CNY","numeric":156,"native":"人民币","localized":"चीनी युआन"},"zh_HK":{"code":"HKD","numeric":344,"native":"港元","localized":"हाँगकाँग डॉलर"},"zh_TW":{"code":"TWD","numeric":901,"native":"新台币","localized":"नया ताईवानी डॉलर"},"zu":{"code":"ZAR","numeric":710,"native":"i-South African Rand","localized":"दक्षिण अफ़्रीकी रैंड"}}
