{"af":{"code":"ZAR","numeric":710,"native":"Suid-Afrikaanse rand","localized":"հարավաֆրիկյան ռանդ"},"ak":{"code":"GHS","numeric":936,"native":"Ghana Sidi","localized":"գայանական սեդի"},"am":{"code":"ETB","numeric":230,"native":"የኢትዮጵያ ብር","localized":"եթովպիական բիր"},"ar":{"code":"EGP","numeric":818,"native":"جنيه مصري","localized":"եգիպտական ֆունտ"},"as":{"code":"INR","numeric":356,"native":"ভাৰতীয় ৰুপী","localized":"հնդկական ռուփի"},"az":{"code":"AZN","numeric":944,"native":"Azərbaycan Manatı","localized":"ադրբեջանական մանաթ"},"be":{"code":"BYN","numeric":840,"native":"беларускі рубель","localized":"բելառուսական ռուբլի"},"bg":{"code":"BGN","numeric":975,"native":"Български лев","localized":"բուլղարական լև"},"bho":{"code":"INR","numeric":356,"native":"INR","localized":"հնդկական ռուփի"},"bm":{"code":"XOF","numeric":952,"native":"sefa Fraŋ (BCEAO)","localized":"Արևմտյան Աֆրիկայի ԿՖԱ ֆրանկ"},"bn":{"code":"BDT","numeric":50,"native":"বাংলাদেশী টাকা","localized":"Բանգլադեշի տակա"},"bs":{"code":"BAM","numeric":977,"native":"Bosanskohercegovačka konvertibilna marka","localized":"Բոսնիա և Հերցեգովինայի փոխարկվող մարկ"},"ca":{"code":"EUR","numeric":978,"native":"euro","localized":"եվրո"},"ceb":{"code":"PHP","numeric":608,"native":"Philippine Peso","localized":"ֆիլիպինյան պեսո"},"ckb":{"code":"IQD","numeric":368,"native":"IQD","localized":"իրաքյան դինար"},"cs":{"code":"CZK","numeric":203,"native":"česká koruna","localized":"չեխական կրոն"},"cy":{"code":"GBP","numeric":826,"native":"Punt Prydain","localized":"բրիտանական ֆունտ ստերլինգ"},"da":{"code":"DKK","numeric":208,"native":"dansk krone","localized":"դանիական կրոն"},"de":{"code":"EUR","numeric":978,"native":"Euro","localized":"եվրո"},"de_CH":{"code":"CHF","numeric":756,"native":"Schweizer Franken","localized":"շվեյցարական ֆրանկ"},"doi":{"code":"INR","numeric":356,"native":"भारती रपेऽ","localized":"հնդկական ռուփի"},"ee":{"code":"GHS","numeric":936,"native":"ghana siɖi","localized":"գայանական սեդի"},"el":{"code":"EUR","numeric":978,"native":"Ευρώ","localized":"եվրո"},"en":{"code":"USD","numeric":840,"native":"US Dollar","localized":"ԱՄՆ դոլար"},"en_CA":{"code":"CAD","numeric":124,"native":"Canadian Dollar","localized":"կանադական դոլար"},"eo":{"code":"USD","numeric":840,"native":"","localized":""},"es":{"code":"EUR","numeric":978,"native":"euro","localized":"եվրո"},"et":{"code":"EUR","numeric":978,"native":"euro","localized":"եվրո"},"eu":{"code":"EUR","numeric":978,"native":"euroa","localized":"եվրո"},"fa":{"code":"IRR","numeric":364,"native":"ریال ایران","localized":"իրանական ռիալ"},"fi":{"code":"EUR","numeric":978,"native":"euro","localized":"եվրո"},"fil":{"code":"PHP","numeric":608,"native":"Piso ng Pilipinas","localized":"ֆիլիպինյան պեսո"},"fr":{"code":"EUR","numeric":978,"native":"euro","localized":"եվրո"},"fy":{"code":"EUR","numeric":978,"native":"Euro","localized":"եվրո"},"ga":{"code":"EUR","numeric":978,"native":"Euro","localized":"եվրո"},"gd":{"code":"GBP","numeric":826,"native":"Punnd Sasannach","localized":"բրիտանական ֆունտ ստերլինգ"},"gl":{"code":"EUR","numeric":978,"native":"euro","localized":"եվրո"},"gu":{"code":"INR","numeric":356,"native":"ભારતીય રૂપિયા","localized":"հնդկական ռուփի"},"ha":{"code":"NGN","numeric":566,"native":"Nairar Najeriya","localized":"նիգերիական նայրա"},"haw":{"code":"USD","numeric":840,"native":"USD","localized":"ԱՄՆ դոլար"},"he":{"code":"ILS","numeric":376,"native":"שקל חדש","localized":"Իսրայելի նոր շեկել"},"hi":{"code":"INR","numeric":356,"native":"भारतीय रुपया","localized":"հնդկական ռուփի"},"hr":{"code":"EUR","numeric":978,"native":"euro","localized":"եվրո"},"hu":{"code":"HUF","numeric":348,"native":"magyar forint","localized":"հունգարական ֆորինտ"},"hy":{"code":"AMD","numeric":51,"native":"հայկական դրամ","localized":"հայկական դրամ"},"id":{"code":"IDR","numeric":360,"native":"Rupiah Indonesia","localized":"ինդոնեզիական ռուփի"},"ig":{"code":"NGN","numeric":566,"native":"Naịra","localized":"նիգերիական նայրա"},"is":{"code":"ISK","numeric":352,"native":"íslensk króna","localized":"իսլանդական կրոն"},"it":{"code":"EUR","numeric":978,"native":"euro","localized":"եվրո"},"ja":{"code":"JPY","numeric":392,"native":"日本円","localized":"ճապոնական իեն"},"ka":{"code":"GEL","numeric":981,"native":"ქართული ლარი","localized":"վրացական լարի"},"kk":{"code":"KZT","numeric":398,"native":"Қазақстан теңгесі","localized":"ղազախական տենգե"},"km":{"code":"KHR","numeric":116,"native":"រៀល​កម្ពុជា","localized":"կամբոջական ռիել"},"kn":{"code":"INR","numeric":356,"native":"ಭಾರತೀಯ ರೂಪಾಯಿ","localized":"հնդկական ռուփի"},"ko":{"code":"KRW","numeric":410,"native":"대한민국 원","localized":"հարավկորեական վոն"},"ku":{"code":"TRY","numeric":949,"native":"TRY","localized":"թուրքական լիրա"},"ky":{"code":"KGS","numeric":417,"native":"Кыргызстан сому","localized":"ղրղզական սոմ"},"lb":{"code":"EUR","numeric":978,"native":"Euro","localized":"եվրո"},"lg":{"code":"UGX","numeric":800,"native":"Silingi eya Yuganda","localized":"ուգանդական շիլինգ"},"ln":{"code":"CDF","numeric":976,"native":"Falánga ya Kongó","localized":"Կոնգոյի ֆրանկ"},"lo":{"code":"LAK","numeric":418,"native":"ລາວ ກີບ","localized":"լաոսական կիպ"},"lt":{"code":"EUR","numeric":978,"native":"Euras","localized":"եվրո"},"lv":{"code":"EUR","numeric":978,"native":"eiro","localized":"եվրո"},"mai":{"code":"INR","numeric":356,"native":"भारतीय रुपया","localized":"հնդկական ռուփի"},"mg":{"code":"MGA","numeric":969,"native":"Ariary","localized":"Մադագասկարի արիարի"},"mi":{"code":"NZD","numeric":554,"native":"Tāra o Aotearoa","localized":"նորզելանդական դոլար"},"mk":{"code":"MKD","numeric":807,"native":"Македонски денар","localized":"մակեդոնական դենար"},"ml":{"code":"INR","numeric":356,"native":"ഇന്ത്യൻ രൂപ","localized":"հնդկական ռուփի"},"mn":{"code":"MNT","numeric":496,"native":"Монгол төгрөг","localized":"մոնղոլական տուգրիկ"},"mni_Mtei":{"code":"INR","numeric":356,"native":"Indian Rupee","localized":"հնդկական ռուփի"},"mr":{"code":"INR","numeric":356,"native":"भारतीय रुपया","localized":"հնդկական ռուփի"},"ms":{"code":"MYR","numeric":458,"native":"Ringgit Malaysia","localized":"մալայզիական ռինգիտ"},"mt":{"code":"EUR","numeric":978,"native":"ewro","localized":"եվրո"},"my":{"code":"MMK","numeric":104,"native":"မြန်မာ ကျပ်","localized":"Մյանմայի կյատ"},"nb":{"code":"NOK","numeric":578,"native":"norske kroner","localized":"նորվեգական կրոն"},"ne":{"code":"NPR","numeric":524,"native":"नेपाली रूपैयाँ","localized":"Նեպալի ռուփի"},"nl":{"code":"EUR","numeric":978,"native":"Euro","localized":"եվրո"},"nn":{"code":"NOK","numeric":578,"native":"norske kroner","localized":"նորվեգական կրոն"},"oc":{"code":"EUR","numeric":978,"native":"EUR","localized":"եվրո"},"om":{"code":"ETB","numeric":230,"native":"Itoophiyaa Birrii","localized":"եթովպիական բիր"},"or":{"code":"INR","numeric":356,"native":"ଭାରତୀୟ ଟଙ୍କା","localized":"հնդկական ռուփի"},"pa":{"code":"INR","numeric":356,"native":"ਭਾਰਤੀ ਰੁਪਇਆ","localized":"հնդկական ռուփի"},"pl":{"code":"PLN","numeric":985,"native":"złoty polski","localized":"լեհական զլոտի"},"ps":{"code":"AFN","numeric":971,"native":"افغانۍ","localized":"աֆղանական աֆղանի"},"pt":{"code":"BRL","numeric":986,"native":"Real brasileiro","localized":"բրազիլական ռեալ"},"pt_BR":{"code":"BRL","numeric":986,"native":"Real brasileiro","localized":"բրազիլական ռեալ"},"qu":{"code":"PEN","numeric":604,"native":"Sol Peruano","localized":"Պերուի սոլ"},"ro":{"code":"RON","numeric":946,"native":"leu românesc","localized":"ռումինական լեյ"},"ru":{"code":"RUB","numeric":643,"native":"российский рубль","localized":"ռուսական ռուբլի"},"rw":{"code":"RWF","numeric":646,"native":"RWF","localized":"ռուանդական ֆրանկ"},"sa":{"code":"INR","numeric":356,"native":"भारतीय रूप्यकम्","localized":"հնդկական ռուփի"},"sc":{"code":"EUR","numeric":978,"native":"èuro","localized":"եվրո"},"sd":{"code":"PKR","numeric":586,"native":"پاڪستاني رپي","localized":"պակիստանյան ռուփի"},"si":{"code":"LKR","numeric":144,"native":"ශ්‍රී ලංකා රුපියල","localized":"Շրի Լանկայի ռուփի"},"sk":{"code":"EUR","numeric":978,"native":"euro","localized":"եվրո"},"sl":{"code":"EUR","numeric":978,"native":"evro","localized":"եվրո"},"sn":{"code":"USD","numeric":840,"native":"Dora re Amerika","localized":"ԱՄՆ դոլար"},"so":{"code":"SOS","numeric":706,"native":"Shilingka Soomaaliya","localized":"սոմալիական շիլինգ"},"sq":{"code":"ALL","numeric":8,"native":"Leku shqiptar","localized":"ալբանական լեկ"},"sr_Cyrl":{"code":"RSD","numeric":941,"native":"српски динар","localized":"սերբական դինար"},"sr_Latn":{"code":"RSD","numeric":941,"native":"srpski dinar","localized":"սերբական դինար"},"sr_Latn_ME":{"code":"EUR","numeric":978,"native":"Evro","localized":"եվրո"},"su":{"code":"IDR","numeric":360,"native":"Rupee Indonésia","localized":"ինդոնեզիական ռուփի"},"sv":{"code":"SEK","numeric":752,"native":"svensk krona","localized":"շվեդական կրոն"},"sw":{"code":"TZS","numeric":834,"native":"Shilingi ya Tanzania","localized":"տանզանիական շիլինգ"},"ta":{"code":"INR","numeric":356,"native":"இந்திய ரூபாய்","localized":"հնդկական ռուփի"},"te":{"code":"INR","numeric":356,"native":"భారతదేశ రూపాయి","localized":"հնդկական ռուփի"},"tg":{"code":"TJS","numeric":972,"native":"Сомонӣ","localized":"տաջիկական սոմոնի"},"th":{"code":"THB","numeric":764,"native":"บาท","localized":"թայլանդական բատ"},"ti":{"code":"ETB","numeric":230,"native":"ብር","localized":"եթովպիական բիր"},"tk":{"code":"TMT","numeric":934,"native":"Türkmen manady","localized":"թուրքմենական մանաթ"},"tl":{"code":"PHP","numeric":608,"native":"Philippine Peso","localized":"ֆիլիպինյան պեսո"},"tr":{"code":"TRY","numeric":949,"native":"Türk Lirası","localized":"թուրքական լիրա"},"tt":{"code":"RUB","numeric":643,"native":"Россия сумы","localized":"ռուսական ռուբլի"},"ug":{"code":"CNY","numeric":156,"native":"جۇڭگو يۈەنى","localized":"չինական յուան"},"uk":{"code":"UAH","numeric":980,"native":"українська гривня","localized":"ուկրաինական գրիվնա"},"ur":{"code":"PKR","numeric":586,"native":"پاکستانی روپیہ","localized":"պակիստանյան ռուփի"},"uz_Cyrl":{"code":"UZS","numeric":860,"native":"Ўзбекистон сўм","localized":"ուզբեկական սոմ"},"uz_Latn":{"code":"UZS","numeric":860,"native":"O‘zbekiston so‘mi","localized":"ուզբեկական սոմ"},"vi":{"code":"VND","numeric":704,"native":"Đồng Việt Nam","localized":"վիետնամական դոնգ"},"xh":{"code":"ZAR","numeric":710,"native":"IRandi yaseMzantsi Afrika","localized":"հարավաֆրիկյան ռանդ"},"yi":{"code":"USD","numeric":840,"native":"","localized":""},"yo":{"code":"NGN","numeric":566,"native":"Náírà Nàìjíríà","localized":"նիգերիական նայրա"},"zh_CN":{"code":"CNY","numeric":156,"native":"人民币","localized":"չինական յուան"},"zh_HK":{"code":"HKD","numeric":344,"native":"港元","localized":"Հոնկոնգի դոլար"},"zh_TW":{"code":"TWD","numeric":901,"native":"新台币","localized":"թայվանական նոր դոլար"},"zu":{"code":"ZAR","numeric":710,"native":"i-South African Rand","localized":"հարավաֆրիկյան ռանդ"}}
