{"af":{"code":"ZAR","numeric":710,"native":"Suid-Afrikaanse rand","localized":"Rand Afrika Selatan"},"ak":{"code":"GHS","numeric":936,"native":"Ghana Sidi","localized":"Cedi Ghana"},"am":{"code":"ETB","numeric":230,"native":"የኢትዮጵያ ብር","localized":"Birr Etiopia"},"ar":{"code":"EGP","numeric":818,"native":"جنيه مصري","localized":"Pound Mesir"},"as":{"code":"INR","numeric":356,"native":"ভাৰতীয় ৰুপী","localized":"Rupee India"},"az":{"code":"AZN","numeric":944,"native":"Azərbaycan Manatı","localized":"Manat Azerbaijan"},"be":{"code":"BYN","numeric":840,"native":"беларускі рубель","localized":"Rubel Belarusia"},"bg":{"code":"BGN","numeric":975,"native":"Български лев","localized":"Lev Bulgaria"},"bho":{"code":"INR","numeric":356,"native":"INR","localized":"Rupee India"},"bm":{"code":"XOF","numeric":952,"native":"sefa Fraŋ (BCEAO)","localized":"Franc CFA Afrika Barat"},"bn":{"code":"BDT","numeric":50,"native":"বাংলাদেশী টাকা","localized":"Taka Bangladesh"},"bs":{"code":"BAM","numeric":977,"native":"Bosanskohercegovačka konvertibilna marka","localized":"Mark Konvertibel Bosnia-Herzegovina"},"ca":{"code":"EUR","numeric":978,"native":"euro","localized":"Euro"},"ceb":{"code":"PHP","numeric":608,"native":"Philippine Peso","localized":"Peso Filipina"},"ckb":{"code":"IQD","numeric":368,"native":"IQD","localized":"Dinar Irak"},"cs":{"code":"CZK","numeric":203,"native":"česká koruna","localized":"Koruna Ceko"},"cy":{"code":"GBP","numeric":826,"native":"Punt Prydain","localized":"Pound Inggris"},"da":{"code":"DKK","numeric":208,"native":"dansk krone","localized":"Krone Denmark"},"de":{"code":"EUR","numeric":978,"native":"Euro","localized":"Euro"},"de_CH":{"code":"CHF","numeric":756,"native":"Schweizer Franken","localized":"Franc Swiss"},"doi":{"code":"INR","numeric":356,"native":"भारती रपेऽ","localized":"Rupee India"},"ee":{"code":"GHS","numeric":936,"native":"ghana siɖi","localized":"Cedi Ghana"},"el":{"code":"EUR","numeric":978,"native":"Ευρώ","localized":"Euro"},"en":{"code":"USD","numeric":840,"native":"US Dollar","localized":"Dolar Amerika Serikat"},"en_CA":{"code":"CAD","numeric":124,"native":"Canadian Dollar","localized":"Dolar Kanada"},"eo":{"code":"USD","numeric":840,"native":"","localized":""},"es":{"code":"EUR","numeric":978,"native":"euro","localized":"Euro"},"et":{"code":"EUR","numeric":978,"native":"euro","localized":"Euro"},"eu":{"code":"EUR","numeric":978,"native":"euroa","localized":"Euro"},"fa":{"code":"IRR","numeric":364,"native":"ریال ایران","localized":"Rial Iran"},"fi":{"code":"EUR","numeric":978,"native":"euro","localized":"Euro"},"fil":{"code":"PHP","numeric":608,"native":"Piso ng Pilipinas","localized":"Peso Filipina"},"fr":{"code":"EUR","numeric":978,"native":"euro","localized":"Euro"},"fy":{"code":"EUR","numeric":978,"native":"Euro","localized":"Euro"},"ga":{"code":"EUR","numeric":978,"native":"Euro","localized":"Euro"},"gd":{"code":"GBP","numeric":826,"native":"Punnd Sasannach","localized":"Pound Inggris"},"gl":{"code":"EUR","numeric":978,"native":"euro","localized":"Euro"},"gu":{"code":"INR","numeric":356,"native":"ભારતીય રૂપિયા","localized":"Rupee India"},"ha":{"code":"NGN","numeric":566,"native":"Nairar Najeriya","localized":"Naira Nigeria"},"haw":{"code":"USD","numeric":840,"native":"USD","localized":"Dolar Amerika Serikat"},"he":{"code":"ILS","numeric":376,"native":"שקל חדש","localized":"Shekel Baru Israel"},"hi":{"code":"INR","numeric":356,"native":"भारतीय रुपया","localized":"Rupee India"},"hr":{"code":"EUR","numeric":978,"native":"euro","localized":"Euro"},"hu":{"code":"HUF","numeric":348,"native":"magyar forint","localized":"Forint Hungaria"},"hy":{"code":"AMD","numeric":51,"native":"հայկական դրամ","localized":"Dram Armenia"},"id":{"code":"IDR","numeric":360,"native":"Rupiah Indonesia","localized":"Rupiah Indonesia"},"ig":{"code":"NGN","numeric":566,"native":"Naịra","localized":"Naira Nigeria"},"is":{"code":"ISK","numeric":352,"native":"íslensk króna","localized":"Krona Islandia"},"it":{"code":"EUR","numeric":978,"native":"euro","localized":"Euro"},"ja":{"code":"JPY","numeric":392,"native":"日本円","localized":"Yen Jepang"},"ka":{"code":"GEL","numeric":981,"native":"ქართული ლარი","localized":"Lari Georgia"},"kk":{"code":"KZT","numeric":398,"native":"Қазақстан теңгесі","localized":"Tenge Kazakhstan"},"km":{"code":"KHR","numeric":116,"native":"រៀល​កម្ពុជា","localized":"Riel Kamboja"},"kn":{"code":"INR","numeric":356,"native":"ಭಾರತೀಯ ರೂಪಾಯಿ","localized":"Rupee India"},"ko":{"code":"KRW","numeric":410,"native":"대한민국 원","localized":"Won Korea Selatan"},"ku":{"code":"TRY","numeric":949,"native":"TRY","localized":"Lira Turki"},"ky":{"code":"KGS","numeric":417,"native":"Кыргызстан сому","localized":"Som Kirgizstan"},"lb":{"code":"EUR","numeric":978,"native":"Euro","localized":"Euro"},"lg":{"code":"UGX","numeric":800,"native":"Silingi eya Yuganda","localized":"Shilling Uganda"},"ln":{"code":"CDF","numeric":976,"native":"Falánga ya Kongó","localized":"Franc Kongo"},"lo":{"code":"LAK","numeric":418,"native":"ລາວ ກີບ","localized":"Kip Laos"},"lt":{"code":"EUR","numeric":978,"native":"Euras","localized":"Euro"},"lv":{"code":"EUR","numeric":978,"native":"eiro","localized":"Euro"},"mai":{"code":"INR","numeric":356,"native":"भारतीय रुपया","localized":"Rupee India"},"mg":{"code":"MGA","numeric":969,"native":"Ariary","localized":"Ariary Madagaskar"},"mi":{"code":"NZD","numeric":554,"native":"Tāra o Aotearoa","localized":"Dolar Selandia Baru"},"mk":{"code":"MKD","numeric":807,"native":"Македонски денар","localized":"Denar Makedonia"},"ml":{"code":"INR","numeric":356,"native":"ഇന്ത്യൻ രൂപ","localized":"Rupee India"},"mn":{"code":"MNT","numeric":496,"native":"Монгол төгрөг","localized":"Tugrik Mongolia"},"mni_Mtei":{"code":"INR","numeric":356,"native":"Indian Rupee","localized":"Rupee India"},"mr":{"code":"INR","numeric":356,"native":"भारतीय रुपया","localized":"Rupee India"},"ms":{"code":"MYR","numeric":458,"native":"Ringgit Malaysia","localized":"Ringgit Malaysia"},"mt":{"code":"EUR","numeric":978,"native":"ewro","localized":"Euro"},"my":{"code":"MMK","numeric":104,"native":"မြန်မာ ကျပ်","localized":"Kyat Myanmar"},"nb":{"code":"NOK","numeric":578,"native":"norske kroner","localized":"Krone Norwegia"},"ne":{"code":"NPR","numeric":524,"native":"नेपाली रूपैयाँ","localized":"Rupee Nepal"},"nl":{"code":"EUR","numeric":978,"native":"Euro","localized":"Euro"},"nn":{"code":"NOK","numeric":578,"native":"norske kroner","localized":"Krone Norwegia"},"oc":{"code":"EUR","numeric":978,"native":"EUR","localized":"Euro"},"om":{"code":"ETB","numeric":230,"native":"Itoophiyaa Birrii","localized":"Birr Etiopia"},"or":{"code":"INR","numeric":356,"native":"ଭାରତୀୟ ଟଙ୍କା","localized":"Rupee India"},"pa":{"code":"INR","numeric":356,"native":"ਭਾਰਤੀ ਰੁਪਇਆ","localized":"Rupee India"},"pl":{"code":"PLN","numeric":985,"native":"złoty polski","localized":"Zloty Polandia"},"ps":{"code":"AFN","numeric":971,"native":"افغانۍ","localized":"Afgani Afganistan"},"pt":{"code":"BRL","numeric":986,"native":"Real brasileiro","localized":"Real Brasil"},"pt_BR":{"code":"BRL","numeric":986,"native":"Real brasileiro","localized":"Real Brasil"},"qu":{"code":"PEN","numeric":604,"native":"Sol Peruano","localized":"Sol Peru"},"ro":{"code":"RON","numeric":946,"native":"leu românesc","localized":"Leu Rumania"},"ru":{"code":"RUB","numeric":643,"native":"российский рубль","localized":"Rubel Rusia"},"rw":{"code":"RWF","numeric":646,"native":"RWF","localized":"Franc Rwanda"},"sa":{"code":"INR","numeric":356,"native":"भारतीय रूप्यकम्","localized":"Rupee India"},"sc":{"code":"EUR","numeric":978,"native":"èuro","localized":"Euro"},"sd":{"code":"PKR","numeric":586,"native":"پاڪستاني رپي","localized":"Rupee Pakistan"},"si":{"code":"LKR","numeric":144,"native":"ශ්‍රී ලංකා රුපියල","localized":"Rupee Sri Lanka"},"sk":{"code":"EUR","numeric":978,"native":"euro","localized":"Euro"},"sl":{"code":"EUR","numeric":978,"native":"evro","localized":"Euro"},"sn":{"code":"USD","numeric":840,"native":"Dora re Amerika","localized":"Dolar Amerika Serikat"},"so":{"code":"SOS","numeric":706,"native":"Shilingka Soomaaliya","localized":"Shilling Somalia"},"sq":{"code":"ALL","numeric":8,"native":"Leku shqiptar","localized":"Lek Albania"},"sr_Cyrl":{"code":"RSD","numeric":941,"native":"српски динар","localized":"Dinar Serbia"},"sr_Latn":{"code":"RSD","numeric":941,"native":"srpski dinar","localized":"Dinar Serbia"},"sr_Latn_ME":{"code":"EUR","numeric":978,"native":"Evro","localized":"Euro"},"su":{"code":"IDR","numeric":360,"native":"Rupee Indonésia","localized":"Rupiah Indonesia"},"sv":{"code":"SEK","numeric":752,"native":"svensk krona","localized":"Krona Swedia"},"sw":{"code":"TZS","numeric":834,"native":"Shilingi ya Tanzania","localized":"Shilling Tanzania"},"ta":{"code":"INR","numeric":356,"native":"இந்திய ரூபாய்","localized":"Rupee India"},"te":{"code":"INR","numeric":356,"native":"భారతదేశ రూపాయి","localized":"Rupee India"},"tg":{"code":"TJS","numeric":972,"native":"Сомонӣ","localized":"Somoni Tajikistan"},"th":{"code":"THB","numeric":764,"native":"บาท","localized":"Baht Thailand"},"ti":{"code":"ETB","numeric":230,"native":"ብር","localized":"Birr Etiopia"},"tk":{"code":"TMT","numeric":934,"native":"Türkmen manady","localized":"Manat Turkmenistan"},"tl":{"code":"PHP","numeric":608,"native":"Philippine Peso","localized":"Peso Filipina"},"tr":{"code":"TRY","numeric":949,"native":"Türk Lirası","localized":"Lira Turki"},"tt":{"code":"RUB","numeric":643,"native":"Россия сумы","localized":"Rubel Rusia"},"ug":{"code":"CNY","numeric":156,"native":"جۇڭگو يۈەنى","localized":"Yuan Tiongkok"},"uk":{"code":"UAH","numeric":980,"native":"українська гривня","localized":"Hryvnia Ukraina"},"ur":{"code":"PKR","numeric":586,"native":"پاکستانی روپیہ","localized":"Rupee Pakistan"},"uz_Cyrl":{"code":"UZS","numeric":860,"native":"Ўзбекистон сўм","localized":"Som Uzbekistan"},"uz_Latn":{"code":"UZS","numeric":860,"native":"O‘zbekiston so‘mi","localized":"Som Uzbekistan"},"vi":{"code":"VND","numeric":704,"native":"Đồng Việt Nam","localized":"Dong Vietnam"},"xh":{"code":"ZAR","numeric":710,"native":"IRandi yaseMzantsi Afrika","localized":"Rand Afrika Selatan"},"yi":{"code":"USD","numeric":840,"native":"","localized":""},"yo":{"code":"NGN","numeric":566,"native":"Náírà Nàìjíríà","localized":"Naira Nigeria"},"zh_CN":{"code":"CNY","numeric":156,"native":"人民币","localized":"Yuan Tiongkok"},"zh_HK":{"code":"HKD","numeric":344,"native":"港元","localized":"Dolar Hong Kong"},"zh_TW":{"code":"TWD","numeric":901,"native":"新台币","localized":"Dolar Baru Taiwan"},"zu":{"code":"ZAR","numeric":710,"native":"i-South African Rand","localized":"Rand Afrika Selatan"}}
