{"af":{"code":"ZAR","numeric":710,"native":"Suid-Afrikaanse rand","localized":"Ego Rand obodo South Africa"},"ak":{"code":"GHS","numeric":936,"native":"Ghana Sidi","localized":"Ego Cedi obodo Ghana"},"am":{"code":"ETB","numeric":230,"native":"የኢትዮጵያ ብር","localized":"Ego Birr obodo Ethiopia"},"ar":{"code":"EGP","numeric":818,"native":"جنيه مصري","localized":"Ego Pound obodo Egypt"},"as":{"code":"INR","numeric":356,"native":"ভাৰতীয় ৰুপী","localized":"Rupee India"},"az":{"code":"AZN","numeric":944,"native":"Azərbaycan Manatı","localized":"Ego Manat obodo Azerbaijan"},"be":{"code":"BYN","numeric":840,"native":"беларускі рубель","localized":"Ego Ruble mba Belarus"},"bg":{"code":"BGN","numeric":975,"native":"Български лев","localized":"Ego Lev mba Bulgaria"},"bho":{"code":"INR","numeric":356,"native":"INR","localized":"Rupee India"},"bm":{"code":"XOF","numeric":952,"native":"sefa Fraŋ (BCEAO)","localized":"Ego CFA Franc obodo West Africa"},"bn":{"code":"BDT","numeric":50,"native":"বাংলাদেশী টাকা","localized":"Ego Taka obodo Bangladesh"},"bs":{"code":"BAM","numeric":977,"native":"Bosanskohercegovačka konvertibilna marka","localized":"Akara mgbanwe ego obodo Bosnia-Herzegovina"},"ca":{"code":"EUR","numeric":978,"native":"euro","localized":"Euro"},"ceb":{"code":"PHP","numeric":608,"native":"Philippine Peso","localized":"Ego piso obodo Philippine"},"ckb":{"code":"IQD","numeric":368,"native":"IQD","localized":"Ego Dinar obodo Iraq"},"cs":{"code":"CZK","numeric":203,"native":"česká koruna","localized":"Ego Koruna obodo Czech"},"cy":{"code":"GBP","numeric":826,"native":"Punt Prydain","localized":"Pound British"},"da":{"code":"DKK","numeric":208,"native":"dansk krone","localized":"Ego Krone Obodo Denmark"},"de":{"code":"EUR","numeric":978,"native":"Euro","localized":"Euro"},"de_CH":{"code":"CHF","numeric":756,"native":"Schweizer Franken","localized":"Ego Franc mba Switzerland"},"doi":{"code":"INR","numeric":356,"native":"भारती रपेऽ","localized":"Rupee India"},"ee":{"code":"GHS","numeric":936,"native":"ghana siɖi","localized":"Ego Cedi obodo Ghana"},"el":{"code":"EUR","numeric":978,"native":"Ευρώ","localized":"Euro"},"en":{"code":"USD","numeric":840,"native":"US Dollar","localized":"Dollar US"},"en_CA":{"code":"CAD","numeric":124,"native":"Canadian Dollar","localized":"Dollar Canada"},"eo":{"code":"USD","numeric":840,"native":"","localized":""},"es":{"code":"EUR","numeric":978,"native":"euro","localized":"Euro"},"et":{"code":"EUR","numeric":978,"native":"euro","localized":"Euro"},"eu":{"code":"EUR","numeric":978,"native":"euroa","localized":"Euro"},"fa":{"code":"IRR","numeric":364,"native":"ریال ایران","localized":"Ego Rial obodo Iran"},"fi":{"code":"EUR","numeric":978,"native":"euro","localized":"Euro"},"fil":{"code":"PHP","numeric":608,"native":"Piso ng Pilipinas","localized":"Ego piso obodo Philippine"},"fr":{"code":"EUR","numeric":978,"native":"euro","localized":"Euro"},"fy":{"code":"EUR","numeric":978,"native":"Euro","localized":"Euro"},"ga":{"code":"EUR","numeric":978,"native":"Euro","localized":"Euro"},"gd":{"code":"GBP","numeric":826,"native":"Punnd Sasannach","localized":"Pound British"},"gl":{"code":"EUR","numeric":978,"native":"euro","localized":"Euro"},"gu":{"code":"INR","numeric":356,"native":"ભારતીય રૂપિયા","localized":"Rupee India"},"ha":{"code":"NGN","numeric":566,"native":"Nairar Najeriya","localized":"Naịra"},"haw":{"code":"USD","numeric":840,"native":"USD","localized":"Dollar US"},"he":{"code":"ILS","numeric":376,"native":"שקל חדש","localized":"Ego Shekel ọhụrụ obodo Israel"},"hi":{"code":"INR","numeric":356,"native":"भारतीय रुपया","localized":"Rupee India"},"hr":{"code":"EUR","numeric":978,"native":"euro","localized":"Euro"},"hu":{"code":"HUF","numeric":348,"native":"magyar forint","localized":"Ego Forint obodo Hungary"},"hy":{"code":"AMD","numeric":51,"native":"հայկական դրամ","localized":"Ego Dram obodo Armenia"},"id":{"code":"IDR","numeric":360,"native":"Rupiah Indonesia","localized":"Ego Rupiah Obodo Indonesia"},"ig":{"code":"NGN","numeric":566,"native":"Naịra","localized":"Naịra"},"is":{"code":"ISK","numeric":352,"native":"íslensk króna","localized":"Ego Króna obodo Iceland"},"it":{"code":"EUR","numeric":978,"native":"euro","localized":"Euro"},"ja":{"code":"JPY","numeric":392,"native":"日本円","localized":"Yen Japan"},"ka":{"code":"GEL","numeric":981,"native":"ქართული ლარი","localized":"Ego Lari Obodo Georgia"},"kk":{"code":"KZT","numeric":398,"native":"Қазақстан теңгесі","localized":"Ego Tenge obodo Kazakhstani"},"km":{"code":"KHR","numeric":116,"native":"រៀល​កម្ពុជា","localized":"Ego Riel obodo Cambodia"},"kn":{"code":"INR","numeric":356,"native":"ಭಾರತೀಯ ರೂಪಾಯಿ","localized":"Rupee India"},"ko":{"code":"KRW","numeric":410,"native":"대한민국 원","localized":"Ego Won Obodo South Korea"},"ku":{"code":"TRY","numeric":949,"native":"TRY","localized":"Ego Lira obodo Turkey"},"ky":{"code":"KGS","numeric":417,"native":"Кыргызстан сому","localized":"Ego Som Obodo Kyrgyzstan"},"lb":{"code":"EUR","numeric":978,"native":"Euro","localized":"Euro"},"lg":{"code":"UGX","numeric":800,"native":"Silingi eya Yuganda","localized":"Ego Shilling obodo Uganda"},"ln":{"code":"CDF","numeric":976,"native":"Falánga ya Kongó","localized":"Ego Franc obodo Congo"},"lo":{"code":"LAK","numeric":418,"native":"ລາວ ກີບ","localized":"Ego Kip Obodo Laos"},"lt":{"code":"EUR","numeric":978,"native":"Euras","localized":"Euro"},"lv":{"code":"EUR","numeric":978,"native":"eiro","localized":"Euro"},"mai":{"code":"INR","numeric":356,"native":"भारतीय रुपया","localized":"Rupee India"},"mg":{"code":"MGA","numeric":969,"native":"Ariary","localized":"Ego Ariary obodo Madagascar"},"mi":{"code":"NZD","numeric":554,"native":"Tāra o Aotearoa","localized":"Ego Dollar obodo New Zealand"},"mk":{"code":"MKD","numeric":807,"native":"Македонски денар","localized":"Ego Denar Obodo Macedonia"},"ml":{"code":"INR","numeric":356,"native":"ഇന്ത്യൻ രൂപ","localized":"Rupee India"},"mn":{"code":"MNT","numeric":496,"native":"Монгол төгрөг","localized":"Ego Turgik Obodo Mongolia"},"mni_Mtei":{"code":"INR","numeric":356,"native":"Indian Rupee","localized":"Rupee India"},"mr":{"code":"INR","numeric":356,"native":"भारतीय रुपया","localized":"Rupee India"},"ms":{"code":"MYR","numeric":458,"native":"Ringgit Malaysia","localized":"Ego Ringgit obodo Malaysia"},"mt":{"code":"EUR","numeric":978,"native":"ewro","localized":"Euro"},"my":{"code":"MMK","numeric":104,"native":"မြန်မာ ကျပ်","localized":"Ego Kyat obodo Myanmar"},"nb":{"code":"NOK","numeric":578,"native":"norske kroner","localized":"Ego Krone Obodo Norway"},"ne":{"code":"NPR","numeric":524,"native":"नेपाली रूपैयाँ","localized":"Ego Rupee obodo Nepal"},"nl":{"code":"EUR","numeric":978,"native":"Euro","localized":"Euro"},"nn":{"code":"NOK","numeric":578,"native":"norske kroner","localized":"Ego Krone Obodo Norway"},"oc":{"code":"EUR","numeric":978,"native":"EUR","localized":"Euro"},"om":{"code":"ETB","numeric":230,"native":"Itoophiyaa Birrii","localized":"Ego Birr obodo Ethiopia"},"or":{"code":"INR","numeric":356,"native":"ଭାରତୀୟ ଟଙ୍କା","localized":"Rupee India"},"pa":{"code":"INR","numeric":356,"native":"ਭਾਰਤੀ ਰੁਪਇਆ","localized":"Rupee India"},"pl":{"code":"PLN","numeric":985,"native":"złoty polski","localized":"Ego Zloty mba Poland"},"ps":{"code":"AFN","numeric":971,"native":"افغانۍ","localized":"Ego Afghani Obodo Afghanistan"},"pt":{"code":"BRL","numeric":986,"native":"Real brasileiro","localized":"Real Brazil"},"pt_BR":{"code":"BRL","numeric":986,"native":"Real brasileiro","localized":"Real Brazil"},"qu":{"code":"PEN","numeric":604,"native":"Sol Peruano","localized":"Ego Sol obodo Peru"},"ro":{"code":"RON","numeric":946,"native":"leu românesc","localized":"Ego Leu obodo Romania"},"ru":{"code":"RUB","numeric":643,"native":"российский рубль","localized":"Ruble Russia"},"rw":{"code":"RWF","numeric":646,"native":"RWF","localized":"Ego Franc obodo Rwanda"},"sa":{"code":"INR","numeric":356,"native":"भारतीय रूप्यकम्","localized":"Rupee India"},"sc":{"code":"EUR","numeric":978,"native":"èuro","localized":"Euro"},"sd":{"code":"PKR","numeric":586,"native":"پاڪستاني رپي","localized":"Ego Rupee obodo Pakistan"},"si":{"code":"LKR","numeric":144,"native":"ශ්‍රී ලංකා රුපියල","localized":"Ego Rupee obodo Sri Lanka"},"sk":{"code":"EUR","numeric":978,"native":"euro","localized":"Euro"},"sl":{"code":"EUR","numeric":978,"native":"evro","localized":"Euro"},"sn":{"code":"USD","numeric":840,"native":"Dora re Amerika","localized":"Dollar US"},"so":{"code":"SOS","numeric":706,"native":"Shilingka Soomaaliya","localized":"Ego shilling obodo Somali"},"sq":{"code":"ALL","numeric":8,"native":"Leku shqiptar","localized":"Ego Lek Obodo Albania"},"sr_Cyrl":{"code":"RSD","numeric":941,"native":"српски динар","localized":"Ego Dinar obodo Serbia"},"sr_Latn":{"code":"RSD","numeric":941,"native":"srpski dinar","localized":"Ego Dinar obodo Serbia"},"sr_Latn_ME":{"code":"EUR","numeric":978,"native":"Evro","localized":"Euro"},"su":{"code":"IDR","numeric":360,"native":"Rupee Indonésia","localized":"Ego Rupiah Obodo Indonesia"},"sv":{"code":"SEK","numeric":752,"native":"svensk krona","localized":"Ego Krona Obodo Sweden"},"sw":{"code":"TZS","numeric":834,"native":"Shilingi ya Tanzania","localized":"Ego Shilling Obodo Tanzania"},"ta":{"code":"INR","numeric":356,"native":"இந்திய ரூபாய்","localized":"Rupee India"},"te":{"code":"INR","numeric":356,"native":"భారతదేశ రూపాయి","localized":"Rupee India"},"tg":{"code":"TJS","numeric":972,"native":"Сомонӣ","localized":"Who Somoni obodo Tajikistan"},"th":{"code":"THB","numeric":764,"native":"บาท","localized":"Ego Baht obodo Thai"},"ti":{"code":"ETB","numeric":230,"native":"ብር","localized":"Ego Birr obodo Ethiopia"},"tk":{"code":"TMT","numeric":934,"native":"Türkmen manady","localized":"Ego Manat Obodo Turkmenistan"},"tl":{"code":"PHP","numeric":608,"native":"Philippine Peso","localized":"Ego piso obodo Philippine"},"tr":{"code":"TRY","numeric":949,"native":"Türk Lirası","localized":"Ego Lira obodo Turkey"},"tt":{"code":"RUB","numeric":643,"native":"Россия сумы","localized":"Ruble Russia"},"ug":{"code":"CNY","numeric":156,"native":"جۇڭگو يۈەنى","localized":"Yuan China"},"uk":{"code":"UAH","numeric":980,"native":"українська гривня","localized":"Ego Hryvnia obodo Ukraine"},"ur":{"code":"PKR","numeric":586,"native":"پاکستانی روپیہ","localized":"Ego Rupee obodo Pakistan"},"uz_Cyrl":{"code":"UZS","numeric":860,"native":"Ўзбекистон сўм","localized":"Ego Som obodo Uzbekistan"},"uz_Latn":{"code":"UZS","numeric":860,"native":"O‘zbekiston so‘mi","localized":"Ego Som obodo Uzbekistan"},"vi":{"code":"VND","numeric":704,"native":"Đồng Việt Nam","localized":"Ego Dong obodo Vietnam"},"xh":{"code":"ZAR","numeric":710,"native":"IRandi yaseMzantsi Afrika","localized":"Ego Rand obodo South Africa"},"yi":{"code":"USD","numeric":840,"native":"","localized":""},"yo":{"code":"NGN","numeric":566,"native":"Náírà Nàìjíríà","localized":"Naịra"},"zh_CN":{"code":"CNY","numeric":156,"native":"人民币","localized":"Yuan China"},"zh_HK":{"code":"HKD","numeric":344,"native":"港元","localized":"Ego Dollar Obodo Honk Kong"},"zh_TW":{"code":"TWD","numeric":901,"native":"新台币","localized":"Dollar obodo New Taiwan"},"zu":{"code":"ZAR","numeric":710,"native":"i-South African Rand","localized":"Ego Rand obodo South Africa"}}
