{"af":{"code":"ZAR","numeric":710,"native":"Suid-Afrikaanse rand","localized":"suðurafrískt rand"},"ak":{"code":"GHS","numeric":936,"native":"Ghana Sidi","localized":"ganverskur sedi"},"am":{"code":"ETB","numeric":230,"native":"የኢትዮጵያ ብር","localized":"eþíópískt birr"},"ar":{"code":"EGP","numeric":818,"native":"جنيه مصري","localized":"egypskt pund"},"as":{"code":"INR","numeric":356,"native":"ভাৰতীয় ৰুপী","localized":"indversk rúpía"},"az":{"code":"AZN","numeric":944,"native":"Azərbaycan Manatı","localized":"aserskt manat"},"be":{"code":"BYN","numeric":840,"native":"беларускі рубель","localized":"hvítrússnesk rúbla"},"bg":{"code":"BGN","numeric":975,"native":"Български лев","localized":"búlgarskt lef"},"bho":{"code":"INR","numeric":356,"native":"INR","localized":"indversk rúpía"},"bm":{"code":"XOF","numeric":952,"native":"sefa Fraŋ (BCEAO)","localized":"vesturafrískur franki"},"bn":{"code":"BDT","numeric":50,"native":"বাংলাদেশী টাকা","localized":"bangladessk taka"},"bs":{"code":"BAM","numeric":977,"native":"Bosanskohercegovačka konvertibilna marka","localized":"skiptanlegt Bosníu og Hersegóvínu-mark"},"ca":{"code":"EUR","numeric":978,"native":"euro","localized":"evra"},"ceb":{"code":"PHP","numeric":608,"native":"Philippine Peso","localized":"filippseyskur pesi"},"ckb":{"code":"IQD","numeric":368,"native":"IQD","localized":"írakskur denari"},"cs":{"code":"CZK","numeric":203,"native":"česká koruna","localized":"tékknesk króna"},"cy":{"code":"GBP","numeric":826,"native":"Punt Prydain","localized":"sterlingspund"},"da":{"code":"DKK","numeric":208,"native":"dansk krone","localized":"dönsk króna"},"de":{"code":"EUR","numeric":978,"native":"Euro","localized":"evra"},"de_CH":{"code":"CHF","numeric":756,"native":"Schweizer Franken","localized":"svissneskur franki"},"doi":{"code":"INR","numeric":356,"native":"भारती रपेऽ","localized":"indversk rúpía"},"ee":{"code":"GHS","numeric":936,"native":"ghana siɖi","localized":"ganverskur sedi"},"el":{"code":"EUR","numeric":978,"native":"Ευρώ","localized":"evra"},"en":{"code":"USD","numeric":840,"native":"US Dollar","localized":"Bandaríkjadalur"},"en_CA":{"code":"CAD","numeric":124,"native":"Canadian Dollar","localized":"Kanadadalur"},"eo":{"code":"USD","numeric":840,"native":"","localized":""},"es":{"code":"EUR","numeric":978,"native":"euro","localized":"evra"},"et":{"code":"EUR","numeric":978,"native":"euro","localized":"evra"},"eu":{"code":"EUR","numeric":978,"native":"euroa","localized":"evra"},"fa":{"code":"IRR","numeric":364,"native":"ریال ایران","localized":"íranskt ríal"},"fi":{"code":"EUR","numeric":978,"native":"euro","localized":"evra"},"fil":{"code":"PHP","numeric":608,"native":"Piso ng Pilipinas","localized":"filippseyskur pesi"},"fr":{"code":"EUR","numeric":978,"native":"euro","localized":"evra"},"fy":{"code":"EUR","numeric":978,"native":"Euro","localized":"evra"},"ga":{"code":"EUR","numeric":978,"native":"Euro","localized":"evra"},"gd":{"code":"GBP","numeric":826,"native":"Punnd Sasannach","localized":"sterlingspund"},"gl":{"code":"EUR","numeric":978,"native":"euro","localized":"evra"},"gu":{"code":"INR","numeric":356,"native":"ભારતીય રૂપિયા","localized":"indversk rúpía"},"ha":{"code":"NGN","numeric":566,"native":"Nairar Najeriya","localized":"nígerísk næra"},"haw":{"code":"USD","numeric":840,"native":"USD","localized":"Bandaríkjadalur"},"he":{"code":"ILS","numeric":376,"native":"שקל חדש","localized":"nýr ísraelskur sikill"},"hi":{"code":"INR","numeric":356,"native":"भारतीय रुपया","localized":"indversk rúpía"},"hr":{"code":"EUR","numeric":978,"native":"euro","localized":"evra"},"hu":{"code":"HUF","numeric":348,"native":"magyar forint","localized":"ungversk fórinta"},"hy":{"code":"AMD","numeric":51,"native":"հայկական դրամ","localized":"armenskt dramm"},"id":{"code":"IDR","numeric":360,"native":"Rupiah Indonesia","localized":"indónesísk rúpía"},"ig":{"code":"NGN","numeric":566,"native":"Naịra","localized":"nígerísk næra"},"is":{"code":"ISK","numeric":352,"native":"íslensk króna","localized":"íslensk króna"},"it":{"code":"EUR","numeric":978,"native":"euro","localized":"evra"},"ja":{"code":"JPY","numeric":392,"native":"日本円","localized":"japanskt jen"},"ka":{"code":"GEL","numeric":981,"native":"ქართული ლარი","localized":"georgískur lari"},"kk":{"code":"KZT","numeric":398,"native":"Қазақстан теңгесі","localized":"kasakst tengi"},"km":{"code":"KHR","numeric":116,"native":"រៀល​កម្ពុជា","localized":"kambódískt ríal"},"kn":{"code":"INR","numeric":356,"native":"ಭಾರತೀಯ ರೂಪಾಯಿ","localized":"indversk rúpía"},"ko":{"code":"KRW","numeric":410,"native":"대한민국 원","localized":"suðurkóreskt vonn"},"ku":{"code":"TRY","numeric":949,"native":"TRY","localized":"tyrknesk líra"},"ky":{"code":"KGS","numeric":417,"native":"Кыргызстан сому","localized":"kirgiskt som"},"lb":{"code":"EUR","numeric":978,"native":"Euro","localized":"evra"},"lg":{"code":"UGX","numeric":800,"native":"Silingi eya Yuganda","localized":"úgandskur skildingur"},"ln":{"code":"CDF","numeric":976,"native":"Falánga ya Kongó","localized":"kongóskur franki"},"lo":{"code":"LAK","numeric":418,"native":"ລາວ ກີບ","localized":"laoskt kip"},"lt":{"code":"EUR","numeric":978,"native":"Euras","localized":"evra"},"lv":{"code":"EUR","numeric":978,"native":"eiro","localized":"evra"},"mai":{"code":"INR","numeric":356,"native":"भारतीय रुपया","localized":"indversk rúpía"},"mg":{"code":"MGA","numeric":969,"native":"Ariary","localized":"Madagaskararjari"},"mi":{"code":"NZD","numeric":554,"native":"Tāra o Aotearoa","localized":"nýsjálenskur dalur"},"mk":{"code":"MKD","numeric":807,"native":"Македонски денар","localized":"makedónskur denari"},"ml":{"code":"INR","numeric":356,"native":"ഇന്ത്യൻ രൂപ","localized":"indversk rúpía"},"mn":{"code":"MNT","numeric":496,"native":"Монгол төгрөг","localized":"mongólskur túríkur"},"mni_Mtei":{"code":"INR","numeric":356,"native":"Indian Rupee","localized":"indversk rúpía"},"mr":{"code":"INR","numeric":356,"native":"भारतीय रुपया","localized":"indversk rúpía"},"ms":{"code":"MYR","numeric":458,"native":"Ringgit Malaysia","localized":"malasískt ringit"},"mt":{"code":"EUR","numeric":978,"native":"ewro","localized":"evra"},"my":{"code":"MMK","numeric":104,"native":"မြန်မာ ကျပ်","localized":"mjanmarskt kjat"},"nb":{"code":"NOK","numeric":578,"native":"norske kroner","localized":"norsk króna"},"ne":{"code":"NPR","numeric":524,"native":"नेपाली रूपैयाँ","localized":"nepölsk rúpía"},"nl":{"code":"EUR","numeric":978,"native":"Euro","localized":"evra"},"nn":{"code":"NOK","numeric":578,"native":"norske kroner","localized":"norsk króna"},"oc":{"code":"EUR","numeric":978,"native":"EUR","localized":"evra"},"om":{"code":"ETB","numeric":230,"native":"Itoophiyaa Birrii","localized":"eþíópískt birr"},"or":{"code":"INR","numeric":356,"native":"ଭାରତୀୟ ଟଙ୍କା","localized":"indversk rúpía"},"pa":{"code":"INR","numeric":356,"native":"ਭਾਰਤੀ ਰੁਪਇਆ","localized":"indversk rúpía"},"pl":{"code":"PLN","numeric":985,"native":"złoty polski","localized":"pólskt slot"},"ps":{"code":"AFN","numeric":971,"native":"افغانۍ","localized":"afgani"},"pt":{"code":"BRL","numeric":986,"native":"Real brasileiro","localized":"brasilískt ríal"},"pt_BR":{"code":"BRL","numeric":986,"native":"Real brasileiro","localized":"brasilískt ríal"},"qu":{"code":"PEN","numeric":604,"native":"Sol Peruano","localized":"perúskt sól"},"ro":{"code":"RON","numeric":946,"native":"leu românesc","localized":"rúmenskt lei"},"ru":{"code":"RUB","numeric":643,"native":"российский рубль","localized":"rússnesk rúbla"},"rw":{"code":"RWF","numeric":646,"native":"RWF","localized":"rúandskur franki"},"sa":{"code":"INR","numeric":356,"native":"भारतीय रूप्यकम्","localized":"indversk rúpía"},"sc":{"code":"EUR","numeric":978,"native":"èuro","localized":"evra"},"sd":{"code":"PKR","numeric":586,"native":"پاڪستاني رپي","localized":"pakistönsk rúpía"},"si":{"code":"LKR","numeric":144,"native":"ශ්‍රී ලංකා රුපියල","localized":"srílönsk rúpía"},"sk":{"code":"EUR","numeric":978,"native":"euro","localized":"evra"},"sl":{"code":"EUR","numeric":978,"native":"evro","localized":"evra"},"sn":{"code":"USD","numeric":840,"native":"Dora re Amerika","localized":"Bandaríkjadalur"},"so":{"code":"SOS","numeric":706,"native":"Shilingka Soomaaliya","localized":"sómalískur skildingur"},"sq":{"code":"ALL","numeric":8,"native":"Leku shqiptar","localized":"albanskt lek"},"sr_Cyrl":{"code":"RSD","numeric":941,"native":"српски динар","localized":"serbneskur denari"},"sr_Latn":{"code":"RSD","numeric":941,"native":"srpski dinar","localized":"serbneskur denari"},"sr_Latn_ME":{"code":"EUR","numeric":978,"native":"Evro","localized":"evra"},"su":{"code":"IDR","numeric":360,"native":"Rupee Indonésia","localized":"indónesísk rúpía"},"sv":{"code":"SEK","numeric":752,"native":"svensk krona","localized":"sænsk króna"},"sw":{"code":"TZS","numeric":834,"native":"Shilingi ya Tanzania","localized":"tansanískur skildingur"},"ta":{"code":"INR","numeric":356,"native":"இந்திய ரூபாய்","localized":"indversk rúpía"},"te":{"code":"INR","numeric":356,"native":"భారతదేశ రూపాయి","localized":"indversk rúpía"},"tg":{"code":"TJS","numeric":972,"native":"Сомонӣ","localized":"tadsjikskur sómóni"},"th":{"code":"THB","numeric":764,"native":"บาท","localized":"taílenskt bat"},"ti":{"code":"ETB","numeric":230,"native":"ብር","localized":"eþíópískt birr"},"tk":{"code":"TMT","numeric":934,"native":"Türkmen manady","localized":"túrkmenskt manat"},"tl":{"code":"PHP","numeric":608,"native":"Philippine Peso","localized":"filippseyskur pesi"},"tr":{"code":"TRY","numeric":949,"native":"Türk Lirası","localized":"tyrknesk líra"},"tt":{"code":"RUB","numeric":643,"native":"Россия сумы","localized":"rússnesk rúbla"},"ug":{"code":"CNY","numeric":156,"native":"جۇڭگو يۈەنى","localized":"kínverskt júan"},"uk":{"code":"UAH","numeric":980,"native":"українська гривня","localized":"úkraínsk hrinja"},"ur":{"code":"PKR","numeric":586,"native":"پاکستانی روپیہ","localized":"pakistönsk rúpía"},"uz_Cyrl":{"code":"UZS","numeric":860,"native":"Ўзбекистон сўм","localized":"úsbekskt súm"},"uz_Latn":{"code":"UZS","numeric":860,"native":"O‘zbekiston so‘mi","localized":"úsbekskt súm"},"vi":{"code":"VND","numeric":704,"native":"Đồng Việt Nam","localized":"víetnamskt dong"},"xh":{"code":"ZAR","numeric":710,"native":"IRandi yaseMzantsi Afrika","localized":"suðurafrískt rand"},"yi":{"code":"USD","numeric":840,"native":"","localized":""},"yo":{"code":"NGN","numeric":566,"native":"Náírà Nàìjíríà","localized":"nígerísk næra"},"zh_CN":{"code":"CNY","numeric":156,"native":"人民币","localized":"kínverskt júan"},"zh_HK":{"code":"HKD","numeric":344,"native":"港元","localized":"Hong Kong-dalur"},"zh_TW":{"code":"TWD","numeric":901,"native":"新台币","localized":"taívanskur dalur"},"zu":{"code":"ZAR","numeric":710,"native":"i-South African Rand","localized":"suðurafrískt rand"}}
