{"af":{"code":"ZAR","numeric":710,"native":"Suid-Afrikaanse rand","localized":"rand sudafricano"},"ak":{"code":"GHS","numeric":936,"native":"Ghana Sidi","localized":"cedi ghanese"},"am":{"code":"ETB","numeric":230,"native":"የኢትዮጵያ ብር","localized":"birr etiope"},"ar":{"code":"EGP","numeric":818,"native":"جنيه مصري","localized":"sterlina egiziana"},"as":{"code":"INR","numeric":356,"native":"ভাৰতীয় ৰুপী","localized":"rupia indiana"},"az":{"code":"AZN","numeric":944,"native":"Azərbaycan Manatı","localized":"manat azero"},"be":{"code":"BYN","numeric":840,"native":"беларускі рубель","localized":"rublo bielorusso"},"bg":{"code":"BGN","numeric":975,"native":"Български лев","localized":"lev bulgaro"},"bho":{"code":"INR","numeric":356,"native":"INR","localized":"rupia indiana"},"bm":{"code":"XOF","numeric":952,"native":"sefa Fraŋ (BCEAO)","localized":"franco CFA BCEAO"},"bn":{"code":"BDT","numeric":50,"native":"বাংলাদেশী টাকা","localized":"taka bangladese"},"bs":{"code":"BAM","numeric":977,"native":"Bosanskohercegovačka konvertibilna marka","localized":"marco convertibile della Bosnia-Herzegovina"},"ca":{"code":"EUR","numeric":978,"native":"euro","localized":"euro"},"ceb":{"code":"PHP","numeric":608,"native":"Philippine Peso","localized":"peso filippino"},"ckb":{"code":"IQD","numeric":368,"native":"IQD","localized":"dinaro iracheno"},"cs":{"code":"CZK","numeric":203,"native":"česká koruna","localized":"corona ceca"},"cy":{"code":"GBP","numeric":826,"native":"Punt Prydain","localized":"sterlina britannica"},"da":{"code":"DKK","numeric":208,"native":"dansk krone","localized":"corona danese"},"de":{"code":"EUR","numeric":978,"native":"Euro","localized":"euro"},"de_CH":{"code":"CHF","numeric":756,"native":"Schweizer Franken","localized":"franco svizzero"},"doi":{"code":"INR","numeric":356,"native":"भारती रपेऽ","localized":"rupia indiana"},"ee":{"code":"GHS","numeric":936,"native":"ghana siɖi","localized":"cedi ghanese"},"el":{"code":"EUR","numeric":978,"native":"Ευρώ","localized":"euro"},"en":{"code":"USD","numeric":840,"native":"US Dollar","localized":"dollaro statunitense"},"en_CA":{"code":"CAD","numeric":124,"native":"Canadian Dollar","localized":"dollaro canadese"},"eo":{"code":"USD","numeric":840,"native":"","localized":""},"es":{"code":"EUR","numeric":978,"native":"euro","localized":"euro"},"et":{"code":"EUR","numeric":978,"native":"euro","localized":"euro"},"eu":{"code":"EUR","numeric":978,"native":"euroa","localized":"euro"},"fa":{"code":"IRR","numeric":364,"native":"ریال ایران","localized":"rial iraniano"},"fi":{"code":"EUR","numeric":978,"native":"euro","localized":"euro"},"fil":{"code":"PHP","numeric":608,"native":"Piso ng Pilipinas","localized":"peso filippino"},"fr":{"code":"EUR","numeric":978,"native":"euro","localized":"euro"},"fy":{"code":"EUR","numeric":978,"native":"Euro","localized":"euro"},"ga":{"code":"EUR","numeric":978,"native":"Euro","localized":"euro"},"gd":{"code":"GBP","numeric":826,"native":"Punnd Sasannach","localized":"sterlina britannica"},"gl":{"code":"EUR","numeric":978,"native":"euro","localized":"euro"},"gu":{"code":"INR","numeric":356,"native":"ભારતીય રૂપિયા","localized":"rupia indiana"},"ha":{"code":"NGN","numeric":566,"native":"Nairar Najeriya","localized":"naira nigeriana"},"haw":{"code":"USD","numeric":840,"native":"USD","localized":"dollaro statunitense"},"he":{"code":"ILS","numeric":376,"native":"שקל חדש","localized":"nuovo siclo israeliano"},"hi":{"code":"INR","numeric":356,"native":"भारतीय रुपया","localized":"rupia indiana"},"hr":{"code":"EUR","numeric":978,"native":"euro","localized":"euro"},"hu":{"code":"HUF","numeric":348,"native":"magyar forint","localized":"fiorino ungherese"},"hy":{"code":"AMD","numeric":51,"native":"հայկական դրամ","localized":"dram armeno"},"id":{"code":"IDR","numeric":360,"native":"Rupiah Indonesia","localized":"rupia indonesiana"},"ig":{"code":"NGN","numeric":566,"native":"Naịra","localized":"naira nigeriana"},"is":{"code":"ISK","numeric":352,"native":"íslensk króna","localized":"corona islandese"},"it":{"code":"EUR","numeric":978,"native":"euro","localized":"euro"},"ja":{"code":"JPY","numeric":392,"native":"日本円","localized":"yen giapponese"},"ka":{"code":"GEL","numeric":981,"native":"ქართული ლარი","localized":"lari georgiano"},"kk":{"code":"KZT","numeric":398,"native":"Қазақстан теңгесі","localized":"tenge kazako"},"km":{"code":"KHR","numeric":116,"native":"រៀល​កម្ពុជា","localized":"riel cambogiano"},"kn":{"code":"INR","numeric":356,"native":"ಭಾರತೀಯ ರೂಪಾಯಿ","localized":"rupia indiana"},"ko":{"code":"KRW","numeric":410,"native":"대한민국 원","localized":"won sudcoreano"},"ku":{"code":"TRY","numeric":949,"native":"TRY","localized":"lira turca"},"ky":{"code":"KGS","numeric":417,"native":"Кыргызстан сому","localized":"som kirghiso"},"lb":{"code":"EUR","numeric":978,"native":"Euro","localized":"euro"},"lg":{"code":"UGX","numeric":800,"native":"Silingi eya Yuganda","localized":"scellino ugandese"},"ln":{"code":"CDF","numeric":976,"native":"Falánga ya Kongó","localized":"franco congolese"},"lo":{"code":"LAK","numeric":418,"native":"ລາວ ກີບ","localized":"kip laotiano"},"lt":{"code":"EUR","numeric":978,"native":"Euras","localized":"euro"},"lv":{"code":"EUR","numeric":978,"native":"eiro","localized":"euro"},"mai":{"code":"INR","numeric":356,"native":"भारतीय रुपया","localized":"rupia indiana"},"mg":{"code":"MGA","numeric":969,"native":"Ariary","localized":"ariary malgascio"},"mi":{"code":"NZD","numeric":554,"native":"Tāra o Aotearoa","localized":"dollaro neozelandese"},"mk":{"code":"MKD","numeric":807,"native":"Македонски денар","localized":"dinaro macedone"},"ml":{"code":"INR","numeric":356,"native":"ഇന്ത്യൻ രൂപ","localized":"rupia indiana"},"mn":{"code":"MNT","numeric":496,"native":"Монгол төгрөг","localized":"tugrik mongolo"},"mni_Mtei":{"code":"INR","numeric":356,"native":"Indian Rupee","localized":"rupia indiana"},"mr":{"code":"INR","numeric":356,"native":"भारतीय रुपया","localized":"rupia indiana"},"ms":{"code":"MYR","numeric":458,"native":"Ringgit Malaysia","localized":"ringgit malese"},"mt":{"code":"EUR","numeric":978,"native":"ewro","localized":"euro"},"my":{"code":"MMK","numeric":104,"native":"မြန်မာ ကျပ်","localized":"kyat di Myanmar"},"nb":{"code":"NOK","numeric":578,"native":"norske kroner","localized":"corona norvegese"},"ne":{"code":"NPR","numeric":524,"native":"नेपाली रूपैयाँ","localized":"rupia nepalese"},"nl":{"code":"EUR","numeric":978,"native":"Euro","localized":"euro"},"nn":{"code":"NOK","numeric":578,"native":"norske kroner","localized":"corona norvegese"},"oc":{"code":"EUR","numeric":978,"native":"EUR","localized":"euro"},"om":{"code":"ETB","numeric":230,"native":"Itoophiyaa Birrii","localized":"birr etiope"},"or":{"code":"INR","numeric":356,"native":"ଭାରତୀୟ ଟଙ୍କା","localized":"rupia indiana"},"pa":{"code":"INR","numeric":356,"native":"ਭਾਰਤੀ ਰੁਪਇਆ","localized":"rupia indiana"},"pl":{"code":"PLN","numeric":985,"native":"złoty polski","localized":"zloty polacco"},"ps":{"code":"AFN","numeric":971,"native":"افغانۍ","localized":"afghani"},"pt":{"code":"BRL","numeric":986,"native":"Real brasileiro","localized":"real brasiliano"},"pt_BR":{"code":"BRL","numeric":986,"native":"Real brasileiro","localized":"real brasiliano"},"qu":{"code":"PEN","numeric":604,"native":"Sol Peruano","localized":"sol peruviano"},"ro":{"code":"RON","numeric":946,"native":"leu românesc","localized":"leu rumeno"},"ru":{"code":"RUB","numeric":643,"native":"российский рубль","localized":"rublo russo"},"rw":{"code":"RWF","numeric":646,"native":"RWF","localized":"franco ruandese"},"sa":{"code":"INR","numeric":356,"native":"भारतीय रूप्यकम्","localized":"rupia indiana"},"sc":{"code":"EUR","numeric":978,"native":"èuro","localized":"euro"},"sd":{"code":"PKR","numeric":586,"native":"پاڪستاني رپي","localized":"rupia pakistana"},"si":{"code":"LKR","numeric":144,"native":"ශ්‍රී ලංකා රුපියල","localized":"rupia di Sri Lanka"},"sk":{"code":"EUR","numeric":978,"native":"euro","localized":"euro"},"sl":{"code":"EUR","numeric":978,"native":"evro","localized":"euro"},"sn":{"code":"USD","numeric":840,"native":"Dora re Amerika","localized":"dollaro statunitense"},"so":{"code":"SOS","numeric":706,"native":"Shilingka Soomaaliya","localized":"scellino somalo"},"sq":{"code":"ALL","numeric":8,"native":"Leku shqiptar","localized":"lek albanese"},"sr_Cyrl":{"code":"RSD","numeric":941,"native":"српски динар","localized":"dinaro serbo"},"sr_Latn":{"code":"RSD","numeric":941,"native":"srpski dinar","localized":"dinaro serbo"},"sr_Latn_ME":{"code":"EUR","numeric":978,"native":"Evro","localized":"euro"},"su":{"code":"IDR","numeric":360,"native":"Rupee Indonésia","localized":"rupia indonesiana"},"sv":{"code":"SEK","numeric":752,"native":"svensk krona","localized":"corona svedese"},"sw":{"code":"TZS","numeric":834,"native":"Shilingi ya Tanzania","localized":"scellino della Tanzania"},"ta":{"code":"INR","numeric":356,"native":"இந்திய ரூபாய்","localized":"rupia indiana"},"te":{"code":"INR","numeric":356,"native":"భారతదేశ రూపాయి","localized":"rupia indiana"},"tg":{"code":"TJS","numeric":972,"native":"Сомонӣ","localized":"somoni tagiko"},"th":{"code":"THB","numeric":764,"native":"บาท","localized":"baht thailandese"},"ti":{"code":"ETB","numeric":230,"native":"ብር","localized":"birr etiope"},"tk":{"code":"TMT","numeric":934,"native":"Türkmen manady","localized":"manat turkmeno"},"tl":{"code":"PHP","numeric":608,"native":"Philippine Peso","localized":"peso filippino"},"tr":{"code":"TRY","numeric":949,"native":"Türk Lirası","localized":"lira turca"},"tt":{"code":"RUB","numeric":643,"native":"Россия сумы","localized":"rublo russo"},"ug":{"code":"CNY","numeric":156,"native":"جۇڭگو يۈەنى","localized":"renminbi cinese"},"uk":{"code":"UAH","numeric":980,"native":"українська гривня","localized":"grivnia ucraina"},"ur":{"code":"PKR","numeric":586,"native":"پاکستانی روپیہ","localized":"rupia pakistana"},"uz_Cyrl":{"code":"UZS","numeric":860,"native":"Ўзбекистон сўм","localized":"sum uzbeco"},"uz_Latn":{"code":"UZS","numeric":860,"native":"O‘zbekiston so‘mi","localized":"sum uzbeco"},"vi":{"code":"VND","numeric":704,"native":"Đồng Việt Nam","localized":"dong vietnamita"},"xh":{"code":"ZAR","numeric":710,"native":"IRandi yaseMzantsi Afrika","localized":"rand sudafricano"},"yi":{"code":"USD","numeric":840,"native":"","localized":""},"yo":{"code":"NGN","numeric":566,"native":"Náírà Nàìjíríà","localized":"naira nigeriana"},"zh_CN":{"code":"CNY","numeric":156,"native":"人民币","localized":"renminbi cinese"},"zh_HK":{"code":"HKD","numeric":344,"native":"港元","localized":"dollaro di Hong Kong"},"zh_TW":{"code":"TWD","numeric":901,"native":"新台币","localized":"nuovo dollaro taiwanese"},"zu":{"code":"ZAR","numeric":710,"native":"i-South African Rand","localized":"rand sudafricano"}}
