{"af":{"code":"ZAR","numeric":710,"native":"Suid-Afrikaanse rand","localized":"სამხრეთ აფრიკული რანდი"},"ak":{"code":"GHS","numeric":936,"native":"Ghana Sidi","localized":"განური სედი"},"am":{"code":"ETB","numeric":230,"native":"የኢትዮጵያ ብር","localized":"ეთიოპიური ბირი"},"ar":{"code":"EGP","numeric":818,"native":"جنيه مصري","localized":"ეგვიპტური გირვანქა"},"as":{"code":"INR","numeric":356,"native":"ভাৰতীয় ৰুপী","localized":"ინდური რუპია"},"az":{"code":"AZN","numeric":944,"native":"Azərbaycan Manatı","localized":"აზერბაიჯანული მანათი"},"be":{"code":"BYN","numeric":840,"native":"беларускі рубель","localized":"ბელორუსული რუბლი"},"bg":{"code":"BGN","numeric":975,"native":"Български лев","localized":"ბულგარული ლევი"},"bho":{"code":"INR","numeric":356,"native":"INR","localized":"ინდური რუპია"},"bm":{"code":"XOF","numeric":952,"native":"sefa Fraŋ (BCEAO)","localized":"დასავლეთ აფრიკული CFA ფრანკი"},"bn":{"code":"BDT","numeric":50,"native":"বাংলাদেশী টাকা","localized":"ბანგლადეშური ტაკა"},"bs":{"code":"BAM","numeric":977,"native":"Bosanskohercegovačka konvertibilna marka","localized":"ბოსნია და ჰერცოგოვინას კონვერტირებადი მარკა"},"ca":{"code":"EUR","numeric":978,"native":"euro","localized":"ევრო"},"ceb":{"code":"PHP","numeric":608,"native":"Philippine Peso","localized":"ფილიპინური პესო"},"ckb":{"code":"IQD","numeric":368,"native":"IQD","localized":"ერაყული დინარი"},"cs":{"code":"CZK","numeric":203,"native":"česká koruna","localized":"ჩეხური კრონა"},"cy":{"code":"GBP","numeric":826,"native":"Punt Prydain","localized":"ბრიტანული გირვანქა სტერლინგი"},"da":{"code":"DKK","numeric":208,"native":"dansk krone","localized":"დანიური კრონა"},"de":{"code":"EUR","numeric":978,"native":"Euro","localized":"ევრო"},"de_CH":{"code":"CHF","numeric":756,"native":"Schweizer Franken","localized":"შვეიცარიული ფრანკი"},"doi":{"code":"INR","numeric":356,"native":"भारती रपेऽ","localized":"ინდური რუპია"},"ee":{"code":"GHS","numeric":936,"native":"ghana siɖi","localized":"განური სედი"},"el":{"code":"EUR","numeric":978,"native":"Ευρώ","localized":"ევრო"},"en":{"code":"USD","numeric":840,"native":"US Dollar","localized":"აშშ დოლარი"},"en_CA":{"code":"CAD","numeric":124,"native":"Canadian Dollar","localized":"კანადური დოლარი"},"eo":{"code":"USD","numeric":840,"native":"","localized":""},"es":{"code":"EUR","numeric":978,"native":"euro","localized":"ევრო"},"et":{"code":"EUR","numeric":978,"native":"euro","localized":"ევრო"},"eu":{"code":"EUR","numeric":978,"native":"euroa","localized":"ევრო"},"fa":{"code":"IRR","numeric":364,"native":"ریال ایران","localized":"ირანული რიალი"},"fi":{"code":"EUR","numeric":978,"native":"euro","localized":"ევრო"},"fil":{"code":"PHP","numeric":608,"native":"Piso ng Pilipinas","localized":"ფილიპინური პესო"},"fr":{"code":"EUR","numeric":978,"native":"euro","localized":"ევრო"},"fy":{"code":"EUR","numeric":978,"native":"Euro","localized":"ევრო"},"ga":{"code":"EUR","numeric":978,"native":"Euro","localized":"ევრო"},"gd":{"code":"GBP","numeric":826,"native":"Punnd Sasannach","localized":"ბრიტანული გირვანქა სტერლინგი"},"gl":{"code":"EUR","numeric":978,"native":"euro","localized":"ევრო"},"gu":{"code":"INR","numeric":356,"native":"ભારતીય રૂપિયા","localized":"ინდური რუპია"},"ha":{"code":"NGN","numeric":566,"native":"Nairar Najeriya","localized":"ნიგერიული ნაირა"},"haw":{"code":"USD","numeric":840,"native":"USD","localized":"აშშ დოლარი"},"he":{"code":"ILS","numeric":376,"native":"שקל חדש","localized":"ისრაელის ახალი შეკელი"},"hi":{"code":"INR","numeric":356,"native":"भारतीय रुपया","localized":"ინდური რუპია"},"hr":{"code":"EUR","numeric":978,"native":"euro","localized":"ევრო"},"hu":{"code":"HUF","numeric":348,"native":"magyar forint","localized":"უნგრული ფორინტი"},"hy":{"code":"AMD","numeric":51,"native":"հայկական դրամ","localized":"სომხური დრამი"},"id":{"code":"IDR","numeric":360,"native":"Rupiah Indonesia","localized":"ინდონეზიური რუპია"},"ig":{"code":"NGN","numeric":566,"native":"Naịra","localized":"ნიგერიული ნაირა"},"is":{"code":"ISK","numeric":352,"native":"íslensk króna","localized":"ისლანდიური კრონა"},"it":{"code":"EUR","numeric":978,"native":"euro","localized":"ევრო"},"ja":{"code":"JPY","numeric":392,"native":"日本円","localized":"იაპონური იენი"},"ka":{"code":"GEL","numeric":981,"native":"ქართული ლარი","localized":"ქართული ლარი"},"kk":{"code":"KZT","numeric":398,"native":"Қазақстан теңгесі","localized":"ყაზახური ტენგე"},"km":{"code":"KHR","numeric":116,"native":"រៀល​កម្ពុជា","localized":"კამბოჯური რიელი"},"kn":{"code":"INR","numeric":356,"native":"ಭಾರತೀಯ ರೂಪಾಯಿ","localized":"ინდური რუპია"},"ko":{"code":"KRW","numeric":410,"native":"대한민국 원","localized":"სამხრეთ კორეული ვონი"},"ku":{"code":"TRY","numeric":949,"native":"TRY","localized":"ახალი თურქული ლირა"},"ky":{"code":"KGS","numeric":417,"native":"Кыргызстан сому","localized":"ყირგიზული სომი"},"lb":{"code":"EUR","numeric":978,"native":"Euro","localized":"ევრო"},"lg":{"code":"UGX","numeric":800,"native":"Silingi eya Yuganda","localized":"უგანდური შილინგი"},"ln":{"code":"CDF","numeric":976,"native":"Falánga ya Kongó","localized":"კონგოს ფრანკი"},"lo":{"code":"LAK","numeric":418,"native":"ລາວ ກີບ","localized":"ლაოსური კიპი"},"lt":{"code":"EUR","numeric":978,"native":"Euras","localized":"ევრო"},"lv":{"code":"EUR","numeric":978,"native":"eiro","localized":"ევრო"},"mai":{"code":"INR","numeric":356,"native":"भारतीय रुपया","localized":"ინდური რუპია"},"mg":{"code":"MGA","numeric":969,"native":"Ariary","localized":"მადაგასკარის არიარი"},"mi":{"code":"NZD","numeric":554,"native":"Tāra o Aotearoa","localized":"ახალი ზელანდიის დოლარი"},"mk":{"code":"MKD","numeric":807,"native":"Македонски денар","localized":"მაკედონიური დინარი"},"ml":{"code":"INR","numeric":356,"native":"ഇന്ത്യൻ രൂപ","localized":"ინდური რუპია"},"mn":{"code":"MNT","numeric":496,"native":"Монгол төгрөг","localized":"მონღოლური ტუგრიკი"},"mni_Mtei":{"code":"INR","numeric":356,"native":"Indian Rupee","localized":"ინდური რუპია"},"mr":{"code":"INR","numeric":356,"native":"भारतीय रुपया","localized":"ინდური რუპია"},"ms":{"code":"MYR","numeric":458,"native":"Ringgit Malaysia","localized":"მალაიზიური რინგიტი"},"mt":{"code":"EUR","numeric":978,"native":"ewro","localized":"ევრო"},"my":{"code":"MMK","numeric":104,"native":"မြန်မာ ကျပ်","localized":"მიანმარის კიატი"},"nb":{"code":"NOK","numeric":578,"native":"norske kroner","localized":"ნორვეგიული კრონა"},"ne":{"code":"NPR","numeric":524,"native":"नेपाली रूपैयाँ","localized":"ნეპალური რუპია"},"nl":{"code":"EUR","numeric":978,"native":"Euro","localized":"ევრო"},"nn":{"code":"NOK","numeric":578,"native":"norske kroner","localized":"ნორვეგიული კრონა"},"oc":{"code":"EUR","numeric":978,"native":"EUR","localized":"ევრო"},"om":{"code":"ETB","numeric":230,"native":"Itoophiyaa Birrii","localized":"ეთიოპიური ბირი"},"or":{"code":"INR","numeric":356,"native":"ଭାରତୀୟ ଟଙ୍କା","localized":"ინდური რუპია"},"pa":{"code":"INR","numeric":356,"native":"ਭਾਰਤੀ ਰੁਪਇਆ","localized":"ინდური რუპია"},"pl":{"code":"PLN","numeric":985,"native":"złoty polski","localized":"პოლონური ზლოტი"},"ps":{"code":"AFN","numeric":971,"native":"افغانۍ","localized":"ავღანური ავღანი"},"pt":{"code":"BRL","numeric":986,"native":"Real brasileiro","localized":"ბრაზილიური რეალი"},"pt_BR":{"code":"BRL","numeric":986,"native":"Real brasileiro","localized":"ბრაზილიური რეალი"},"qu":{"code":"PEN","numeric":604,"native":"Sol Peruano","localized":"პერუს სოლი"},"ro":{"code":"RON","numeric":946,"native":"leu românesc","localized":"რუმინული ლეუ"},"ru":{"code":"RUB","numeric":643,"native":"российский рубль","localized":"რუსული რუბლი"},"rw":{"code":"RWF","numeric":646,"native":"RWF","localized":"რუანდული ფრანკი"},"sa":{"code":"INR","numeric":356,"native":"भारतीय रूप्यकम्","localized":"ინდური რუპია"},"sc":{"code":"EUR","numeric":978,"native":"èuro","localized":"ევრო"},"sd":{"code":"PKR","numeric":586,"native":"پاڪستاني رپي","localized":"პაკისტანური რუპია"},"si":{"code":"LKR","numeric":144,"native":"ශ්‍රී ලංකා රුපියල","localized":"შრი-ლანკური რუპია"},"sk":{"code":"EUR","numeric":978,"native":"euro","localized":"ევრო"},"sl":{"code":"EUR","numeric":978,"native":"evro","localized":"ევრო"},"sn":{"code":"USD","numeric":840,"native":"Dora re Amerika","localized":"აშშ დოლარი"},"so":{"code":"SOS","numeric":706,"native":"Shilingka Soomaaliya","localized":"სომალური შილინგი"},"sq":{"code":"ALL","numeric":8,"native":"Leku shqiptar","localized":"ალბანური ლეკი"},"sr_Cyrl":{"code":"RSD","numeric":941,"native":"српски динар","localized":"სერბული დინარი"},"sr_Latn":{"code":"RSD","numeric":941,"native":"srpski dinar","localized":"სერბული დინარი"},"sr_Latn_ME":{"code":"EUR","numeric":978,"native":"Evro","localized":"ევრო"},"su":{"code":"IDR","numeric":360,"native":"Rupee Indonésia","localized":"ინდონეზიური რუპია"},"sv":{"code":"SEK","numeric":752,"native":"svensk krona","localized":"შვედური კრონა"},"sw":{"code":"TZS","numeric":834,"native":"Shilingi ya Tanzania","localized":"ტანზანიური შილინგი"},"ta":{"code":"INR","numeric":356,"native":"இந்திய ரூபாய்","localized":"ინდური რუპია"},"te":{"code":"INR","numeric":356,"native":"భారతదేశ రూపాయి","localized":"ინდური რუპია"},"tg":{"code":"TJS","numeric":972,"native":"Сомонӣ","localized":"ტაჯიკური სომონი"},"th":{"code":"THB","numeric":764,"native":"บาท","localized":"ტაილანდური ბატი"},"ti":{"code":"ETB","numeric":230,"native":"ብር","localized":"ეთიოპიური ბირი"},"tk":{"code":"TMT","numeric":934,"native":"Türkmen manady","localized":"თურქმენეთის მანათი"},"tl":{"code":"PHP","numeric":608,"native":"Philippine Peso","localized":"ფილიპინური პესო"},"tr":{"code":"TRY","numeric":949,"native":"Türk Lirası","localized":"ახალი თურქული ლირა"},"tt":{"code":"RUB","numeric":643,"native":"Россия сумы","localized":"რუსული რუბლი"},"ug":{"code":"CNY","numeric":156,"native":"جۇڭگو يۈەنى","localized":"ჩინური იუანი"},"uk":{"code":"UAH","numeric":980,"native":"українська гривня","localized":"უკრაინული გრივნა"},"ur":{"code":"PKR","numeric":586,"native":"پاکستانی روپیہ","localized":"პაკისტანური რუპია"},"uz_Cyrl":{"code":"UZS","numeric":860,"native":"Ўзбекистон сўм","localized":"უზბეკური სუმი"},"uz_Latn":{"code":"UZS","numeric":860,"native":"O‘zbekiston so‘mi","localized":"უზბეკური სუმი"},"vi":{"code":"VND","numeric":704,"native":"Đồng Việt Nam","localized":"ვიეტნამური დონგი"},"xh":{"code":"ZAR","numeric":710,"native":"IRandi yaseMzantsi Afrika","localized":"სამხრეთ აფრიკული რანდი"},"yi":{"code":"USD","numeric":840,"native":"","localized":""},"yo":{"code":"NGN","numeric":566,"native":"Náírà Nàìjíríà","localized":"ნიგერიული ნაირა"},"zh_CN":{"code":"CNY","numeric":156,"native":"人民币","localized":"ჩინური იუანი"},"zh_HK":{"code":"HKD","numeric":344,"native":"港元","localized":"ჰონკონგის დოლარი"},"zh_TW":{"code":"TWD","numeric":901,"native":"新台币","localized":"ტაივანური ახალი დოლარი"},"zu":{"code":"ZAR","numeric":710,"native":"i-South African Rand","localized":"სამხრეთ აფრიკული რანდი"}}
