{"af":{"code":"ZAR","numeric":710,"native":"Suid-Afrikaanse rand","localized":"រ៉ង់អាហ្វ្រិកខាងត្បូង"},"ak":{"code":"GHS","numeric":936,"native":"Ghana Sidi","localized":"ស៊ីឌី​ហ្គាណា"},"am":{"code":"ETB","numeric":230,"native":"የኢትዮጵያ ብር","localized":"ប៊័រ​អេត្យូពី"},"ar":{"code":"EGP","numeric":818,"native":"جنيه مصري","localized":"ផោនអេហ្ស៊ីប"},"as":{"code":"INR","numeric":356,"native":"ভাৰতীয় ৰুপী","localized":"រូពីឥណ្ឌា"},"az":{"code":"AZN","numeric":944,"native":"Azərbaycan Manatı","localized":"ម៉ាណាត​អាស៊ែបៃហ្សង់"},"be":{"code":"BYN","numeric":840,"native":"беларускі рубель","localized":"រ៉ូបល​បេឡារុស"},"bg":{"code":"BGN","numeric":975,"native":"Български лев","localized":"លីវ​ប៊ុលហ្គារី"},"bho":{"code":"INR","numeric":356,"native":"INR","localized":"រូពីឥណ្ឌា"},"bm":{"code":"XOF","numeric":952,"native":"sefa Fraŋ (BCEAO)","localized":"ហ្វ្រង់ CFA អាហ្វ្រិកខាងលិច"},"bn":{"code":"BDT","numeric":50,"native":"বাংলাদেশী টাকা","localized":"តាកា​បង់ក្លាដែស"},"bs":{"code":"BAM","numeric":977,"native":"Bosanskohercegovačka konvertibilna marka","localized":"ម៉ាក​អាច​បម្លែង​បាន​បូស្នី"},"ca":{"code":"EUR","numeric":978,"native":"euro","localized":"អឺរ៉ូ"},"ceb":{"code":"PHP","numeric":608,"native":"Philippine Peso","localized":"ប៉េសូហ្វីលីពីន"},"ckb":{"code":"IQD","numeric":368,"native":"IQD","localized":"ឌីណា​អ៊ីរ៉ាក់"},"cs":{"code":"CZK","numeric":203,"native":"česká koruna","localized":"កូរុណា​សាធារណៈ​ឆេក"},"cy":{"code":"GBP","numeric":826,"native":"Punt Prydain","localized":"ផោនចក្រភពអង់គ្លេស"},"da":{"code":"DKK","numeric":208,"native":"dansk krone","localized":"ក្រូណេ​ដាណាម៉ាក់"},"de":{"code":"EUR","numeric":978,"native":"Euro","localized":"អឺរ៉ូ"},"de_CH":{"code":"CHF","numeric":756,"native":"Schweizer Franken","localized":"ហ្វ្រង់ស្វីស"},"doi":{"code":"INR","numeric":356,"native":"भारती रपेऽ","localized":"រូពីឥណ្ឌា"},"ee":{"code":"GHS","numeric":936,"native":"ghana siɖi","localized":"ស៊ីឌី​ហ្គាណា"},"el":{"code":"EUR","numeric":978,"native":"Ευρώ","localized":"អឺរ៉ូ"},"en":{"code":"USD","numeric":840,"native":"US Dollar","localized":"ដុល្លារ​អាមេរិក"},"en_CA":{"code":"CAD","numeric":124,"native":"Canadian Dollar","localized":"ដុល្លារ​កាណាដា"},"eo":{"code":"USD","numeric":840,"native":"","localized":""},"es":{"code":"EUR","numeric":978,"native":"euro","localized":"អឺរ៉ូ"},"et":{"code":"EUR","numeric":978,"native":"euro","localized":"អឺរ៉ូ"},"eu":{"code":"EUR","numeric":978,"native":"euroa","localized":"អឺរ៉ូ"},"fa":{"code":"IRR","numeric":364,"native":"ریال ایران","localized":"រៀល​អ៊ីរ៉ង់"},"fi":{"code":"EUR","numeric":978,"native":"euro","localized":"អឺរ៉ូ"},"fil":{"code":"PHP","numeric":608,"native":"Piso ng Pilipinas","localized":"ប៉េសូហ្វីលីពីន"},"fr":{"code":"EUR","numeric":978,"native":"euro","localized":"អឺរ៉ូ"},"fy":{"code":"EUR","numeric":978,"native":"Euro","localized":"អឺរ៉ូ"},"ga":{"code":"EUR","numeric":978,"native":"Euro","localized":"អឺរ៉ូ"},"gd":{"code":"GBP","numeric":826,"native":"Punnd Sasannach","localized":"ផោនចក្រភពអង់គ្លេស"},"gl":{"code":"EUR","numeric":978,"native":"euro","localized":"អឺរ៉ូ"},"gu":{"code":"INR","numeric":356,"native":"ભારતીય રૂપિયા","localized":"រូពីឥណ្ឌា"},"ha":{"code":"NGN","numeric":566,"native":"Nairar Najeriya","localized":"ណៃរ៉ា​នីហ្សេរីយ៉ា"},"haw":{"code":"USD","numeric":840,"native":"USD","localized":"ដុល្លារ​អាមេរិក"},"he":{"code":"ILS","numeric":376,"native":"שקל חדש","localized":"ស៊ីគែលថ្មីអ៊ីស្រាអែល"},"hi":{"code":"INR","numeric":356,"native":"भारतीय रुपया","localized":"រូពីឥណ្ឌា"},"hr":{"code":"EUR","numeric":978,"native":"euro","localized":"អឺរ៉ូ"},"hu":{"code":"HUF","numeric":348,"native":"magyar forint","localized":"ហ្វូរីន​ហុងគ្រី"},"hy":{"code":"AMD","numeric":51,"native":"հայկական դրամ","localized":"ដ្រាំ​អាមេនី"},"id":{"code":"IDR","numeric":360,"native":"Rupiah Indonesia","localized":"រូពីឥណ្ឌូណេស៊ី"},"ig":{"code":"NGN","numeric":566,"native":"Naịra","localized":"ណៃរ៉ា​នីហ្សេរីយ៉ា"},"is":{"code":"ISK","numeric":352,"native":"íslensk króna","localized":"ក្រូណា​អ៊ីស្លង់"},"it":{"code":"EUR","numeric":978,"native":"euro","localized":"អឺរ៉ូ"},"ja":{"code":"JPY","numeric":392,"native":"日本円","localized":"យេន​ជប៉ុន"},"ka":{"code":"GEL","numeric":981,"native":"ქართული ლარი","localized":"ឡារី​​ហ្សកហ្ស៊ី"},"kk":{"code":"KZT","numeric":398,"native":"Қазақстан теңгесі","localized":"តង់ហ្គី​កាហ្សាក់ស្ថាន"},"km":{"code":"KHR","numeric":116,"native":"រៀល​កម្ពុជា","localized":"រៀល​កម្ពុជា"},"kn":{"code":"INR","numeric":356,"native":"ಭಾರತೀಯ ರೂಪಾಯಿ","localized":"រូពីឥណ្ឌា"},"ko":{"code":"KRW","numeric":410,"native":"대한민국 원","localized":"វ៉ុនកូរ៉េខាងត្បូង"},"ku":{"code":"TRY","numeric":949,"native":"TRY","localized":"លីរ៉ាទួរគី"},"ky":{"code":"KGS","numeric":417,"native":"Кыргызстан сому","localized":"សុម​កៀហ្ស៊ីស៊ីស្ថាន"},"lb":{"code":"EUR","numeric":978,"native":"Euro","localized":"អឺរ៉ូ"},"lg":{"code":"UGX","numeric":800,"native":"Silingi eya Yuganda","localized":"ស៊ីលិញ​អ៊ូហ្គង់ដា"},"ln":{"code":"CDF","numeric":976,"native":"Falánga ya Kongó","localized":"ហ្វ្រង់​កុងហ្គោ"},"lo":{"code":"LAK","numeric":418,"native":"ລາວ ກີບ","localized":"គីប​ឡាវ"},"lt":{"code":"EUR","numeric":978,"native":"Euras","localized":"អឺរ៉ូ"},"lv":{"code":"EUR","numeric":978,"native":"eiro","localized":"អឺរ៉ូ"},"mai":{"code":"INR","numeric":356,"native":"भारतीय रुपया","localized":"រូពីឥណ្ឌា"},"mg":{"code":"MGA","numeric":969,"native":"Ariary","localized":"អារៀរី​ម៉ាឡាហ្គាស៊ី"},"mi":{"code":"NZD","numeric":554,"native":"Tāra o Aotearoa","localized":"ដុល្លារ​នូវែលសេឡង់"},"mk":{"code":"MKD","numeric":807,"native":"Македонски денар","localized":"ឌីណាម៉ាសេដូនី"},"ml":{"code":"INR","numeric":356,"native":"ഇന്ത്യൻ രൂപ","localized":"រូពីឥណ្ឌា"},"mn":{"code":"MNT","numeric":496,"native":"Монгол төгрөг","localized":"ទូរីក​ម៉ុងហ្គោលី"},"mni_Mtei":{"code":"INR","numeric":356,"native":"Indian Rupee","localized":"រូពីឥណ្ឌា"},"mr":{"code":"INR","numeric":356,"native":"भारतीय रुपया","localized":"រូពីឥណ្ឌា"},"ms":{"code":"MYR","numeric":458,"native":"Ringgit Malaysia","localized":"រីងហ្គីត​ម៉ាឡេស៊ី"},"mt":{"code":"EUR","numeric":978,"native":"ewro","localized":"អឺរ៉ូ"},"my":{"code":"MMK","numeric":104,"native":"မြန်မာ ကျပ်","localized":"គីយ៉ាត​ភូមា"},"nb":{"code":"NOK","numeric":578,"native":"norske kroner","localized":"ក្រូណេ​ន័រវ៉េ"},"ne":{"code":"NPR","numeric":524,"native":"नेपाली रूपैयाँ","localized":"រូពីនេប៉ាល់"},"nl":{"code":"EUR","numeric":978,"native":"Euro","localized":"អឺរ៉ូ"},"nn":{"code":"NOK","numeric":578,"native":"norske kroner","localized":"ក្រូណេ​ន័រវ៉េ"},"oc":{"code":"EUR","numeric":978,"native":"EUR","localized":"អឺរ៉ូ"},"om":{"code":"ETB","numeric":230,"native":"Itoophiyaa Birrii","localized":"ប៊័រ​អេត្យូពី"},"or":{"code":"INR","numeric":356,"native":"ଭାରତୀୟ ଟଙ୍କା","localized":"រូពីឥណ្ឌា"},"pa":{"code":"INR","numeric":356,"native":"ਭਾਰਤੀ ਰੁਪਇਆ","localized":"រូពីឥណ្ឌា"},"pl":{"code":"PLN","numeric":985,"native":"złoty polski","localized":"ហ្សូទី​ប៉ូឡូញ"},"ps":{"code":"AFN","numeric":971,"native":"افغانۍ","localized":"អាហ្វហ្គានី​អាហ្វហ្គានីស្ថាន"},"pt":{"code":"BRL","numeric":986,"native":"Real brasileiro","localized":"រៀល​ប្រេស៊ីល"},"pt_BR":{"code":"BRL","numeric":986,"native":"Real brasileiro","localized":"រៀល​ប្រេស៊ីល"},"qu":{"code":"PEN","numeric":604,"native":"Sol Peruano","localized":"ញូវ៉ូសូល​ប៉េរូ"},"ro":{"code":"RON","numeric":946,"native":"leu românesc","localized":"លូ​រូម៉ានី"},"ru":{"code":"RUB","numeric":643,"native":"российский рубль","localized":"រ៉ូបល​រុស្ស៊ី"},"rw":{"code":"RWF","numeric":646,"native":"RWF","localized":"ហ្វ្រង់​រវ៉ាន់ដា"},"sa":{"code":"INR","numeric":356,"native":"भारतीय रूप्यकम्","localized":"រូពីឥណ្ឌា"},"sc":{"code":"EUR","numeric":978,"native":"èuro","localized":"អឺរ៉ូ"},"sd":{"code":"PKR","numeric":586,"native":"پاڪستاني رپي","localized":"រូពីប៉ាគីស្ថាន"},"si":{"code":"LKR","numeric":144,"native":"ශ්‍රී ලංකා රුපියල","localized":"រូពីស្រីលង្កា"},"sk":{"code":"EUR","numeric":978,"native":"euro","localized":"អឺរ៉ូ"},"sl":{"code":"EUR","numeric":978,"native":"evro","localized":"អឺរ៉ូ"},"sn":{"code":"USD","numeric":840,"native":"Dora re Amerika","localized":"ដុល្លារ​អាមេរិក"},"so":{"code":"SOS","numeric":706,"native":"Shilingka Soomaaliya","localized":"ស៊ីលិញ​សូម៉ាលី"},"sq":{"code":"ALL","numeric":8,"native":"Leku shqiptar","localized":"លិក​អាល់បានី"},"sr_Cyrl":{"code":"RSD","numeric":941,"native":"српски динар","localized":"ឌីណាស៊ែប"},"sr_Latn":{"code":"RSD","numeric":941,"native":"srpski dinar","localized":"ឌីណាស៊ែប"},"sr_Latn_ME":{"code":"EUR","numeric":978,"native":"Evro","localized":"អឺរ៉ូ"},"su":{"code":"IDR","numeric":360,"native":"Rupee Indonésia","localized":"រូពីឥណ្ឌូណេស៊ី"},"sv":{"code":"SEK","numeric":752,"native":"svensk krona","localized":"ក្រូណា​ស៊ុយអែត"},"sw":{"code":"TZS","numeric":834,"native":"Shilingi ya Tanzania","localized":"ស៊ីលិញ​តង់សានី"},"ta":{"code":"INR","numeric":356,"native":"இந்திய ரூபாய்","localized":"រូពីឥណ្ឌា"},"te":{"code":"INR","numeric":356,"native":"భారతదేశ రూపాయి","localized":"រូពីឥណ្ឌា"},"tg":{"code":"TJS","numeric":972,"native":"Сомонӣ","localized":"សូមុនី​តាហ្ស៊ីគីស្ថាន"},"th":{"code":"THB","numeric":764,"native":"บาท","localized":"បាត​ថៃ"},"ti":{"code":"ETB","numeric":230,"native":"ብር","localized":"ប៊័រ​អេត្យូពី"},"tk":{"code":"TMT","numeric":934,"native":"Türkmen manady","localized":"ម៉ាណាត​តួកម៉េនីស្ថាន"},"tl":{"code":"PHP","numeric":608,"native":"Philippine Peso","localized":"ប៉េសូហ្វីលីពីន"},"tr":{"code":"TRY","numeric":949,"native":"Türk Lirası","localized":"លីរ៉ាទួរគី"},"tt":{"code":"RUB","numeric":643,"native":"Россия сумы","localized":"រ៉ូបល​រុស្ស៊ី"},"ug":{"code":"CNY","numeric":156,"native":"جۇڭگو يۈەنى","localized":"យ័នចិន"},"uk":{"code":"UAH","numeric":980,"native":"українська гривня","localized":"ហ៊ូនីយ៉ា​អ៊ុយក្រែន"},"ur":{"code":"PKR","numeric":586,"native":"پاکستانی روپیہ","localized":"រូពីប៉ាគីស្ថាន"},"uz_Cyrl":{"code":"UZS","numeric":860,"native":"Ўзбекистон сўм","localized":"សុមអ៊ូបេគីស្ថាន"},"uz_Latn":{"code":"UZS","numeric":860,"native":"O‘zbekiston so‘mi","localized":"សុមអ៊ូបេគីស្ថាន"},"vi":{"code":"VND","numeric":704,"native":"Đồng Việt Nam","localized":"ដុង​វៀតណាម"},"xh":{"code":"ZAR","numeric":710,"native":"IRandi yaseMzantsi Afrika","localized":"រ៉ង់អាហ្វ្រិកខាងត្បូង"},"yi":{"code":"USD","numeric":840,"native":"","localized":""},"yo":{"code":"NGN","numeric":566,"native":"Náírà Nàìjíríà","localized":"ណៃរ៉ា​នីហ្សេរីយ៉ា"},"zh_CN":{"code":"CNY","numeric":156,"native":"人民币","localized":"យ័នចិន"},"zh_HK":{"code":"HKD","numeric":344,"native":"港元","localized":"ដុល្លារ​ហុងកុង"},"zh_TW":{"code":"TWD","numeric":901,"native":"新台币","localized":"ដុល្លារ​តៃវ៉ាន់"},"zu":{"code":"ZAR","numeric":710,"native":"i-South African Rand","localized":"រ៉ង់អាហ្វ្រិកខាងត្បូង"}}
