{"af":{"code":"ZAR","numeric":710,"native":"Suid-Afrikaanse rand","localized":"ದಕ್ಷಿಣ ಆಫ್ರಿಕನ್ ರಾಂಡ್"},"ak":{"code":"GHS","numeric":936,"native":"Ghana Sidi","localized":"ಘಾನಾದ ಸೆದಿ"},"am":{"code":"ETB","numeric":230,"native":"የኢትዮጵያ ብር","localized":"ಇಥಿಯೋಪಿಯನ್ ಬಿರ್"},"ar":{"code":"EGP","numeric":818,"native":"جنيه مصري","localized":"ಈಜಿಪ್ಷಿಯನ್ ಪೌಂಡ್‍"},"as":{"code":"INR","numeric":356,"native":"ভাৰতীয় ৰুপী","localized":"ಭಾರತೀಯ ರೂಪಾಯಿ"},"az":{"code":"AZN","numeric":944,"native":"Azərbaycan Manatı","localized":"ಅಝರ್‌ಬೈಜಾನಿ ಮನಾತ್"},"be":{"code":"BYN","numeric":840,"native":"беларускі рубель","localized":"ಬೆಲಾರುಸಿಯನ್ ರೂಬಲ್"},"bg":{"code":"BGN","numeric":975,"native":"Български лев","localized":"ಬಲ್ಗೇರಿಯನ್ ಲೆವ್"},"bho":{"code":"INR","numeric":356,"native":"INR","localized":"ಭಾರತೀಯ ರೂಪಾಯಿ"},"bm":{"code":"XOF","numeric":952,"native":"sefa Fraŋ (BCEAO)","localized":"ಪಶ್ಚಿಮ ಆಫ್ರಿಕಾದ CFA ಫ್ರಾಂಕ್"},"bn":{"code":"BDT","numeric":50,"native":"বাংলাদেশী টাকা","localized":"ಬಾಂಗ್ಲಾದೇಶದ ಟಾಕಾ"},"bs":{"code":"BAM","numeric":977,"native":"Bosanskohercegovačka konvertibilna marka","localized":"ಬೋಸ್ನಿಯಾ-ಹರ್ಜ್‌ಗೋವಿನ ಪರಿವರ್ತನೀಯ ಗುರುತು"},"ca":{"code":"EUR","numeric":978,"native":"euro","localized":"ಯೂರೊ"},"ceb":{"code":"PHP","numeric":608,"native":"Philippine Peso","localized":"ಫಿಲಿಪ್ಪೈನ್ ಪಿಸೊ"},"ckb":{"code":"IQD","numeric":368,"native":"IQD","localized":"ಇರಾಕಿ ದಿನಾರ್"},"cs":{"code":"CZK","numeric":203,"native":"česká koruna","localized":"ಝೆಕ್ ಗಣರಾಜ್ಯ ಕೊರೂನ"},"cy":{"code":"GBP","numeric":826,"native":"Punt Prydain","localized":"ಬ್ರಿಟೀಷ್ ಪೌಂಡ್"},"da":{"code":"DKK","numeric":208,"native":"dansk krone","localized":"ಡ್ಯಾನಿಶ್ ಕ್ರೋನ್"},"de":{"code":"EUR","numeric":978,"native":"Euro","localized":"ಯೂರೊ"},"de_CH":{"code":"CHF","numeric":756,"native":"Schweizer Franken","localized":"ಸ್ವಿಸ್ ಫ್ರಾಂಕ್"},"doi":{"code":"INR","numeric":356,"native":"भारती रपेऽ","localized":"ಭಾರತೀಯ ರೂಪಾಯಿ"},"ee":{"code":"GHS","numeric":936,"native":"ghana siɖi","localized":"ಘಾನಾದ ಸೆದಿ"},"el":{"code":"EUR","numeric":978,"native":"Ευρώ","localized":"ಯೂರೊ"},"en":{"code":"USD","numeric":840,"native":"US Dollar","localized":"ಅಮೆರಿಕದ ಡಾಲರ್‌"},"en_CA":{"code":"CAD","numeric":124,"native":"Canadian Dollar","localized":"ಕೆನಡಾದ ಡಾಲರ್"},"eo":{"code":"USD","numeric":840,"native":"","localized":""},"es":{"code":"EUR","numeric":978,"native":"euro","localized":"ಯೂರೊ"},"et":{"code":"EUR","numeric":978,"native":"euro","localized":"ಯೂರೊ"},"eu":{"code":"EUR","numeric":978,"native":"euroa","localized":"ಯೂರೊ"},"fa":{"code":"IRR","numeric":364,"native":"ریال ایران","localized":"ಇರಾನಿಯನ್ ರಿಯಲ್"},"fi":{"code":"EUR","numeric":978,"native":"euro","localized":"ಯೂರೊ"},"fil":{"code":"PHP","numeric":608,"native":"Piso ng Pilipinas","localized":"ಫಿಲಿಪ್ಪೈನ್ ಪಿಸೊ"},"fr":{"code":"EUR","numeric":978,"native":"euro","localized":"ಯೂರೊ"},"fy":{"code":"EUR","numeric":978,"native":"Euro","localized":"ಯೂರೊ"},"ga":{"code":"EUR","numeric":978,"native":"Euro","localized":"ಯೂರೊ"},"gd":{"code":"GBP","numeric":826,"native":"Punnd Sasannach","localized":"ಬ್ರಿಟೀಷ್ ಪೌಂಡ್"},"gl":{"code":"EUR","numeric":978,"native":"euro","localized":"ಯೂರೊ"},"gu":{"code":"INR","numeric":356,"native":"ભારતીય રૂપિયા","localized":"ಭಾರತೀಯ ರೂಪಾಯಿ"},"ha":{"code":"NGN","numeric":566,"native":"Nairar Najeriya","localized":"ನೈಜೀರಿಯಾದ ನೇರಾ"},"haw":{"code":"USD","numeric":840,"native":"USD","localized":"ಅಮೆರಿಕದ ಡಾಲರ್‌"},"he":{"code":"ILS","numeric":376,"native":"שקל חדש","localized":"ಇಸ್ರೇಲಿ ನ್ಯೂ ಶೇಖಲ್"},"hi":{"code":"INR","numeric":356,"native":"भारतीय रुपया","localized":"ಭಾರತೀಯ ರೂಪಾಯಿ"},"hr":{"code":"EUR","numeric":978,"native":"euro","localized":"ಯೂರೊ"},"hu":{"code":"HUF","numeric":348,"native":"magyar forint","localized":"ಹಂಗೇರಿಯನ್ ಫೋರಿಂಟ್"},"hy":{"code":"AMD","numeric":51,"native":"հայկական դրամ","localized":"ಅರ್ಮೆನಿಯನ್ ಡ್ರಾಮ್"},"id":{"code":"IDR","numeric":360,"native":"Rupiah Indonesia","localized":"ಇಂಡೊನೇಷ್ಯಾ ರುಪೈ"},"ig":{"code":"NGN","numeric":566,"native":"Naịra","localized":"ನೈಜೀರಿಯಾದ ನೇರಾ"},"is":{"code":"ISK","numeric":352,"native":"íslensk króna","localized":"ಐಸ್‌ಲ್ಯಾಂಡಿಕ್ ಕ್ರೋನಾ"},"it":{"code":"EUR","numeric":978,"native":"euro","localized":"ಯೂರೊ"},"ja":{"code":"JPY","numeric":392,"native":"日本円","localized":"ಜಪಾನೀಸ್ ಯೆನ್"},"ka":{"code":"GEL","numeric":981,"native":"ქართული ლარი","localized":"ಜಾರ್ಜಿಯಾದ ಲಾರಿ"},"kk":{"code":"KZT","numeric":398,"native":"Қазақстан теңгесі","localized":"ಕಜಾಕಿಸ್ತಾನಿ ತೆಂಗೆ"},"km":{"code":"KHR","numeric":116,"native":"រៀល​កម្ពុជា","localized":"ಕಾಂಬೋಡಿಯನ್ ರಿಯಲ್"},"kn":{"code":"INR","numeric":356,"native":"ಭಾರತೀಯ ರೂಪಾಯಿ","localized":"ಭಾರತೀಯ ರೂಪಾಯಿ"},"ko":{"code":"KRW","numeric":410,"native":"대한민국 원","localized":"ದಕ್ಷಿಣ ಕೊರಿಯನ್ ವೊನ್"},"ku":{"code":"TRY","numeric":949,"native":"TRY","localized":"ಟರ್ಕಿಶ್ ಲಿರಾ"},"ky":{"code":"KGS","numeric":417,"native":"Кыргызстан сому","localized":"ಕಿರ್ಗಿಸ್ತಾನಿ ಸೋಮ್"},"lb":{"code":"EUR","numeric":978,"native":"Euro","localized":"ಯೂರೊ"},"lg":{"code":"UGX","numeric":800,"native":"Silingi eya Yuganda","localized":"ಉಗಾಂಡನ್ ಶಿಲ್ಲಿಂಗ್"},"ln":{"code":"CDF","numeric":976,"native":"Falánga ya Kongó","localized":"ಕಾಂಗೋಲೀಸ್ ಫ್ರಾಂಕ್"},"lo":{"code":"LAK","numeric":418,"native":"ລາວ ກີບ","localized":"ಲೋಟಿಯನ್ ಕಿಪ್"},"lt":{"code":"EUR","numeric":978,"native":"Euras","localized":"ಯೂರೊ"},"lv":{"code":"EUR","numeric":978,"native":"eiro","localized":"ಯೂರೊ"},"mai":{"code":"INR","numeric":356,"native":"भारतीय रुपया","localized":"ಭಾರತೀಯ ರೂಪಾಯಿ"},"mg":{"code":"MGA","numeric":969,"native":"Ariary","localized":"ಮಲಗಾಸಿ ಅರಿಯಾರಿ"},"mi":{"code":"NZD","numeric":554,"native":"Tāra o Aotearoa","localized":"ನ್ಯೂಜಿಲ್ಯಾಂಡ್ ಡಾಲರ್"},"mk":{"code":"MKD","numeric":807,"native":"Македонски денар","localized":"ಮೆಸಡೋನಿಯನ್ ದಿನಾರ್"},"ml":{"code":"INR","numeric":356,"native":"ഇന്ത്യൻ രൂപ","localized":"ಭಾರತೀಯ ರೂಪಾಯಿ"},"mn":{"code":"MNT","numeric":496,"native":"Монгол төгрөг","localized":"ಮಂಗೋಲಿಯಾದ ತುಗ್ರಿಕ್‌‌"},"mni_Mtei":{"code":"INR","numeric":356,"native":"Indian Rupee","localized":"ಭಾರತೀಯ ರೂಪಾಯಿ"},"mr":{"code":"INR","numeric":356,"native":"भारतीय रुपया","localized":"ಭಾರತೀಯ ರೂಪಾಯಿ"},"ms":{"code":"MYR","numeric":458,"native":"Ringgit Malaysia","localized":"ಮಲೇಶಿಯನ್ ರಿಂಗಿಟ್"},"mt":{"code":"EUR","numeric":978,"native":"ewro","localized":"ಯೂರೊ"},"my":{"code":"MMK","numeric":104,"native":"မြန်မာ ကျပ်","localized":"ಮ್ಯಾನ್ಮಾರ್ ಕ್ಯಾಟ್"},"nb":{"code":"NOK","numeric":578,"native":"norske kroner","localized":"ನಾರ್ವೇಯ ಕ್ರೋನ್"},"ne":{"code":"NPR","numeric":524,"native":"नेपाली रूपैयाँ","localized":"ನೇಪಾಳದ ರುಪೀ"},"nl":{"code":"EUR","numeric":978,"native":"Euro","localized":"ಯೂರೊ"},"nn":{"code":"NOK","numeric":578,"native":"norske kroner","localized":"ನಾರ್ವೇಯ ಕ್ರೋನ್"},"oc":{"code":"EUR","numeric":978,"native":"EUR","localized":"ಯೂರೊ"},"om":{"code":"ETB","numeric":230,"native":"Itoophiyaa Birrii","localized":"ಇಥಿಯೋಪಿಯನ್ ಬಿರ್"},"or":{"code":"INR","numeric":356,"native":"ଭାରତୀୟ ଟଙ୍କା","localized":"ಭಾರತೀಯ ರೂಪಾಯಿ"},"pa":{"code":"INR","numeric":356,"native":"ਭਾਰਤੀ ਰੁਪਇਆ","localized":"ಭಾರತೀಯ ರೂಪಾಯಿ"},"pl":{"code":"PLN","numeric":985,"native":"złoty polski","localized":"ಪೊಲಿಶ್ ಝ್ಲೋಟಿ"},"ps":{"code":"AFN","numeric":971,"native":"افغانۍ","localized":"ಅಫ್‌ಘನ್ ಅಫಘಾನಿ"},"pt":{"code":"BRL","numeric":986,"native":"Real brasileiro","localized":"ಬ್ರೆಜಿಲಿಯನ್‌ ರಿಯಲ್"},"pt_BR":{"code":"BRL","numeric":986,"native":"Real brasileiro","localized":"ಬ್ರೆಜಿಲಿಯನ್‌ ರಿಯಲ್"},"qu":{"code":"PEN","numeric":604,"native":"Sol Peruano","localized":"ಪೆರುವಿಯನ್ ಸೊಲ್"},"ro":{"code":"RON","numeric":946,"native":"leu românesc","localized":"ರೊಮೇನಿಯನ್ ಲೆವು"},"ru":{"code":"RUB","numeric":643,"native":"российский рубль","localized":"ರಶಿಯನ್ ರೂಬಲ್"},"rw":{"code":"RWF","numeric":646,"native":"RWF","localized":"ರುವಾಂಡನ್ ಫ್ರಾಂಕ್"},"sa":{"code":"INR","numeric":356,"native":"भारतीय रूप्यकम्","localized":"ಭಾರತೀಯ ರೂಪಾಯಿ"},"sc":{"code":"EUR","numeric":978,"native":"èuro","localized":"ಯೂರೊ"},"sd":{"code":"PKR","numeric":586,"native":"پاڪستاني رپي","localized":"ಪಾಕಿಸ್ತಾನದ ರುಪೀ"},"si":{"code":"LKR","numeric":144,"native":"ශ්‍රී ලංකා රුපියල","localized":"ಶ್ರೀಲಂಕಾದ ರುಪೀ"},"sk":{"code":"EUR","numeric":978,"native":"euro","localized":"ಯೂರೊ"},"sl":{"code":"EUR","numeric":978,"native":"evro","localized":"ಯೂರೊ"},"sn":{"code":"USD","numeric":840,"native":"Dora re Amerika","localized":"ಅಮೆರಿಕದ ಡಾಲರ್‌"},"so":{"code":"SOS","numeric":706,"native":"Shilingka Soomaaliya","localized":"ಸೊಮಾಲಿ ಶಿಲ್ಲಿಂಗ್"},"sq":{"code":"ALL","numeric":8,"native":"Leku shqiptar","localized":"ಅಲ್‌ಬೇನಿಯನ್ ಲೆಕ್"},"sr_Cyrl":{"code":"RSD","numeric":941,"native":"српски динар","localized":"ಸೆರ್ಬಿಯನ್ ದಿನಾರ್"},"sr_Latn":{"code":"RSD","numeric":941,"native":"srpski dinar","localized":"ಸೆರ್ಬಿಯನ್ ದಿನಾರ್"},"sr_Latn_ME":{"code":"EUR","numeric":978,"native":"Evro","localized":"ಯೂರೊ"},"su":{"code":"IDR","numeric":360,"native":"Rupee Indonésia","localized":"ಇಂಡೊನೇಷ್ಯಾ ರುಪೈ"},"sv":{"code":"SEK","numeric":752,"native":"svensk krona","localized":"ಸ್ವೀಡಿಷ್ ಕ್ರೋನಾ"},"sw":{"code":"TZS","numeric":834,"native":"Shilingi ya Tanzania","localized":"ತಾನ್‌ಜೇನಿಯನ್ ಶಿಲ್ಲಿಂಗ್"},"ta":{"code":"INR","numeric":356,"native":"இந்திய ரூபாய்","localized":"ಭಾರತೀಯ ರೂಪಾಯಿ"},"te":{"code":"INR","numeric":356,"native":"భారతదేశ రూపాయి","localized":"ಭಾರತೀಯ ರೂಪಾಯಿ"},"tg":{"code":"TJS","numeric":972,"native":"Сомонӣ","localized":"ತಜಕಿಸ್ತಾನಿ ಸೊಮೋನಿ"},"th":{"code":"THB","numeric":764,"native":"บาท","localized":"ಥಾಯ್ ಬಹ್ತ್"},"ti":{"code":"ETB","numeric":230,"native":"ብር","localized":"ಇಥಿಯೋಪಿಯನ್ ಬಿರ್"},"tk":{"code":"TMT","numeric":934,"native":"Türkmen manady","localized":"ಟರ್ಕ್‍ಮೆನಿಸ್ತಾನ್ ಮನಾತ್"},"tl":{"code":"PHP","numeric":608,"native":"Philippine Peso","localized":"ಫಿಲಿಪ್ಪೈನ್ ಪಿಸೊ"},"tr":{"code":"TRY","numeric":949,"native":"Türk Lirası","localized":"ಟರ್ಕಿಶ್ ಲಿರಾ"},"tt":{"code":"RUB","numeric":643,"native":"Россия сумы","localized":"ರಶಿಯನ್ ರೂಬಲ್"},"ug":{"code":"CNY","numeric":156,"native":"جۇڭگو يۈەنى","localized":"ಚೈನೀಸ್ ಯುವಾನ್"},"uk":{"code":"UAH","numeric":980,"native":"українська гривня","localized":"ಉಕ್ರೇನಿಯನ್ ಹ್ರಿವ್ನೀಯ"},"ur":{"code":"PKR","numeric":586,"native":"پاکستانی روپیہ","localized":"ಪಾಕಿಸ್ತಾನದ ರುಪೀ"},"uz_Cyrl":{"code":"UZS","numeric":860,"native":"Ўзбекистон сўм","localized":"ಉಜ್ಬೇಕಿಸ್ತಾನ್ ಸೊಮ್"},"uz_Latn":{"code":"UZS","numeric":860,"native":"O‘zbekiston so‘mi","localized":"ಉಜ್ಬೇಕಿಸ್ತಾನ್ ಸೊಮ್"},"vi":{"code":"VND","numeric":704,"native":"Đồng Việt Nam","localized":"ವಿಯೆಟ್ನಾಮೀಸ್ ಡಾಂಗ್"},"xh":{"code":"ZAR","numeric":710,"native":"IRandi yaseMzantsi Afrika","localized":"ದಕ್ಷಿಣ ಆಫ್ರಿಕನ್ ರಾಂಡ್"},"yi":{"code":"USD","numeric":840,"native":"","localized":""},"yo":{"code":"NGN","numeric":566,"native":"Náírà Nàìjíríà","localized":"ನೈಜೀರಿಯಾದ ನೇರಾ"},"zh_CN":{"code":"CNY","numeric":156,"native":"人民币","localized":"ಚೈನೀಸ್ ಯುವಾನ್"},"zh_HK":{"code":"HKD","numeric":344,"native":"港元","localized":"ಹಾಂಗ್ ಕಾಂಗ್ ಡಾಲರ್"},"zh_TW":{"code":"TWD","numeric":901,"native":"新台币","localized":"ನ್ಯೂ ತೈವಾನ್ ಡಾಲರ್"},"zu":{"code":"ZAR","numeric":710,"native":"i-South African Rand","localized":"ದಕ್ಷಿಣ ಆಫ್ರಿಕನ್ ರಾಂಡ್"}}
