{"af":{"code":"ZAR","numeric":710,"native":"Suid-Afrikaanse rand","localized":"ZAR"},"ak":{"code":"GHS","numeric":936,"native":"Ghana Sidi","localized":"GHS"},"am":{"code":"ETB","numeric":230,"native":"የኢትዮጵያ ብር","localized":"ETB"},"ar":{"code":"EGP","numeric":818,"native":"جنيه مصري","localized":"EGP"},"as":{"code":"INR","numeric":356,"native":"ভাৰতীয় ৰুপী","localized":"INR"},"az":{"code":"AZN","numeric":944,"native":"Azərbaycan Manatı","localized":"AZN"},"be":{"code":"BYN","numeric":840,"native":"беларускі рубель","localized":"BYN"},"bg":{"code":"BGN","numeric":975,"native":"Български лев","localized":"BGN"},"bho":{"code":"INR","numeric":356,"native":"INR","localized":"INR"},"bm":{"code":"XOF","numeric":952,"native":"sefa Fraŋ (BCEAO)","localized":"XOF"},"bn":{"code":"BDT","numeric":50,"native":"বাংলাদেশী টাকা","localized":"BDT"},"bs":{"code":"BAM","numeric":977,"native":"Bosanskohercegovačka konvertibilna marka","localized":"BAM"},"ca":{"code":"EUR","numeric":978,"native":"euro","localized":"ewro"},"ceb":{"code":"PHP","numeric":608,"native":"Philippine Peso","localized":"PHP"},"ckb":{"code":"IQD","numeric":368,"native":"IQD","localized":"IQD"},"cs":{"code":"CZK","numeric":203,"native":"česká koruna","localized":"CZK"},"cy":{"code":"GBP","numeric":826,"native":"Punt Prydain","localized":"GBP"},"da":{"code":"DKK","numeric":208,"native":"dansk krone","localized":"DKK"},"de":{"code":"EUR","numeric":978,"native":"Euro","localized":"ewro"},"de_CH":{"code":"CHF","numeric":756,"native":"Schweizer Franken","localized":"CHF"},"doi":{"code":"INR","numeric":356,"native":"भारती रपेऽ","localized":"INR"},"ee":{"code":"GHS","numeric":936,"native":"ghana siɖi","localized":"GHS"},"el":{"code":"EUR","numeric":978,"native":"Ευρώ","localized":"ewro"},"en":{"code":"USD","numeric":840,"native":"US Dollar","localized":"USD"},"en_CA":{"code":"CAD","numeric":124,"native":"Canadian Dollar","localized":"CAD"},"eo":{"code":"USD","numeric":840,"native":"","localized":""},"es":{"code":"EUR","numeric":978,"native":"euro","localized":"ewro"},"et":{"code":"EUR","numeric":978,"native":"euro","localized":"ewro"},"eu":{"code":"EUR","numeric":978,"native":"euroa","localized":"ewro"},"fa":{"code":"IRR","numeric":364,"native":"ریال ایران","localized":"IRR"},"fi":{"code":"EUR","numeric":978,"native":"euro","localized":"ewro"},"fil":{"code":"PHP","numeric":608,"native":"Piso ng Pilipinas","localized":"PHP"},"fr":{"code":"EUR","numeric":978,"native":"euro","localized":"ewro"},"fy":{"code":"EUR","numeric":978,"native":"Euro","localized":"ewro"},"ga":{"code":"EUR","numeric":978,"native":"Euro","localized":"ewro"},"gd":{"code":"GBP","numeric":826,"native":"Punnd Sasannach","localized":"GBP"},"gl":{"code":"EUR","numeric":978,"native":"euro","localized":"ewro"},"gu":{"code":"INR","numeric":356,"native":"ભારતીય રૂપિયા","localized":"INR"},"ha":{"code":"NGN","numeric":566,"native":"Nairar Najeriya","localized":"NGN"},"haw":{"code":"USD","numeric":840,"native":"USD","localized":"USD"},"he":{"code":"ILS","numeric":376,"native":"שקל חדש","localized":"ILS"},"hi":{"code":"INR","numeric":356,"native":"भारतीय रुपया","localized":"INR"},"hr":{"code":"EUR","numeric":978,"native":"euro","localized":"ewro"},"hu":{"code":"HUF","numeric":348,"native":"magyar forint","localized":"HUF"},"hy":{"code":"AMD","numeric":51,"native":"հայկական դրամ","localized":"AMD"},"id":{"code":"IDR","numeric":360,"native":"Rupiah Indonesia","localized":"IDR"},"ig":{"code":"NGN","numeric":566,"native":"Naịra","localized":"NGN"},"is":{"code":"ISK","numeric":352,"native":"íslensk króna","localized":"ISK"},"it":{"code":"EUR","numeric":978,"native":"euro","localized":"ewro"},"ja":{"code":"JPY","numeric":392,"native":"日本円","localized":"JPY"},"ka":{"code":"GEL","numeric":981,"native":"ქართული ლარი","localized":"GEL"},"kk":{"code":"KZT","numeric":398,"native":"Қазақстан теңгесі","localized":"KZT"},"km":{"code":"KHR","numeric":116,"native":"រៀល​កម្ពុជា","localized":"KHR"},"kn":{"code":"INR","numeric":356,"native":"ಭಾರತೀಯ ರೂಪಾಯಿ","localized":"INR"},"ko":{"code":"KRW","numeric":410,"native":"대한민국 원","localized":"KRW"},"ku":{"code":"TRY","numeric":949,"native":"TRY","localized":"TRY"},"ky":{"code":"KGS","numeric":417,"native":"Кыргызстан сому","localized":"KGS"},"lb":{"code":"EUR","numeric":978,"native":"Euro","localized":"ewro"},"lg":{"code":"UGX","numeric":800,"native":"Silingi eya Yuganda","localized":"UGX"},"ln":{"code":"CDF","numeric":976,"native":"Falánga ya Kongó","localized":"CDF"},"lo":{"code":"LAK","numeric":418,"native":"ລາວ ກີບ","localized":"LAK"},"lt":{"code":"EUR","numeric":978,"native":"Euras","localized":"ewro"},"lv":{"code":"EUR","numeric":978,"native":"eiro","localized":"ewro"},"mai":{"code":"INR","numeric":356,"native":"भारतीय रुपया","localized":"INR"},"mg":{"code":"MGA","numeric":969,"native":"Ariary","localized":"MGA"},"mi":{"code":"NZD","numeric":554,"native":"Tāra o Aotearoa","localized":"NZD"},"mk":{"code":"MKD","numeric":807,"native":"Македонски денар","localized":"MKD"},"ml":{"code":"INR","numeric":356,"native":"ഇന്ത്യൻ രൂപ","localized":"INR"},"mn":{"code":"MNT","numeric":496,"native":"Монгол төгрөг","localized":"MNT"},"mni_Mtei":{"code":"INR","numeric":356,"native":"Indian Rupee","localized":"INR"},"mr":{"code":"INR","numeric":356,"native":"भारतीय रुपया","localized":"INR"},"ms":{"code":"MYR","numeric":458,"native":"Ringgit Malaysia","localized":"MYR"},"mt":{"code":"EUR","numeric":978,"native":"ewro","localized":"ewro"},"my":{"code":"MMK","numeric":104,"native":"မြန်မာ ကျပ်","localized":"MMK"},"nb":{"code":"NOK","numeric":578,"native":"norske kroner","localized":"NOK"},"ne":{"code":"NPR","numeric":524,"native":"नेपाली रूपैयाँ","localized":"NPR"},"nl":{"code":"EUR","numeric":978,"native":"Euro","localized":"ewro"},"nn":{"code":"NOK","numeric":578,"native":"norske kroner","localized":"NOK"},"oc":{"code":"EUR","numeric":978,"native":"EUR","localized":"ewro"},"om":{"code":"ETB","numeric":230,"native":"Itoophiyaa Birrii","localized":"ETB"},"or":{"code":"INR","numeric":356,"native":"ଭାରତୀୟ ଟଙ୍କା","localized":"INR"},"pa":{"code":"INR","numeric":356,"native":"ਭਾਰਤੀ ਰੁਪਇਆ","localized":"INR"},"pl":{"code":"PLN","numeric":985,"native":"złoty polski","localized":"PLN"},"ps":{"code":"AFN","numeric":971,"native":"افغانۍ","localized":"AFN"},"pt":{"code":"BRL","numeric":986,"native":"Real brasileiro","localized":"BRL"},"pt_BR":{"code":"BRL","numeric":986,"native":"Real brasileiro","localized":"BRL"},"qu":{"code":"PEN","numeric":604,"native":"Sol Peruano","localized":"PEN"},"ro":{"code":"RON","numeric":946,"native":"leu românesc","localized":"RON"},"ru":{"code":"RUB","numeric":643,"native":"российский рубль","localized":"RUB"},"rw":{"code":"RWF","numeric":646,"native":"RWF","localized":"RWF"},"sa":{"code":"INR","numeric":356,"native":"भारतीय रूप्यकम्","localized":"INR"},"sc":{"code":"EUR","numeric":978,"native":"èuro","localized":"ewro"},"sd":{"code":"PKR","numeric":586,"native":"پاڪستاني رپي","localized":"PKR"},"si":{"code":"LKR","numeric":144,"native":"ශ්‍රී ලංකා රුපියල","localized":"LKR"},"sk":{"code":"EUR","numeric":978,"native":"euro","localized":"ewro"},"sl":{"code":"EUR","numeric":978,"native":"evro","localized":"ewro"},"sn":{"code":"USD","numeric":840,"native":"Dora re Amerika","localized":"USD"},"so":{"code":"SOS","numeric":706,"native":"Shilingka Soomaaliya","localized":"SOS"},"sq":{"code":"ALL","numeric":8,"native":"Leku shqiptar","localized":"ALL"},"sr_Cyrl":{"code":"RSD","numeric":941,"native":"српски динар","localized":"RSD"},"sr_Latn":{"code":"RSD","numeric":941,"native":"srpski dinar","localized":"RSD"},"sr_Latn_ME":{"code":"EUR","numeric":978,"native":"Evro","localized":"ewro"},"su":{"code":"IDR","numeric":360,"native":"Rupee Indonésia","localized":"IDR"},"sv":{"code":"SEK","numeric":752,"native":"svensk krona","localized":"SEK"},"sw":{"code":"TZS","numeric":834,"native":"Shilingi ya Tanzania","localized":"TZS"},"ta":{"code":"INR","numeric":356,"native":"இந்திய ரூபாய்","localized":"INR"},"te":{"code":"INR","numeric":356,"native":"భారతదేశ రూపాయి","localized":"INR"},"tg":{"code":"TJS","numeric":972,"native":"Сомонӣ","localized":"TJS"},"th":{"code":"THB","numeric":764,"native":"บาท","localized":"THB"},"ti":{"code":"ETB","numeric":230,"native":"ብር","localized":"ETB"},"tk":{"code":"TMT","numeric":934,"native":"Türkmen manady","localized":"TMT"},"tl":{"code":"PHP","numeric":608,"native":"Philippine Peso","localized":"PHP"},"tr":{"code":"TRY","numeric":949,"native":"Türk Lirası","localized":"TRY"},"tt":{"code":"RUB","numeric":643,"native":"Россия сумы","localized":"RUB"},"ug":{"code":"CNY","numeric":156,"native":"جۇڭگو يۈەنى","localized":"CNY"},"uk":{"code":"UAH","numeric":980,"native":"українська гривня","localized":"UAH"},"ur":{"code":"PKR","numeric":586,"native":"پاکستانی روپیہ","localized":"PKR"},"uz_Cyrl":{"code":"UZS","numeric":860,"native":"Ўзбекистон сўм","localized":"UZS"},"uz_Latn":{"code":"UZS","numeric":860,"native":"O‘zbekiston so‘mi","localized":"UZS"},"vi":{"code":"VND","numeric":704,"native":"Đồng Việt Nam","localized":"VND"},"xh":{"code":"ZAR","numeric":710,"native":"IRandi yaseMzantsi Afrika","localized":"ZAR"},"yi":{"code":"USD","numeric":840,"native":"","localized":""},"yo":{"code":"NGN","numeric":566,"native":"Náírà Nàìjíríà","localized":"NGN"},"zh_CN":{"code":"CNY","numeric":156,"native":"人民币","localized":"CNY"},"zh_HK":{"code":"HKD","numeric":344,"native":"港元","localized":"HKD"},"zh_TW":{"code":"TWD","numeric":901,"native":"新台币","localized":"TWD"},"zu":{"code":"ZAR","numeric":710,"native":"i-South African Rand","localized":"ZAR"}}
