{"af":{"code":"ZAR","numeric":710,"native":"Suid-Afrikaanse rand","localized":"Түштүк Африка ранды"},"ak":{"code":"GHS","numeric":936,"native":"Ghana Sidi","localized":"Гана седиси"},"am":{"code":"ETB","numeric":230,"native":"የኢትዮጵያ ብር","localized":"Эфиопия бирри"},"ar":{"code":"EGP","numeric":818,"native":"جنيه مصري","localized":"египет фунту"},"as":{"code":"INR","numeric":356,"native":"ভাৰতীয় ৰুপী","localized":"Индия руписи"},"az":{"code":"AZN","numeric":944,"native":"Azərbaycan Manatı","localized":"Азербайжан манаты"},"be":{"code":"BYN","numeric":840,"native":"беларускі рубель","localized":"беларусь рублу"},"bg":{"code":"BGN","numeric":975,"native":"Български лев","localized":"болгар левиси"},"bho":{"code":"INR","numeric":356,"native":"INR","localized":"Индия руписи"},"bm":{"code":"XOF","numeric":952,"native":"sefa Fraŋ (BCEAO)","localized":"КФА франкы"},"bn":{"code":"BDT","numeric":50,"native":"বাংলাদেশী টাকা","localized":"Бангладеш такасы"},"bs":{"code":"BAM","numeric":977,"native":"Bosanskohercegovačka konvertibilna marka","localized":"босния-герцоговина конвертациялануучу маркасы"},"ca":{"code":"EUR","numeric":978,"native":"euro","localized":"Евро"},"ceb":{"code":"PHP","numeric":608,"native":"Philippine Peso","localized":"Филиппин песосу"},"ckb":{"code":"IQD","numeric":368,"native":"IQD","localized":"Ирак динары"},"cs":{"code":"CZK","numeric":203,"native":"česká koruna","localized":"чех кронасы"},"cy":{"code":"GBP","numeric":826,"native":"Punt Prydain","localized":"британия фунт стерлинги"},"da":{"code":"DKK","numeric":208,"native":"dansk krone","localized":"дания крону"},"de":{"code":"EUR","numeric":978,"native":"Euro","localized":"Евро"},"de_CH":{"code":"CHF","numeric":756,"native":"Schweizer Franken","localized":"швейцария франкы"},"doi":{"code":"INR","numeric":356,"native":"भारती रपेऽ","localized":"Индия руписи"},"ee":{"code":"GHS","numeric":936,"native":"ghana siɖi","localized":"Гана седиси"},"el":{"code":"EUR","numeric":978,"native":"Ευρώ","localized":"Евро"},"en":{"code":"USD","numeric":840,"native":"US Dollar","localized":"АКШ доллары"},"en_CA":{"code":"CAD","numeric":124,"native":"Canadian Dollar","localized":"канада доллары"},"eo":{"code":"USD","numeric":840,"native":"","localized":""},"es":{"code":"EUR","numeric":978,"native":"euro","localized":"Евро"},"et":{"code":"EUR","numeric":978,"native":"euro","localized":"Евро"},"eu":{"code":"EUR","numeric":978,"native":"euroa","localized":"Евро"},"fa":{"code":"IRR","numeric":364,"native":"ریال ایران","localized":"Иран риалы"},"fi":{"code":"EUR","numeric":978,"native":"euro","localized":"Евро"},"fil":{"code":"PHP","numeric":608,"native":"Piso ng Pilipinas","localized":"Филиппин песосу"},"fr":{"code":"EUR","numeric":978,"native":"euro","localized":"Евро"},"fy":{"code":"EUR","numeric":978,"native":"Euro","localized":"Евро"},"ga":{"code":"EUR","numeric":978,"native":"Euro","localized":"Евро"},"gd":{"code":"GBP","numeric":826,"native":"Punnd Sasannach","localized":"британия фунт стерлинги"},"gl":{"code":"EUR","numeric":978,"native":"euro","localized":"Евро"},"gu":{"code":"INR","numeric":356,"native":"ભારતીય રૂપિયા","localized":"Индия руписи"},"ha":{"code":"NGN","numeric":566,"native":"Nairar Najeriya","localized":"Нигерия найрасы"},"haw":{"code":"USD","numeric":840,"native":"USD","localized":"АКШ доллары"},"he":{"code":"ILS","numeric":376,"native":"שקל חדש","localized":"Израилдин жаңы шекели"},"hi":{"code":"INR","numeric":356,"native":"भारतीय रुपया","localized":"Индия руписи"},"hr":{"code":"EUR","numeric":978,"native":"euro","localized":"Евро"},"hu":{"code":"HUF","numeric":348,"native":"magyar forint","localized":"венгр форинти"},"hy":{"code":"AMD","numeric":51,"native":"հայկական դրամ","localized":"Армения драмы"},"id":{"code":"IDR","numeric":360,"native":"Rupiah Indonesia","localized":"Индонезия рупийасы"},"ig":{"code":"NGN","numeric":566,"native":"Naịra","localized":"Нигерия найрасы"},"is":{"code":"ISK","numeric":352,"native":"íslensk króna","localized":"исландия крону"},"it":{"code":"EUR","numeric":978,"native":"euro","localized":"Евро"},"ja":{"code":"JPY","numeric":392,"native":"日本円","localized":"Жапан йени"},"ka":{"code":"GEL","numeric":981,"native":"ქართული ლარი","localized":"Грузия лариси"},"kk":{"code":"KZT","numeric":398,"native":"Қазақстан теңгесі","localized":"Казакстан теңгеси"},"km":{"code":"KHR","numeric":116,"native":"រៀល​កម្ពុជា","localized":"Камбожа риели"},"kn":{"code":"INR","numeric":356,"native":"ಭಾರತೀಯ ರೂಪಾಯಿ","localized":"Индия руписи"},"ko":{"code":"KRW","numeric":410,"native":"대한민국 원","localized":"Түштүк Корея вону"},"ku":{"code":"TRY","numeric":949,"native":"TRY","localized":"Түркия лирасы"},"ky":{"code":"KGS","numeric":417,"native":"Кыргызстан сому","localized":"Кыргызстан сому"},"lb":{"code":"EUR","numeric":978,"native":"Euro","localized":"Евро"},"lg":{"code":"UGX","numeric":800,"native":"Silingi eya Yuganda","localized":"Уганда шиллинги"},"ln":{"code":"CDF","numeric":976,"native":"Falánga ya Kongó","localized":"Конго франкы"},"lo":{"code":"LAK","numeric":418,"native":"ລາວ ກີບ","localized":"Лаос киби"},"lt":{"code":"EUR","numeric":978,"native":"Euras","localized":"Евро"},"lv":{"code":"EUR","numeric":978,"native":"eiro","localized":"Евро"},"mai":{"code":"INR","numeric":356,"native":"भारतीय रुपया","localized":"Индия руписи"},"mg":{"code":"MGA","numeric":969,"native":"Ariary","localized":"Мадагаскар ариариси"},"mi":{"code":"NZD","numeric":554,"native":"Tāra o Aotearoa","localized":"Жаңы Зеландия доллары"},"mk":{"code":"MKD","numeric":807,"native":"Македонски денар","localized":"македон денары"},"ml":{"code":"INR","numeric":356,"native":"ഇന്ത്യൻ രൂപ","localized":"Индия руписи"},"mn":{"code":"MNT","numeric":496,"native":"Монгол төгрөг","localized":"Монгол тугриги"},"mni_Mtei":{"code":"INR","numeric":356,"native":"Indian Rupee","localized":"Индия руписи"},"mr":{"code":"INR","numeric":356,"native":"भारतीय रुपया","localized":"Индия руписи"},"ms":{"code":"MYR","numeric":458,"native":"Ringgit Malaysia","localized":"Малайзия ринггити"},"mt":{"code":"EUR","numeric":978,"native":"ewro","localized":"Евро"},"my":{"code":"MMK","numeric":104,"native":"မြန်မာ ကျပ်","localized":"Мйанмар кйаты"},"nb":{"code":"NOK","numeric":578,"native":"norske kroner","localized":"норвегия крону"},"ne":{"code":"NPR","numeric":524,"native":"नेपाली रूपैयाँ","localized":"Непал руписи"},"nl":{"code":"EUR","numeric":978,"native":"Euro","localized":"Евро"},"nn":{"code":"NOK","numeric":578,"native":"norske kroner","localized":"норвегия крону"},"oc":{"code":"EUR","numeric":978,"native":"EUR","localized":"Евро"},"om":{"code":"ETB","numeric":230,"native":"Itoophiyaa Birrii","localized":"Эфиопия бирри"},"or":{"code":"INR","numeric":356,"native":"ଭାରତୀୟ ଟଙ୍କା","localized":"Индия руписи"},"pa":{"code":"INR","numeric":356,"native":"ਭਾਰਤੀ ਰੁਪਇਆ","localized":"Индия руписи"},"pl":{"code":"PLN","numeric":985,"native":"złoty polski","localized":"польша злотыйы"},"ps":{"code":"AFN","numeric":971,"native":"افغانۍ","localized":"Афганстан афганиси"},"pt":{"code":"BRL","numeric":986,"native":"Real brasileiro","localized":"бразилия реалы"},"pt_BR":{"code":"BRL","numeric":986,"native":"Real brasileiro","localized":"бразилия реалы"},"qu":{"code":"PEN","numeric":604,"native":"Sol Peruano","localized":"перу солу"},"ro":{"code":"RON","numeric":946,"native":"leu românesc","localized":"румын лейи"},"ru":{"code":"RUB","numeric":643,"native":"российский рубль","localized":"орус рублу"},"rw":{"code":"RWF","numeric":646,"native":"RWF","localized":"Руанда франкы"},"sa":{"code":"INR","numeric":356,"native":"भारतीय रूप्यकम्","localized":"Индия руписи"},"sc":{"code":"EUR","numeric":978,"native":"èuro","localized":"Евро"},"sd":{"code":"PKR","numeric":586,"native":"پاڪستاني رپي","localized":"Пакистан руписи"},"si":{"code":"LKR","numeric":144,"native":"ශ්‍රී ලංකා රුපියල","localized":"Шри Ланка руписи"},"sk":{"code":"EUR","numeric":978,"native":"euro","localized":"Евро"},"sl":{"code":"EUR","numeric":978,"native":"evro","localized":"Евро"},"sn":{"code":"USD","numeric":840,"native":"Dora re Amerika","localized":"АКШ доллары"},"so":{"code":"SOS","numeric":706,"native":"Shilingka Soomaaliya","localized":"Сомали шиллинги"},"sq":{"code":"ALL","numeric":8,"native":"Leku shqiptar","localized":"албан леги"},"sr_Cyrl":{"code":"RSD","numeric":941,"native":"српски динар","localized":"серб динары"},"sr_Latn":{"code":"RSD","numeric":941,"native":"srpski dinar","localized":"серб динары"},"sr_Latn_ME":{"code":"EUR","numeric":978,"native":"Evro","localized":"Евро"},"su":{"code":"IDR","numeric":360,"native":"Rupee Indonésia","localized":"Индонезия рупийасы"},"sv":{"code":"SEK","numeric":752,"native":"svensk krona","localized":"швеция крону"},"sw":{"code":"TZS","numeric":834,"native":"Shilingi ya Tanzania","localized":"Танзания шиллинги"},"ta":{"code":"INR","numeric":356,"native":"இந்திய ரூபாய்","localized":"Индия руписи"},"te":{"code":"INR","numeric":356,"native":"భారతదేశ రూపాయి","localized":"Индия руписи"},"tg":{"code":"TJS","numeric":972,"native":"Сомонӣ","localized":"Тажикстан сомониси"},"th":{"code":"THB","numeric":764,"native":"บาท","localized":"Тай баты"},"ti":{"code":"ETB","numeric":230,"native":"ብር","localized":"Эфиопия бирри"},"tk":{"code":"TMT","numeric":934,"native":"Türkmen manady","localized":"Түркмөнстан манаты"},"tl":{"code":"PHP","numeric":608,"native":"Philippine Peso","localized":"Филиппин песосу"},"tr":{"code":"TRY","numeric":949,"native":"Türk Lirası","localized":"Түркия лирасы"},"tt":{"code":"RUB","numeric":643,"native":"Россия сумы","localized":"орус рублу"},"ug":{"code":"CNY","numeric":156,"native":"جۇڭگو يۈەنى","localized":"Кытай юаны"},"uk":{"code":"UAH","numeric":980,"native":"українська гривня","localized":"украин гривени"},"ur":{"code":"PKR","numeric":586,"native":"پاکستانی روپیہ","localized":"Пакистан руписи"},"uz_Cyrl":{"code":"UZS","numeric":860,"native":"Ўзбекистон сўм","localized":"Өзбекстан суму"},"uz_Latn":{"code":"UZS","numeric":860,"native":"O‘zbekiston so‘mi","localized":"Өзбекстан суму"},"vi":{"code":"VND","numeric":704,"native":"Đồng Việt Nam","localized":"Вьетнам доңу"},"xh":{"code":"ZAR","numeric":710,"native":"IRandi yaseMzantsi Afrika","localized":"Түштүк Африка ранды"},"yi":{"code":"USD","numeric":840,"native":"","localized":""},"yo":{"code":"NGN","numeric":566,"native":"Náírà Nàìjíríà","localized":"Нигерия найрасы"},"zh_CN":{"code":"CNY","numeric":156,"native":"人民币","localized":"Кытай юаны"},"zh_HK":{"code":"HKD","numeric":344,"native":"港元","localized":"Гонконг доллары"},"zh_TW":{"code":"TWD","numeric":901,"native":"新台币","localized":"Тайвань жаңы доллары"},"zu":{"code":"ZAR","numeric":710,"native":"i-South African Rand","localized":"Түштүк Африка ранды"}}
