{"af":{"code":"ZAR","numeric":710,"native":"Suid-Afrikaanse rand","localized":"Südafrikanesche Rand"},"ak":{"code":"GHS","numeric":936,"native":"Ghana Sidi","localized":"Ghanaeschen Cedi"},"am":{"code":"ETB","numeric":230,"native":"የኢትዮጵያ ብር","localized":"Ethiopescht Birr"},"ar":{"code":"EGP","numeric":818,"native":"جنيه مصري","localized":"Egyptescht Pond"},"as":{"code":"INR","numeric":356,"native":"ভাৰতীয় ৰুপী","localized":"Indesch Rupie"},"az":{"code":"AZN","numeric":944,"native":"Azərbaycan Manatı","localized":"Aserbaidschan-Manat"},"be":{"code":"BYN","numeric":840,"native":"беларускі рубель","localized":"Wäissrussesche Rubel"},"bg":{"code":"BGN","numeric":975,"native":"Български лев","localized":"Bulgaresch Lew"},"bho":{"code":"INR","numeric":356,"native":"INR","localized":"Indesch Rupie"},"bm":{"code":"XOF","numeric":952,"native":"sefa Fraŋ (BCEAO)","localized":"CFA-Frang (BCEAO)"},"bn":{"code":"BDT","numeric":50,"native":"বাংলাদেশী টাকা","localized":"Bangladesch-Taka"},"bs":{"code":"BAM","numeric":977,"native":"Bosanskohercegovačka konvertibilna marka","localized":"Bosnien an Herzegowina Konvertéierbar Mark"},"ca":{"code":"EUR","numeric":978,"native":"euro","localized":"Euro"},"ceb":{"code":"PHP","numeric":608,"native":"Philippine Peso","localized":"Philippinnesche Peso"},"ckb":{"code":"IQD","numeric":368,"native":"IQD","localized":"Irakeschen Dinar"},"cs":{"code":"CZK","numeric":203,"native":"česká koruna","localized":"Tschechesch Kroun"},"cy":{"code":"GBP","numeric":826,"native":"Punt Prydain","localized":"Britescht Pond"},"da":{"code":"DKK","numeric":208,"native":"dansk krone","localized":"Dänesch Kroun"},"de":{"code":"EUR","numeric":978,"native":"Euro","localized":"Euro"},"de_CH":{"code":"CHF","numeric":756,"native":"Schweizer Franken","localized":"Schwäizer Frang"},"doi":{"code":"INR","numeric":356,"native":"भारती रपेऽ","localized":"Indesch Rupie"},"ee":{"code":"GHS","numeric":936,"native":"ghana siɖi","localized":"Ghanaeschen Cedi"},"el":{"code":"EUR","numeric":978,"native":"Ευρώ","localized":"Euro"},"en":{"code":"USD","numeric":840,"native":"US Dollar","localized":"US-Dollar"},"en_CA":{"code":"CAD","numeric":124,"native":"Canadian Dollar","localized":"Kanadeschen Dollar"},"eo":{"code":"USD","numeric":840,"native":"","localized":""},"es":{"code":"EUR","numeric":978,"native":"euro","localized":"Euro"},"et":{"code":"EUR","numeric":978,"native":"euro","localized":"Euro"},"eu":{"code":"EUR","numeric":978,"native":"euroa","localized":"Euro"},"fa":{"code":"IRR","numeric":364,"native":"ریال ایران","localized":"Iranesch Rial"},"fi":{"code":"EUR","numeric":978,"native":"euro","localized":"Euro"},"fil":{"code":"PHP","numeric":608,"native":"Piso ng Pilipinas","localized":"Philippinnesche Peso"},"fr":{"code":"EUR","numeric":978,"native":"euro","localized":"Euro"},"fy":{"code":"EUR","numeric":978,"native":"Euro","localized":"Euro"},"ga":{"code":"EUR","numeric":978,"native":"Euro","localized":"Euro"},"gd":{"code":"GBP","numeric":826,"native":"Punnd Sasannach","localized":"Britescht Pond"},"gl":{"code":"EUR","numeric":978,"native":"euro","localized":"Euro"},"gu":{"code":"INR","numeric":356,"native":"ભારતીય રૂપિયા","localized":"Indesch Rupie"},"ha":{"code":"NGN","numeric":566,"native":"Nairar Najeriya","localized":"Nigerianeschen Naira"},"haw":{"code":"USD","numeric":840,"native":"USD","localized":"US-Dollar"},"he":{"code":"ILS","numeric":376,"native":"שקל חדש","localized":"Israeleschen Neie Schekel"},"hi":{"code":"INR","numeric":356,"native":"भारतीय रुपया","localized":"Indesch Rupie"},"hr":{"code":"EUR","numeric":978,"native":"euro","localized":"Euro"},"hu":{"code":"HUF","numeric":348,"native":"magyar forint","localized":"Ungaresche Forint"},"hy":{"code":"AMD","numeric":51,"native":"հայկական դրամ","localized":"Armeneschen Dram"},"id":{"code":"IDR","numeric":360,"native":"Rupiah Indonesia","localized":"Indonesesch Rupiah"},"ig":{"code":"NGN","numeric":566,"native":"Naịra","localized":"Nigerianeschen Naira"},"is":{"code":"ISK","numeric":352,"native":"íslensk króna","localized":"Islännesch Kroun"},"it":{"code":"EUR","numeric":978,"native":"euro","localized":"Euro"},"ja":{"code":"JPY","numeric":392,"native":"日本円","localized":"Japanesche Yen"},"ka":{"code":"GEL","numeric":981,"native":"ქართული ლარი","localized":"Georgesche Lari"},"kk":{"code":"KZT","numeric":398,"native":"Қазақстан теңгесі","localized":"Kasacheschen Tenge"},"km":{"code":"KHR","numeric":116,"native":"រៀល​កម្ពុជា","localized":"Kambodschanesche Riel"},"kn":{"code":"INR","numeric":356,"native":"ಭಾರತೀಯ ರೂಪಾಯಿ","localized":"Indesch Rupie"},"ko":{"code":"KRW","numeric":410,"native":"대한민국 원","localized":"Südkoreanesche Won"},"ku":{"code":"TRY","numeric":949,"native":"TRY","localized":"Tierkesch Lira"},"ky":{"code":"KGS","numeric":417,"native":"Кыргызстан сому","localized":"Kirgisesche Som"},"lb":{"code":"EUR","numeric":978,"native":"Euro","localized":"Euro"},"lg":{"code":"UGX","numeric":800,"native":"Silingi eya Yuganda","localized":"Uganda-Schilling"},"ln":{"code":"CDF","numeric":976,"native":"Falánga ya Kongó","localized":"Kongo-Frang"},"lo":{"code":"LAK","numeric":418,"native":"ລາວ ກີບ","localized":"Laoteschen Kip"},"lt":{"code":"EUR","numeric":978,"native":"Euras","localized":"Euro"},"lv":{"code":"EUR","numeric":978,"native":"eiro","localized":"Euro"},"mai":{"code":"INR","numeric":356,"native":"भारतीय रुपया","localized":"Indesch Rupie"},"mg":{"code":"MGA","numeric":969,"native":"Ariary","localized":"Madagaskar-Ariary"},"mi":{"code":"NZD","numeric":554,"native":"Tāra o Aotearoa","localized":"Neiséiland-Dollar"},"mk":{"code":"MKD","numeric":807,"native":"Македонски денар","localized":"Mazedoneschen Denar"},"ml":{"code":"INR","numeric":356,"native":"ഇന്ത്യൻ രൂപ","localized":"Indesch Rupie"},"mn":{"code":"MNT","numeric":496,"native":"Монгол төгрөг","localized":"Mongoleschen Tögrög"},"mni_Mtei":{"code":"INR","numeric":356,"native":"Indian Rupee","localized":"Indesch Rupie"},"mr":{"code":"INR","numeric":356,"native":"भारतीय रुपया","localized":"Indesch Rupie"},"ms":{"code":"MYR","numeric":458,"native":"Ringgit Malaysia","localized":"Malayseschen Ringgit"},"mt":{"code":"EUR","numeric":978,"native":"ewro","localized":"Euro"},"my":{"code":"MMK","numeric":104,"native":"မြန်မာ ကျပ်","localized":"Myanmaresche Kyat"},"nb":{"code":"NOK","numeric":578,"native":"norske kroner","localized":"Norwegesch Kroun"},"ne":{"code":"NPR","numeric":524,"native":"नेपाली रूपैयाँ","localized":"Nepalesesch Rupie"},"nl":{"code":"EUR","numeric":978,"native":"Euro","localized":"Euro"},"nn":{"code":"NOK","numeric":578,"native":"norske kroner","localized":"Norwegesch Kroun"},"oc":{"code":"EUR","numeric":978,"native":"EUR","localized":"Euro"},"om":{"code":"ETB","numeric":230,"native":"Itoophiyaa Birrii","localized":"Ethiopescht Birr"},"or":{"code":"INR","numeric":356,"native":"ଭାରତୀୟ ଟଙ୍କା","localized":"Indesch Rupie"},"pa":{"code":"INR","numeric":356,"native":"ਭਾਰਤੀ ਰੁਪਇਆ","localized":"Indesch Rupie"},"pl":{"code":"PLN","numeric":985,"native":"złoty polski","localized":"Polneschen Zloty"},"ps":{"code":"AFN","numeric":971,"native":"افغانۍ","localized":"Afghanesch Afghani"},"pt":{"code":"BRL","numeric":986,"native":"Real brasileiro","localized":"Brasilianesche Real"},"pt_BR":{"code":"BRL","numeric":986,"native":"Real brasileiro","localized":"Brasilianesche Real"},"qu":{"code":"PEN","numeric":604,"native":"Sol Peruano","localized":"Peruaneschen Sol"},"ro":{"code":"RON","numeric":946,"native":"leu românesc","localized":"Rumänesche Leu"},"ru":{"code":"RUB","numeric":643,"native":"российский рубль","localized":"Russesche Rubel"},"rw":{"code":"RWF","numeric":646,"native":"RWF","localized":"Ruanda-Frang"},"sa":{"code":"INR","numeric":356,"native":"भारतीय रूप्यकम्","localized":"Indesch Rupie"},"sc":{"code":"EUR","numeric":978,"native":"èuro","localized":"Euro"},"sd":{"code":"PKR","numeric":586,"native":"پاڪستاني رپي","localized":"Pakistanesch Rupie"},"si":{"code":"LKR","numeric":144,"native":"ශ්‍රී ලංකා රුපියල","localized":"Sri-Lanka-Rupie"},"sk":{"code":"EUR","numeric":978,"native":"euro","localized":"Euro"},"sl":{"code":"EUR","numeric":978,"native":"evro","localized":"Euro"},"sn":{"code":"USD","numeric":840,"native":"Dora re Amerika","localized":"US-Dollar"},"so":{"code":"SOS","numeric":706,"native":"Shilingka Soomaaliya","localized":"Somalia-Schilling"},"sq":{"code":"ALL","numeric":8,"native":"Leku shqiptar","localized":"Albanesche Lek"},"sr_Cyrl":{"code":"RSD","numeric":941,"native":"српски динар","localized":"Serbeschen Dinar"},"sr_Latn":{"code":"RSD","numeric":941,"native":"srpski dinar","localized":"Serbeschen Dinar"},"sr_Latn_ME":{"code":"EUR","numeric":978,"native":"Evro","localized":"Euro"},"su":{"code":"IDR","numeric":360,"native":"Rupee Indonésia","localized":"Indonesesch Rupiah"},"sv":{"code":"SEK","numeric":752,"native":"svensk krona","localized":"Schwedesch Kroun"},"sw":{"code":"TZS","numeric":834,"native":"Shilingi ya Tanzania","localized":"Tansania-Schilling"},"ta":{"code":"INR","numeric":356,"native":"இந்திய ரூபாய்","localized":"Indesch Rupie"},"te":{"code":"INR","numeric":356,"native":"భారతదేశ రూపాయి","localized":"Indesch Rupie"},"tg":{"code":"TJS","numeric":972,"native":"Сомонӣ","localized":"Tadschikistan-Somoni"},"th":{"code":"THB","numeric":764,"native":"บาท","localized":"Thailännesche Baht"},"ti":{"code":"ETB","numeric":230,"native":"ብር","localized":"Ethiopescht Birr"},"tk":{"code":"TMT","numeric":934,"native":"Türkmen manady","localized":"Turkmenistan-Manat"},"tl":{"code":"PHP","numeric":608,"native":"Philippine Peso","localized":"Philippinnesche Peso"},"tr":{"code":"TRY","numeric":949,"native":"Türk Lirası","localized":"Tierkesch Lira"},"tt":{"code":"RUB","numeric":643,"native":"Россия сумы","localized":"Russesche Rubel"},"ug":{"code":"CNY","numeric":156,"native":"جۇڭگو يۈەنى","localized":"Renminbi Yuan"},"uk":{"code":"UAH","numeric":980,"native":"українська гривня","localized":"Ukraineschen Hrywnja"},"ur":{"code":"PKR","numeric":586,"native":"پاکستانی روپیہ","localized":"Pakistanesch Rupie"},"uz_Cyrl":{"code":"UZS","numeric":860,"native":"Ўзбекистон сўм","localized":"Usbekistan-Sum"},"uz_Latn":{"code":"UZS","numeric":860,"native":"O‘zbekiston so‘mi","localized":"Usbekistan-Sum"},"vi":{"code":"VND","numeric":704,"native":"Đồng Việt Nam","localized":"Vietnameseschen Dong"},"xh":{"code":"ZAR","numeric":710,"native":"IRandi yaseMzantsi Afrika","localized":"Südafrikanesche Rand"},"yi":{"code":"USD","numeric":840,"native":"","localized":""},"yo":{"code":"NGN","numeric":566,"native":"Náírà Nàìjíríà","localized":"Nigerianeschen Naira"},"zh_CN":{"code":"CNY","numeric":156,"native":"人民币","localized":"Renminbi Yuan"},"zh_HK":{"code":"HKD","numeric":344,"native":"港元","localized":"Hong-Kong-Dollar"},"zh_TW":{"code":"TWD","numeric":901,"native":"新台币","localized":"Neien Taiwan-Dollar"},"zu":{"code":"ZAR","numeric":710,"native":"i-South African Rand","localized":"Südafrikanesche Rand"}}
