{"af":{"code":"ZAR","numeric":710,"native":"Suid-Afrikaanse rand","localized":"ເຊົາທ໌ ອາ​ຟຣິ​ກັນ ແຣນດ໌"},"ak":{"code":"GHS","numeric":936,"native":"Ghana Sidi","localized":"ກາ​ນາ​ອຽນ ເຊ​ດິ"},"am":{"code":"ETB","numeric":230,"native":"የኢትዮጵያ ብር","localized":"ເອ​ທິ​ໂອ​ປຽນ ເບີ​ຣ໌"},"ar":{"code":"EGP","numeric":818,"native":"جنيه مصري","localized":"ອີ​ຢິບ​ທຽນ ພາວດ໌"},"as":{"code":"INR","numeric":356,"native":"ভাৰতীয় ৰুপী","localized":"ອິນ​ເດຍ ຣູ​ປີ"},"az":{"code":"AZN","numeric":944,"native":"Azərbaycan Manatı","localized":"ອາ​ເຊີ​ໄບ​ຈາ​ນິ ມາ​ນັດ"},"be":{"code":"BYN","numeric":840,"native":"беларускі рубель","localized":"ເບ​ລາ​ຣຸ​ສ​ຊຽນ ຣູ​ເບິນ"},"bg":{"code":"BGN","numeric":975,"native":"Български лев","localized":"ບັງ​ກາ​ຣຽນ ເລບ"},"bho":{"code":"INR","numeric":356,"native":"INR","localized":"ອິນ​ເດຍ ຣູ​ປີ"},"bm":{"code":"XOF","numeric":952,"native":"sefa Fraŋ (BCEAO)","localized":"ຟັງເຊຟານ ອາຟຣິກາຕາເວັນຕົກ"},"bn":{"code":"BDT","numeric":50,"native":"বাংলাদেশী টাকা","localized":"ບັງ​ຄລາ​ເທດ ຕາ​ກາ"},"bs":{"code":"BAM","numeric":977,"native":"Bosanskohercegovačka konvertibilna marka","localized":"ບອ​ສ​ເນຍ-ເຮີ​ເຊ​ໂກວິ​ນາ ຄອນ​ເວີດ​ຕິ​ໂບ ມາກ"},"ca":{"code":"EUR","numeric":978,"native":"euro","localized":"ຢູ​ໂຣ"},"ceb":{"code":"PHP","numeric":608,"native":"Philippine Peso","localized":"ຟິ​ລິບ​ປິນ ເປ​ໂຊ"},"ckb":{"code":"IQD","numeric":368,"native":"IQD","localized":"ອິ​ຣັກ​ກິ ດິ​ນາ"},"cs":{"code":"CZK","numeric":203,"native":"česká koruna","localized":"ເຊກ ໂຄ​ຣູ​ນາ"},"cy":{"code":"GBP","numeric":826,"native":"Punt Prydain","localized":"ອັງກິດ ປອນ"},"da":{"code":"DKK","numeric":208,"native":"dansk krone","localized":"ແດນ​ນິ​ຊ ໂຄຣນ"},"de":{"code":"EUR","numeric":978,"native":"Euro","localized":"ຢູ​ໂຣ"},"de_CH":{"code":"CHF","numeric":756,"native":"Schweizer Franken","localized":"ສະ​ວິ​ສ ຟ​ຣັງ"},"doi":{"code":"INR","numeric":356,"native":"भारती रपेऽ","localized":"ອິນ​ເດຍ ຣູ​ປີ"},"ee":{"code":"GHS","numeric":936,"native":"ghana siɖi","localized":"ກາ​ນາ​ອຽນ ເຊ​ດິ"},"el":{"code":"EUR","numeric":978,"native":"Ευρώ","localized":"ຢູ​ໂຣ"},"en":{"code":"USD","numeric":840,"native":"US Dollar","localized":"​ໂດ​ລ່າ​ສະ​ຫະ​ລັດຯ"},"en_CA":{"code":"CAD","numeric":124,"native":"Canadian Dollar","localized":"ໂດລ່າແຄນາດາ"},"eo":{"code":"USD","numeric":840,"native":"","localized":""},"es":{"code":"EUR","numeric":978,"native":"euro","localized":"ຢູ​ໂຣ"},"et":{"code":"EUR","numeric":978,"native":"euro","localized":"ຢູ​ໂຣ"},"eu":{"code":"EUR","numeric":978,"native":"euroa","localized":"ຢູ​ໂຣ"},"fa":{"code":"IRR","numeric":364,"native":"ریال ایران","localized":"ອິ​ຣາ​ນິ ຣຽວ"},"fi":{"code":"EUR","numeric":978,"native":"euro","localized":"ຢູ​ໂຣ"},"fil":{"code":"PHP","numeric":608,"native":"Piso ng Pilipinas","localized":"ຟິ​ລິບ​ປິນ ເປ​ໂຊ"},"fr":{"code":"EUR","numeric":978,"native":"euro","localized":"ຢູ​ໂຣ"},"fy":{"code":"EUR","numeric":978,"native":"Euro","localized":"ຢູ​ໂຣ"},"ga":{"code":"EUR","numeric":978,"native":"Euro","localized":"ຢູ​ໂຣ"},"gd":{"code":"GBP","numeric":826,"native":"Punnd Sasannach","localized":"ອັງກິດ ປອນ"},"gl":{"code":"EUR","numeric":978,"native":"euro","localized":"ຢູ​ໂຣ"},"gu":{"code":"INR","numeric":356,"native":"ભારતીય રૂપિયા","localized":"ອິນ​ເດຍ ຣູ​ປີ"},"ha":{"code":"NGN","numeric":566,"native":"Nairar Najeriya","localized":"ໄນ​ຣາ ​ໄນເຈີ​ຣຽນ"},"haw":{"code":"USD","numeric":840,"native":"USD","localized":"​ໂດ​ລ່າ​ສະ​ຫະ​ລັດຯ"},"he":{"code":"ILS","numeric":376,"native":"שקל חדש","localized":"ອິສ​ຣາ​ເອວ​ລິ ນິວ ເຊ​ເກວ"},"hi":{"code":"INR","numeric":356,"native":"भारतीय रुपया","localized":"ອິນ​ເດຍ ຣູ​ປີ"},"hr":{"code":"EUR","numeric":978,"native":"euro","localized":"ຢູ​ໂຣ"},"hu":{"code":"HUF","numeric":348,"native":"magyar forint","localized":"ຮັງ​ກາ​ຣຽນ ຟໍ​ຣິນ"},"hy":{"code":"AMD","numeric":51,"native":"հայկական դրամ","localized":"ອາ​ເມ​ນຽນ ແດຣມ"},"id":{"code":"IDR","numeric":360,"native":"Rupiah Indonesia","localized":"ອິນ​ໂດ​ເນ​ຊຽນ ໂດ​ລ່າ"},"ig":{"code":"NGN","numeric":566,"native":"Naịra","localized":"ໄນ​ຣາ ​ໄນເຈີ​ຣຽນ"},"is":{"code":"ISK","numeric":352,"native":"íslensk króna","localized":"ໄອ​ສ໌​ແລນ​ດິກ ໂຄຣ​ນາ"},"it":{"code":"EUR","numeric":978,"native":"euro","localized":"ຢູ​ໂຣ"},"ja":{"code":"JPY","numeric":392,"native":"日本円","localized":"ຍີ່​ປຸ່ນ ເຢນ"},"ka":{"code":"GEL","numeric":981,"native":"ქართული ლარი","localized":"ຈໍ​ຈຽນ ລາ​ຣິ"},"kk":{"code":"KZT","numeric":398,"native":"Қазақстан теңгесі","localized":"ຄາ​ຊັກ​ສະ​ຖາ​ນິ ເຕັງ​ເຈ"},"km":{"code":"KHR","numeric":116,"native":"រៀល​កម្ពុជា","localized":"ກຳ​ປູ​ເຈຍ ຣຽວ"},"kn":{"code":"INR","numeric":356,"native":"ಭಾರತೀಯ ರೂಪಾಯಿ","localized":"ອິນ​ເດຍ ຣູ​ປີ"},"ko":{"code":"KRW","numeric":410,"native":"대한민국 원","localized":"ເກົາ​ຫລີໃຕ້ ວອນ"},"ku":{"code":"TRY","numeric":949,"native":"TRY","localized":"ເຕີ​ກິ​ຊ ລິ​ຣາ"},"ky":{"code":"KGS","numeric":417,"native":"Кыргызстан сому","localized":"ຄ​ຣີ​ກິສ​​ຖາ​ນິ ໂຊມ"},"lb":{"code":"EUR","numeric":978,"native":"Euro","localized":"ຢູ​ໂຣ"},"lg":{"code":"UGX","numeric":800,"native":"Silingi eya Yuganda","localized":"ອູ​ກັນ​ດັນ ຊິວ​ລິງ"},"ln":{"code":"CDF","numeric":976,"native":"Falánga ya Kongó","localized":"ຄອງ​ໂກ​ລີສ ຟຣັງ"},"lo":{"code":"LAK","numeric":418,"native":"ລາວ ກີບ","localized":"ລາວ ກີບ"},"lt":{"code":"EUR","numeric":978,"native":"Euras","localized":"ຢູ​ໂຣ"},"lv":{"code":"EUR","numeric":978,"native":"eiro","localized":"ຢູ​ໂຣ"},"mai":{"code":"INR","numeric":356,"native":"भारतीय रुपया","localized":"ອິນ​ເດຍ ຣູ​ປີ"},"mg":{"code":"MGA","numeric":969,"native":"Ariary","localized":"ມາ​ລາ​ກາ​ຊີ ອາ​ເຣຍ​ຣີ"},"mi":{"code":"NZD","numeric":554,"native":"Tāra o Aotearoa","localized":"ນິວ​ຊີ​ແລນ ໂດ​ລ່າ"},"mk":{"code":"MKD","numeric":807,"native":"Македонски денар","localized":"ແມັກ​ເຊ​ໂດ​ນຽນ ເດ​ນາ"},"ml":{"code":"INR","numeric":356,"native":"ഇന്ത്യൻ രൂപ","localized":"ອິນ​ເດຍ ຣູ​ປີ"},"mn":{"code":"MNT","numeric":496,"native":"Монгол төгрөг","localized":"ມອງ​ໂກ​ລຽນ ຕູກຣິກ"},"mni_Mtei":{"code":"INR","numeric":356,"native":"Indian Rupee","localized":"ອິນ​ເດຍ ຣູ​ປີ"},"mr":{"code":"INR","numeric":356,"native":"भारतीय रुपया","localized":"ອິນ​ເດຍ ຣູ​ປີ"},"ms":{"code":"MYR","numeric":458,"native":"Ringgit Malaysia","localized":"ມາ​ເລ​ເຊຍ ຣິງ​ກິດ"},"mt":{"code":"EUR","numeric":978,"native":"ewro","localized":"ຢູ​ໂຣ"},"my":{"code":"MMK","numeric":104,"native":"မြန်မာ ကျပ်","localized":"ມຽນ​ມາ ຈ໊າດ"},"nb":{"code":"NOK","numeric":578,"native":"norske kroner","localized":"ນໍ​ເວ​ຈຽນ ​ໂຄຣນ"},"ne":{"code":"NPR","numeric":524,"native":"नेपाली रूपैयाँ","localized":"ເນ​ປານ ຣູ​ປີ"},"nl":{"code":"EUR","numeric":978,"native":"Euro","localized":"ຢູ​ໂຣ"},"nn":{"code":"NOK","numeric":578,"native":"norske kroner","localized":"ນໍ​ເວ​ຈຽນ ​ໂຄຣນ"},"oc":{"code":"EUR","numeric":978,"native":"EUR","localized":"ຢູ​ໂຣ"},"om":{"code":"ETB","numeric":230,"native":"Itoophiyaa Birrii","localized":"ເອ​ທິ​ໂອ​ປຽນ ເບີ​ຣ໌"},"or":{"code":"INR","numeric":356,"native":"ଭାରତୀୟ ଟଙ୍କା","localized":"ອິນ​ເດຍ ຣູ​ປີ"},"pa":{"code":"INR","numeric":356,"native":"ਭਾਰਤੀ ਰੁਪਇਆ","localized":"ອິນ​ເດຍ ຣູ​ປີ"},"pl":{"code":"PLN","numeric":985,"native":"złoty polski","localized":"ໂປ​ລິ​ຊ ຊະ​ລໍ​ຕີ"},"ps":{"code":"AFN","numeric":971,"native":"افغانۍ","localized":"ອັຟ​ກັນ ອັຟ​ກາ​ນິ"},"pt":{"code":"BRL","numeric":986,"native":"Real brasileiro","localized":"ບຣາ​ຊິ​ລຽນ ຣຽວ"},"pt_BR":{"code":"BRL","numeric":986,"native":"Real brasileiro","localized":"ບຣາ​ຊິ​ລຽນ ຣຽວ"},"qu":{"code":"PEN","numeric":604,"native":"Sol Peruano","localized":"ເປ​ຣູ​ວຽນ ໂຊ​ລ໌"},"ro":{"code":"RON","numeric":946,"native":"leu românesc","localized":"ໂຣ​ມາ​ນຽນ ເລ​ອູ"},"ru":{"code":"RUB","numeric":643,"native":"российский рубль","localized":"ຣັສ​ຊຽນ ຣູ​ເບິນ"},"rw":{"code":"RWF","numeric":646,"native":"RWF","localized":"ຣະ​ວັນ​ດັນ ຟຣັງ"},"sa":{"code":"INR","numeric":356,"native":"भारतीय रूप्यकम्","localized":"ອິນ​ເດຍ ຣູ​ປີ"},"sc":{"code":"EUR","numeric":978,"native":"èuro","localized":"ຢູ​ໂຣ"},"sd":{"code":"PKR","numeric":586,"native":"پاڪستاني رپي","localized":"ປາ​ກິ​ສຖານ ຣູ​ປີ"},"si":{"code":"LKR","numeric":144,"native":"ශ්‍රී ලංකා රුපියල","localized":"ສີ​ລັງ​ກາ ຣູ​ປີ"},"sk":{"code":"EUR","numeric":978,"native":"euro","localized":"ຢູ​ໂຣ"},"sl":{"code":"EUR","numeric":978,"native":"evro","localized":"ຢູ​ໂຣ"},"sn":{"code":"USD","numeric":840,"native":"Dora re Amerika","localized":"​ໂດ​ລ່າ​ສະ​ຫະ​ລັດຯ"},"so":{"code":"SOS","numeric":706,"native":"Shilingka Soomaaliya","localized":"ໂຊ​ມາ​ລິ ຊິວ​ລິງ"},"sq":{"code":"ALL","numeric":8,"native":"Leku shqiptar","localized":"ອັລ​ບາ​ນຽນ ເລກ"},"sr_Cyrl":{"code":"RSD","numeric":941,"native":"српски динар","localized":"ເຊີ​ບຽນ ດິ​ນາ"},"sr_Latn":{"code":"RSD","numeric":941,"native":"srpski dinar","localized":"ເຊີ​ບຽນ ດິ​ນາ"},"sr_Latn_ME":{"code":"EUR","numeric":978,"native":"Evro","localized":"ຢູ​ໂຣ"},"su":{"code":"IDR","numeric":360,"native":"Rupee Indonésia","localized":"ອິນ​ໂດ​ເນ​ຊຽນ ໂດ​ລ່າ"},"sv":{"code":"SEK","numeric":752,"native":"svensk krona","localized":"ສະ​ວີ​ດິ​ຊ ໂຄຣ​ນາ"},"sw":{"code":"TZS","numeric":834,"native":"Shilingi ya Tanzania","localized":"ທານ​ຊາ​ນຽນ ຊິວ​ລິງ"},"ta":{"code":"INR","numeric":356,"native":"இந்திய ரூபாய்","localized":"ອິນ​ເດຍ ຣູ​ປີ"},"te":{"code":"INR","numeric":356,"native":"భారతదేశ రూపాయి","localized":"ອິນ​ເດຍ ຣູ​ປີ"},"tg":{"code":"TJS","numeric":972,"native":"Сомонӣ","localized":"ທາ​ຈິ​ກິ​​ຖາ​ນິ ໂຊ​ໂມ​ນິ"},"th":{"code":"THB","numeric":764,"native":"บาท","localized":"ໄທ ບາດ"},"ti":{"code":"ETB","numeric":230,"native":"ብር","localized":"ເອ​ທິ​ໂອ​ປຽນ ເບີ​ຣ໌"},"tk":{"code":"TMT","numeric":934,"native":"Türkmen manady","localized":"ເຕີກ​ເມ​ນິ​ສ​ຖາ​ນິ ມາ​ນັດ"},"tl":{"code":"PHP","numeric":608,"native":"Philippine Peso","localized":"ຟິ​ລິບ​ປິນ ເປ​ໂຊ"},"tr":{"code":"TRY","numeric":949,"native":"Türk Lirası","localized":"ເຕີ​ກິ​ຊ ລິ​ຣາ"},"tt":{"code":"RUB","numeric":643,"native":"Россия сумы","localized":"ຣັສ​ຊຽນ ຣູ​ເບິນ"},"ug":{"code":"CNY","numeric":156,"native":"جۇڭگو يۈەنى","localized":"ຈີນ ຢວນ"},"uk":{"code":"UAH","numeric":980,"native":"українська гривня","localized":"ຢູ​ເຄຣ​ນຽນ ຮະ​ຣີບ​ເນຍ"},"ur":{"code":"PKR","numeric":586,"native":"پاکستانی روپیہ","localized":"ປາ​ກິ​ສຖານ ຣູ​ປີ"},"uz_Cyrl":{"code":"UZS","numeric":860,"native":"Ўзбекистон сўм","localized":"ອຸສເບກິສຖານິ ໂຊມ"},"uz_Latn":{"code":"UZS","numeric":860,"native":"O‘zbekiston so‘mi","localized":"ອຸສເບກິສຖານິ ໂຊມ"},"vi":{"code":"VND","numeric":704,"native":"Đồng Việt Nam","localized":"ຫວຽດ​ນາມ ດົງ"},"xh":{"code":"ZAR","numeric":710,"native":"IRandi yaseMzantsi Afrika","localized":"ເຊົາທ໌ ອາ​ຟຣິ​ກັນ ແຣນດ໌"},"yi":{"code":"USD","numeric":840,"native":"","localized":""},"yo":{"code":"NGN","numeric":566,"native":"Náírà Nàìjíríà","localized":"ໄນ​ຣາ ​ໄນເຈີ​ຣຽນ"},"zh_CN":{"code":"CNY","numeric":156,"native":"人民币","localized":"ຈີນ ຢວນ"},"zh_HK":{"code":"HKD","numeric":344,"native":"港元","localized":"ຮອງ​ກົງ ໂດ​ລ່າ"},"zh_TW":{"code":"TWD","numeric":901,"native":"新台币","localized":"ນິວ ໄຕ້​ຫວັນ ໂດ​ລ່າ"},"zu":{"code":"ZAR","numeric":710,"native":"i-South African Rand","localized":"ເຊົາທ໌ ອາ​ຟຣິ​ກັນ ແຣນດ໌"}}
