{"af":{"code":"ZAR","numeric":710,"native":"Suid-Afrikaanse rand","localized":"Pietų Afrikos Respublikos randas"},"ak":{"code":"GHS","numeric":936,"native":"Ghana Sidi","localized":"Ganos sedis"},"am":{"code":"ETB","numeric":230,"native":"የኢትዮጵያ ብር","localized":"Etiopijos biras"},"ar":{"code":"EGP","numeric":818,"native":"جنيه مصري","localized":"Egipto svaras"},"as":{"code":"INR","numeric":356,"native":"ভাৰতীয় ৰুপী","localized":"Indijos rupija"},"az":{"code":"AZN","numeric":944,"native":"Azərbaycan Manatı","localized":"Azerbaidžano manatas"},"be":{"code":"BYN","numeric":840,"native":"беларускі рубель","localized":"Baltarusijos rublis"},"bg":{"code":"BGN","numeric":975,"native":"Български лев","localized":"Bulgarijos levas"},"bho":{"code":"INR","numeric":356,"native":"INR","localized":"Indijos rupija"},"bm":{"code":"XOF","numeric":952,"native":"sefa Fraŋ (BCEAO)","localized":"CFA BCEAO frankas"},"bn":{"code":"BDT","numeric":50,"native":"বাংলাদেশী টাকা","localized":"Bangladešo taka"},"bs":{"code":"BAM","numeric":977,"native":"Bosanskohercegovačka konvertibilna marka","localized":"Bosnijos ir Hercegovinos konvertuojamoji markė"},"ca":{"code":"EUR","numeric":978,"native":"euro","localized":"Euras"},"ceb":{"code":"PHP","numeric":608,"native":"Philippine Peso","localized":"Filipinų pesas"},"ckb":{"code":"IQD","numeric":368,"native":"IQD","localized":"Irako dinaras"},"cs":{"code":"CZK","numeric":203,"native":"česká koruna","localized":"Čekijos krona"},"cy":{"code":"GBP","numeric":826,"native":"Punt Prydain","localized":"Didžiosios Britanijos svaras"},"da":{"code":"DKK","numeric":208,"native":"dansk krone","localized":"Danijos krona"},"de":{"code":"EUR","numeric":978,"native":"Euro","localized":"Euras"},"de_CH":{"code":"CHF","numeric":756,"native":"Schweizer Franken","localized":"Šveicarijos frankas"},"doi":{"code":"INR","numeric":356,"native":"भारती रपेऽ","localized":"Indijos rupija"},"ee":{"code":"GHS","numeric":936,"native":"ghana siɖi","localized":"Ganos sedis"},"el":{"code":"EUR","numeric":978,"native":"Ευρώ","localized":"Euras"},"en":{"code":"USD","numeric":840,"native":"US Dollar","localized":"JAV doleris"},"en_CA":{"code":"CAD","numeric":124,"native":"Canadian Dollar","localized":"Kanados doleris"},"eo":{"code":"USD","numeric":840,"native":"","localized":""},"es":{"code":"EUR","numeric":978,"native":"euro","localized":"Euras"},"et":{"code":"EUR","numeric":978,"native":"euro","localized":"Euras"},"eu":{"code":"EUR","numeric":978,"native":"euroa","localized":"Euras"},"fa":{"code":"IRR","numeric":364,"native":"ریال ایران","localized":"Irano rialas"},"fi":{"code":"EUR","numeric":978,"native":"euro","localized":"Euras"},"fil":{"code":"PHP","numeric":608,"native":"Piso ng Pilipinas","localized":"Filipinų pesas"},"fr":{"code":"EUR","numeric":978,"native":"euro","localized":"Euras"},"fy":{"code":"EUR","numeric":978,"native":"Euro","localized":"Euras"},"ga":{"code":"EUR","numeric":978,"native":"Euro","localized":"Euras"},"gd":{"code":"GBP","numeric":826,"native":"Punnd Sasannach","localized":"Didžiosios Britanijos svaras"},"gl":{"code":"EUR","numeric":978,"native":"euro","localized":"Euras"},"gu":{"code":"INR","numeric":356,"native":"ભારતીય રૂપિયા","localized":"Indijos rupija"},"ha":{"code":"NGN","numeric":566,"native":"Nairar Najeriya","localized":"Nigerijos naira"},"haw":{"code":"USD","numeric":840,"native":"USD","localized":"JAV doleris"},"he":{"code":"ILS","numeric":376,"native":"שקל חדש","localized":"Izraelio naujasis šekelis"},"hi":{"code":"INR","numeric":356,"native":"भारतीय रुपया","localized":"Indijos rupija"},"hr":{"code":"EUR","numeric":978,"native":"euro","localized":"Euras"},"hu":{"code":"HUF","numeric":348,"native":"magyar forint","localized":"Vengrijos forintas"},"hy":{"code":"AMD","numeric":51,"native":"հայկական դրամ","localized":"Armėnijos dramas"},"id":{"code":"IDR","numeric":360,"native":"Rupiah Indonesia","localized":"Indonezijos rupija"},"ig":{"code":"NGN","numeric":566,"native":"Naịra","localized":"Nigerijos naira"},"is":{"code":"ISK","numeric":352,"native":"íslensk króna","localized":"Islandijos krona"},"it":{"code":"EUR","numeric":978,"native":"euro","localized":"Euras"},"ja":{"code":"JPY","numeric":392,"native":"日本円","localized":"Japonijos jena"},"ka":{"code":"GEL","numeric":981,"native":"ქართული ლარი","localized":"Gruzijos laris"},"kk":{"code":"KZT","numeric":398,"native":"Қазақстан теңгесі","localized":"Kazachstano tengė"},"km":{"code":"KHR","numeric":116,"native":"រៀល​កម្ពុជា","localized":"Kambodžos rielis"},"kn":{"code":"INR","numeric":356,"native":"ಭಾರತೀಯ ರೂಪಾಯಿ","localized":"Indijos rupija"},"ko":{"code":"KRW","numeric":410,"native":"대한민국 원","localized":"Pietų Korėjos vonas"},"ku":{"code":"TRY","numeric":949,"native":"TRY","localized":"Turkijos lira"},"ky":{"code":"KGS","numeric":417,"native":"Кыргызстан сому","localized":"Kirgizijos somas"},"lb":{"code":"EUR","numeric":978,"native":"Euro","localized":"Euras"},"lg":{"code":"UGX","numeric":800,"native":"Silingi eya Yuganda","localized":"Ugandos šilingas"},"ln":{"code":"CDF","numeric":976,"native":"Falánga ya Kongó","localized":"Kongo frankas"},"lo":{"code":"LAK","numeric":418,"native":"ລາວ ກີບ","localized":"Laoso kipas"},"lt":{"code":"EUR","numeric":978,"native":"Euras","localized":"Euras"},"lv":{"code":"EUR","numeric":978,"native":"eiro","localized":"Euras"},"mai":{"code":"INR","numeric":356,"native":"भारतीय रुपया","localized":"Indijos rupija"},"mg":{"code":"MGA","numeric":969,"native":"Ariary","localized":"Madagaskaro ariaris"},"mi":{"code":"NZD","numeric":554,"native":"Tāra o Aotearoa","localized":"Naujosios Zelandijos doleris"},"mk":{"code":"MKD","numeric":807,"native":"Македонски денар","localized":"Makedonijos denaras"},"ml":{"code":"INR","numeric":356,"native":"ഇന്ത്യൻ രൂപ","localized":"Indijos rupija"},"mn":{"code":"MNT","numeric":496,"native":"Монгол төгрөг","localized":"Mongolijos tugrikas"},"mni_Mtei":{"code":"INR","numeric":356,"native":"Indian Rupee","localized":"Indijos rupija"},"mr":{"code":"INR","numeric":356,"native":"भारतीय रुपया","localized":"Indijos rupija"},"ms":{"code":"MYR","numeric":458,"native":"Ringgit Malaysia","localized":"Malaizijos ringitas"},"mt":{"code":"EUR","numeric":978,"native":"ewro","localized":"Euras"},"my":{"code":"MMK","numeric":104,"native":"မြန်မာ ကျပ်","localized":"Mianmaro kijatas"},"nb":{"code":"NOK","numeric":578,"native":"norske kroner","localized":"Norvegijos krona"},"ne":{"code":"NPR","numeric":524,"native":"नेपाली रूपैयाँ","localized":"Nepalo rupija"},"nl":{"code":"EUR","numeric":978,"native":"Euro","localized":"Euras"},"nn":{"code":"NOK","numeric":578,"native":"norske kroner","localized":"Norvegijos krona"},"oc":{"code":"EUR","numeric":978,"native":"EUR","localized":"Euras"},"om":{"code":"ETB","numeric":230,"native":"Itoophiyaa Birrii","localized":"Etiopijos biras"},"or":{"code":"INR","numeric":356,"native":"ଭାରତୀୟ ଟଙ୍କା","localized":"Indijos rupija"},"pa":{"code":"INR","numeric":356,"native":"ਭਾਰਤੀ ਰੁਪਇਆ","localized":"Indijos rupija"},"pl":{"code":"PLN","numeric":985,"native":"złoty polski","localized":"Lenkijos zlotas"},"ps":{"code":"AFN","numeric":971,"native":"افغانۍ","localized":"Afganistano afganis"},"pt":{"code":"BRL","numeric":986,"native":"Real brasileiro","localized":"Brazilijos realas"},"pt_BR":{"code":"BRL","numeric":986,"native":"Real brasileiro","localized":"Brazilijos realas"},"qu":{"code":"PEN","numeric":604,"native":"Sol Peruano","localized":"Peru solis"},"ro":{"code":"RON","numeric":946,"native":"leu românesc","localized":"Rumunijos lėja"},"ru":{"code":"RUB","numeric":643,"native":"российский рубль","localized":"Rusijos rublis"},"rw":{"code":"RWF","numeric":646,"native":"RWF","localized":"Ruandos frankas"},"sa":{"code":"INR","numeric":356,"native":"भारतीय रूप्यकम्","localized":"Indijos rupija"},"sc":{"code":"EUR","numeric":978,"native":"èuro","localized":"Euras"},"sd":{"code":"PKR","numeric":586,"native":"پاڪستاني رپي","localized":"Pakistano rupija"},"si":{"code":"LKR","numeric":144,"native":"ශ්‍රී ලංකා රුපියල","localized":"Šri Lankos rupija"},"sk":{"code":"EUR","numeric":978,"native":"euro","localized":"Euras"},"sl":{"code":"EUR","numeric":978,"native":"evro","localized":"Euras"},"sn":{"code":"USD","numeric":840,"native":"Dora re Amerika","localized":"JAV doleris"},"so":{"code":"SOS","numeric":706,"native":"Shilingka Soomaaliya","localized":"Somalio šilingas"},"sq":{"code":"ALL","numeric":8,"native":"Leku shqiptar","localized":"Albanijos lekas"},"sr_Cyrl":{"code":"RSD","numeric":941,"native":"српски динар","localized":"Serbijos dinaras"},"sr_Latn":{"code":"RSD","numeric":941,"native":"srpski dinar","localized":"Serbijos dinaras"},"sr_Latn_ME":{"code":"EUR","numeric":978,"native":"Evro","localized":"Euras"},"su":{"code":"IDR","numeric":360,"native":"Rupee Indonésia","localized":"Indonezijos rupija"},"sv":{"code":"SEK","numeric":752,"native":"svensk krona","localized":"Švedijos krona"},"sw":{"code":"TZS","numeric":834,"native":"Shilingi ya Tanzania","localized":"Tanzanijos šilingas"},"ta":{"code":"INR","numeric":356,"native":"இந்திய ரூபாய்","localized":"Indijos rupija"},"te":{"code":"INR","numeric":356,"native":"భారతదేశ రూపాయి","localized":"Indijos rupija"},"tg":{"code":"TJS","numeric":972,"native":"Сомонӣ","localized":"Tadžikistano somonis"},"th":{"code":"THB","numeric":764,"native":"บาท","localized":"Tailando batas"},"ti":{"code":"ETB","numeric":230,"native":"ብር","localized":"Etiopijos biras"},"tk":{"code":"TMT","numeric":934,"native":"Türkmen manady","localized":"Turkmėnistano manatas"},"tl":{"code":"PHP","numeric":608,"native":"Philippine Peso","localized":"Filipinų pesas"},"tr":{"code":"TRY","numeric":949,"native":"Türk Lirası","localized":"Turkijos lira"},"tt":{"code":"RUB","numeric":643,"native":"Россия сумы","localized":"Rusijos rublis"},"ug":{"code":"CNY","numeric":156,"native":"جۇڭگو يۈەنى","localized":"Kinijos ženminbi juanis"},"uk":{"code":"UAH","numeric":980,"native":"українська гривня","localized":"Ukrainos grivina"},"ur":{"code":"PKR","numeric":586,"native":"پاکستانی روپیہ","localized":"Pakistano rupija"},"uz_Cyrl":{"code":"UZS","numeric":860,"native":"Ўзбекистон сўм","localized":"Uzbekistano sumas"},"uz_Latn":{"code":"UZS","numeric":860,"native":"O‘zbekiston so‘mi","localized":"Uzbekistano sumas"},"vi":{"code":"VND","numeric":704,"native":"Đồng Việt Nam","localized":"Vietnamo dongas"},"xh":{"code":"ZAR","numeric":710,"native":"IRandi yaseMzantsi Afrika","localized":"Pietų Afrikos Respublikos randas"},"yi":{"code":"USD","numeric":840,"native":"","localized":""},"yo":{"code":"NGN","numeric":566,"native":"Náírà Nàìjíríà","localized":"Nigerijos naira"},"zh_CN":{"code":"CNY","numeric":156,"native":"人民币","localized":"Kinijos ženminbi juanis"},"zh_HK":{"code":"HKD","numeric":344,"native":"港元","localized":"Honkongo doleris"},"zh_TW":{"code":"TWD","numeric":901,"native":"新台币","localized":"Taivano naujasis doleris"},"zu":{"code":"ZAR","numeric":710,"native":"i-South African Rand","localized":"Pietų Afrikos Respublikos randas"}}
