{"af":{"code":"ZAR","numeric":710,"native":"Suid-Afrikaanse rand","localized":"Dienvidāfrikas rends"},"ak":{"code":"GHS","numeric":936,"native":"Ghana Sidi","localized":"Ganas sedi"},"am":{"code":"ETB","numeric":230,"native":"የኢትዮጵያ ብር","localized":"Etiopijas birs"},"ar":{"code":"EGP","numeric":818,"native":"جنيه مصري","localized":"Ēģiptes mārciņa"},"as":{"code":"INR","numeric":356,"native":"ভাৰতীয় ৰুপী","localized":"Indijas rūpija"},"az":{"code":"AZN","numeric":944,"native":"Azərbaycan Manatı","localized":"Azerbaidžānas manats"},"be":{"code":"BYN","numeric":840,"native":"беларускі рубель","localized":"Baltkrievijas rubelis"},"bg":{"code":"BGN","numeric":975,"native":"Български лев","localized":"Bulgārijas leva"},"bho":{"code":"INR","numeric":356,"native":"INR","localized":"Indijas rūpija"},"bm":{"code":"XOF","numeric":952,"native":"sefa Fraŋ (BCEAO)","localized":"Rietumāfrikas CFA franks"},"bn":{"code":"BDT","numeric":50,"native":"বাংলাদেশী টাকা","localized":"Bangladešas taka"},"bs":{"code":"BAM","numeric":977,"native":"Bosanskohercegovačka konvertibilna marka","localized":"Bosnijas un Hercogovinas konvertējamā marka"},"ca":{"code":"EUR","numeric":978,"native":"euro","localized":"eiro"},"ceb":{"code":"PHP","numeric":608,"native":"Philippine Peso","localized":"Filipīnu peso"},"ckb":{"code":"IQD","numeric":368,"native":"IQD","localized":"Irākas dinārs"},"cs":{"code":"CZK","numeric":203,"native":"česká koruna","localized":"Čehijas krona"},"cy":{"code":"GBP","numeric":826,"native":"Punt Prydain","localized":"Lielbritānijas mārciņa"},"da":{"code":"DKK","numeric":208,"native":"dansk krone","localized":"Dānijas krona"},"de":{"code":"EUR","numeric":978,"native":"Euro","localized":"eiro"},"de_CH":{"code":"CHF","numeric":756,"native":"Schweizer Franken","localized":"Šveices franks"},"doi":{"code":"INR","numeric":356,"native":"भारती रपेऽ","localized":"Indijas rūpija"},"ee":{"code":"GHS","numeric":936,"native":"ghana siɖi","localized":"Ganas sedi"},"el":{"code":"EUR","numeric":978,"native":"Ευρώ","localized":"eiro"},"en":{"code":"USD","numeric":840,"native":"US Dollar","localized":"ASV dolārs"},"en_CA":{"code":"CAD","numeric":124,"native":"Canadian Dollar","localized":"Kanādas dolārs"},"eo":{"code":"USD","numeric":840,"native":"","localized":""},"es":{"code":"EUR","numeric":978,"native":"euro","localized":"eiro"},"et":{"code":"EUR","numeric":978,"native":"euro","localized":"eiro"},"eu":{"code":"EUR","numeric":978,"native":"euroa","localized":"eiro"},"fa":{"code":"IRR","numeric":364,"native":"ریال ایران","localized":"Irānas riāls"},"fi":{"code":"EUR","numeric":978,"native":"euro","localized":"eiro"},"fil":{"code":"PHP","numeric":608,"native":"Piso ng Pilipinas","localized":"Filipīnu peso"},"fr":{"code":"EUR","numeric":978,"native":"euro","localized":"eiro"},"fy":{"code":"EUR","numeric":978,"native":"Euro","localized":"eiro"},"ga":{"code":"EUR","numeric":978,"native":"Euro","localized":"eiro"},"gd":{"code":"GBP","numeric":826,"native":"Punnd Sasannach","localized":"Lielbritānijas mārciņa"},"gl":{"code":"EUR","numeric":978,"native":"euro","localized":"eiro"},"gu":{"code":"INR","numeric":356,"native":"ભારતીય રૂપિયા","localized":"Indijas rūpija"},"ha":{"code":"NGN","numeric":566,"native":"Nairar Najeriya","localized":"Nigērijas naira"},"haw":{"code":"USD","numeric":840,"native":"USD","localized":"ASV dolārs"},"he":{"code":"ILS","numeric":376,"native":"שקל חדש","localized":"Izraēlas šekelis"},"hi":{"code":"INR","numeric":356,"native":"भारतीय रुपया","localized":"Indijas rūpija"},"hr":{"code":"EUR","numeric":978,"native":"euro","localized":"eiro"},"hu":{"code":"HUF","numeric":348,"native":"magyar forint","localized":"Ungārijas forints"},"hy":{"code":"AMD","numeric":51,"native":"հայկական դրամ","localized":"Armēnijas drams"},"id":{"code":"IDR","numeric":360,"native":"Rupiah Indonesia","localized":"Indonēzijas rūpija"},"ig":{"code":"NGN","numeric":566,"native":"Naịra","localized":"Nigērijas naira"},"is":{"code":"ISK","numeric":352,"native":"íslensk króna","localized":"Islandes krona"},"it":{"code":"EUR","numeric":978,"native":"euro","localized":"eiro"},"ja":{"code":"JPY","numeric":392,"native":"日本円","localized":"Japānas jena"},"ka":{"code":"GEL","numeric":981,"native":"ქართული ლარი","localized":"Gruzijas lari"},"kk":{"code":"KZT","numeric":398,"native":"Қазақстан теңгесі","localized":"Kazahstānas tenge"},"km":{"code":"KHR","numeric":116,"native":"រៀល​កម្ពុជា","localized":"Kambodžas riels"},"kn":{"code":"INR","numeric":356,"native":"ಭಾರತೀಯ ರೂಪಾಯಿ","localized":"Indijas rūpija"},"ko":{"code":"KRW","numeric":410,"native":"대한민국 원","localized":"Dienvidkorejas vona"},"ku":{"code":"TRY","numeric":949,"native":"TRY","localized":"Turcijas lira"},"ky":{"code":"KGS","numeric":417,"native":"Кыргызстан сому","localized":"Kirgizstānas soms"},"lb":{"code":"EUR","numeric":978,"native":"Euro","localized":"eiro"},"lg":{"code":"UGX","numeric":800,"native":"Silingi eya Yuganda","localized":"Ugandas šiliņš"},"ln":{"code":"CDF","numeric":976,"native":"Falánga ya Kongó","localized":"KDR franks"},"lo":{"code":"LAK","numeric":418,"native":"ລາວ ກີບ","localized":"Laosas kips"},"lt":{"code":"EUR","numeric":978,"native":"Euras","localized":"eiro"},"lv":{"code":"EUR","numeric":978,"native":"eiro","localized":"eiro"},"mai":{"code":"INR","numeric":356,"native":"भारतीय रुपया","localized":"Indijas rūpija"},"mg":{"code":"MGA","numeric":969,"native":"Ariary","localized":"Madagaskaras ariari"},"mi":{"code":"NZD","numeric":554,"native":"Tāra o Aotearoa","localized":"Jaunzēlandes dolārs"},"mk":{"code":"MKD","numeric":807,"native":"Македонски денар","localized":"Maķedonijas denārs"},"ml":{"code":"INR","numeric":356,"native":"ഇന്ത്യൻ രൂപ","localized":"Indijas rūpija"},"mn":{"code":"MNT","numeric":496,"native":"Монгол төгрөг","localized":"Mongolijas tugriks"},"mni_Mtei":{"code":"INR","numeric":356,"native":"Indian Rupee","localized":"Indijas rūpija"},"mr":{"code":"INR","numeric":356,"native":"भारतीय रुपया","localized":"Indijas rūpija"},"ms":{"code":"MYR","numeric":458,"native":"Ringgit Malaysia","localized":"Malaizijas ringits"},"mt":{"code":"EUR","numeric":978,"native":"ewro","localized":"eiro"},"my":{"code":"MMK","numeric":104,"native":"မြန်မာ ကျပ်","localized":"Mjanmas kjats"},"nb":{"code":"NOK","numeric":578,"native":"norske kroner","localized":"Norvēģijas krona"},"ne":{"code":"NPR","numeric":524,"native":"नेपाली रूपैयाँ","localized":"Nepālas rūpija"},"nl":{"code":"EUR","numeric":978,"native":"Euro","localized":"eiro"},"nn":{"code":"NOK","numeric":578,"native":"norske kroner","localized":"Norvēģijas krona"},"oc":{"code":"EUR","numeric":978,"native":"EUR","localized":"eiro"},"om":{"code":"ETB","numeric":230,"native":"Itoophiyaa Birrii","localized":"Etiopijas birs"},"or":{"code":"INR","numeric":356,"native":"ଭାରତୀୟ ଟଙ୍କା","localized":"Indijas rūpija"},"pa":{"code":"INR","numeric":356,"native":"ਭਾਰਤੀ ਰੁਪਇਆ","localized":"Indijas rūpija"},"pl":{"code":"PLN","numeric":985,"native":"złoty polski","localized":"Polijas zlots"},"ps":{"code":"AFN","numeric":971,"native":"افغانۍ","localized":"Afganistānas afgāns"},"pt":{"code":"BRL","numeric":986,"native":"Real brasileiro","localized":"Brazīlijas reāls"},"pt_BR":{"code":"BRL","numeric":986,"native":"Real brasileiro","localized":"Brazīlijas reāls"},"qu":{"code":"PEN","numeric":604,"native":"Sol Peruano","localized":"Peru sols"},"ro":{"code":"RON","numeric":946,"native":"leu românesc","localized":"Rumānijas leja"},"ru":{"code":"RUB","numeric":643,"native":"российский рубль","localized":"Krievijas rublis"},"rw":{"code":"RWF","numeric":646,"native":"RWF","localized":"Ruandas franks"},"sa":{"code":"INR","numeric":356,"native":"भारतीय रूप्यकम्","localized":"Indijas rūpija"},"sc":{"code":"EUR","numeric":978,"native":"èuro","localized":"eiro"},"sd":{"code":"PKR","numeric":586,"native":"پاڪستاني رپي","localized":"Pakistānas rūpija"},"si":{"code":"LKR","numeric":144,"native":"ශ්‍රී ලංකා රුපියල","localized":"Šrilankas rūpija"},"sk":{"code":"EUR","numeric":978,"native":"euro","localized":"eiro"},"sl":{"code":"EUR","numeric":978,"native":"evro","localized":"eiro"},"sn":{"code":"USD","numeric":840,"native":"Dora re Amerika","localized":"ASV dolārs"},"so":{"code":"SOS","numeric":706,"native":"Shilingka Soomaaliya","localized":"Somālijas šiliņš"},"sq":{"code":"ALL","numeric":8,"native":"Leku shqiptar","localized":"Albānijas leks"},"sr_Cyrl":{"code":"RSD","numeric":941,"native":"српски динар","localized":"Serbijas dinārs"},"sr_Latn":{"code":"RSD","numeric":941,"native":"srpski dinar","localized":"Serbijas dinārs"},"sr_Latn_ME":{"code":"EUR","numeric":978,"native":"Evro","localized":"eiro"},"su":{"code":"IDR","numeric":360,"native":"Rupee Indonésia","localized":"Indonēzijas rūpija"},"sv":{"code":"SEK","numeric":752,"native":"svensk krona","localized":"Zviedrijas krona"},"sw":{"code":"TZS","numeric":834,"native":"Shilingi ya Tanzania","localized":"Tanzānijas šiliņš"},"ta":{"code":"INR","numeric":356,"native":"இந்திய ரூபாய்","localized":"Indijas rūpija"},"te":{"code":"INR","numeric":356,"native":"భారతదేశ రూపాయి","localized":"Indijas rūpija"},"tg":{"code":"TJS","numeric":972,"native":"Сомонӣ","localized":"Tadžikistānas somons"},"th":{"code":"THB","numeric":764,"native":"บาท","localized":"Taizemes bāts"},"ti":{"code":"ETB","numeric":230,"native":"ብር","localized":"Etiopijas birs"},"tk":{"code":"TMT","numeric":934,"native":"Türkmen manady","localized":"Turkmenistānas manats"},"tl":{"code":"PHP","numeric":608,"native":"Philippine Peso","localized":"Filipīnu peso"},"tr":{"code":"TRY","numeric":949,"native":"Türk Lirası","localized":"Turcijas lira"},"tt":{"code":"RUB","numeric":643,"native":"Россия сумы","localized":"Krievijas rublis"},"ug":{"code":"CNY","numeric":156,"native":"جۇڭگو يۈەنى","localized":"Ķīnas juaņs"},"uk":{"code":"UAH","numeric":980,"native":"українська гривня","localized":"Ukrainas grivna"},"ur":{"code":"PKR","numeric":586,"native":"پاکستانی روپیہ","localized":"Pakistānas rūpija"},"uz_Cyrl":{"code":"UZS","numeric":860,"native":"Ўзбекистон сўм","localized":"Uzbekistānas sums"},"uz_Latn":{"code":"UZS","numeric":860,"native":"O‘zbekiston so‘mi","localized":"Uzbekistānas sums"},"vi":{"code":"VND","numeric":704,"native":"Đồng Việt Nam","localized":"Vjetnamas dongi"},"xh":{"code":"ZAR","numeric":710,"native":"IRandi yaseMzantsi Afrika","localized":"Dienvidāfrikas rends"},"yi":{"code":"USD","numeric":840,"native":"","localized":""},"yo":{"code":"NGN","numeric":566,"native":"Náírà Nàìjíríà","localized":"Nigērijas naira"},"zh_CN":{"code":"CNY","numeric":156,"native":"人民币","localized":"Ķīnas juaņs"},"zh_HK":{"code":"HKD","numeric":344,"native":"港元","localized":"Honkongas dolārs"},"zh_TW":{"code":"TWD","numeric":901,"native":"新台币","localized":"Taivānas jaunais dolārs"},"zu":{"code":"ZAR","numeric":710,"native":"i-South African Rand","localized":"Dienvidāfrikas rends"}}
