{"af":{"code":"ZAR","numeric":710,"native":"Suid-Afrikaanse rand","localized":"Јужноафрикански ранд"},"ak":{"code":"GHS","numeric":936,"native":"Ghana Sidi","localized":"Гански седи"},"am":{"code":"ETB","numeric":230,"native":"የኢትዮጵያ ብር","localized":"Етиописки бир"},"ar":{"code":"EGP","numeric":818,"native":"جنيه مصري","localized":"Египетска фунта"},"as":{"code":"INR","numeric":356,"native":"ভাৰতীয় ৰুপী","localized":"Индиска рупија"},"az":{"code":"AZN","numeric":944,"native":"Azərbaycan Manatı","localized":"Азербејџански манат"},"be":{"code":"BYN","numeric":840,"native":"беларускі рубель","localized":"Белоруска рубља"},"bg":{"code":"BGN","numeric":975,"native":"Български лев","localized":"Бугарски лев"},"bho":{"code":"INR","numeric":356,"native":"INR","localized":"Индиска рупија"},"bm":{"code":"XOF","numeric":952,"native":"sefa Fraŋ (BCEAO)","localized":"Западноафрикански франк"},"bn":{"code":"BDT","numeric":50,"native":"বাংলাদেশী টাকা","localized":"Бангладешка така"},"bs":{"code":"BAM","numeric":977,"native":"Bosanskohercegovačka konvertibilna marka","localized":"Босанско-херцеговска конвертибилна марка"},"ca":{"code":"EUR","numeric":978,"native":"euro","localized":"Евро"},"ceb":{"code":"PHP","numeric":608,"native":"Philippine Peso","localized":"Филипински пезос"},"ckb":{"code":"IQD","numeric":368,"native":"IQD","localized":"Ирачки динар"},"cs":{"code":"CZK","numeric":203,"native":"česká koruna","localized":"Чешка круна"},"cy":{"code":"GBP","numeric":826,"native":"Punt Prydain","localized":"Британска фунта"},"da":{"code":"DKK","numeric":208,"native":"dansk krone","localized":"Данска круна"},"de":{"code":"EUR","numeric":978,"native":"Euro","localized":"Евро"},"de_CH":{"code":"CHF","numeric":756,"native":"Schweizer Franken","localized":"Швајцарски франк"},"doi":{"code":"INR","numeric":356,"native":"भारती रपेऽ","localized":"Индиска рупија"},"ee":{"code":"GHS","numeric":936,"native":"ghana siɖi","localized":"Гански седи"},"el":{"code":"EUR","numeric":978,"native":"Ευρώ","localized":"Евро"},"en":{"code":"USD","numeric":840,"native":"US Dollar","localized":"Американски долар"},"en_CA":{"code":"CAD","numeric":124,"native":"Canadian Dollar","localized":"Канадски долар"},"eo":{"code":"USD","numeric":840,"native":"","localized":""},"es":{"code":"EUR","numeric":978,"native":"euro","localized":"Евро"},"et":{"code":"EUR","numeric":978,"native":"euro","localized":"Евро"},"eu":{"code":"EUR","numeric":978,"native":"euroa","localized":"Евро"},"fa":{"code":"IRR","numeric":364,"native":"ریال ایران","localized":"Ирански риал"},"fi":{"code":"EUR","numeric":978,"native":"euro","localized":"Евро"},"fil":{"code":"PHP","numeric":608,"native":"Piso ng Pilipinas","localized":"Филипински пезос"},"fr":{"code":"EUR","numeric":978,"native":"euro","localized":"Евро"},"fy":{"code":"EUR","numeric":978,"native":"Euro","localized":"Евро"},"ga":{"code":"EUR","numeric":978,"native":"Euro","localized":"Евро"},"gd":{"code":"GBP","numeric":826,"native":"Punnd Sasannach","localized":"Британска фунта"},"gl":{"code":"EUR","numeric":978,"native":"euro","localized":"Евро"},"gu":{"code":"INR","numeric":356,"native":"ભારતીય રૂપિયા","localized":"Индиска рупија"},"ha":{"code":"NGN","numeric":566,"native":"Nairar Najeriya","localized":"Нигериска наира"},"haw":{"code":"USD","numeric":840,"native":"USD","localized":"Американски долар"},"he":{"code":"ILS","numeric":376,"native":"שקל חדש","localized":"Израелски нов шекел"},"hi":{"code":"INR","numeric":356,"native":"भारतीय रुपया","localized":"Индиска рупија"},"hr":{"code":"EUR","numeric":978,"native":"euro","localized":"Евро"},"hu":{"code":"HUF","numeric":348,"native":"magyar forint","localized":"Унгарска форинта"},"hy":{"code":"AMD","numeric":51,"native":"հայկական դրամ","localized":"Ерменски драм"},"id":{"code":"IDR","numeric":360,"native":"Rupiah Indonesia","localized":"Индонезиска рупија"},"ig":{"code":"NGN","numeric":566,"native":"Naịra","localized":"Нигериска наира"},"is":{"code":"ISK","numeric":352,"native":"íslensk króna","localized":"Исландска крона"},"it":{"code":"EUR","numeric":978,"native":"euro","localized":"Евро"},"ja":{"code":"JPY","numeric":392,"native":"日本円","localized":"Јапонски јен"},"ka":{"code":"GEL","numeric":981,"native":"ქართული ლარი","localized":"Грузиски лари"},"kk":{"code":"KZT","numeric":398,"native":"Қазақстан теңгесі","localized":"Казахстанска тенга"},"km":{"code":"KHR","numeric":116,"native":"រៀល​កម្ពុជា","localized":"Камбоџиски рел"},"kn":{"code":"INR","numeric":356,"native":"ಭಾರತೀಯ ರೂಪಾಯಿ","localized":"Индиска рупија"},"ko":{"code":"KRW","numeric":410,"native":"대한민국 원","localized":"Јужно корејски вон"},"ku":{"code":"TRY","numeric":949,"native":"TRY","localized":"Турска лира"},"ky":{"code":"KGS","numeric":417,"native":"Кыргызстан сому","localized":"Киргистански сом"},"lb":{"code":"EUR","numeric":978,"native":"Euro","localized":"Евро"},"lg":{"code":"UGX","numeric":800,"native":"Silingi eya Yuganda","localized":"Угандиски шилинг"},"ln":{"code":"CDF","numeric":976,"native":"Falánga ya Kongó","localized":"Конголски франк"},"lo":{"code":"LAK","numeric":418,"native":"ລາວ ກີບ","localized":"Лаоски кип"},"lt":{"code":"EUR","numeric":978,"native":"Euras","localized":"Евро"},"lv":{"code":"EUR","numeric":978,"native":"eiro","localized":"Евро"},"mai":{"code":"INR","numeric":356,"native":"भारतीय रुपया","localized":"Индиска рупија"},"mg":{"code":"MGA","numeric":969,"native":"Ariary","localized":"Малагасиски ариари"},"mi":{"code":"NZD","numeric":554,"native":"Tāra o Aotearoa","localized":"Новозеландски долар"},"mk":{"code":"MKD","numeric":807,"native":"Македонски денар","localized":"Македонски денар"},"ml":{"code":"INR","numeric":356,"native":"ഇന്ത്യൻ രൂപ","localized":"Индиска рупија"},"mn":{"code":"MNT","numeric":496,"native":"Монгол төгрөг","localized":"Монголиски тугрик"},"mni_Mtei":{"code":"INR","numeric":356,"native":"Indian Rupee","localized":"Индиска рупија"},"mr":{"code":"INR","numeric":356,"native":"भारतीय रुपया","localized":"Индиска рупија"},"ms":{"code":"MYR","numeric":458,"native":"Ringgit Malaysia","localized":"Малезиски рингит"},"mt":{"code":"EUR","numeric":978,"native":"ewro","localized":"Евро"},"my":{"code":"MMK","numeric":104,"native":"မြန်မာ ကျပ်","localized":"Мјанмарски киат"},"nb":{"code":"NOK","numeric":578,"native":"norske kroner","localized":"Норвешка круна"},"ne":{"code":"NPR","numeric":524,"native":"नेपाली रूपैयाँ","localized":"Непалска рупија"},"nl":{"code":"EUR","numeric":978,"native":"Euro","localized":"Евро"},"nn":{"code":"NOK","numeric":578,"native":"norske kroner","localized":"Норвешка круна"},"oc":{"code":"EUR","numeric":978,"native":"EUR","localized":"Евро"},"om":{"code":"ETB","numeric":230,"native":"Itoophiyaa Birrii","localized":"Етиописки бир"},"or":{"code":"INR","numeric":356,"native":"ଭାରତୀୟ ଟଙ୍କା","localized":"Индиска рупија"},"pa":{"code":"INR","numeric":356,"native":"ਭਾਰਤੀ ਰੁਪਇਆ","localized":"Индиска рупија"},"pl":{"code":"PLN","numeric":985,"native":"złoty polski","localized":"Полска злота"},"ps":{"code":"AFN","numeric":971,"native":"افغانۍ","localized":"Авганистански авгани"},"pt":{"code":"BRL","numeric":986,"native":"Real brasileiro","localized":"Бразилски реал"},"pt_BR":{"code":"BRL","numeric":986,"native":"Real brasileiro","localized":"Бразилски реал"},"qu":{"code":"PEN","numeric":604,"native":"Sol Peruano","localized":"Перуански сол"},"ro":{"code":"RON","numeric":946,"native":"leu românesc","localized":"Романски леу"},"ru":{"code":"RUB","numeric":643,"native":"российский рубль","localized":"Руска рубља"},"rw":{"code":"RWF","numeric":646,"native":"RWF","localized":"Руандски франк"},"sa":{"code":"INR","numeric":356,"native":"भारतीय रूप्यकम्","localized":"Индиска рупија"},"sc":{"code":"EUR","numeric":978,"native":"èuro","localized":"Евро"},"sd":{"code":"PKR","numeric":586,"native":"پاڪستاني رپي","localized":"Пакистанска рупија"},"si":{"code":"LKR","numeric":144,"native":"ශ්‍රී ලංකා රුපියල","localized":"Шриланканска рупија"},"sk":{"code":"EUR","numeric":978,"native":"euro","localized":"Евро"},"sl":{"code":"EUR","numeric":978,"native":"evro","localized":"Евро"},"sn":{"code":"USD","numeric":840,"native":"Dora re Amerika","localized":"Американски долар"},"so":{"code":"SOS","numeric":706,"native":"Shilingka Soomaaliya","localized":"Сомалијски шилинг"},"sq":{"code":"ALL","numeric":8,"native":"Leku shqiptar","localized":"Албански лек"},"sr_Cyrl":{"code":"RSD","numeric":941,"native":"српски динар","localized":"Српски динар"},"sr_Latn":{"code":"RSD","numeric":941,"native":"srpski dinar","localized":"Српски динар"},"sr_Latn_ME":{"code":"EUR","numeric":978,"native":"Evro","localized":"Евро"},"su":{"code":"IDR","numeric":360,"native":"Rupee Indonésia","localized":"Индонезиска рупија"},"sv":{"code":"SEK","numeric":752,"native":"svensk krona","localized":"Шведска круна"},"sw":{"code":"TZS","numeric":834,"native":"Shilingi ya Tanzania","localized":"Танзаниски шилинг"},"ta":{"code":"INR","numeric":356,"native":"இந்திய ரூபாய்","localized":"Индиска рупија"},"te":{"code":"INR","numeric":356,"native":"భారతదేశ రూపాయి","localized":"Индиска рупија"},"tg":{"code":"TJS","numeric":972,"native":"Сомонӣ","localized":"Таџикистански сомони"},"th":{"code":"THB","numeric":764,"native":"บาท","localized":"Таи бат"},"ti":{"code":"ETB","numeric":230,"native":"ብር","localized":"Етиописки бир"},"tk":{"code":"TMT","numeric":934,"native":"Türkmen manady","localized":"Туркменист. манат"},"tl":{"code":"PHP","numeric":608,"native":"Philippine Peso","localized":"Филипински пезос"},"tr":{"code":"TRY","numeric":949,"native":"Türk Lirası","localized":"Турска лира"},"tt":{"code":"RUB","numeric":643,"native":"Россия сумы","localized":"Руска рубља"},"ug":{"code":"CNY","numeric":156,"native":"جۇڭگو يۈەنى","localized":"Кинески јуан"},"uk":{"code":"UAH","numeric":980,"native":"українська гривня","localized":"Украинска хривнија"},"ur":{"code":"PKR","numeric":586,"native":"پاکستانی روپیہ","localized":"Пакистанска рупија"},"uz_Cyrl":{"code":"UZS","numeric":860,"native":"Ўзбекистон сўм","localized":"Узбекистански сом"},"uz_Latn":{"code":"UZS","numeric":860,"native":"O‘zbekiston so‘mi","localized":"Узбекистански сом"},"vi":{"code":"VND","numeric":704,"native":"Đồng Việt Nam","localized":"Виетнамски донг"},"xh":{"code":"ZAR","numeric":710,"native":"IRandi yaseMzantsi Afrika","localized":"Јужноафрикански ранд"},"yi":{"code":"USD","numeric":840,"native":"","localized":""},"yo":{"code":"NGN","numeric":566,"native":"Náírà Nàìjíríà","localized":"Нигериска наира"},"zh_CN":{"code":"CNY","numeric":156,"native":"人民币","localized":"Кинески јуан"},"zh_HK":{"code":"HKD","numeric":344,"native":"港元","localized":"Хонгконшки долар"},"zh_TW":{"code":"TWD","numeric":901,"native":"新台币","localized":"Тајвански нов долар"},"zu":{"code":"ZAR","numeric":710,"native":"i-South African Rand","localized":"Јужноафрикански ранд"}}
