{"af":{"code":"ZAR","numeric":710,"native":"Suid-Afrikaanse rand","localized":"ദക്ഷിണാഫ്രിക്കൻ റാൻഡ്"},"ak":{"code":"GHS","numeric":936,"native":"Ghana Sidi","localized":"ഘാനയൻ കെഡി"},"am":{"code":"ETB","numeric":230,"native":"የኢትዮጵያ ብር","localized":"എത്യോപ്യൻ ബിർ"},"ar":{"code":"EGP","numeric":818,"native":"جنيه مصري","localized":"ഈജിപ്‌ഷ്യൻ പൗണ്ട്"},"as":{"code":"INR","numeric":356,"native":"ভাৰতীয় ৰুপী","localized":"ഇന്ത്യൻ രൂപ"},"az":{"code":"AZN","numeric":944,"native":"Azərbaycan Manatı","localized":"അസർബൈജാനി മനത്"},"be":{"code":"BYN","numeric":840,"native":"беларускі рубель","localized":"ബെലാറുഷ്യൻ റൂബിൾ"},"bg":{"code":"BGN","numeric":975,"native":"Български лев","localized":"ബൾഗേറിയൻ ലെവ്"},"bho":{"code":"INR","numeric":356,"native":"INR","localized":"ഇന്ത്യൻ രൂപ"},"bm":{"code":"XOF","numeric":952,"native":"sefa Fraŋ (BCEAO)","localized":"പശ്ചിമ ആഫ്രിക്കൻ [CFA] ഫ്രാങ്ക്"},"bn":{"code":"BDT","numeric":50,"native":"বাংলাদেশী টাকা","localized":"ബംഗ്ലാദേശി ടാക്ക"},"bs":{"code":"BAM","numeric":977,"native":"Bosanskohercegovačka konvertibilna marka","localized":"ബോസ്‌നിയ-ഹെർസഗോവിന കൺവേർട്ടബിൾ മാർക്ക്"},"ca":{"code":"EUR","numeric":978,"native":"euro","localized":"യൂറോ"},"ceb":{"code":"PHP","numeric":608,"native":"Philippine Peso","localized":"ഫിലിപ്പീനി പെസോ"},"ckb":{"code":"IQD","numeric":368,"native":"IQD","localized":"ഇറാഖി ദിനാർ"},"cs":{"code":"CZK","numeric":203,"native":"česká koruna","localized":"ചെക്ക് റിപ്പബ്ലിക് കൊരുണ"},"cy":{"code":"GBP","numeric":826,"native":"Punt Prydain","localized":"ബ്രിട്ടീഷ് പൗണ്ട്"},"da":{"code":"DKK","numeric":208,"native":"dansk krone","localized":"ഡാനിഷ് ക്രോണെ"},"de":{"code":"EUR","numeric":978,"native":"Euro","localized":"യൂറോ"},"de_CH":{"code":"CHF","numeric":756,"native":"Schweizer Franken","localized":"സ്വിസ് ഫ്രാങ്ക്"},"doi":{"code":"INR","numeric":356,"native":"भारती रपेऽ","localized":"ഇന്ത്യൻ രൂപ"},"ee":{"code":"GHS","numeric":936,"native":"ghana siɖi","localized":"ഘാനയൻ കെഡി"},"el":{"code":"EUR","numeric":978,"native":"Ευρώ","localized":"യൂറോ"},"en":{"code":"USD","numeric":840,"native":"US Dollar","localized":"യു.എസ്. ഡോളർ"},"en_CA":{"code":"CAD","numeric":124,"native":"Canadian Dollar","localized":"കനേഡിയൻ ഡോളർ"},"eo":{"code":"USD","numeric":840,"native":"","localized":""},"es":{"code":"EUR","numeric":978,"native":"euro","localized":"യൂറോ"},"et":{"code":"EUR","numeric":978,"native":"euro","localized":"യൂറോ"},"eu":{"code":"EUR","numeric":978,"native":"euroa","localized":"യൂറോ"},"fa":{"code":"IRR","numeric":364,"native":"ریال ایران","localized":"ഇറാനിയൻ റിയാൽ"},"fi":{"code":"EUR","numeric":978,"native":"euro","localized":"യൂറോ"},"fil":{"code":"PHP","numeric":608,"native":"Piso ng Pilipinas","localized":"ഫിലിപ്പീനി പെസോ"},"fr":{"code":"EUR","numeric":978,"native":"euro","localized":"യൂറോ"},"fy":{"code":"EUR","numeric":978,"native":"Euro","localized":"യൂറോ"},"ga":{"code":"EUR","numeric":978,"native":"Euro","localized":"യൂറോ"},"gd":{"code":"GBP","numeric":826,"native":"Punnd Sasannach","localized":"ബ്രിട്ടീഷ് പൗണ്ട്"},"gl":{"code":"EUR","numeric":978,"native":"euro","localized":"യൂറോ"},"gu":{"code":"INR","numeric":356,"native":"ભારતીય રૂપિયા","localized":"ഇന്ത്യൻ രൂപ"},"ha":{"code":"NGN","numeric":566,"native":"Nairar Najeriya","localized":"നൈജീരിയൻ നൈറ"},"haw":{"code":"USD","numeric":840,"native":"USD","localized":"യു.എസ്. ഡോളർ"},"he":{"code":"ILS","numeric":376,"native":"שקל חדש","localized":"ഇസ്രായേലി ന്യൂ ഷെക്കെൽ"},"hi":{"code":"INR","numeric":356,"native":"भारतीय रुपया","localized":"ഇന്ത്യൻ രൂപ"},"hr":{"code":"EUR","numeric":978,"native":"euro","localized":"യൂറോ"},"hu":{"code":"HUF","numeric":348,"native":"magyar forint","localized":"ഹംഗേറിയൻ ഫോറിന്റ്"},"hy":{"code":"AMD","numeric":51,"native":"հայկական դրամ","localized":"അർമേനിയൻ ഡ്രാം"},"id":{"code":"IDR","numeric":360,"native":"Rupiah Indonesia","localized":"ഇന്തോനേഷ്യൻ റുപിയ"},"ig":{"code":"NGN","numeric":566,"native":"Naịra","localized":"നൈജീരിയൻ നൈറ"},"is":{"code":"ISK","numeric":352,"native":"íslensk króna","localized":"ഐസ്‌ലാൻഡിക് ക്രോണ"},"it":{"code":"EUR","numeric":978,"native":"euro","localized":"യൂറോ"},"ja":{"code":"JPY","numeric":392,"native":"日本円","localized":"ജാപ്പനീസ് യെൻ"},"ka":{"code":"GEL","numeric":981,"native":"ქართული ლარი","localized":"ജോർജ്ജിയൻ ലാറി"},"kk":{"code":"KZT","numeric":398,"native":"Қазақстан теңгесі","localized":"കസാക്കിസ്ഥാനി ടെംഗെ"},"km":{"code":"KHR","numeric":116,"native":"រៀល​កម្ពុជា","localized":"കംബോഡിയൻ റീൽ"},"kn":{"code":"INR","numeric":356,"native":"ಭಾರತೀಯ ರೂಪಾಯಿ","localized":"ഇന്ത്യൻ രൂപ"},"ko":{"code":"KRW","numeric":410,"native":"대한민국 원","localized":"ദക്ഷിണ കൊറിയൻ വോൺ"},"ku":{"code":"TRY","numeric":949,"native":"TRY","localized":"ടർക്കിഷ് ലിറ"},"ky":{"code":"KGS","numeric":417,"native":"Кыргызстан сому","localized":"കിർഗിസ്ഥാനി സോം"},"lb":{"code":"EUR","numeric":978,"native":"Euro","localized":"യൂറോ"},"lg":{"code":"UGX","numeric":800,"native":"Silingi eya Yuganda","localized":"ഉഗാണ്ടൻ ഷില്ലിംഗ്"},"ln":{"code":"CDF","numeric":976,"native":"Falánga ya Kongó","localized":"കോങ്കളീസ് ഫ്രാങ്ക്"},"lo":{"code":"LAK","numeric":418,"native":"ລາວ ກີບ","localized":"ലാവോഷിയൻ കിപ്"},"lt":{"code":"EUR","numeric":978,"native":"Euras","localized":"യൂറോ"},"lv":{"code":"EUR","numeric":978,"native":"eiro","localized":"യൂറോ"},"mai":{"code":"INR","numeric":356,"native":"भारतीय रुपया","localized":"ഇന്ത്യൻ രൂപ"},"mg":{"code":"MGA","numeric":969,"native":"Ariary","localized":"മഡഗാസി ഏരിയറി"},"mi":{"code":"NZD","numeric":554,"native":"Tāra o Aotearoa","localized":"ന്യൂസിലാന്റ് ഡോളർ"},"mk":{"code":"MKD","numeric":807,"native":"Македонски денар","localized":"മാസിഡോണിയൻ ദിനാർ"},"ml":{"code":"INR","numeric":356,"native":"ഇന്ത്യൻ രൂപ","localized":"ഇന്ത്യൻ രൂപ"},"mn":{"code":"MNT","numeric":496,"native":"Монгол төгрөг","localized":"മംഗോളിയൻ തുഗ്രിക്"},"mni_Mtei":{"code":"INR","numeric":356,"native":"Indian Rupee","localized":"ഇന്ത്യൻ രൂപ"},"mr":{"code":"INR","numeric":356,"native":"भारतीय रुपया","localized":"ഇന്ത്യൻ രൂപ"},"ms":{"code":"MYR","numeric":458,"native":"Ringgit Malaysia","localized":"മലേഷ്യൻ റിംഗിറ്റ്"},"mt":{"code":"EUR","numeric":978,"native":"ewro","localized":"യൂറോ"},"my":{"code":"MMK","numeric":104,"native":"မြန်မာ ကျပ်","localized":"മ്യാൻമാർ ക്യാട്"},"nb":{"code":"NOK","numeric":578,"native":"norske kroner","localized":"നോർവീജിയൻ ക്രോണെ"},"ne":{"code":"NPR","numeric":524,"native":"नेपाली रूपैयाँ","localized":"നേപ്പാളീസ് റുപ്പീ"},"nl":{"code":"EUR","numeric":978,"native":"Euro","localized":"യൂറോ"},"nn":{"code":"NOK","numeric":578,"native":"norske kroner","localized":"നോർവീജിയൻ ക്രോണെ"},"oc":{"code":"EUR","numeric":978,"native":"EUR","localized":"യൂറോ"},"om":{"code":"ETB","numeric":230,"native":"Itoophiyaa Birrii","localized":"എത്യോപ്യൻ ബിർ"},"or":{"code":"INR","numeric":356,"native":"ଭାରତୀୟ ଟଙ୍କା","localized":"ഇന്ത്യൻ രൂപ"},"pa":{"code":"INR","numeric":356,"native":"ਭਾਰਤੀ ਰੁਪਇਆ","localized":"ഇന്ത്യൻ രൂപ"},"pl":{"code":"PLN","numeric":985,"native":"złoty polski","localized":"പോളിഷ് സ്ലോട്ടി"},"ps":{"code":"AFN","numeric":971,"native":"افغانۍ","localized":"അഫ്‌ഗാൻ അഫ്‌‌ഗാനി"},"pt":{"code":"BRL","numeric":986,"native":"Real brasileiro","localized":"ബ്രസീലിയൻ റിയാൽ"},"pt_BR":{"code":"BRL","numeric":986,"native":"Real brasileiro","localized":"ബ്രസീലിയൻ റിയാൽ"},"qu":{"code":"PEN","numeric":604,"native":"Sol Peruano","localized":"പെറുവിയൻ സോൾ"},"ro":{"code":"RON","numeric":946,"native":"leu românesc","localized":"റൊമാനിയൻ ലെയു"},"ru":{"code":"RUB","numeric":643,"native":"российский рубль","localized":"റഷ്യൻ റൂബിൾ"},"rw":{"code":"RWF","numeric":646,"native":"RWF","localized":"റുവാണ്ടൻ ഫ്രാങ്ക്"},"sa":{"code":"INR","numeric":356,"native":"भारतीय रूप्यकम्","localized":"ഇന്ത്യൻ രൂപ"},"sc":{"code":"EUR","numeric":978,"native":"èuro","localized":"യൂറോ"},"sd":{"code":"PKR","numeric":586,"native":"پاڪستاني رپي","localized":"പാക്കിസ്ഥാനി റുപ്പീ"},"si":{"code":"LKR","numeric":144,"native":"ශ්‍රී ලංකා රුපියල","localized":"ശ്രീലങ്കൻ റുപ്പീ"},"sk":{"code":"EUR","numeric":978,"native":"euro","localized":"യൂറോ"},"sl":{"code":"EUR","numeric":978,"native":"evro","localized":"യൂറോ"},"sn":{"code":"USD","numeric":840,"native":"Dora re Amerika","localized":"യു.എസ്. ഡോളർ"},"so":{"code":"SOS","numeric":706,"native":"Shilingka Soomaaliya","localized":"സോമാലി ഷില്ലിംഗ്"},"sq":{"code":"ALL","numeric":8,"native":"Leku shqiptar","localized":"അൽബേനിയൻ ലെക്"},"sr_Cyrl":{"code":"RSD","numeric":941,"native":"српски динар","localized":"സെർബിയൻ ദിനാർ"},"sr_Latn":{"code":"RSD","numeric":941,"native":"srpski dinar","localized":"സെർബിയൻ ദിനാർ"},"sr_Latn_ME":{"code":"EUR","numeric":978,"native":"Evro","localized":"യൂറോ"},"su":{"code":"IDR","numeric":360,"native":"Rupee Indonésia","localized":"ഇന്തോനേഷ്യൻ റുപിയ"},"sv":{"code":"SEK","numeric":752,"native":"svensk krona","localized":"സ്വീഡിഷ് ക്രോണ"},"sw":{"code":"TZS","numeric":834,"native":"Shilingi ya Tanzania","localized":"ടാൻസാനിയൻ ഷില്ലിംഗ്"},"ta":{"code":"INR","numeric":356,"native":"இந்திய ரூபாய்","localized":"ഇന്ത്യൻ രൂപ"},"te":{"code":"INR","numeric":356,"native":"భారతదేశ రూపాయి","localized":"ഇന്ത്യൻ രൂപ"},"tg":{"code":"TJS","numeric":972,"native":"Сомонӣ","localized":"താജിക്കിസ്ഥാനി സോംനി"},"th":{"code":"THB","numeric":764,"native":"บาท","localized":"തായ് ബട്ട്"},"ti":{"code":"ETB","numeric":230,"native":"ብር","localized":"എത്യോപ്യൻ ബിർ"},"tk":{"code":"TMT","numeric":934,"native":"Türkmen manady","localized":"തുർക്ക്‌മെനിസ്ഥാനി മനത്"},"tl":{"code":"PHP","numeric":608,"native":"Philippine Peso","localized":"ഫിലിപ്പീനി പെസോ"},"tr":{"code":"TRY","numeric":949,"native":"Türk Lirası","localized":"ടർക്കിഷ് ലിറ"},"tt":{"code":"RUB","numeric":643,"native":"Россия сумы","localized":"റഷ്യൻ റൂബിൾ"},"ug":{"code":"CNY","numeric":156,"native":"جۇڭگو يۈەنى","localized":"ചൈനീസ് യുവാൻ"},"uk":{"code":"UAH","numeric":980,"native":"українська гривня","localized":"ഉക്രേനിയൻ ഹ്രിവ്‌നിയ"},"ur":{"code":"PKR","numeric":586,"native":"پاکستانی روپیہ","localized":"പാക്കിസ്ഥാനി റുപ്പീ"},"uz_Cyrl":{"code":"UZS","numeric":860,"native":"Ўзбекистон сўм","localized":"ഉസ്‌ബെക്കിസ്ഥാനി സോം"},"uz_Latn":{"code":"UZS","numeric":860,"native":"O‘zbekiston so‘mi","localized":"ഉസ്‌ബെക്കിസ്ഥാനി സോം"},"vi":{"code":"VND","numeric":704,"native":"Đồng Việt Nam","localized":"വിയറ്റ്നാമീസ് ഡോങ്"},"xh":{"code":"ZAR","numeric":710,"native":"IRandi yaseMzantsi Afrika","localized":"ദക്ഷിണാഫ്രിക്കൻ റാൻഡ്"},"yi":{"code":"USD","numeric":840,"native":"","localized":""},"yo":{"code":"NGN","numeric":566,"native":"Náírà Nàìjíríà","localized":"നൈജീരിയൻ നൈറ"},"zh_CN":{"code":"CNY","numeric":156,"native":"人民币","localized":"ചൈനീസ് യുവാൻ"},"zh_HK":{"code":"HKD","numeric":344,"native":"港元","localized":"ഹോങ്കോങ്ങ് ഡോളർ"},"zh_TW":{"code":"TWD","numeric":901,"native":"新台币","localized":"ന്യൂ തായ്‌വാൻ ഡോളർ"},"zu":{"code":"ZAR","numeric":710,"native":"i-South African Rand","localized":"ദക്ഷിണാഫ്രിക്കൻ റാൻഡ്"}}
