{"af":{"code":"ZAR","numeric":710,"native":"Suid-Afrikaanse rand","localized":"Өмнөд Африкийн ранд"},"ak":{"code":"GHS","numeric":936,"native":"Ghana Sidi","localized":"Ганагийн седи"},"am":{"code":"ETB","numeric":230,"native":"የኢትዮጵያ ብር","localized":"Этиопын бирр"},"ar":{"code":"EGP","numeric":818,"native":"جنيه مصري","localized":"Египетийн фунт"},"as":{"code":"INR","numeric":356,"native":"ভাৰতীয় ৰুপী","localized":"Энэтхэгийн рупи"},"az":{"code":"AZN","numeric":944,"native":"Azərbaycan Manatı","localized":"Азербайжаны манат"},"be":{"code":"BYN","numeric":840,"native":"беларускі рубель","localized":"Беларусийн рубль"},"bg":{"code":"BGN","numeric":975,"native":"Български лев","localized":"Болгарын лев"},"bho":{"code":"INR","numeric":356,"native":"INR","localized":"Энэтхэгийн рупи"},"bm":{"code":"XOF","numeric":952,"native":"sefa Fraŋ (BCEAO)","localized":"Баруун Африкийн франк"},"bn":{"code":"BDT","numeric":50,"native":"বাংলাদেশী টাকা","localized":"Бангладешийн така"},"bs":{"code":"BAM","numeric":977,"native":"Bosanskohercegovačka konvertibilna marka","localized":"Босни-Герцеговины хөрвөгч марк"},"ca":{"code":"EUR","numeric":978,"native":"euro","localized":"евро"},"ceb":{"code":"PHP","numeric":608,"native":"Philippine Peso","localized":"Филиппиний песо"},"ckb":{"code":"IQD","numeric":368,"native":"IQD","localized":"Иракийн динар"},"cs":{"code":"CZK","numeric":203,"native":"česká koruna","localized":"Чехийн крон"},"cy":{"code":"GBP","numeric":826,"native":"Punt Prydain","localized":"Британийн фунт"},"da":{"code":"DKK","numeric":208,"native":"dansk krone","localized":"Данийн крон"},"de":{"code":"EUR","numeric":978,"native":"Euro","localized":"евро"},"de_CH":{"code":"CHF","numeric":756,"native":"Schweizer Franken","localized":"Швейцарийн франк"},"doi":{"code":"INR","numeric":356,"native":"भारती रपेऽ","localized":"Энэтхэгийн рупи"},"ee":{"code":"GHS","numeric":936,"native":"ghana siɖi","localized":"Ганагийн седи"},"el":{"code":"EUR","numeric":978,"native":"Ευρώ","localized":"евро"},"en":{"code":"USD","numeric":840,"native":"US Dollar","localized":"америк доллар"},"en_CA":{"code":"CAD","numeric":124,"native":"Canadian Dollar","localized":"канад доллар"},"eo":{"code":"USD","numeric":840,"native":"","localized":""},"es":{"code":"EUR","numeric":978,"native":"euro","localized":"евро"},"et":{"code":"EUR","numeric":978,"native":"euro","localized":"евро"},"eu":{"code":"EUR","numeric":978,"native":"euroa","localized":"евро"},"fa":{"code":"IRR","numeric":364,"native":"ریال ایران","localized":"Ираны риял"},"fi":{"code":"EUR","numeric":978,"native":"euro","localized":"евро"},"fil":{"code":"PHP","numeric":608,"native":"Piso ng Pilipinas","localized":"Филиппиний песо"},"fr":{"code":"EUR","numeric":978,"native":"euro","localized":"евро"},"fy":{"code":"EUR","numeric":978,"native":"Euro","localized":"евро"},"ga":{"code":"EUR","numeric":978,"native":"Euro","localized":"евро"},"gd":{"code":"GBP","numeric":826,"native":"Punnd Sasannach","localized":"Британийн фунт"},"gl":{"code":"EUR","numeric":978,"native":"euro","localized":"евро"},"gu":{"code":"INR","numeric":356,"native":"ભારતીય રૂપિયા","localized":"Энэтхэгийн рупи"},"ha":{"code":"NGN","numeric":566,"native":"Nairar Najeriya","localized":"Нигерийн найра"},"haw":{"code":"USD","numeric":840,"native":"USD","localized":"америк доллар"},"he":{"code":"ILS","numeric":376,"native":"שקל חדש","localized":"Израилийн шинэ шекел"},"hi":{"code":"INR","numeric":356,"native":"भारतीय रुपया","localized":"Энэтхэгийн рупи"},"hr":{"code":"EUR","numeric":978,"native":"euro","localized":"евро"},"hu":{"code":"HUF","numeric":348,"native":"magyar forint","localized":"Унгарын форинт"},"hy":{"code":"AMD","numeric":51,"native":"հայկական դրամ","localized":"Арменийн драм"},"id":{"code":"IDR","numeric":360,"native":"Rupiah Indonesia","localized":"Индонезийн рупи"},"ig":{"code":"NGN","numeric":566,"native":"Naịra","localized":"Нигерийн найра"},"is":{"code":"ISK","numeric":352,"native":"íslensk króna","localized":"Исландын крон"},"it":{"code":"EUR","numeric":978,"native":"euro","localized":"евро"},"ja":{"code":"JPY","numeric":392,"native":"日本円","localized":"Японы иен"},"ka":{"code":"GEL","numeric":981,"native":"ქართული ლარი","localized":"Гүржийн лари"},"kk":{"code":"KZT","numeric":398,"native":"Қазақстан теңгесі","localized":"Казахстаны тэнгэ"},"km":{"code":"KHR","numeric":116,"native":"រៀល​កម្ពុជា","localized":"Камбожийн риел"},"kn":{"code":"INR","numeric":356,"native":"ಭಾರತೀಯ ರೂಪಾಯಿ","localized":"Энэтхэгийн рупи"},"ko":{"code":"KRW","numeric":410,"native":"대한민국 원","localized":"Өмнөд Солонгосын вон"},"ku":{"code":"TRY","numeric":949,"native":"TRY","localized":"Туркийн лира"},"ky":{"code":"KGS","numeric":417,"native":"Кыргызстан сому","localized":"Кыргызын сом"},"lb":{"code":"EUR","numeric":978,"native":"Euro","localized":"евро"},"lg":{"code":"UGX","numeric":800,"native":"Silingi eya Yuganda","localized":"Угандагийн шиллинг"},"ln":{"code":"CDF","numeric":976,"native":"Falánga ya Kongó","localized":"Конгогийн франк"},"lo":{"code":"LAK","numeric":418,"native":"ລາວ ກີບ","localized":"Лаосын кип"},"lt":{"code":"EUR","numeric":978,"native":"Euras","localized":"евро"},"lv":{"code":"EUR","numeric":978,"native":"eiro","localized":"евро"},"mai":{"code":"INR","numeric":356,"native":"भारतीय रुपया","localized":"Энэтхэгийн рупи"},"mg":{"code":"MGA","numeric":969,"native":"Ariary","localized":"Малагасийн ариари"},"mi":{"code":"NZD","numeric":554,"native":"Tāra o Aotearoa","localized":"Шинэ Зеландын доллар"},"mk":{"code":"MKD","numeric":807,"native":"Македонски денар","localized":"Македонийн динар"},"ml":{"code":"INR","numeric":356,"native":"ഇന്ത്യൻ രൂപ","localized":"Энэтхэгийн рупи"},"mn":{"code":"MNT","numeric":496,"native":"Монгол төгрөг","localized":"Монгол төгрөг"},"mni_Mtei":{"code":"INR","numeric":356,"native":"Indian Rupee","localized":"Энэтхэгийн рупи"},"mr":{"code":"INR","numeric":356,"native":"भारतीय रुपया","localized":"Энэтхэгийн рупи"},"ms":{"code":"MYR","numeric":458,"native":"Ringgit Malaysia","localized":"Малайзын рингит"},"mt":{"code":"EUR","numeric":978,"native":"ewro","localized":"евро"},"my":{"code":"MMK","numeric":104,"native":"မြန်မာ ကျပ်","localized":"Мьянмарын киат"},"nb":{"code":"NOK","numeric":578,"native":"norske kroner","localized":"Норвегийн крон"},"ne":{"code":"NPR","numeric":524,"native":"नेपाली रूपैयाँ","localized":"Балбын рупи"},"nl":{"code":"EUR","numeric":978,"native":"Euro","localized":"евро"},"nn":{"code":"NOK","numeric":578,"native":"norske kroner","localized":"Норвегийн крон"},"oc":{"code":"EUR","numeric":978,"native":"EUR","localized":"евро"},"om":{"code":"ETB","numeric":230,"native":"Itoophiyaa Birrii","localized":"Этиопын бирр"},"or":{"code":"INR","numeric":356,"native":"ଭାରତୀୟ ଟଙ୍କା","localized":"Энэтхэгийн рупи"},"pa":{"code":"INR","numeric":356,"native":"ਭਾਰਤੀ ਰੁਪਇਆ","localized":"Энэтхэгийн рупи"},"pl":{"code":"PLN","numeric":985,"native":"złoty polski","localized":"Польшийн злот"},"ps":{"code":"AFN","numeric":971,"native":"افغانۍ","localized":"Афганистаны афгани"},"pt":{"code":"BRL","numeric":986,"native":"Real brasileiro","localized":"Бразилийн реал"},"pt_BR":{"code":"BRL","numeric":986,"native":"Real brasileiro","localized":"Бразилийн реал"},"qu":{"code":"PEN","numeric":604,"native":"Sol Peruano","localized":"Перугийн соль"},"ro":{"code":"RON","numeric":946,"native":"leu românesc","localized":"Румыны лей"},"ru":{"code":"RUB","numeric":643,"native":"российский рубль","localized":"Оросын рубль"},"rw":{"code":"RWF","numeric":646,"native":"RWF","localized":"Руандагийн франк"},"sa":{"code":"INR","numeric":356,"native":"भारतीय रूप्यकम्","localized":"Энэтхэгийн рупи"},"sc":{"code":"EUR","numeric":978,"native":"èuro","localized":"евро"},"sd":{"code":"PKR","numeric":586,"native":"پاڪستاني رپي","localized":"Пакистаны рупи"},"si":{"code":"LKR","numeric":144,"native":"ශ්‍රී ලංකා රුපියල","localized":"Шри-Ланкийн рупи"},"sk":{"code":"EUR","numeric":978,"native":"euro","localized":"евро"},"sl":{"code":"EUR","numeric":978,"native":"evro","localized":"евро"},"sn":{"code":"USD","numeric":840,"native":"Dora re Amerika","localized":"америк доллар"},"so":{"code":"SOS","numeric":706,"native":"Shilingka Soomaaliya","localized":"Сомалийн шиллинг"},"sq":{"code":"ALL","numeric":8,"native":"Leku shqiptar","localized":"Албанийн лек"},"sr_Cyrl":{"code":"RSD","numeric":941,"native":"српски динар","localized":"Сербийн динар"},"sr_Latn":{"code":"RSD","numeric":941,"native":"srpski dinar","localized":"Сербийн динар"},"sr_Latn_ME":{"code":"EUR","numeric":978,"native":"Evro","localized":"евро"},"su":{"code":"IDR","numeric":360,"native":"Rupee Indonésia","localized":"Индонезийн рупи"},"sv":{"code":"SEK","numeric":752,"native":"svensk krona","localized":"Шведийн крон"},"sw":{"code":"TZS","numeric":834,"native":"Shilingi ya Tanzania","localized":"Танзанийн шиллинг"},"ta":{"code":"INR","numeric":356,"native":"இந்திய ரூபாய்","localized":"Энэтхэгийн рупи"},"te":{"code":"INR","numeric":356,"native":"భారతదేశ రూపాయి","localized":"Энэтхэгийн рупи"},"tg":{"code":"TJS","numeric":972,"native":"Сомонӣ","localized":"Тажикийн сомон"},"th":{"code":"THB","numeric":764,"native":"บาท","localized":"Тайландын бат"},"ti":{"code":"ETB","numeric":230,"native":"ብር","localized":"Этиопын бирр"},"tk":{"code":"TMT","numeric":934,"native":"Türkmen manady","localized":"Туркмены манат"},"tl":{"code":"PHP","numeric":608,"native":"Philippine Peso","localized":"Филиппиний песо"},"tr":{"code":"TRY","numeric":949,"native":"Türk Lirası","localized":"Туркийн лира"},"tt":{"code":"RUB","numeric":643,"native":"Россия сумы","localized":"Оросын рубль"},"ug":{"code":"CNY","numeric":156,"native":"جۇڭگو يۈەنى","localized":"Хятадын юань"},"uk":{"code":"UAH","numeric":980,"native":"українська гривня","localized":"Украины гривна"},"ur":{"code":"PKR","numeric":586,"native":"پاکستانی روپیہ","localized":"Пакистаны рупи"},"uz_Cyrl":{"code":"UZS","numeric":860,"native":"Ўзбекистон сўм","localized":"Узбекийн сом"},"uz_Latn":{"code":"UZS","numeric":860,"native":"O‘zbekiston so‘mi","localized":"Узбекийн сом"},"vi":{"code":"VND","numeric":704,"native":"Đồng Việt Nam","localized":"Вьетнамын донг"},"xh":{"code":"ZAR","numeric":710,"native":"IRandi yaseMzantsi Afrika","localized":"Өмнөд Африкийн ранд"},"yi":{"code":"USD","numeric":840,"native":"","localized":""},"yo":{"code":"NGN","numeric":566,"native":"Náírà Nàìjíríà","localized":"Нигерийн найра"},"zh_CN":{"code":"CNY","numeric":156,"native":"人民币","localized":"Хятадын юань"},"zh_HK":{"code":"HKD","numeric":344,"native":"港元","localized":"Хонг Конгийн доллар"},"zh_TW":{"code":"TWD","numeric":901,"native":"新台币","localized":"Шинэ Тайванийн доллар"},"zu":{"code":"ZAR","numeric":710,"native":"i-South African Rand","localized":"Өмнөд Африкийн ранд"}}
