{"af":{"code":"ZAR","numeric":710,"native":"Suid-Afrikaanse rand","localized":"दक्षिण आफ्रिकी रँड"},"ak":{"code":"GHS","numeric":936,"native":"Ghana Sidi","localized":"घानीयन सेडी"},"am":{"code":"ETB","numeric":230,"native":"የኢትዮጵያ ብር","localized":"इथिओपियन बिर"},"ar":{"code":"EGP","numeric":818,"native":"جنيه مصري","localized":"इजिप्शियन पाउंड"},"as":{"code":"INR","numeric":356,"native":"ভাৰতীয় ৰুপী","localized":"भारतीय रुपया"},"az":{"code":"AZN","numeric":944,"native":"Azərbaycan Manatı","localized":"अझरबैझानी मानाट"},"be":{"code":"BYN","numeric":840,"native":"беларускі рубель","localized":"बेलारुशियन रुबल"},"bg":{"code":"BGN","numeric":975,"native":"Български лев","localized":"बल्गेरियन लेव"},"bho":{"code":"INR","numeric":356,"native":"INR","localized":"भारतीय रुपया"},"bm":{"code":"XOF","numeric":952,"native":"sefa Fraŋ (BCEAO)","localized":"पश्चिम आफ्रिकन [CFA] फ्रँक"},"bn":{"code":"BDT","numeric":50,"native":"বাংলাদেশী টাকা","localized":"बांगलादेशी टका"},"bs":{"code":"BAM","numeric":977,"native":"Bosanskohercegovačka konvertibilna marka","localized":"बोस्निया-हर्जेगोविना विनिमय मार्क"},"ca":{"code":"EUR","numeric":978,"native":"euro","localized":"युरो"},"ceb":{"code":"PHP","numeric":608,"native":"Philippine Peso","localized":"फिलिपिनी पेसो"},"ckb":{"code":"IQD","numeric":368,"native":"IQD","localized":"इराकी दिनार"},"cs":{"code":"CZK","numeric":203,"native":"česká koruna","localized":"झेक प्रजासत्ताक कोरुना"},"cy":{"code":"GBP","numeric":826,"native":"Punt Prydain","localized":"ब्रिटिश पाऊंड"},"da":{"code":"DKK","numeric":208,"native":"dansk krone","localized":"डॅनिश क्रोन"},"de":{"code":"EUR","numeric":978,"native":"Euro","localized":"युरो"},"de_CH":{"code":"CHF","numeric":756,"native":"Schweizer Franken","localized":"स्विस फ्रँक"},"doi":{"code":"INR","numeric":356,"native":"भारती रपेऽ","localized":"भारतीय रुपया"},"ee":{"code":"GHS","numeric":936,"native":"ghana siɖi","localized":"घानीयन सेडी"},"el":{"code":"EUR","numeric":978,"native":"Ευρώ","localized":"युरो"},"en":{"code":"USD","numeric":840,"native":"US Dollar","localized":"यूएस डॉलर"},"en_CA":{"code":"CAD","numeric":124,"native":"Canadian Dollar","localized":"कॅनडियन डॉलर"},"eo":{"code":"USD","numeric":840,"native":"","localized":""},"es":{"code":"EUR","numeric":978,"native":"euro","localized":"युरो"},"et":{"code":"EUR","numeric":978,"native":"euro","localized":"युरो"},"eu":{"code":"EUR","numeric":978,"native":"euroa","localized":"युरो"},"fa":{"code":"IRR","numeric":364,"native":"ریال ایران","localized":"इराणी रियाल"},"fi":{"code":"EUR","numeric":978,"native":"euro","localized":"युरो"},"fil":{"code":"PHP","numeric":608,"native":"Piso ng Pilipinas","localized":"फिलिपिनी पेसो"},"fr":{"code":"EUR","numeric":978,"native":"euro","localized":"युरो"},"fy":{"code":"EUR","numeric":978,"native":"Euro","localized":"युरो"},"ga":{"code":"EUR","numeric":978,"native":"Euro","localized":"युरो"},"gd":{"code":"GBP","numeric":826,"native":"Punnd Sasannach","localized":"ब्रिटिश पाऊंड"},"gl":{"code":"EUR","numeric":978,"native":"euro","localized":"युरो"},"gu":{"code":"INR","numeric":356,"native":"ભારતીય રૂપિયા","localized":"भारतीय रुपया"},"ha":{"code":"NGN","numeric":566,"native":"Nairar Najeriya","localized":"नायजेरियन नायरा"},"haw":{"code":"USD","numeric":840,"native":"USD","localized":"यूएस डॉलर"},"he":{"code":"ILS","numeric":376,"native":"שקל חדש","localized":"ईस्त्रायली न्यू शेकेल"},"hi":{"code":"INR","numeric":356,"native":"भारतीय रुपया","localized":"भारतीय रुपया"},"hr":{"code":"EUR","numeric":978,"native":"euro","localized":"युरो"},"hu":{"code":"HUF","numeric":348,"native":"magyar forint","localized":"हंगेरियन फॉरिन्ट"},"hy":{"code":"AMD","numeric":51,"native":"հայկական դրամ","localized":"आर्मेनियन द्रॅम"},"id":{"code":"IDR","numeric":360,"native":"Rupiah Indonesia","localized":"इंडोनेशियन रुपिया"},"ig":{"code":"NGN","numeric":566,"native":"Naịra","localized":"नायजेरियन नायरा"},"is":{"code":"ISK","numeric":352,"native":"íslensk króna","localized":"आइसलँडिक क्रोना"},"it":{"code":"EUR","numeric":978,"native":"euro","localized":"युरो"},"ja":{"code":"JPY","numeric":392,"native":"日本円","localized":"जपानी येन"},"ka":{"code":"GEL","numeric":981,"native":"ქართული ლარი","localized":"जॉर्जियन लारी"},"kk":{"code":"KZT","numeric":398,"native":"Қазақстан теңгесі","localized":"कझाकिस्तानी तेंगे"},"km":{"code":"KHR","numeric":116,"native":"រៀល​កម្ពុជា","localized":"कंबोडियन रियेल"},"kn":{"code":"INR","numeric":356,"native":"ಭಾರತೀಯ ರೂಪಾಯಿ","localized":"भारतीय रुपया"},"ko":{"code":"KRW","numeric":410,"native":"대한민국 원","localized":"दक्षिण कोरियन वॉन"},"ku":{"code":"TRY","numeric":949,"native":"TRY","localized":"तुर्की लिरा"},"ky":{"code":"KGS","numeric":417,"native":"Кыргызстан сому","localized":"किरगिस्तानी सॉम"},"lb":{"code":"EUR","numeric":978,"native":"Euro","localized":"युरो"},"lg":{"code":"UGX","numeric":800,"native":"Silingi eya Yuganda","localized":"युगांडा शिलिंग"},"ln":{"code":"CDF","numeric":976,"native":"Falánga ya Kongó","localized":"काँगोलीज फ्रँक"},"lo":{"code":"LAK","numeric":418,"native":"ລາວ ກີບ","localized":"लाओशियन किप"},"lt":{"code":"EUR","numeric":978,"native":"Euras","localized":"युरो"},"lv":{"code":"EUR","numeric":978,"native":"eiro","localized":"युरो"},"mai":{"code":"INR","numeric":356,"native":"भारतीय रुपया","localized":"भारतीय रुपया"},"mg":{"code":"MGA","numeric":969,"native":"Ariary","localized":"मालागासी एरियारी"},"mi":{"code":"NZD","numeric":554,"native":"Tāra o Aotearoa","localized":"न्यूझीलँड डॉलर"},"mk":{"code":"MKD","numeric":807,"native":"Македонски денар","localized":"मॅसेडोनियन देनार"},"ml":{"code":"INR","numeric":356,"native":"ഇന്ത്യൻ രൂപ","localized":"भारतीय रुपया"},"mn":{"code":"MNT","numeric":496,"native":"Монгол төгрөг","localized":"मंगोलियन टुग्रिक"},"mni_Mtei":{"code":"INR","numeric":356,"native":"Indian Rupee","localized":"भारतीय रुपया"},"mr":{"code":"INR","numeric":356,"native":"भारतीय रुपया","localized":"भारतीय रुपया"},"ms":{"code":"MYR","numeric":458,"native":"Ringgit Malaysia","localized":"मलेशियन रिंगिट"},"mt":{"code":"EUR","numeric":978,"native":"ewro","localized":"युरो"},"my":{"code":"MMK","numeric":104,"native":"မြန်မာ ကျပ်","localized":"म्यानमार क्याट"},"nb":{"code":"NOK","numeric":578,"native":"norske kroner","localized":"नॉर्वेजियन क्रोन"},"ne":{"code":"NPR","numeric":524,"native":"नेपाली रूपैयाँ","localized":"नेपाळी रुपया"},"nl":{"code":"EUR","numeric":978,"native":"Euro","localized":"युरो"},"nn":{"code":"NOK","numeric":578,"native":"norske kroner","localized":"नॉर्वेजियन क्रोन"},"oc":{"code":"EUR","numeric":978,"native":"EUR","localized":"युरो"},"om":{"code":"ETB","numeric":230,"native":"Itoophiyaa Birrii","localized":"इथिओपियन बिर"},"or":{"code":"INR","numeric":356,"native":"ଭାରତୀୟ ଟଙ୍କା","localized":"भारतीय रुपया"},"pa":{"code":"INR","numeric":356,"native":"ਭਾਰਤੀ ਰੁਪਇਆ","localized":"भारतीय रुपया"},"pl":{"code":"PLN","numeric":985,"native":"złoty polski","localized":"पोलिश झ्लॉटी"},"ps":{"code":"AFN","numeric":971,"native":"افغانۍ","localized":"अफगाण अफगाणी"},"pt":{"code":"BRL","numeric":986,"native":"Real brasileiro","localized":"ब्राझिलियन रियाल"},"pt_BR":{"code":"BRL","numeric":986,"native":"Real brasileiro","localized":"ब्राझिलियन रियाल"},"qu":{"code":"PEN","numeric":604,"native":"Sol Peruano","localized":"पेरुवियन सोल"},"ro":{"code":"RON","numeric":946,"native":"leu românesc","localized":"रोमानियन लेऊ"},"ru":{"code":"RUB","numeric":643,"native":"российский рубль","localized":"रशियन रुबल"},"rw":{"code":"RWF","numeric":646,"native":"RWF","localized":"रवांडा फ्रँक"},"sa":{"code":"INR","numeric":356,"native":"भारतीय रूप्यकम्","localized":"भारतीय रुपया"},"sc":{"code":"EUR","numeric":978,"native":"èuro","localized":"युरो"},"sd":{"code":"PKR","numeric":586,"native":"پاڪستاني رپي","localized":"पाकिस्तानी रुपया"},"si":{"code":"LKR","numeric":144,"native":"ශ්‍රී ලංකා රුපියල","localized":"श्रीलंकन रुपया"},"sk":{"code":"EUR","numeric":978,"native":"euro","localized":"युरो"},"sl":{"code":"EUR","numeric":978,"native":"evro","localized":"युरो"},"sn":{"code":"USD","numeric":840,"native":"Dora re Amerika","localized":"यूएस डॉलर"},"so":{"code":"SOS","numeric":706,"native":"Shilingka Soomaaliya","localized":"सोमाली शिलिंग"},"sq":{"code":"ALL","numeric":8,"native":"Leku shqiptar","localized":"अल्बानियन लेक"},"sr_Cyrl":{"code":"RSD","numeric":941,"native":"српски динар","localized":"सर्बियन दिनार"},"sr_Latn":{"code":"RSD","numeric":941,"native":"srpski dinar","localized":"सर्बियन दिनार"},"sr_Latn_ME":{"code":"EUR","numeric":978,"native":"Evro","localized":"युरो"},"su":{"code":"IDR","numeric":360,"native":"Rupee Indonésia","localized":"इंडोनेशियन रुपिया"},"sv":{"code":"SEK","numeric":752,"native":"svensk krona","localized":"स्वीडिश क्रोना"},"sw":{"code":"TZS","numeric":834,"native":"Shilingi ya Tanzania","localized":"टांझानियन शिलिंग"},"ta":{"code":"INR","numeric":356,"native":"இந்திய ரூபாய்","localized":"भारतीय रुपया"},"te":{"code":"INR","numeric":356,"native":"భారతదేశ రూపాయి","localized":"भारतीय रुपया"},"tg":{"code":"TJS","numeric":972,"native":"Сомонӣ","localized":"ताजकीस्तानी सोमोनी"},"th":{"code":"THB","numeric":764,"native":"บาท","localized":"थाई बाहत"},"ti":{"code":"ETB","numeric":230,"native":"ብር","localized":"इथिओपियन बिर"},"tk":{"code":"TMT","numeric":934,"native":"Türkmen manady","localized":"तुर्कमेनिस्तानी मानाट"},"tl":{"code":"PHP","numeric":608,"native":"Philippine Peso","localized":"फिलिपिनी पेसो"},"tr":{"code":"TRY","numeric":949,"native":"Türk Lirası","localized":"तुर्की लिरा"},"tt":{"code":"RUB","numeric":643,"native":"Россия сумы","localized":"रशियन रुबल"},"ug":{"code":"CNY","numeric":156,"native":"جۇڭگو يۈەنى","localized":"चीनी युआन"},"uk":{"code":"UAH","numeric":980,"native":"українська гривня","localized":"युक्रेनियन रिवनिया"},"ur":{"code":"PKR","numeric":586,"native":"پاکستانی روپیہ","localized":"पाकिस्तानी रुपया"},"uz_Cyrl":{"code":"UZS","numeric":860,"native":"Ўзбекистон сўм","localized":"उझबेकिस्तानी सोम"},"uz_Latn":{"code":"UZS","numeric":860,"native":"O‘zbekiston so‘mi","localized":"उझबेकिस्तानी सोम"},"vi":{"code":"VND","numeric":704,"native":"Đồng Việt Nam","localized":"व्हिएतनामी डोंग"},"xh":{"code":"ZAR","numeric":710,"native":"IRandi yaseMzantsi Afrika","localized":"दक्षिण आफ्रिकी रँड"},"yi":{"code":"USD","numeric":840,"native":"","localized":""},"yo":{"code":"NGN","numeric":566,"native":"Náírà Nàìjíríà","localized":"नायजेरियन नायरा"},"zh_CN":{"code":"CNY","numeric":156,"native":"人民币","localized":"चीनी युआन"},"zh_HK":{"code":"HKD","numeric":344,"native":"港元","localized":"हाँगकाँग डॉलर"},"zh_TW":{"code":"TWD","numeric":901,"native":"新台币","localized":"न्यू तैवान डॉलर"},"zu":{"code":"ZAR","numeric":710,"native":"i-South African Rand","localized":"दक्षिण आफ्रिकी रँड"}}
