{"af":{"code":"ZAR","numeric":710,"native":"Suid-Afrikaanse rand","localized":"sørafrikanske rand"},"ak":{"code":"GHS","numeric":936,"native":"Ghana Sidi","localized":"ghanesiske cedi"},"am":{"code":"ETB","numeric":230,"native":"የኢትዮጵያ ብር","localized":"etiopiske birr"},"ar":{"code":"EGP","numeric":818,"native":"جنيه مصري","localized":"egyptiske pund"},"as":{"code":"INR","numeric":356,"native":"ভাৰতীয় ৰুপী","localized":"indiske rupier"},"az":{"code":"AZN","numeric":944,"native":"Azərbaycan Manatı","localized":"aserbajdsjanske manat"},"be":{"code":"BYN","numeric":840,"native":"беларускі рубель","localized":"nye hviterussiske rubler"},"bg":{"code":"BGN","numeric":975,"native":"Български лев","localized":"bulgarske lev"},"bho":{"code":"INR","numeric":356,"native":"INR","localized":"indiske rupier"},"bm":{"code":"XOF","numeric":952,"native":"sefa Fraŋ (BCEAO)","localized":"vestafrikanske CFA-franc"},"bn":{"code":"BDT","numeric":50,"native":"বাংলাদেশী টাকা","localized":"bangladeshiske taka"},"bs":{"code":"BAM","numeric":977,"native":"Bosanskohercegovačka konvertibilna marka","localized":"bosnisk-hercegovinske konvertible mark"},"ca":{"code":"EUR","numeric":978,"native":"euro","localized":"euro"},"ceb":{"code":"PHP","numeric":608,"native":"Philippine Peso","localized":"filippinske pesos"},"ckb":{"code":"IQD","numeric":368,"native":"IQD","localized":"irakske dinarer"},"cs":{"code":"CZK","numeric":203,"native":"česká koruna","localized":"tsjekkiske koruna"},"cy":{"code":"GBP","numeric":826,"native":"Punt Prydain","localized":"britiske pund"},"da":{"code":"DKK","numeric":208,"native":"dansk krone","localized":"danske kroner"},"de":{"code":"EUR","numeric":978,"native":"Euro","localized":"euro"},"de_CH":{"code":"CHF","numeric":756,"native":"Schweizer Franken","localized":"sveitsiske franc"},"doi":{"code":"INR","numeric":356,"native":"भारती रपेऽ","localized":"indiske rupier"},"ee":{"code":"GHS","numeric":936,"native":"ghana siɖi","localized":"ghanesiske cedi"},"el":{"code":"EUR","numeric":978,"native":"Ευρώ","localized":"euro"},"en":{"code":"USD","numeric":840,"native":"US Dollar","localized":"amerikanske dollar"},"en_CA":{"code":"CAD","numeric":124,"native":"Canadian Dollar","localized":"kanadiske dollar"},"eo":{"code":"USD","numeric":840,"native":"","localized":""},"es":{"code":"EUR","numeric":978,"native":"euro","localized":"euro"},"et":{"code":"EUR","numeric":978,"native":"euro","localized":"euro"},"eu":{"code":"EUR","numeric":978,"native":"euroa","localized":"euro"},"fa":{"code":"IRR","numeric":364,"native":"ریال ایران","localized":"iranske rialer"},"fi":{"code":"EUR","numeric":978,"native":"euro","localized":"euro"},"fil":{"code":"PHP","numeric":608,"native":"Piso ng Pilipinas","localized":"filippinske pesos"},"fr":{"code":"EUR","numeric":978,"native":"euro","localized":"euro"},"fy":{"code":"EUR","numeric":978,"native":"Euro","localized":"euro"},"ga":{"code":"EUR","numeric":978,"native":"Euro","localized":"euro"},"gd":{"code":"GBP","numeric":826,"native":"Punnd Sasannach","localized":"britiske pund"},"gl":{"code":"EUR","numeric":978,"native":"euro","localized":"euro"},"gu":{"code":"INR","numeric":356,"native":"ભારતીય રૂપિયા","localized":"indiske rupier"},"ha":{"code":"NGN","numeric":566,"native":"Nairar Najeriya","localized":"nigerianske naira"},"haw":{"code":"USD","numeric":840,"native":"USD","localized":"amerikanske dollar"},"he":{"code":"ILS","numeric":376,"native":"שקל חדש","localized":"nye israelske shekler"},"hi":{"code":"INR","numeric":356,"native":"भारतीय रुपया","localized":"indiske rupier"},"hr":{"code":"EUR","numeric":978,"native":"euro","localized":"euro"},"hu":{"code":"HUF","numeric":348,"native":"magyar forint","localized":"ungarske forinter"},"hy":{"code":"AMD","numeric":51,"native":"հայկական դրամ","localized":"armenske dram"},"id":{"code":"IDR","numeric":360,"native":"Rupiah Indonesia","localized":"indonesiske rupier"},"ig":{"code":"NGN","numeric":566,"native":"Naịra","localized":"nigerianske naira"},"is":{"code":"ISK","numeric":352,"native":"íslensk króna","localized":"islandske kroner"},"it":{"code":"EUR","numeric":978,"native":"euro","localized":"euro"},"ja":{"code":"JPY","numeric":392,"native":"日本円","localized":"japanske yen"},"ka":{"code":"GEL","numeric":981,"native":"ქართული ლარი","localized":"georgiske lari"},"kk":{"code":"KZT","numeric":398,"native":"Қазақстан теңгесі","localized":"kasakhstanske tenge"},"km":{"code":"KHR","numeric":116,"native":"រៀល​កម្ពុជា","localized":"kambodsjanske riel"},"kn":{"code":"INR","numeric":356,"native":"ಭಾರತೀಯ ರೂಪಾಯಿ","localized":"indiske rupier"},"ko":{"code":"KRW","numeric":410,"native":"대한민국 원","localized":"sørkoreanske won"},"ku":{"code":"TRY","numeric":949,"native":"TRY","localized":"tyrkiske lire"},"ky":{"code":"KGS","numeric":417,"native":"Кыргызстан сому","localized":"kirgisiske som"},"lb":{"code":"EUR","numeric":978,"native":"Euro","localized":"euro"},"lg":{"code":"UGX","numeric":800,"native":"Silingi eya Yuganda","localized":"ugandiske shilling"},"ln":{"code":"CDF","numeric":976,"native":"Falánga ya Kongó","localized":"kongolesiske franc"},"lo":{"code":"LAK","numeric":418,"native":"ລາວ ກີບ","localized":"laotiske kip"},"lt":{"code":"EUR","numeric":978,"native":"Euras","localized":"euro"},"lv":{"code":"EUR","numeric":978,"native":"eiro","localized":"euro"},"mai":{"code":"INR","numeric":356,"native":"भारतीय रुपया","localized":"indiske rupier"},"mg":{"code":"MGA","numeric":969,"native":"Ariary","localized":"madagassiske ariary"},"mi":{"code":"NZD","numeric":554,"native":"Tāra o Aotearoa","localized":"newzealandske dollar"},"mk":{"code":"MKD","numeric":807,"native":"Македонски денар","localized":"makedonske denarer"},"ml":{"code":"INR","numeric":356,"native":"ഇന്ത്യൻ രൂപ","localized":"indiske rupier"},"mn":{"code":"MNT","numeric":496,"native":"Монгол төгрөг","localized":"mongolske tugrik"},"mni_Mtei":{"code":"INR","numeric":356,"native":"Indian Rupee","localized":"indiske rupier"},"mr":{"code":"INR","numeric":356,"native":"भारतीय रुपया","localized":"indiske rupier"},"ms":{"code":"MYR","numeric":458,"native":"Ringgit Malaysia","localized":"malaysiske ringgit"},"mt":{"code":"EUR","numeric":978,"native":"ewro","localized":"euro"},"my":{"code":"MMK","numeric":104,"native":"မြန်မာ ကျပ်","localized":"myanmarske kyat"},"nb":{"code":"NOK","numeric":578,"native":"norske kroner","localized":"norske kroner"},"ne":{"code":"NPR","numeric":524,"native":"नेपाली रूपैयाँ","localized":"nepalske rupier"},"nl":{"code":"EUR","numeric":978,"native":"Euro","localized":"euro"},"nn":{"code":"NOK","numeric":578,"native":"norske kroner","localized":"norske kroner"},"oc":{"code":"EUR","numeric":978,"native":"EUR","localized":"euro"},"om":{"code":"ETB","numeric":230,"native":"Itoophiyaa Birrii","localized":"etiopiske birr"},"or":{"code":"INR","numeric":356,"native":"ଭାରତୀୟ ଟଙ୍କା","localized":"indiske rupier"},"pa":{"code":"INR","numeric":356,"native":"ਭਾਰਤੀ ਰੁਪਇਆ","localized":"indiske rupier"},"pl":{"code":"PLN","numeric":985,"native":"złoty polski","localized":"polske zloty"},"ps":{"code":"AFN","numeric":971,"native":"افغانۍ","localized":"afghanske afghani"},"pt":{"code":"BRL","numeric":986,"native":"Real brasileiro","localized":"brasilianske real"},"pt_BR":{"code":"BRL","numeric":986,"native":"Real brasileiro","localized":"brasilianske real"},"qu":{"code":"PEN","numeric":604,"native":"Sol Peruano","localized":"peruanske sol"},"ro":{"code":"RON","numeric":946,"native":"leu românesc","localized":"rumenske leu"},"ru":{"code":"RUB","numeric":643,"native":"российский рубль","localized":"russiske rubler"},"rw":{"code":"RWF","numeric":646,"native":"RWF","localized":"rwandiske franc"},"sa":{"code":"INR","numeric":356,"native":"भारतीय रूप्यकम्","localized":"indiske rupier"},"sc":{"code":"EUR","numeric":978,"native":"èuro","localized":"euro"},"sd":{"code":"PKR","numeric":586,"native":"پاڪستاني رپي","localized":"pakistanske rupier"},"si":{"code":"LKR","numeric":144,"native":"ශ්‍රී ලංකා රුපියල","localized":"srilankiske rupier"},"sk":{"code":"EUR","numeric":978,"native":"euro","localized":"euro"},"sl":{"code":"EUR","numeric":978,"native":"evro","localized":"euro"},"sn":{"code":"USD","numeric":840,"native":"Dora re Amerika","localized":"amerikanske dollar"},"so":{"code":"SOS","numeric":706,"native":"Shilingka Soomaaliya","localized":"somaliske shilling"},"sq":{"code":"ALL","numeric":8,"native":"Leku shqiptar","localized":"albanske lek"},"sr_Cyrl":{"code":"RSD","numeric":941,"native":"српски динар","localized":"serbiske dinarer"},"sr_Latn":{"code":"RSD","numeric":941,"native":"srpski dinar","localized":"serbiske dinarer"},"sr_Latn_ME":{"code":"EUR","numeric":978,"native":"Evro","localized":"euro"},"su":{"code":"IDR","numeric":360,"native":"Rupee Indonésia","localized":"indonesiske rupier"},"sv":{"code":"SEK","numeric":752,"native":"svensk krona","localized":"svenske kroner"},"sw":{"code":"TZS","numeric":834,"native":"Shilingi ya Tanzania","localized":"tanzanianske shilling"},"ta":{"code":"INR","numeric":356,"native":"இந்திய ரூபாய்","localized":"indiske rupier"},"te":{"code":"INR","numeric":356,"native":"భారతదేశ రూపాయి","localized":"indiske rupier"},"tg":{"code":"TJS","numeric":972,"native":"Сомонӣ","localized":"tadsjikiske somoni"},"th":{"code":"THB","numeric":764,"native":"บาท","localized":"thailandske baht"},"ti":{"code":"ETB","numeric":230,"native":"ብር","localized":"etiopiske birr"},"tk":{"code":"TMT","numeric":934,"native":"Türkmen manady","localized":"turkmenske manat"},"tl":{"code":"PHP","numeric":608,"native":"Philippine Peso","localized":"filippinske pesos"},"tr":{"code":"TRY","numeric":949,"native":"Türk Lirası","localized":"tyrkiske lire"},"tt":{"code":"RUB","numeric":643,"native":"Россия сумы","localized":"russiske rubler"},"ug":{"code":"CNY","numeric":156,"native":"جۇڭگو يۈەنى","localized":"kinesiske yuan"},"uk":{"code":"UAH","numeric":980,"native":"українська гривня","localized":"ukrainske hryvnia"},"ur":{"code":"PKR","numeric":586,"native":"پاکستانی روپیہ","localized":"pakistanske rupier"},"uz_Cyrl":{"code":"UZS","numeric":860,"native":"Ўзбекистон сўм","localized":"usbekiske som"},"uz_Latn":{"code":"UZS","numeric":860,"native":"O‘zbekiston so‘mi","localized":"usbekiske som"},"vi":{"code":"VND","numeric":704,"native":"Đồng Việt Nam","localized":"vietnamesiske dong"},"xh":{"code":"ZAR","numeric":710,"native":"IRandi yaseMzantsi Afrika","localized":"sørafrikanske rand"},"yi":{"code":"USD","numeric":840,"native":"","localized":""},"yo":{"code":"NGN","numeric":566,"native":"Náírà Nàìjíríà","localized":"nigerianske naira"},"zh_CN":{"code":"CNY","numeric":156,"native":"人民币","localized":"kinesiske yuan"},"zh_HK":{"code":"HKD","numeric":344,"native":"港元","localized":"Hongkong-dollar"},"zh_TW":{"code":"TWD","numeric":901,"native":"新台币","localized":"nye taiwanske dollar"},"zu":{"code":"ZAR","numeric":710,"native":"i-South African Rand","localized":"sørafrikanske rand"}}
