{"af":{"code":"ZAR","numeric":710,"native":"Suid-Afrikaanse rand","localized":"दक्षिण अफ्रिकी र्‍यान्ड"},"ak":{"code":"GHS","numeric":936,"native":"Ghana Sidi","localized":"घानाली सेडी"},"am":{"code":"ETB","numeric":230,"native":"የኢትዮጵያ ብር","localized":"इथियोपियाली बिर"},"ar":{"code":"EGP","numeric":818,"native":"جنيه مصري","localized":"इजिप्सियन पाउन्ड"},"as":{"code":"INR","numeric":356,"native":"ভাৰতীয় ৰুপী","localized":"भारतीय रूपिँया"},"az":{"code":"AZN","numeric":944,"native":"Azərbaycan Manatı","localized":"अजरबैजानी मानात"},"be":{"code":"BYN","numeric":840,"native":"беларускі рубель","localized":"बेलारूसी रूबल"},"bg":{"code":"BGN","numeric":975,"native":"Български лев","localized":"बुल्गारियाली लेभ"},"bho":{"code":"INR","numeric":356,"native":"INR","localized":"भारतीय रूपिँया"},"bm":{"code":"XOF","numeric":952,"native":"sefa Fraŋ (BCEAO)","localized":"सीएफ्‌ए फ्रान्क बीसीइएओ"},"bn":{"code":"BDT","numeric":50,"native":"বাংলাদেশী টাকা","localized":"बङ्गलादेशी टाका"},"bs":{"code":"BAM","numeric":977,"native":"Bosanskohercegovačka konvertibilna marka","localized":"बोस्निया-हर्जगोभिनिया रूपान्तरयोग्य मार्क"},"ca":{"code":"EUR","numeric":978,"native":"euro","localized":"युरो"},"ceb":{"code":"PHP","numeric":608,"native":"Philippine Peso","localized":"फिलिपिनी पेसो"},"ckb":{"code":"IQD","numeric":368,"native":"IQD","localized":"इराकी डिनार"},"cs":{"code":"CZK","numeric":203,"native":"česká koruna","localized":"चेख गणतञ्त्र कोरूना"},"cy":{"code":"GBP","numeric":826,"native":"Punt Prydain","localized":"बेलायती पाउण्ड स्टर्लिङ"},"da":{"code":"DKK","numeric":208,"native":"dansk krone","localized":"ड्यानिश क्रोन"},"de":{"code":"EUR","numeric":978,"native":"Euro","localized":"युरो"},"de_CH":{"code":"CHF","numeric":756,"native":"Schweizer Franken","localized":"स्विस् फ्रैङ्क"},"doi":{"code":"INR","numeric":356,"native":"भारती रपेऽ","localized":"भारतीय रूपिँया"},"ee":{"code":"GHS","numeric":936,"native":"ghana siɖi","localized":"घानाली सेडी"},"el":{"code":"EUR","numeric":978,"native":"Ευρώ","localized":"युरो"},"en":{"code":"USD","numeric":840,"native":"US Dollar","localized":"अमेरिकी डलर"},"en_CA":{"code":"CAD","numeric":124,"native":"Canadian Dollar","localized":"क्यानाडियाली डलर"},"eo":{"code":"USD","numeric":840,"native":"","localized":""},"es":{"code":"EUR","numeric":978,"native":"euro","localized":"युरो"},"et":{"code":"EUR","numeric":978,"native":"euro","localized":"युरो"},"eu":{"code":"EUR","numeric":978,"native":"euroa","localized":"युरो"},"fa":{"code":"IRR","numeric":364,"native":"ریال ایران","localized":"इरानियाली रियाल"},"fi":{"code":"EUR","numeric":978,"native":"euro","localized":"युरो"},"fil":{"code":"PHP","numeric":608,"native":"Piso ng Pilipinas","localized":"फिलिपिनी पेसो"},"fr":{"code":"EUR","numeric":978,"native":"euro","localized":"युरो"},"fy":{"code":"EUR","numeric":978,"native":"Euro","localized":"युरो"},"ga":{"code":"EUR","numeric":978,"native":"Euro","localized":"युरो"},"gd":{"code":"GBP","numeric":826,"native":"Punnd Sasannach","localized":"बेलायती पाउण्ड स्टर्लिङ"},"gl":{"code":"EUR","numeric":978,"native":"euro","localized":"युरो"},"gu":{"code":"INR","numeric":356,"native":"ભારતીય રૂપિયા","localized":"भारतीय रूपिँया"},"ha":{"code":"NGN","numeric":566,"native":"Nairar Najeriya","localized":"नाइजेरियन नाइरा"},"haw":{"code":"USD","numeric":840,"native":"USD","localized":"अमेरिकी डलर"},"he":{"code":"ILS","numeric":376,"native":"שקל חדש","localized":"इजरायली नयाँ शेकेल"},"hi":{"code":"INR","numeric":356,"native":"भारतीय रुपया","localized":"भारतीय रूपिँया"},"hr":{"code":"EUR","numeric":978,"native":"euro","localized":"युरो"},"hu":{"code":"HUF","numeric":348,"native":"magyar forint","localized":"हङ्गेरियन फोरिन्ट"},"hy":{"code":"AMD","numeric":51,"native":"հայկական դրամ","localized":"आर्मेनियाली ड्राम"},"id":{"code":"IDR","numeric":360,"native":"Rupiah Indonesia","localized":"इण्डोनेशियाली रूपियाँ"},"ig":{"code":"NGN","numeric":566,"native":"Naịra","localized":"नाइजेरियन नाइरा"},"is":{"code":"ISK","numeric":352,"native":"íslensk króna","localized":"आइसल्याण्डिक क्रोना"},"it":{"code":"EUR","numeric":978,"native":"euro","localized":"युरो"},"ja":{"code":"JPY","numeric":392,"native":"日本円","localized":"जापानी येन"},"ka":{"code":"GEL","numeric":981,"native":"ქართული ლარი","localized":"जर्जियाली लारी"},"kk":{"code":"KZT","numeric":398,"native":"Қазақстан теңгесі","localized":"काजाखस्तानी टेन्ज"},"km":{"code":"KHR","numeric":116,"native":"រៀល​កម្ពុជា","localized":"कम्बोडिनेयाली रियल"},"kn":{"code":"INR","numeric":356,"native":"ಭಾರತೀಯ ರೂಪಾಯಿ","localized":"भारतीय रूपिँया"},"ko":{"code":"KRW","numeric":410,"native":"대한민국 원","localized":"दक्षिण कोरियाली वन"},"ku":{"code":"TRY","numeric":949,"native":"TRY","localized":"टर्किश लिरा"},"ky":{"code":"KGS","numeric":417,"native":"Кыргызстан сому","localized":"किर्गिस्तानी सोम"},"lb":{"code":"EUR","numeric":978,"native":"Euro","localized":"युरो"},"lg":{"code":"UGX","numeric":800,"native":"Silingi eya Yuganda","localized":"युगाण्डाली शिलिङ"},"ln":{"code":"CDF","numeric":976,"native":"Falánga ya Kongó","localized":"कङ्गोली फ्रान्क"},"lo":{"code":"LAK","numeric":418,"native":"ລາວ ກີບ","localized":"लाओशियन किप"},"lt":{"code":"EUR","numeric":978,"native":"Euras","localized":"युरो"},"lv":{"code":"EUR","numeric":978,"native":"eiro","localized":"युरो"},"mai":{"code":"INR","numeric":356,"native":"भारतीय रुपया","localized":"भारतीय रूपिँया"},"mg":{"code":"MGA","numeric":969,"native":"Ariary","localized":"मालागासी एरिआरी"},"mi":{"code":"NZD","numeric":554,"native":"Tāra o Aotearoa","localized":"न्यूजिल्याण्ड डलर"},"mk":{"code":"MKD","numeric":807,"native":"Македонски денар","localized":"म्यासेडोनियाली डेनार"},"ml":{"code":"INR","numeric":356,"native":"ഇന്ത്യൻ രൂപ","localized":"भारतीय रूपिँया"},"mn":{"code":"MNT","numeric":496,"native":"Монгол төгрөг","localized":"मङ्गोलियाली टुग्रिक"},"mni_Mtei":{"code":"INR","numeric":356,"native":"Indian Rupee","localized":"भारतीय रूपिँया"},"mr":{"code":"INR","numeric":356,"native":"भारतीय रुपया","localized":"भारतीय रूपिँया"},"ms":{"code":"MYR","numeric":458,"native":"Ringgit Malaysia","localized":"मलेशियाली रिङ्गेट"},"mt":{"code":"EUR","numeric":978,"native":"ewro","localized":"युरो"},"my":{"code":"MMK","numeric":104,"native":"မြန်မာ ကျပ်","localized":"म्यान्मार क्याट"},"nb":{"code":"NOK","numeric":578,"native":"norske kroner","localized":"नर्वेजियाली क्रोन"},"ne":{"code":"NPR","numeric":524,"native":"नेपाली रूपैयाँ","localized":"नेपाली रूपैयाँ"},"nl":{"code":"EUR","numeric":978,"native":"Euro","localized":"युरो"},"nn":{"code":"NOK","numeric":578,"native":"norske kroner","localized":"नर्वेजियाली क्रोन"},"oc":{"code":"EUR","numeric":978,"native":"EUR","localized":"युरो"},"om":{"code":"ETB","numeric":230,"native":"Itoophiyaa Birrii","localized":"इथियोपियाली बिर"},"or":{"code":"INR","numeric":356,"native":"ଭାରତୀୟ ଟଙ୍କା","localized":"भारतीय रूपिँया"},"pa":{"code":"INR","numeric":356,"native":"ਭਾਰਤੀ ਰੁਪਇਆ","localized":"भारतीय रूपिँया"},"pl":{"code":"PLN","numeric":985,"native":"złoty polski","localized":"पोलिश ज्लोटाई"},"ps":{"code":"AFN","numeric":971,"native":"افغانۍ","localized":"अफ्गान अफ्गानी"},"pt":{"code":"BRL","numeric":986,"native":"Real brasileiro","localized":"ब्राजिलियन रियल"},"pt_BR":{"code":"BRL","numeric":986,"native":"Real brasileiro","localized":"ब्राजिलियन रियल"},"qu":{"code":"PEN","numeric":604,"native":"Sol Peruano","localized":"पेरूभियाली सोल"},"ro":{"code":"RON","numeric":946,"native":"leu românesc","localized":"रोमानियाली लेऊ"},"ru":{"code":"RUB","numeric":643,"native":"российский рубль","localized":"रूसी रूबल"},"rw":{"code":"RWF","numeric":646,"native":"RWF","localized":"र्‌वाण्डाली फ्रान्क"},"sa":{"code":"INR","numeric":356,"native":"भारतीय रूप्यकम्","localized":"भारतीय रूपिँया"},"sc":{"code":"EUR","numeric":978,"native":"èuro","localized":"युरो"},"sd":{"code":"PKR","numeric":586,"native":"پاڪستاني رپي","localized":"पाकिस्तानी रूपियाँ"},"si":{"code":"LKR","numeric":144,"native":"ශ්‍රී ලංකා රුපියල","localized":"श्रीलङ्काली रूपिया"},"sk":{"code":"EUR","numeric":978,"native":"euro","localized":"युरो"},"sl":{"code":"EUR","numeric":978,"native":"evro","localized":"युरो"},"sn":{"code":"USD","numeric":840,"native":"Dora re Amerika","localized":"अमेरिकी डलर"},"so":{"code":"SOS","numeric":706,"native":"Shilingka Soomaaliya","localized":"सोमाली शिलिङ"},"sq":{"code":"ALL","numeric":8,"native":"Leku shqiptar","localized":"अल्बानियन लेक"},"sr_Cyrl":{"code":"RSD","numeric":941,"native":"српски динар","localized":"सर्बियाली डिनार"},"sr_Latn":{"code":"RSD","numeric":941,"native":"srpski dinar","localized":"सर्बियाली डिनार"},"sr_Latn_ME":{"code":"EUR","numeric":978,"native":"Evro","localized":"युरो"},"su":{"code":"IDR","numeric":360,"native":"Rupee Indonésia","localized":"इण्डोनेशियाली रूपियाँ"},"sv":{"code":"SEK","numeric":752,"native":"svensk krona","localized":"स्विडिश क्रोना"},"sw":{"code":"TZS","numeric":834,"native":"Shilingi ya Tanzania","localized":"ताञ्जानियाली शिलिङ"},"ta":{"code":"INR","numeric":356,"native":"இந்திய ரூபாய்","localized":"भारतीय रूपिँया"},"te":{"code":"INR","numeric":356,"native":"భారతదేశ రూపాయి","localized":"भारतीय रूपिँया"},"tg":{"code":"TJS","numeric":972,"native":"Сомонӣ","localized":"ताजिक्स्तानी सोमोनी"},"th":{"code":"THB","numeric":764,"native":"บาท","localized":"थाई भाट"},"ti":{"code":"ETB","numeric":230,"native":"ብር","localized":"इथियोपियाली बिर"},"tk":{"code":"TMT","numeric":934,"native":"Türkmen manady","localized":"टुर्क्मेनिस्तानी मानात"},"tl":{"code":"PHP","numeric":608,"native":"Philippine Peso","localized":"फिलिपिनी पेसो"},"tr":{"code":"TRY","numeric":949,"native":"Türk Lirası","localized":"टर्किश लिरा"},"tt":{"code":"RUB","numeric":643,"native":"Россия сумы","localized":"रूसी रूबल"},"ug":{"code":"CNY","numeric":156,"native":"جۇڭگو يۈەنى","localized":"चिनिँया युआन"},"uk":{"code":"UAH","numeric":980,"native":"українська гривня","localized":"युक्रेनी हिर्भिनिया"},"ur":{"code":"PKR","numeric":586,"native":"پاکستانی روپیہ","localized":"पाकिस्तानी रूपियाँ"},"uz_Cyrl":{"code":"UZS","numeric":860,"native":"Ўзбекистон сўм","localized":"उज्बेकिस्तान सोम"},"uz_Latn":{"code":"UZS","numeric":860,"native":"O‘zbekiston so‘mi","localized":"उज्बेकिस्तान सोम"},"vi":{"code":"VND","numeric":704,"native":"Đồng Việt Nam","localized":"भियतनामी डङ्"},"xh":{"code":"ZAR","numeric":710,"native":"IRandi yaseMzantsi Afrika","localized":"दक्षिण अफ्रिकी र्‍यान्ड"},"yi":{"code":"USD","numeric":840,"native":"","localized":""},"yo":{"code":"NGN","numeric":566,"native":"Náírà Nàìjíríà","localized":"नाइजेरियन नाइरा"},"zh_CN":{"code":"CNY","numeric":156,"native":"人民币","localized":"चिनिँया युआन"},"zh_HK":{"code":"HKD","numeric":344,"native":"港元","localized":"हङकङ डलर"},"zh_TW":{"code":"TWD","numeric":901,"native":"新台币","localized":"नयाँ ताइवान डलर"},"zu":{"code":"ZAR","numeric":710,"native":"i-South African Rand","localized":"दक्षिण अफ्रिकी र्‍यान्ड"}}
