{"af":{"code":"ZAR","numeric":710,"native":"Suid-Afrikaanse rand","localized":"ଦକ୍ଷିଣ ଆଫ୍ରିକିୟ ରାଣ୍ଡ୍"},"ak":{"code":"GHS","numeric":936,"native":"Ghana Sidi","localized":"ଘାନିୟ ସେଡି"},"am":{"code":"ETB","numeric":230,"native":"የኢትዮጵያ ብር","localized":"ଇଥିଓପିୟ ବିର୍"},"ar":{"code":"EGP","numeric":818,"native":"جنيه مصري","localized":"ଇଜିପ୍ଟିୟ ପାଉଣ୍ଡ୍"},"as":{"code":"INR","numeric":356,"native":"ভাৰতীয় ৰুপী","localized":"ଭାରତୀୟ ଟଙ୍କା"},"az":{"code":"AZN","numeric":944,"native":"Azərbaycan Manatı","localized":"ଆଜେରବାଇଜାନି ମନତ୍"},"be":{"code":"BYN","numeric":840,"native":"беларускі рубель","localized":"ବେଲାରୁସି ରୁବଲ୍"},"bg":{"code":"BGN","numeric":975,"native":"Български лев","localized":"ବୁଲଗେରୀୟ ଲେଭ୍"},"bho":{"code":"INR","numeric":356,"native":"INR","localized":"ଭାରତୀୟ ଟଙ୍କା"},"bm":{"code":"XOF","numeric":952,"native":"sefa Fraŋ (BCEAO)","localized":"ପଶ୍ଚିମ ଆଫ୍ରିକିୟ CFA ଫ୍ରାଙ୍କ୍"},"bn":{"code":"BDT","numeric":50,"native":"বাংলাদেশী টাকা","localized":"ବଙ୍ଗଳାଦେଶୀ ଟାକା"},"bs":{"code":"BAM","numeric":977,"native":"Bosanskohercegovačka konvertibilna marka","localized":"ବୋସନିଆ-ହର୍ଜଗୋଭିନା କନଭର୍ଟିବଲ୍ ମାର୍କ୍"},"ca":{"code":"EUR","numeric":978,"native":"euro","localized":"ୟୁରୋ"},"ceb":{"code":"PHP","numeric":608,"native":"Philippine Peso","localized":"ଫିଲିପିନି ପେସୋ"},"ckb":{"code":"IQD","numeric":368,"native":"IQD","localized":"ଇରାକି ଦିନାର୍"},"cs":{"code":"CZK","numeric":203,"native":"česká koruna","localized":"ଚେକ୍ କୋରୁନା"},"cy":{"code":"GBP","numeric":826,"native":"Punt Prydain","localized":"ବ୍ରିଟିଶ୍ ପାଉଣ୍ଡ୍"},"da":{"code":"DKK","numeric":208,"native":"dansk krone","localized":"ଡାନିସ୍ କ୍ରୋନ୍"},"de":{"code":"EUR","numeric":978,"native":"Euro","localized":"ୟୁରୋ"},"de_CH":{"code":"CHF","numeric":756,"native":"Schweizer Franken","localized":"ସୁଇସ୍ ଫ୍ରାଙ୍କ୍"},"doi":{"code":"INR","numeric":356,"native":"भारती रपेऽ","localized":"ଭାରତୀୟ ଟଙ୍କା"},"ee":{"code":"GHS","numeric":936,"native":"ghana siɖi","localized":"ଘାନିୟ ସେଡି"},"el":{"code":"EUR","numeric":978,"native":"Ευρώ","localized":"ୟୁରୋ"},"en":{"code":"USD","numeric":840,"native":"US Dollar","localized":"ଯୁକ୍ତରାଷ୍ଟ୍ର ଡଲାର୍"},"en_CA":{"code":"CAD","numeric":124,"native":"Canadian Dollar","localized":"କାନେଡିୟ ଡଲାର୍"},"eo":{"code":"USD","numeric":840,"native":"","localized":""},"es":{"code":"EUR","numeric":978,"native":"euro","localized":"ୟୁରୋ"},"et":{"code":"EUR","numeric":978,"native":"euro","localized":"ୟୁରୋ"},"eu":{"code":"EUR","numeric":978,"native":"euroa","localized":"ୟୁରୋ"},"fa":{"code":"IRR","numeric":364,"native":"ریال ایران","localized":"ଇରାନୀ ରିଆଲ୍"},"fi":{"code":"EUR","numeric":978,"native":"euro","localized":"ୟୁରୋ"},"fil":{"code":"PHP","numeric":608,"native":"Piso ng Pilipinas","localized":"ଫିଲିପିନି ପେସୋ"},"fr":{"code":"EUR","numeric":978,"native":"euro","localized":"ୟୁରୋ"},"fy":{"code":"EUR","numeric":978,"native":"Euro","localized":"ୟୁରୋ"},"ga":{"code":"EUR","numeric":978,"native":"Euro","localized":"ୟୁରୋ"},"gd":{"code":"GBP","numeric":826,"native":"Punnd Sasannach","localized":"ବ୍ରିଟିଶ୍ ପାଉଣ୍ଡ୍"},"gl":{"code":"EUR","numeric":978,"native":"euro","localized":"ୟୁରୋ"},"gu":{"code":"INR","numeric":356,"native":"ભારતીય રૂપિયા","localized":"ଭାରତୀୟ ଟଙ୍କା"},"ha":{"code":"NGN","numeric":566,"native":"Nairar Najeriya","localized":"ନାଇଜେରିଆଇ ନାଇରା"},"haw":{"code":"USD","numeric":840,"native":"USD","localized":"ଯୁକ୍ତରାଷ୍ଟ୍ର ଡଲାର୍"},"he":{"code":"ILS","numeric":376,"native":"שקל חדש","localized":"ଇସ୍ରାଇଲି ନ୍ୟୁ ଶେକେଲ୍"},"hi":{"code":"INR","numeric":356,"native":"भारतीय रुपया","localized":"ଭାରତୀୟ ଟଙ୍କା"},"hr":{"code":"EUR","numeric":978,"native":"euro","localized":"ୟୁରୋ"},"hu":{"code":"HUF","numeric":348,"native":"magyar forint","localized":"ହଙ୍ଗେରିୟ ଫୋରିଣ୍ଟ୍"},"hy":{"code":"AMD","numeric":51,"native":"հայկական դրամ","localized":"ଅର୍ମେନୀୟ ଡ୍ରାମ୍"},"id":{"code":"IDR","numeric":360,"native":"Rupiah Indonesia","localized":"ଇଣ୍ଡୋନେସିୟ ରୁପିଆ"},"ig":{"code":"NGN","numeric":566,"native":"Naịra","localized":"ନାଇଜେରିଆଇ ନାଇରା"},"is":{"code":"ISK","numeric":352,"native":"íslensk króna","localized":"ଆଇସଲ୍ୟାଣ୍ଡିକ୍‍ କ୍ରୋନା"},"it":{"code":"EUR","numeric":978,"native":"euro","localized":"ୟୁରୋ"},"ja":{"code":"JPY","numeric":392,"native":"日本円","localized":"ଜାପାନୀ ୟେନ୍"},"ka":{"code":"GEL","numeric":981,"native":"ქართული ლარი","localized":"ଜର୍ଜିୟ ଲାରି"},"kk":{"code":"KZT","numeric":398,"native":"Қазақстан теңгесі","localized":"କାଜାକସ୍ତାନୀ ତେଙ୍ଗେ"},"km":{"code":"KHR","numeric":116,"native":"រៀល​កម្ពុជា","localized":"କାମ୍ଵୋଡିୟ ରିଏଲ୍"},"kn":{"code":"INR","numeric":356,"native":"ಭಾರತೀಯ ರೂಪಾಯಿ","localized":"ଭାରତୀୟ ଟଙ୍କା"},"ko":{"code":"KRW","numeric":410,"native":"대한민국 원","localized":"ଦକ୍ଷିଣ କୋରିଆଇ ୱୋନ୍"},"ku":{"code":"TRY","numeric":949,"native":"TRY","localized":"ତୁର୍କିୟ ଲିରା"},"ky":{"code":"KGS","numeric":417,"native":"Кыргызстан сому","localized":"କିର୍ଗିସ୍ତାନୀ ସୋମ୍"},"lb":{"code":"EUR","numeric":978,"native":"Euro","localized":"ୟୁରୋ"},"lg":{"code":"UGX","numeric":800,"native":"Silingi eya Yuganda","localized":"ଉଗାଣ୍ଡିୟ ଶିଲିଂ"},"ln":{"code":"CDF","numeric":976,"native":"Falánga ya Kongó","localized":"କଙ୍ଗୋଲିଜ୍ ଫ୍ରାଙ୍କ୍"},"lo":{"code":"LAK","numeric":418,"native":"ລາວ ກີບ","localized":"ଲାଓଟିୟ କିପ୍"},"lt":{"code":"EUR","numeric":978,"native":"Euras","localized":"ୟୁରୋ"},"lv":{"code":"EUR","numeric":978,"native":"eiro","localized":"ୟୁରୋ"},"mai":{"code":"INR","numeric":356,"native":"भारतीय रुपया","localized":"ଭାରତୀୟ ଟଙ୍କା"},"mg":{"code":"MGA","numeric":969,"native":"Ariary","localized":"ମାଲାଗାସି ଏରିଆରୀ"},"mi":{"code":"NZD","numeric":554,"native":"Tāra o Aotearoa","localized":"ନ୍ୟୁଜିଲ୍ୟାଣ୍ଡ୍ ଡଲାର୍"},"mk":{"code":"MKD","numeric":807,"native":"Македонски денар","localized":"ମାସେଡୋନୀୟ ଡିନର୍"},"ml":{"code":"INR","numeric":356,"native":"ഇന്ത്യൻ രൂപ","localized":"ଭାରତୀୟ ଟଙ୍କା"},"mn":{"code":"MNT","numeric":496,"native":"Монгол төгрөг","localized":"ମଙ୍ଗୋଲିୟ ତୁଗ୍ରିକ୍"},"mni_Mtei":{"code":"INR","numeric":356,"native":"Indian Rupee","localized":"ଭାରତୀୟ ଟଙ୍କା"},"mr":{"code":"INR","numeric":356,"native":"भारतीय रुपया","localized":"ଭାରତୀୟ ଟଙ୍କା"},"ms":{"code":"MYR","numeric":458,"native":"Ringgit Malaysia","localized":"ମାଲେସିୟ ରିଙ୍ଗିଟ୍"},"mt":{"code":"EUR","numeric":978,"native":"ewro","localized":"ୟୁରୋ"},"my":{"code":"MMK","numeric":104,"native":"မြန်မာ ကျပ်","localized":"ମ୍ୟାନମାର୍ କ୍ୟାତ୍‌"},"nb":{"code":"NOK","numeric":578,"native":"norske kroner","localized":"ନରୱେୟୀୟ କ୍ରୋନ୍"},"ne":{"code":"NPR","numeric":524,"native":"नेपाली रूपैयाँ","localized":"ନେପାଳି ରୁପି"},"nl":{"code":"EUR","numeric":978,"native":"Euro","localized":"ୟୁରୋ"},"nn":{"code":"NOK","numeric":578,"native":"norske kroner","localized":"ନରୱେୟୀୟ କ୍ରୋନ୍"},"oc":{"code":"EUR","numeric":978,"native":"EUR","localized":"ୟୁରୋ"},"om":{"code":"ETB","numeric":230,"native":"Itoophiyaa Birrii","localized":"ଇଥିଓପିୟ ବିର୍"},"or":{"code":"INR","numeric":356,"native":"ଭାରତୀୟ ଟଙ୍କା","localized":"ଭାରତୀୟ ଟଙ୍କା"},"pa":{"code":"INR","numeric":356,"native":"ਭਾਰਤੀ ਰੁਪਇਆ","localized":"ଭାରତୀୟ ଟଙ୍କା"},"pl":{"code":"PLN","numeric":985,"native":"złoty polski","localized":"ପୋଲିଶ୍ ଜ୍ଲଟୀ"},"ps":{"code":"AFN","numeric":971,"native":"افغانۍ","localized":"ଆଫଗାନ ଆଫଗାନି"},"pt":{"code":"BRL","numeric":986,"native":"Real brasileiro","localized":"ବ୍ରାଜିଲୀୟ ରିଏଲ୍"},"pt_BR":{"code":"BRL","numeric":986,"native":"Real brasileiro","localized":"ବ୍ରାଜିଲୀୟ ରିଏଲ୍"},"qu":{"code":"PEN","numeric":604,"native":"Sol Peruano","localized":"ପେରୁଭୀୟ ସୋଲ୍"},"ro":{"code":"RON","numeric":946,"native":"leu românesc","localized":"ରୋମାନିୟ ଲେଉ"},"ru":{"code":"RUB","numeric":643,"native":"российский рубль","localized":"ରୁଷି ରୁବଲ୍"},"rw":{"code":"RWF","numeric":646,"native":"RWF","localized":"ରୁୱାଣ୍ଡା ଫ୍ରାଙ୍କ୍"},"sa":{"code":"INR","numeric":356,"native":"भारतीय रूप्यकम्","localized":"ଭାରତୀୟ ଟଙ୍କା"},"sc":{"code":"EUR","numeric":978,"native":"èuro","localized":"ୟୁରୋ"},"sd":{"code":"PKR","numeric":586,"native":"پاڪستاني رپي","localized":"ପାକିସ୍ତାନୀ ରୁପି"},"si":{"code":"LKR","numeric":144,"native":"ශ්‍රී ලංකා රුපියල","localized":"ଶ୍ରୀଲଙ୍କିୟ ରୁପି"},"sk":{"code":"EUR","numeric":978,"native":"euro","localized":"ୟୁରୋ"},"sl":{"code":"EUR","numeric":978,"native":"evro","localized":"ୟୁରୋ"},"sn":{"code":"USD","numeric":840,"native":"Dora re Amerika","localized":"ଯୁକ୍ତରାଷ୍ଟ୍ର ଡଲାର୍"},"so":{"code":"SOS","numeric":706,"native":"Shilingka Soomaaliya","localized":"ସୋମାଲି ସିଲିଂ"},"sq":{"code":"ALL","numeric":8,"native":"Leku shqiptar","localized":"ଆଲବାନିୟ ଲେକ୍"},"sr_Cyrl":{"code":"RSD","numeric":941,"native":"српски динар","localized":"ସର୍ବିଆଇ ଦିନାର"},"sr_Latn":{"code":"RSD","numeric":941,"native":"srpski dinar","localized":"ସର୍ବିଆଇ ଦିନାର"},"sr_Latn_ME":{"code":"EUR","numeric":978,"native":"Evro","localized":"ୟୁରୋ"},"su":{"code":"IDR","numeric":360,"native":"Rupee Indonésia","localized":"ଇଣ୍ଡୋନେସିୟ ରୁପିଆ"},"sv":{"code":"SEK","numeric":752,"native":"svensk krona","localized":"ସ୍ୱେଡିଶ୍ କ୍ରୋନା"},"sw":{"code":"TZS","numeric":834,"native":"Shilingi ya Tanzania","localized":"ତାନଜାନୀୟ ଶିଲିଂ"},"ta":{"code":"INR","numeric":356,"native":"இந்திய ரூபாய்","localized":"ଭାରତୀୟ ଟଙ୍କା"},"te":{"code":"INR","numeric":356,"native":"భారతదేశ రూపాయి","localized":"ଭାରତୀୟ ଟଙ୍କା"},"tg":{"code":"TJS","numeric":972,"native":"Сомонӣ","localized":"ତାଜିକିସ୍ତାନୀ ସୋମୋନି"},"th":{"code":"THB","numeric":764,"native":"บาท","localized":"ଥାଇ ଭାଟ୍"},"ti":{"code":"ETB","numeric":230,"native":"ብር","localized":"ଇଥିଓପିୟ ବିର୍"},"tk":{"code":"TMT","numeric":934,"native":"Türkmen manady","localized":"ତୁର୍କମେନିସ୍ତାନୀ ମନତ୍‌"},"tl":{"code":"PHP","numeric":608,"native":"Philippine Peso","localized":"ଫିଲିପିନି ପେସୋ"},"tr":{"code":"TRY","numeric":949,"native":"Türk Lirası","localized":"ତୁର୍କିୟ ଲିରା"},"tt":{"code":"RUB","numeric":643,"native":"Россия сумы","localized":"ରୁଷି ରୁବଲ୍"},"ug":{"code":"CNY","numeric":156,"native":"جۇڭگو يۈەنى","localized":"ଚିନୀ ୟୁଆନ୍"},"uk":{"code":"UAH","numeric":980,"native":"українська гривня","localized":"ୟୁକ୍ରେନୀୟ ହ୍ରାଇଭନିଆ"},"ur":{"code":"PKR","numeric":586,"native":"پاکستانی روپیہ","localized":"ପାକିସ୍ତାନୀ ରୁପି"},"uz_Cyrl":{"code":"UZS","numeric":860,"native":"Ўзбекистон сўм","localized":"ଉଜବେକିସ୍ତାନୀ ସୋମ୍"},"uz_Latn":{"code":"UZS","numeric":860,"native":"O‘zbekiston so‘mi","localized":"ଉଜବେକିସ୍ତାନୀ ସୋମ୍"},"vi":{"code":"VND","numeric":704,"native":"Đồng Việt Nam","localized":"ଭୀଏତନାମୀୟ ଡଙ୍ଗ"},"xh":{"code":"ZAR","numeric":710,"native":"IRandi yaseMzantsi Afrika","localized":"ଦକ୍ଷିଣ ଆଫ୍ରିକିୟ ରାଣ୍ଡ୍"},"yi":{"code":"USD","numeric":840,"native":"","localized":""},"yo":{"code":"NGN","numeric":566,"native":"Náírà Nàìjíríà","localized":"ନାଇଜେରିଆଇ ନାଇରା"},"zh_CN":{"code":"CNY","numeric":156,"native":"人民币","localized":"ଚିନୀ ୟୁଆନ୍"},"zh_HK":{"code":"HKD","numeric":344,"native":"港元","localized":"ହଂ କଂ ଡଲାର୍"},"zh_TW":{"code":"TWD","numeric":901,"native":"新台币","localized":"ନ୍ୟୁ ତାଇୱାନ୍ ଡଲାର୍"},"zu":{"code":"ZAR","numeric":710,"native":"i-South African Rand","localized":"ଦକ୍ଷିଣ ଆଫ୍ରିକିୟ ରାଣ୍ଡ୍"}}
