{"af":{"code":"ZAR","numeric":710,"native":"Suid-Afrikaanse rand","localized":"ਦੱਖਣੀ ਅਫਰੀਕੀ ਰੈਂਡ"},"ak":{"code":"GHS","numeric":936,"native":"Ghana Sidi","localized":"ਘਾਨਾਈ ਸੇਡੀ"},"am":{"code":"ETB","numeric":230,"native":"የኢትዮጵያ ብር","localized":"ਇਥੋਪੀਆਈ ਬਿਰ"},"ar":{"code":"EGP","numeric":818,"native":"جنيه مصري","localized":"ਮਿਸਰੀ ਪੌਂਡ"},"as":{"code":"INR","numeric":356,"native":"ভাৰতীয় ৰুপী","localized":"ਭਾਰਤੀ ਰੁਪਇਆ"},"az":{"code":"AZN","numeric":944,"native":"Azərbaycan Manatı","localized":"ਅਜ਼ਰਬਾਈਜਾਨ ਮਾਨਤ"},"be":{"code":"BYN","numeric":840,"native":"беларускі рубель","localized":"ਬੇਲਾਰੂਸੀ ਰੂਬਲ"},"bg":{"code":"BGN","numeric":975,"native":"Български лев","localized":"ਬੁਲਗਾਰੀਆਈ ਲੇਵ"},"bho":{"code":"INR","numeric":356,"native":"INR","localized":"ਭਾਰਤੀ ਰੁਪਇਆ"},"bm":{"code":"XOF","numeric":952,"native":"sefa Fraŋ (BCEAO)","localized":"ਪੱਛਮੀ ਅਫ਼ਰੀਕੀ (CFA) ਫ੍ਰੈਂਕ"},"bn":{"code":"BDT","numeric":50,"native":"বাংলাদেশী টাকা","localized":"ਬੰਗਲਾਦੇਸ਼ੀ ਟਕਾ"},"bs":{"code":"BAM","numeric":977,"native":"Bosanskohercegovačka konvertibilna marka","localized":"ਬੋਸਨੀਆ-ਹਰਜ਼ੇਗੋਵੀਨਾ ਬਦਲਣਯੋਗ ਮਾਰਕ"},"ca":{"code":"EUR","numeric":978,"native":"euro","localized":"ਯੂਰੋ"},"ceb":{"code":"PHP","numeric":608,"native":"Philippine Peso","localized":"ਫਿਲਿਪੀਨੀ ਪੇਸੋ"},"ckb":{"code":"IQD","numeric":368,"native":"IQD","localized":"ਇਰਾਕੀ ਦਿਨਾਰ"},"cs":{"code":"CZK","numeric":203,"native":"česká koruna","localized":"ਚੈਕ ਗਣਰਾਜ ਕੋਰੁਨਾ"},"cy":{"code":"GBP","numeric":826,"native":"Punt Prydain","localized":"ਬ੍ਰਿਟਿਸ਼ ਪੌਂਡ"},"da":{"code":"DKK","numeric":208,"native":"dansk krone","localized":"ਡੈਨਿਸ਼ ਕਰੌਨ"},"de":{"code":"EUR","numeric":978,"native":"Euro","localized":"ਯੂਰੋ"},"de_CH":{"code":"CHF","numeric":756,"native":"Schweizer Franken","localized":"ਸਵਿਸ ਫ੍ਰੈਂਕ"},"doi":{"code":"INR","numeric":356,"native":"भारती रपेऽ","localized":"ਭਾਰਤੀ ਰੁਪਇਆ"},"ee":{"code":"GHS","numeric":936,"native":"ghana siɖi","localized":"ਘਾਨਾਈ ਸੇਡੀ"},"el":{"code":"EUR","numeric":978,"native":"Ευρώ","localized":"ਯੂਰੋ"},"en":{"code":"USD","numeric":840,"native":"US Dollar","localized":"ਯੂ.ਐਸ. ਡਾਲਰ"},"en_CA":{"code":"CAD","numeric":124,"native":"Canadian Dollar","localized":"ਕੇਨੇਡਿਆਈ ਡਾਲਰ"},"eo":{"code":"USD","numeric":840,"native":"","localized":""},"es":{"code":"EUR","numeric":978,"native":"euro","localized":"ਯੂਰੋ"},"et":{"code":"EUR","numeric":978,"native":"euro","localized":"ਯੂਰੋ"},"eu":{"code":"EUR","numeric":978,"native":"euroa","localized":"ਯੂਰੋ"},"fa":{"code":"IRR","numeric":364,"native":"ریال ایران","localized":"ਈਰਾਨੀ ਰਿਆਲ"},"fi":{"code":"EUR","numeric":978,"native":"euro","localized":"ਯੂਰੋ"},"fil":{"code":"PHP","numeric":608,"native":"Piso ng Pilipinas","localized":"ਫਿਲਿਪੀਨੀ ਪੇਸੋ"},"fr":{"code":"EUR","numeric":978,"native":"euro","localized":"ਯੂਰੋ"},"fy":{"code":"EUR","numeric":978,"native":"Euro","localized":"ਯੂਰੋ"},"ga":{"code":"EUR","numeric":978,"native":"Euro","localized":"ਯੂਰੋ"},"gd":{"code":"GBP","numeric":826,"native":"Punnd Sasannach","localized":"ਬ੍ਰਿਟਿਸ਼ ਪੌਂਡ"},"gl":{"code":"EUR","numeric":978,"native":"euro","localized":"ਯੂਰੋ"},"gu":{"code":"INR","numeric":356,"native":"ભારતીય રૂપિયા","localized":"ਭਾਰਤੀ ਰੁਪਇਆ"},"ha":{"code":"NGN","numeric":566,"native":"Nairar Najeriya","localized":"ਨਾਇਜੀਰੀਆਈ ਨਾਇਰਾ"},"haw":{"code":"USD","numeric":840,"native":"USD","localized":"ਯੂ.ਐਸ. ਡਾਲਰ"},"he":{"code":"ILS","numeric":376,"native":"שקל חדש","localized":"ਇਜ਼ਰਾਈਲੀ ਨਵੀਂ ਸ਼ੇਕੇਲ"},"hi":{"code":"INR","numeric":356,"native":"भारतीय रुपया","localized":"ਭਾਰਤੀ ਰੁਪਇਆ"},"hr":{"code":"EUR","numeric":978,"native":"euro","localized":"ਯੂਰੋ"},"hu":{"code":"HUF","numeric":348,"native":"magyar forint","localized":"ਹੰਗਰੀ ਫੋਰਿੰਟ"},"hy":{"code":"AMD","numeric":51,"native":"հայկական դրամ","localized":"ਅਰਮੀਨੀਆਈ ਦਰਾਮ"},"id":{"code":"IDR","numeric":360,"native":"Rupiah Indonesia","localized":"ਇੰਡੋਨੇਸ਼ੀਆਈ ਰੁਪਿਆਹ"},"ig":{"code":"NGN","numeric":566,"native":"Naịra","localized":"ਨਾਇਜੀਰੀਆਈ ਨਾਇਰਾ"},"is":{"code":"ISK","numeric":352,"native":"íslensk króna","localized":"ਆਈਸਲੈਂਡੀ ਕਰੋਨਾ"},"it":{"code":"EUR","numeric":978,"native":"euro","localized":"ਯੂਰੋ"},"ja":{"code":"JPY","numeric":392,"native":"日本円","localized":"ਜਪਾਨੀ ਯੇਨ"},"ka":{"code":"GEL","numeric":981,"native":"ქართული ლარი","localized":"ਜਾਰਜੀਆਈ ਲਾਰੀ"},"kk":{"code":"KZT","numeric":398,"native":"Қазақстан теңгесі","localized":"ਕਜ਼ਾਖਸਤਾਨੀ ਤੇਂਗੇ"},"km":{"code":"KHR","numeric":116,"native":"រៀល​កម្ពុជា","localized":"ਕੰਬੋਡੀਆਈ ਰੀਅਲ"},"kn":{"code":"INR","numeric":356,"native":"ಭಾರತೀಯ ರೂಪಾಯಿ","localized":"ਭਾਰਤੀ ਰੁਪਇਆ"},"ko":{"code":"KRW","numeric":410,"native":"대한민국 원","localized":"ਦੱਖਣੀ ਕੋਰੀਆਈ ਵੋਨ"},"ku":{"code":"TRY","numeric":949,"native":"TRY","localized":"ਤੁਰਕੀ ਲੀਰਾ"},"ky":{"code":"KGS","numeric":417,"native":"Кыргызстан сому","localized":"ਕਿਰਗਿਸਤਾਨੀ ਸੋਮ"},"lb":{"code":"EUR","numeric":978,"native":"Euro","localized":"ਯੂਰੋ"},"lg":{"code":"UGX","numeric":800,"native":"Silingi eya Yuganda","localized":"ਯੂਗਾਂਡੀਆਈ ਸ਼ਿਲਿੰਗ"},"ln":{"code":"CDF","numeric":976,"native":"Falánga ya Kongó","localized":"ਕਾਂਗੋਲੀਜ਼ ਫ੍ਰੈਂਕ"},"lo":{"code":"LAK","numeric":418,"native":"ລາວ ກີບ","localized":"ਲਾਓਟਿਆਈ ਕਿਪ"},"lt":{"code":"EUR","numeric":978,"native":"Euras","localized":"ਯੂਰੋ"},"lv":{"code":"EUR","numeric":978,"native":"eiro","localized":"ਯੂਰੋ"},"mai":{"code":"INR","numeric":356,"native":"भारतीय रुपया","localized":"ਭਾਰਤੀ ਰੁਪਇਆ"},"mg":{"code":"MGA","numeric":969,"native":"Ariary","localized":"ਮਾਲਾਗਾਸੀ ਅਰਾਇਰੀ"},"mi":{"code":"NZD","numeric":554,"native":"Tāra o Aotearoa","localized":"ਨਿਊਜ਼ੀਲੈਂਡ ਡਾਲਰ"},"mk":{"code":"MKD","numeric":807,"native":"Македонски денар","localized":"ਮੈਕਡੋਨੀਆਈ ਡੇਨਾਰ"},"ml":{"code":"INR","numeric":356,"native":"ഇന്ത്യൻ രൂപ","localized":"ਭਾਰਤੀ ਰੁਪਇਆ"},"mn":{"code":"MNT","numeric":496,"native":"Монгол төгрөг","localized":"ਮੰਗੋਲੀਆਈ ਤੁਗਰਿਕ"},"mni_Mtei":{"code":"INR","numeric":356,"native":"Indian Rupee","localized":"ਭਾਰਤੀ ਰੁਪਇਆ"},"mr":{"code":"INR","numeric":356,"native":"भारतीय रुपया","localized":"ਭਾਰਤੀ ਰੁਪਇਆ"},"ms":{"code":"MYR","numeric":458,"native":"Ringgit Malaysia","localized":"ਮਲੇਸ਼ੀਆਈ ਰਿੰਗਿਟ"},"mt":{"code":"EUR","numeric":978,"native":"ewro","localized":"ਯੂਰੋ"},"my":{"code":"MMK","numeric":104,"native":"မြန်မာ ကျပ်","localized":"ਮਿਆਂਮਾਰ ਕਿਆਤ"},"nb":{"code":"NOK","numeric":578,"native":"norske kroner","localized":"ਨਾਰਵੇਜੀਆਈ ਕਰੌਨ"},"ne":{"code":"NPR","numeric":524,"native":"नेपाली रूपैयाँ","localized":"ਨੇਪਾਲੀ ਰੁਪਇਆ"},"nl":{"code":"EUR","numeric":978,"native":"Euro","localized":"ਯੂਰੋ"},"nn":{"code":"NOK","numeric":578,"native":"norske kroner","localized":"ਨਾਰਵੇਜੀਆਈ ਕਰੌਨ"},"oc":{"code":"EUR","numeric":978,"native":"EUR","localized":"ਯੂਰੋ"},"om":{"code":"ETB","numeric":230,"native":"Itoophiyaa Birrii","localized":"ਇਥੋਪੀਆਈ ਬਿਰ"},"or":{"code":"INR","numeric":356,"native":"ଭାରତୀୟ ଟଙ୍କା","localized":"ਭਾਰਤੀ ਰੁਪਇਆ"},"pa":{"code":"INR","numeric":356,"native":"ਭਾਰਤੀ ਰੁਪਇਆ","localized":"ਭਾਰਤੀ ਰੁਪਇਆ"},"pl":{"code":"PLN","numeric":985,"native":"złoty polski","localized":"ਪੋਲੈਂਡੀ ਜ਼ਲੌਟੀ"},"ps":{"code":"AFN","numeric":971,"native":"افغانۍ","localized":"ਅਫ਼ਗਾਨ ਅਫ਼ਗਾਨੀ"},"pt":{"code":"BRL","numeric":986,"native":"Real brasileiro","localized":"ਬ੍ਰਾਜ਼ੀਲੀਆਈ ਰੀਅਲ"},"pt_BR":{"code":"BRL","numeric":986,"native":"Real brasileiro","localized":"ਬ੍ਰਾਜ਼ੀਲੀਆਈ ਰੀਅਲ"},"qu":{"code":"PEN","numeric":604,"native":"Sol Peruano","localized":"ਪੇਰੂਵੀਅਨ ਸੋਲ"},"ro":{"code":"RON","numeric":946,"native":"leu românesc","localized":"ਰੋਮਾਨੀਆਈ ਲੇਉ"},"ru":{"code":"RUB","numeric":643,"native":"российский рубль","localized":"ਰੂਸੀ ਰੂਬਲ"},"rw":{"code":"RWF","numeric":646,"native":"RWF","localized":"ਰਵਾਂਡਨ ਫ੍ਰੈਂਕ"},"sa":{"code":"INR","numeric":356,"native":"भारतीय रूप्यकम्","localized":"ਭਾਰਤੀ ਰੁਪਇਆ"},"sc":{"code":"EUR","numeric":978,"native":"èuro","localized":"ਯੂਰੋ"},"sd":{"code":"PKR","numeric":586,"native":"پاڪستاني رپي","localized":"ਪਾਕਿਸਤਾਨੀ ਰੁਪਇਆ"},"si":{"code":"LKR","numeric":144,"native":"ශ්‍රී ලංකා රුපියල","localized":"ਸ੍ਰੀਲੰਕਾਈ ਰੁਪਇਆ"},"sk":{"code":"EUR","numeric":978,"native":"euro","localized":"ਯੂਰੋ"},"sl":{"code":"EUR","numeric":978,"native":"evro","localized":"ਯੂਰੋ"},"sn":{"code":"USD","numeric":840,"native":"Dora re Amerika","localized":"ਯੂ.ਐਸ. ਡਾਲਰ"},"so":{"code":"SOS","numeric":706,"native":"Shilingka Soomaaliya","localized":"ਸੋਮਾਲੀ ਸ਼ਿਲਿੰਗ"},"sq":{"code":"ALL","numeric":8,"native":"Leku shqiptar","localized":"ਅਲਬਾਨੀਆਈ ਲੇਕ"},"sr_Cyrl":{"code":"RSD","numeric":941,"native":"српски динар","localized":"ਸਰਬੀਆਈ ਦਿਨਾਰ"},"sr_Latn":{"code":"RSD","numeric":941,"native":"srpski dinar","localized":"ਸਰਬੀਆਈ ਦਿਨਾਰ"},"sr_Latn_ME":{"code":"EUR","numeric":978,"native":"Evro","localized":"ਯੂਰੋ"},"su":{"code":"IDR","numeric":360,"native":"Rupee Indonésia","localized":"ਇੰਡੋਨੇਸ਼ੀਆਈ ਰੁਪਿਆਹ"},"sv":{"code":"SEK","numeric":752,"native":"svensk krona","localized":"ਸਵੀਡਿਸ਼ ਕਰੋਨਾ"},"sw":{"code":"TZS","numeric":834,"native":"Shilingi ya Tanzania","localized":"ਤਨਜ਼ਾਨੀਆਈ ਸ਼ਿਲਿੰਗ"},"ta":{"code":"INR","numeric":356,"native":"இந்திய ரூபாய்","localized":"ਭਾਰਤੀ ਰੁਪਇਆ"},"te":{"code":"INR","numeric":356,"native":"భారతదేశ రూపాయి","localized":"ਭਾਰਤੀ ਰੁਪਇਆ"},"tg":{"code":"TJS","numeric":972,"native":"Сомонӣ","localized":"ਤਾਜਿਕਿਸਤਾਨੀ ਸੋਮੋਨੀ"},"th":{"code":"THB","numeric":764,"native":"บาท","localized":"ਥਾਈ ਬਾਹਤ"},"ti":{"code":"ETB","numeric":230,"native":"ብር","localized":"ਇਥੋਪੀਆਈ ਬਿਰ"},"tk":{"code":"TMT","numeric":934,"native":"Türkmen manady","localized":"ਤੁਰਕਮੇਨਿਸਤਾਨੀ ਮਾਨਤ"},"tl":{"code":"PHP","numeric":608,"native":"Philippine Peso","localized":"ਫਿਲਿਪੀਨੀ ਪੇਸੋ"},"tr":{"code":"TRY","numeric":949,"native":"Türk Lirası","localized":"ਤੁਰਕੀ ਲੀਰਾ"},"tt":{"code":"RUB","numeric":643,"native":"Россия сумы","localized":"ਰੂਸੀ ਰੂਬਲ"},"ug":{"code":"CNY","numeric":156,"native":"جۇڭگو يۈەنى","localized":"ਚੀਨੀ ਯੁਆਨ"},"uk":{"code":"UAH","numeric":980,"native":"українська гривня","localized":"ਯੂਕਰੇਨੀਆਈ ਰਿਵਨਿਆ"},"ur":{"code":"PKR","numeric":586,"native":"پاکستانی روپیہ","localized":"ਪਾਕਿਸਤਾਨੀ ਰੁਪਇਆ"},"uz_Cyrl":{"code":"UZS","numeric":860,"native":"Ўзбекистон сўм","localized":"ਉਜ਼ਬੇਕਿਸਤਾਨ ਸੋਮ"},"uz_Latn":{"code":"UZS","numeric":860,"native":"O‘zbekiston so‘mi","localized":"ਉਜ਼ਬੇਕਿਸਤਾਨ ਸੋਮ"},"vi":{"code":"VND","numeric":704,"native":"Đồng Việt Nam","localized":"ਵੀਅਤਨਾਮੀ ਡੋਂਗ"},"xh":{"code":"ZAR","numeric":710,"native":"IRandi yaseMzantsi Afrika","localized":"ਦੱਖਣੀ ਅਫਰੀਕੀ ਰੈਂਡ"},"yi":{"code":"USD","numeric":840,"native":"","localized":""},"yo":{"code":"NGN","numeric":566,"native":"Náírà Nàìjíríà","localized":"ਨਾਇਜੀਰੀਆਈ ਨਾਇਰਾ"},"zh_CN":{"code":"CNY","numeric":156,"native":"人民币","localized":"ਚੀਨੀ ਯੁਆਨ"},"zh_HK":{"code":"HKD","numeric":344,"native":"港元","localized":"ਹਾਂਗ ਕਾਂਗ ਡਾਲਰ"},"zh_TW":{"code":"TWD","numeric":901,"native":"新台币","localized":"ਨਵਾਂ ਤਾਇਵਾਨ ਡਾਲਰ"},"zu":{"code":"ZAR","numeric":710,"native":"i-South African Rand","localized":"ਦੱਖਣੀ ਅਫਰੀਕੀ ਰੈਂਡ"}}
