{"af":{"code":"ZAR","numeric":710,"native":"Suid-Afrikaanse rand","localized":"rand południowoafrykański"},"ak":{"code":"GHS","numeric":936,"native":"Ghana Sidi","localized":"cedi ghańskie"},"am":{"code":"ETB","numeric":230,"native":"የኢትዮጵያ ብር","localized":"birr etiopski"},"ar":{"code":"EGP","numeric":818,"native":"جنيه مصري","localized":"funt egipski"},"as":{"code":"INR","numeric":356,"native":"ভাৰতীয় ৰুপী","localized":"rupia indyjska"},"az":{"code":"AZN","numeric":944,"native":"Azərbaycan Manatı","localized":"manat azerski"},"be":{"code":"BYN","numeric":840,"native":"беларускі рубель","localized":"rubel białoruski"},"bg":{"code":"BGN","numeric":975,"native":"Български лев","localized":"lew bułgarski"},"bho":{"code":"INR","numeric":356,"native":"INR","localized":"rupia indyjska"},"bm":{"code":"XOF","numeric":952,"native":"sefa Fraŋ (BCEAO)","localized":"frank CFA"},"bn":{"code":"BDT","numeric":50,"native":"বাংলাদেশী টাকা","localized":"taka bengalska"},"bs":{"code":"BAM","numeric":977,"native":"Bosanskohercegovačka konvertibilna marka","localized":"marka zamienna Bośni i Hercegowiny"},"ca":{"code":"EUR","numeric":978,"native":"euro","localized":"euro"},"ceb":{"code":"PHP","numeric":608,"native":"Philippine Peso","localized":"peso filipińskie"},"ckb":{"code":"IQD","numeric":368,"native":"IQD","localized":"dinar iracki"},"cs":{"code":"CZK","numeric":203,"native":"česká koruna","localized":"korona czeska"},"cy":{"code":"GBP","numeric":826,"native":"Punt Prydain","localized":"funt szterling"},"da":{"code":"DKK","numeric":208,"native":"dansk krone","localized":"korona duńska"},"de":{"code":"EUR","numeric":978,"native":"Euro","localized":"euro"},"de_CH":{"code":"CHF","numeric":756,"native":"Schweizer Franken","localized":"frank szwajcarski"},"doi":{"code":"INR","numeric":356,"native":"भारती रपेऽ","localized":"rupia indyjska"},"ee":{"code":"GHS","numeric":936,"native":"ghana siɖi","localized":"cedi ghańskie"},"el":{"code":"EUR","numeric":978,"native":"Ευρώ","localized":"euro"},"en":{"code":"USD","numeric":840,"native":"US Dollar","localized":"dolar amerykański"},"en_CA":{"code":"CAD","numeric":124,"native":"Canadian Dollar","localized":"dolar kanadyjski"},"eo":{"code":"USD","numeric":840,"native":"","localized":""},"es":{"code":"EUR","numeric":978,"native":"euro","localized":"euro"},"et":{"code":"EUR","numeric":978,"native":"euro","localized":"euro"},"eu":{"code":"EUR","numeric":978,"native":"euroa","localized":"euro"},"fa":{"code":"IRR","numeric":364,"native":"ریال ایران","localized":"rial irański"},"fi":{"code":"EUR","numeric":978,"native":"euro","localized":"euro"},"fil":{"code":"PHP","numeric":608,"native":"Piso ng Pilipinas","localized":"peso filipińskie"},"fr":{"code":"EUR","numeric":978,"native":"euro","localized":"euro"},"fy":{"code":"EUR","numeric":978,"native":"Euro","localized":"euro"},"ga":{"code":"EUR","numeric":978,"native":"Euro","localized":"euro"},"gd":{"code":"GBP","numeric":826,"native":"Punnd Sasannach","localized":"funt szterling"},"gl":{"code":"EUR","numeric":978,"native":"euro","localized":"euro"},"gu":{"code":"INR","numeric":356,"native":"ભારતીય રૂપિયા","localized":"rupia indyjska"},"ha":{"code":"NGN","numeric":566,"native":"Nairar Najeriya","localized":"naira nigeryjska"},"haw":{"code":"USD","numeric":840,"native":"USD","localized":"dolar amerykański"},"he":{"code":"ILS","numeric":376,"native":"שקל חדש","localized":"nowy szekel izraelski"},"hi":{"code":"INR","numeric":356,"native":"भारतीय रुपया","localized":"rupia indyjska"},"hr":{"code":"EUR","numeric":978,"native":"euro","localized":"euro"},"hu":{"code":"HUF","numeric":348,"native":"magyar forint","localized":"forint węgierski"},"hy":{"code":"AMD","numeric":51,"native":"հայկական դրամ","localized":"dram armeński"},"id":{"code":"IDR","numeric":360,"native":"Rupiah Indonesia","localized":"rupia indonezyjska"},"ig":{"code":"NGN","numeric":566,"native":"Naịra","localized":"naira nigeryjska"},"is":{"code":"ISK","numeric":352,"native":"íslensk króna","localized":"korona islandzka"},"it":{"code":"EUR","numeric":978,"native":"euro","localized":"euro"},"ja":{"code":"JPY","numeric":392,"native":"日本円","localized":"jen japoński"},"ka":{"code":"GEL","numeric":981,"native":"ქართული ლარი","localized":"lari gruzińskie"},"kk":{"code":"KZT","numeric":398,"native":"Қазақстан теңгесі","localized":"tenge kazachskie"},"km":{"code":"KHR","numeric":116,"native":"រៀល​កម្ពុជា","localized":"riel kambodżański"},"kn":{"code":"INR","numeric":356,"native":"ಭಾರತೀಯ ರೂಪಾಯಿ","localized":"rupia indyjska"},"ko":{"code":"KRW","numeric":410,"native":"대한민국 원","localized":"won południowokoreański"},"ku":{"code":"TRY","numeric":949,"native":"TRY","localized":"lira turecka"},"ky":{"code":"KGS","numeric":417,"native":"Кыргызстан сому","localized":"som kirgiski"},"lb":{"code":"EUR","numeric":978,"native":"Euro","localized":"euro"},"lg":{"code":"UGX","numeric":800,"native":"Silingi eya Yuganda","localized":"szyling ugandyjski"},"ln":{"code":"CDF","numeric":976,"native":"Falánga ya Kongó","localized":"frank kongijski"},"lo":{"code":"LAK","numeric":418,"native":"ລາວ ກີບ","localized":"kip laotański"},"lt":{"code":"EUR","numeric":978,"native":"Euras","localized":"euro"},"lv":{"code":"EUR","numeric":978,"native":"eiro","localized":"euro"},"mai":{"code":"INR","numeric":356,"native":"भारतीय रुपया","localized":"rupia indyjska"},"mg":{"code":"MGA","numeric":969,"native":"Ariary","localized":"ariary malgaski"},"mi":{"code":"NZD","numeric":554,"native":"Tāra o Aotearoa","localized":"dolar nowozelandzki"},"mk":{"code":"MKD","numeric":807,"native":"Македонски денар","localized":"denar macedoński"},"ml":{"code":"INR","numeric":356,"native":"ഇന്ത്യൻ രൂപ","localized":"rupia indyjska"},"mn":{"code":"MNT","numeric":496,"native":"Монгол төгрөг","localized":"tugrik mongolski"},"mni_Mtei":{"code":"INR","numeric":356,"native":"Indian Rupee","localized":"rupia indyjska"},"mr":{"code":"INR","numeric":356,"native":"भारतीय रुपया","localized":"rupia indyjska"},"ms":{"code":"MYR","numeric":458,"native":"Ringgit Malaysia","localized":"ringgit malezyjski"},"mt":{"code":"EUR","numeric":978,"native":"ewro","localized":"euro"},"my":{"code":"MMK","numeric":104,"native":"မြန်မာ ကျပ်","localized":"kiat birmański"},"nb":{"code":"NOK","numeric":578,"native":"norske kroner","localized":"korona norweska"},"ne":{"code":"NPR","numeric":524,"native":"नेपाली रूपैयाँ","localized":"rupia nepalska"},"nl":{"code":"EUR","numeric":978,"native":"Euro","localized":"euro"},"nn":{"code":"NOK","numeric":578,"native":"norske kroner","localized":"korona norweska"},"oc":{"code":"EUR","numeric":978,"native":"EUR","localized":"euro"},"om":{"code":"ETB","numeric":230,"native":"Itoophiyaa Birrii","localized":"birr etiopski"},"or":{"code":"INR","numeric":356,"native":"ଭାରତୀୟ ଟଙ୍କା","localized":"rupia indyjska"},"pa":{"code":"INR","numeric":356,"native":"ਭਾਰਤੀ ਰੁਪਇਆ","localized":"rupia indyjska"},"pl":{"code":"PLN","numeric":985,"native":"złoty polski","localized":"złoty polski"},"ps":{"code":"AFN","numeric":971,"native":"افغانۍ","localized":"afgani afgańskie"},"pt":{"code":"BRL","numeric":986,"native":"Real brasileiro","localized":"real brazylijski"},"pt_BR":{"code":"BRL","numeric":986,"native":"Real brasileiro","localized":"real brazylijski"},"qu":{"code":"PEN","numeric":604,"native":"Sol Peruano","localized":"sol peruwiański"},"ro":{"code":"RON","numeric":946,"native":"leu românesc","localized":"lej rumuński"},"ru":{"code":"RUB","numeric":643,"native":"российский рубль","localized":"rubel rosyjski"},"rw":{"code":"RWF","numeric":646,"native":"RWF","localized":"frank ruandyjski"},"sa":{"code":"INR","numeric":356,"native":"भारतीय रूप्यकम्","localized":"rupia indyjska"},"sc":{"code":"EUR","numeric":978,"native":"èuro","localized":"euro"},"sd":{"code":"PKR","numeric":586,"native":"پاڪستاني رپي","localized":"rupia pakistańska"},"si":{"code":"LKR","numeric":144,"native":"ශ්‍රී ලංකා රුපියල","localized":"rupia lankijska"},"sk":{"code":"EUR","numeric":978,"native":"euro","localized":"euro"},"sl":{"code":"EUR","numeric":978,"native":"evro","localized":"euro"},"sn":{"code":"USD","numeric":840,"native":"Dora re Amerika","localized":"dolar amerykański"},"so":{"code":"SOS","numeric":706,"native":"Shilingka Soomaaliya","localized":"szyling somalijski"},"sq":{"code":"ALL","numeric":8,"native":"Leku shqiptar","localized":"lek albański"},"sr_Cyrl":{"code":"RSD","numeric":941,"native":"српски динар","localized":"dinar serbski"},"sr_Latn":{"code":"RSD","numeric":941,"native":"srpski dinar","localized":"dinar serbski"},"sr_Latn_ME":{"code":"EUR","numeric":978,"native":"Evro","localized":"euro"},"su":{"code":"IDR","numeric":360,"native":"Rupee Indonésia","localized":"rupia indonezyjska"},"sv":{"code":"SEK","numeric":752,"native":"svensk krona","localized":"korona szwedzka"},"sw":{"code":"TZS","numeric":834,"native":"Shilingi ya Tanzania","localized":"szyling tanzański"},"ta":{"code":"INR","numeric":356,"native":"இந்திய ரூபாய்","localized":"rupia indyjska"},"te":{"code":"INR","numeric":356,"native":"భారతదేశ రూపాయి","localized":"rupia indyjska"},"tg":{"code":"TJS","numeric":972,"native":"Сомонӣ","localized":"somoni tadżyckie"},"th":{"code":"THB","numeric":764,"native":"บาท","localized":"baht tajski"},"ti":{"code":"ETB","numeric":230,"native":"ብር","localized":"birr etiopski"},"tk":{"code":"TMT","numeric":934,"native":"Türkmen manady","localized":"manat turkmeński"},"tl":{"code":"PHP","numeric":608,"native":"Philippine Peso","localized":"peso filipińskie"},"tr":{"code":"TRY","numeric":949,"native":"Türk Lirası","localized":"lira turecka"},"tt":{"code":"RUB","numeric":643,"native":"Россия сумы","localized":"rubel rosyjski"},"ug":{"code":"CNY","numeric":156,"native":"جۇڭگو يۈەنى","localized":"juan chiński"},"uk":{"code":"UAH","numeric":980,"native":"українська гривня","localized":"hrywna ukraińska"},"ur":{"code":"PKR","numeric":586,"native":"پاکستانی روپیہ","localized":"rupia pakistańska"},"uz_Cyrl":{"code":"UZS","numeric":860,"native":"Ўзбекистон сўм","localized":"som uzbecki"},"uz_Latn":{"code":"UZS","numeric":860,"native":"O‘zbekiston so‘mi","localized":"som uzbecki"},"vi":{"code":"VND","numeric":704,"native":"Đồng Việt Nam","localized":"dong wietnamski"},"xh":{"code":"ZAR","numeric":710,"native":"IRandi yaseMzantsi Afrika","localized":"rand południowoafrykański"},"yi":{"code":"USD","numeric":840,"native":"","localized":""},"yo":{"code":"NGN","numeric":566,"native":"Náírà Nàìjíríà","localized":"naira nigeryjska"},"zh_CN":{"code":"CNY","numeric":156,"native":"人民币","localized":"juan chiński"},"zh_HK":{"code":"HKD","numeric":344,"native":"港元","localized":"dolar hongkoński"},"zh_TW":{"code":"TWD","numeric":901,"native":"新台币","localized":"nowy dolar tajwański"},"zu":{"code":"ZAR","numeric":710,"native":"i-South African Rand","localized":"rand południowoafrykański"}}
