{"af":{"code":"ZAR","numeric":710,"native":"Suid-Afrikaanse rand","localized":"جنوبي افريقاېي رنډ"},"ak":{"code":"GHS","numeric":936,"native":"Ghana Sidi","localized":"ګانين سيډي"},"am":{"code":"ETB","numeric":230,"native":"የኢትዮጵያ ብር","localized":"ايتهوپيايي بر"},"ar":{"code":"EGP","numeric":818,"native":"جنيه مصري","localized":"مصري پونډ"},"as":{"code":"INR","numeric":356,"native":"ভাৰতীয় ৰুপী","localized":"هندي روپۍ"},"az":{"code":"AZN","numeric":944,"native":"Azərbaycan Manatı","localized":"آزربايجاني منت"},"be":{"code":"BYN","numeric":840,"native":"беларускі рубель","localized":"بلاروسي روبل"},"bg":{"code":"BGN","numeric":975,"native":"Български лев","localized":"بلغاري ليو"},"bho":{"code":"INR","numeric":356,"native":"INR","localized":"هندي روپۍ"},"bm":{"code":"XOF","numeric":952,"native":"sefa Fraŋ (BCEAO)","localized":"ختيځ افريقايي CFA فرانک"},"bn":{"code":"BDT","numeric":50,"native":"বাংলাদেশী টাকা","localized":"بنګالۍ ټاکه"},"bs":{"code":"BAM","numeric":977,"native":"Bosanskohercegovačka konvertibilna marka","localized":"بوسنيا هرزګوينيايي بدلېدونکې مارک"},"ca":{"code":"EUR","numeric":978,"native":"euro","localized":"يورو"},"ceb":{"code":"PHP","numeric":608,"native":"Philippine Peso","localized":"فلپاينۍ پیسو"},"ckb":{"code":"IQD","numeric":368,"native":"IQD","localized":"عراقي دينار"},"cs":{"code":"CZK","numeric":203,"native":"česká koruna","localized":"چيک کرونا"},"cy":{"code":"GBP","numeric":826,"native":"Punt Prydain","localized":"برتانوې پونډ"},"da":{"code":"DKK","numeric":208,"native":"dansk krone","localized":"ډنمارکي کرون"},"de":{"code":"EUR","numeric":978,"native":"Euro","localized":"يورو"},"de_CH":{"code":"CHF","numeric":756,"native":"Schweizer Franken","localized":"سويسي فرانک"},"doi":{"code":"INR","numeric":356,"native":"भारती रपेऽ","localized":"هندي روپۍ"},"ee":{"code":"GHS","numeric":936,"native":"ghana siɖi","localized":"ګانين سيډي"},"el":{"code":"EUR","numeric":978,"native":"Ευρώ","localized":"يورو"},"en":{"code":"USD","numeric":840,"native":"US Dollar","localized":"امريکايي ډالر"},"en_CA":{"code":"CAD","numeric":124,"native":"Canadian Dollar","localized":"کاناډايي ډالر"},"eo":{"code":"USD","numeric":840,"native":"","localized":""},"es":{"code":"EUR","numeric":978,"native":"euro","localized":"يورو"},"et":{"code":"EUR","numeric":978,"native":"euro","localized":"يورو"},"eu":{"code":"EUR","numeric":978,"native":"euroa","localized":"يورو"},"fa":{"code":"IRR","numeric":364,"native":"ریال ایران","localized":"ايراني ريال"},"fi":{"code":"EUR","numeric":978,"native":"euro","localized":"يورو"},"fil":{"code":"PHP","numeric":608,"native":"Piso ng Pilipinas","localized":"فلپاينۍ پیسو"},"fr":{"code":"EUR","numeric":978,"native":"euro","localized":"يورو"},"fy":{"code":"EUR","numeric":978,"native":"Euro","localized":"يورو"},"ga":{"code":"EUR","numeric":978,"native":"Euro","localized":"يورو"},"gd":{"code":"GBP","numeric":826,"native":"Punnd Sasannach","localized":"برتانوې پونډ"},"gl":{"code":"EUR","numeric":978,"native":"euro","localized":"يورو"},"gu":{"code":"INR","numeric":356,"native":"ભારતીય રૂપિયા","localized":"هندي روپۍ"},"ha":{"code":"NGN","numeric":566,"native":"Nairar Najeriya","localized":"نايجيري نايرا"},"haw":{"code":"USD","numeric":840,"native":"USD","localized":"امريکايي ډالر"},"he":{"code":"ILS","numeric":376,"native":"שקל חדש","localized":"اسرايلي نيو شيکل"},"hi":{"code":"INR","numeric":356,"native":"भारतीय रुपया","localized":"هندي روپۍ"},"hr":{"code":"EUR","numeric":978,"native":"euro","localized":"يورو"},"hu":{"code":"HUF","numeric":348,"native":"magyar forint","localized":"هنګري فورنټ"},"hy":{"code":"AMD","numeric":51,"native":"հայկական դրամ","localized":"ارمينيايي ډرام"},"id":{"code":"IDR","numeric":360,"native":"Rupiah Indonesia","localized":"انډونيشي روپيا"},"ig":{"code":"NGN","numeric":566,"native":"Naịra","localized":"نايجيري نايرا"},"is":{"code":"ISK","numeric":352,"native":"íslensk króna","localized":"آيسلېنډي کرونا"},"it":{"code":"EUR","numeric":978,"native":"euro","localized":"يورو"},"ja":{"code":"JPY","numeric":392,"native":"日本円","localized":"جاپاني ين"},"ka":{"code":"GEL","numeric":981,"native":"ქართული ლარი","localized":"جارجیاېي لارې"},"kk":{"code":"KZT","numeric":398,"native":"Қазақстан теңгесі","localized":"قازقستاني ټينج"},"km":{"code":"KHR","numeric":116,"native":"រៀល​កម្ពុជា","localized":"کمبوډي ريل"},"kn":{"code":"INR","numeric":356,"native":"ಭಾರತೀಯ ರೂಪಾಯಿ","localized":"هندي روپۍ"},"ko":{"code":"KRW","numeric":410,"native":"대한민국 원","localized":"جنوبي کوريايي وان"},"ku":{"code":"TRY","numeric":949,"native":"TRY","localized":"ترکي ليرا"},"ky":{"code":"KGS","numeric":417,"native":"Кыргызстан сому","localized":"کرغزستاني سوم"},"lb":{"code":"EUR","numeric":978,"native":"Euro","localized":"يورو"},"lg":{"code":"UGX","numeric":800,"native":"Silingi eya Yuganda","localized":"يوګانډي شيلنګ"},"ln":{"code":"CDF","numeric":976,"native":"Falánga ya Kongó","localized":"کانګولي فرانک"},"lo":{"code":"LAK","numeric":418,"native":"ລາວ ກີບ","localized":"لاشې کپ"},"lt":{"code":"EUR","numeric":978,"native":"Euras","localized":"يورو"},"lv":{"code":"EUR","numeric":978,"native":"eiro","localized":"يورو"},"mai":{"code":"INR","numeric":356,"native":"भारतीय रुपया","localized":"هندي روپۍ"},"mg":{"code":"MGA","numeric":969,"native":"Ariary","localized":"ملاګاسي ارياري"},"mi":{"code":"NZD","numeric":554,"native":"Tāra o Aotearoa","localized":"نيوزي لينډي ډالر"},"mk":{"code":"MKD","numeric":807,"native":"Македонски денар","localized":"مسيډونايي دينار"},"ml":{"code":"INR","numeric":356,"native":"ഇന്ത്യൻ രൂപ","localized":"هندي روپۍ"},"mn":{"code":"MNT","numeric":496,"native":"Монгол төгрөг","localized":"منګوليايي توګريک"},"mni_Mtei":{"code":"INR","numeric":356,"native":"Indian Rupee","localized":"هندي روپۍ"},"mr":{"code":"INR","numeric":356,"native":"भारतीय रुपया","localized":"هندي روپۍ"},"ms":{"code":"MYR","numeric":458,"native":"Ringgit Malaysia","localized":"ملايشي رنګټ"},"mt":{"code":"EUR","numeric":978,"native":"ewro","localized":"يورو"},"my":{"code":"MMK","numeric":104,"native":"မြန်မာ ကျပ်","localized":"ميانماري کيات"},"nb":{"code":"NOK","numeric":578,"native":"norske kroner","localized":"نارويجين کرون"},"ne":{"code":"NPR","numeric":524,"native":"नेपाली रूपैयाँ","localized":"نيپالي روپۍ"},"nl":{"code":"EUR","numeric":978,"native":"Euro","localized":"يورو"},"nn":{"code":"NOK","numeric":578,"native":"norske kroner","localized":"نارويجين کرون"},"oc":{"code":"EUR","numeric":978,"native":"EUR","localized":"يورو"},"om":{"code":"ETB","numeric":230,"native":"Itoophiyaa Birrii","localized":"ايتهوپيايي بر"},"or":{"code":"INR","numeric":356,"native":"ଭାରତୀୟ ଟଙ୍କା","localized":"هندي روپۍ"},"pa":{"code":"INR","numeric":356,"native":"ਭਾਰਤੀ ਰੁਪਇਆ","localized":"هندي روپۍ"},"pl":{"code":"PLN","numeric":985,"native":"złoty polski","localized":"پولينډي زلوټي"},"ps":{"code":"AFN","numeric":971,"native":"افغانۍ","localized":"افغانۍ"},"pt":{"code":"BRL","numeric":986,"native":"Real brasileiro","localized":"برازيلي ريل"},"pt_BR":{"code":"BRL","numeric":986,"native":"Real brasileiro","localized":"برازيلي ريل"},"qu":{"code":"PEN","numeric":604,"native":"Sol Peruano","localized":"پيروين سول"},"ro":{"code":"RON","numeric":946,"native":"leu românesc","localized":"روماني ليو"},"ru":{"code":"RUB","numeric":643,"native":"российский рубль","localized":"روسي روبل"},"rw":{"code":"RWF","numeric":646,"native":"RWF","localized":"روانډي فرانک"},"sa":{"code":"INR","numeric":356,"native":"भारतीय रूप्यकम्","localized":"هندي روپۍ"},"sc":{"code":"EUR","numeric":978,"native":"èuro","localized":"يورو"},"sd":{"code":"PKR","numeric":586,"native":"پاڪستاني رپي","localized":"پاکستانۍ کلداره"},"si":{"code":"LKR","numeric":144,"native":"ශ්‍රී ලංකා රුපියල","localized":"سري لنکن روپۍ"},"sk":{"code":"EUR","numeric":978,"native":"euro","localized":"يورو"},"sl":{"code":"EUR","numeric":978,"native":"evro","localized":"يورو"},"sn":{"code":"USD","numeric":840,"native":"Dora re Amerika","localized":"امريکايي ډالر"},"so":{"code":"SOS","numeric":706,"native":"Shilingka Soomaaliya","localized":"سومالي شيلنګ"},"sq":{"code":"ALL","numeric":8,"native":"Leku shqiptar","localized":"البانوي لک"},"sr_Cyrl":{"code":"RSD","numeric":941,"native":"српски динар","localized":"سربيايي دينار"},"sr_Latn":{"code":"RSD","numeric":941,"native":"srpski dinar","localized":"سربيايي دينار"},"sr_Latn_ME":{"code":"EUR","numeric":978,"native":"Evro","localized":"يورو"},"su":{"code":"IDR","numeric":360,"native":"Rupee Indonésia","localized":"انډونيشي روپيا"},"sv":{"code":"SEK","numeric":752,"native":"svensk krona","localized":"سويډني کرونا"},"sw":{"code":"TZS","numeric":834,"native":"Shilingi ya Tanzania","localized":"تنزاني شيلنګ"},"ta":{"code":"INR","numeric":356,"native":"இந்திய ரூபாய்","localized":"هندي روپۍ"},"te":{"code":"INR","numeric":356,"native":"భారతదేశ రూపాయి","localized":"هندي روپۍ"},"tg":{"code":"TJS","numeric":972,"native":"Сомонӣ","localized":"تاجکستاني سوموني"},"th":{"code":"THB","numeric":764,"native":"บาท","localized":"تهايي بات"},"ti":{"code":"ETB","numeric":230,"native":"ብር","localized":"ايتهوپيايي بر"},"tk":{"code":"TMT","numeric":934,"native":"Türkmen manady","localized":"ترکمانستاني منت"},"tl":{"code":"PHP","numeric":608,"native":"Philippine Peso","localized":"فلپاينۍ پیسو"},"tr":{"code":"TRY","numeric":949,"native":"Türk Lirası","localized":"ترکي ليرا"},"tt":{"code":"RUB","numeric":643,"native":"Россия сумы","localized":"روسي روبل"},"ug":{"code":"CNY","numeric":156,"native":"جۇڭگو يۈەنى","localized":"چيني يوان"},"uk":{"code":"UAH","numeric":980,"native":"українська гривня","localized":"اوکرايني هريونيا"},"ur":{"code":"PKR","numeric":586,"native":"پاکستانی روپیہ","localized":"پاکستانۍ کلداره"},"uz_Cyrl":{"code":"UZS","numeric":860,"native":"Ўзбекистон сўм","localized":"ازبکستاني سوم"},"uz_Latn":{"code":"UZS","numeric":860,"native":"O‘zbekiston so‘mi","localized":"ازبکستاني سوم"},"vi":{"code":"VND","numeric":704,"native":"Đồng Việt Nam","localized":"ويتنامي ډونګ"},"xh":{"code":"ZAR","numeric":710,"native":"IRandi yaseMzantsi Afrika","localized":"جنوبي افريقاېي رنډ"},"yi":{"code":"USD","numeric":840,"native":"","localized":""},"yo":{"code":"NGN","numeric":566,"native":"Náírà Nàìjíríà","localized":"نايجيري نايرا"},"zh_CN":{"code":"CNY","numeric":156,"native":"人民币","localized":"چيني يوان"},"zh_HK":{"code":"HKD","numeric":344,"native":"港元","localized":"هانګ کانګ ډالر"},"zh_TW":{"code":"TWD","numeric":901,"native":"新台币","localized":"نيو تائيواني ډالر"},"zu":{"code":"ZAR","numeric":710,"native":"i-South African Rand","localized":"جنوبي افريقاېي رنډ"}}
