{"af":{"code":"ZAR","numeric":710,"native":"Suid-Afrikaanse rand","localized":"Rand sul-africano"},"ak":{"code":"GHS","numeric":936,"native":"Ghana Sidi","localized":"Cedi ganês"},"am":{"code":"ETB","numeric":230,"native":"የኢትዮጵያ ብር","localized":"Birr etíope"},"ar":{"code":"EGP","numeric":818,"native":"جنيه مصري","localized":"Libra egípcia"},"as":{"code":"INR","numeric":356,"native":"ভাৰতীয় ৰুপী","localized":"Rupia indiana"},"az":{"code":"AZN","numeric":944,"native":"Azərbaycan Manatı","localized":"Manat azeri"},"be":{"code":"BYN","numeric":840,"native":"беларускі рубель","localized":"Rublo bielorrusso"},"bg":{"code":"BGN","numeric":975,"native":"Български лев","localized":"Lev búlgaro"},"bho":{"code":"INR","numeric":356,"native":"INR","localized":"Rupia indiana"},"bm":{"code":"XOF","numeric":952,"native":"sefa Fraŋ (BCEAO)","localized":"Franco CFA de BCEAO"},"bn":{"code":"BDT","numeric":50,"native":"বাংলাদেশী টাকা","localized":"Taka bengali"},"bs":{"code":"BAM","numeric":977,"native":"Bosanskohercegovačka konvertibilna marka","localized":"Marco conversível da Bósnia e Herzegovina"},"ca":{"code":"EUR","numeric":978,"native":"euro","localized":"Euro"},"ceb":{"code":"PHP","numeric":608,"native":"Philippine Peso","localized":"Peso filipino"},"ckb":{"code":"IQD","numeric":368,"native":"IQD","localized":"Dinar iraquiano"},"cs":{"code":"CZK","numeric":203,"native":"česká koruna","localized":"Coroa tcheca"},"cy":{"code":"GBP","numeric":826,"native":"Punt Prydain","localized":"Libra esterlina"},"da":{"code":"DKK","numeric":208,"native":"dansk krone","localized":"Coroa dinamarquesa"},"de":{"code":"EUR","numeric":978,"native":"Euro","localized":"Euro"},"de_CH":{"code":"CHF","numeric":756,"native":"Schweizer Franken","localized":"Franco suíço"},"doi":{"code":"INR","numeric":356,"native":"भारती रपेऽ","localized":"Rupia indiana"},"ee":{"code":"GHS","numeric":936,"native":"ghana siɖi","localized":"Cedi ganês"},"el":{"code":"EUR","numeric":978,"native":"Ευρώ","localized":"Euro"},"en":{"code":"USD","numeric":840,"native":"US Dollar","localized":"Dólar americano"},"en_CA":{"code":"CAD","numeric":124,"native":"Canadian Dollar","localized":"Dólar canadense"},"eo":{"code":"USD","numeric":840,"native":"","localized":""},"es":{"code":"EUR","numeric":978,"native":"euro","localized":"Euro"},"et":{"code":"EUR","numeric":978,"native":"euro","localized":"Euro"},"eu":{"code":"EUR","numeric":978,"native":"euroa","localized":"Euro"},"fa":{"code":"IRR","numeric":364,"native":"ریال ایران","localized":"Rial iraniano"},"fi":{"code":"EUR","numeric":978,"native":"euro","localized":"Euro"},"fil":{"code":"PHP","numeric":608,"native":"Piso ng Pilipinas","localized":"Peso filipino"},"fr":{"code":"EUR","numeric":978,"native":"euro","localized":"Euro"},"fy":{"code":"EUR","numeric":978,"native":"Euro","localized":"Euro"},"ga":{"code":"EUR","numeric":978,"native":"Euro","localized":"Euro"},"gd":{"code":"GBP","numeric":826,"native":"Punnd Sasannach","localized":"Libra esterlina"},"gl":{"code":"EUR","numeric":978,"native":"euro","localized":"Euro"},"gu":{"code":"INR","numeric":356,"native":"ભારતીય રૂપિયા","localized":"Rupia indiana"},"ha":{"code":"NGN","numeric":566,"native":"Nairar Najeriya","localized":"Naira nigeriana"},"haw":{"code":"USD","numeric":840,"native":"USD","localized":"Dólar americano"},"he":{"code":"ILS","numeric":376,"native":"שקל חדש","localized":"Novo shekel israelense"},"hi":{"code":"INR","numeric":356,"native":"भारतीय रुपया","localized":"Rupia indiana"},"hr":{"code":"EUR","numeric":978,"native":"euro","localized":"Euro"},"hu":{"code":"HUF","numeric":348,"native":"magyar forint","localized":"Florim húngaro"},"hy":{"code":"AMD","numeric":51,"native":"հայկական դրամ","localized":"Dram armênio"},"id":{"code":"IDR","numeric":360,"native":"Rupiah Indonesia","localized":"Rupia indonésia"},"ig":{"code":"NGN","numeric":566,"native":"Naịra","localized":"Naira nigeriana"},"is":{"code":"ISK","numeric":352,"native":"íslensk króna","localized":"Coroa islandesa"},"it":{"code":"EUR","numeric":978,"native":"euro","localized":"Euro"},"ja":{"code":"JPY","numeric":392,"native":"日本円","localized":"Iene japonês"},"ka":{"code":"GEL","numeric":981,"native":"ქართული ლარი","localized":"Lari georgiano"},"kk":{"code":"KZT","numeric":398,"native":"Қазақстан теңгесі","localized":"Tenge cazaque"},"km":{"code":"KHR","numeric":116,"native":"រៀល​កម្ពុជា","localized":"Riel cambojano"},"kn":{"code":"INR","numeric":356,"native":"ಭಾರತೀಯ ರೂಪಾಯಿ","localized":"Rupia indiana"},"ko":{"code":"KRW","numeric":410,"native":"대한민국 원","localized":"Won sul-coreano"},"ku":{"code":"TRY","numeric":949,"native":"TRY","localized":"Lira turca"},"ky":{"code":"KGS","numeric":417,"native":"Кыргызстан сому","localized":"Som quirguiz"},"lb":{"code":"EUR","numeric":978,"native":"Euro","localized":"Euro"},"lg":{"code":"UGX","numeric":800,"native":"Silingi eya Yuganda","localized":"Xelim ugandense"},"ln":{"code":"CDF","numeric":976,"native":"Falánga ya Kongó","localized":"Franco congolês"},"lo":{"code":"LAK","numeric":418,"native":"ລາວ ກີບ","localized":"Kip laosiano"},"lt":{"code":"EUR","numeric":978,"native":"Euras","localized":"Euro"},"lv":{"code":"EUR","numeric":978,"native":"eiro","localized":"Euro"},"mai":{"code":"INR","numeric":356,"native":"भारतीय रुपया","localized":"Rupia indiana"},"mg":{"code":"MGA","numeric":969,"native":"Ariary","localized":"Ariary malgaxe"},"mi":{"code":"NZD","numeric":554,"native":"Tāra o Aotearoa","localized":"Dólar neozelandês"},"mk":{"code":"MKD","numeric":807,"native":"Македонски денар","localized":"Dinar macedônio"},"ml":{"code":"INR","numeric":356,"native":"ഇന്ത്യൻ രൂപ","localized":"Rupia indiana"},"mn":{"code":"MNT","numeric":496,"native":"Монгол төгрөг","localized":"Tugrik mongol"},"mni_Mtei":{"code":"INR","numeric":356,"native":"Indian Rupee","localized":"Rupia indiana"},"mr":{"code":"INR","numeric":356,"native":"भारतीय रुपया","localized":"Rupia indiana"},"ms":{"code":"MYR","numeric":458,"native":"Ringgit Malaysia","localized":"Ringgit malaio"},"mt":{"code":"EUR","numeric":978,"native":"ewro","localized":"Euro"},"my":{"code":"MMK","numeric":104,"native":"မြန်မာ ကျပ်","localized":"Quiate mianmarense"},"nb":{"code":"NOK","numeric":578,"native":"norske kroner","localized":"Coroa norueguesa"},"ne":{"code":"NPR","numeric":524,"native":"नेपाली रूपैयाँ","localized":"Rupia nepalesa"},"nl":{"code":"EUR","numeric":978,"native":"Euro","localized":"Euro"},"nn":{"code":"NOK","numeric":578,"native":"norske kroner","localized":"Coroa norueguesa"},"oc":{"code":"EUR","numeric":978,"native":"EUR","localized":"Euro"},"om":{"code":"ETB","numeric":230,"native":"Itoophiyaa Birrii","localized":"Birr etíope"},"or":{"code":"INR","numeric":356,"native":"ଭାରତୀୟ ଟଙ୍କା","localized":"Rupia indiana"},"pa":{"code":"INR","numeric":356,"native":"ਭਾਰਤੀ ਰੁਪਇਆ","localized":"Rupia indiana"},"pl":{"code":"PLN","numeric":985,"native":"złoty polski","localized":"Zloty polonês"},"ps":{"code":"AFN","numeric":971,"native":"افغانۍ","localized":"Afegane afegão"},"pt":{"code":"BRL","numeric":986,"native":"Real brasileiro","localized":"Real brasileiro"},"pt_BR":{"code":"BRL","numeric":986,"native":"Real brasileiro","localized":"Real brasileiro"},"qu":{"code":"PEN","numeric":604,"native":"Sol Peruano","localized":"Novo sol peruano"},"ro":{"code":"RON","numeric":946,"native":"leu românesc","localized":"Leu romeno"},"ru":{"code":"RUB","numeric":643,"native":"российский рубль","localized":"Rublo russo"},"rw":{"code":"RWF","numeric":646,"native":"RWF","localized":"Franco ruandês"},"sa":{"code":"INR","numeric":356,"native":"भारतीय रूप्यकम्","localized":"Rupia indiana"},"sc":{"code":"EUR","numeric":978,"native":"èuro","localized":"Euro"},"sd":{"code":"PKR","numeric":586,"native":"پاڪستاني رپي","localized":"Rupia paquistanesa"},"si":{"code":"LKR","numeric":144,"native":"ශ්‍රී ලංකා රුපියල","localized":"Rupia cingalesa"},"sk":{"code":"EUR","numeric":978,"native":"euro","localized":"Euro"},"sl":{"code":"EUR","numeric":978,"native":"evro","localized":"Euro"},"sn":{"code":"USD","numeric":840,"native":"Dora re Amerika","localized":"Dólar americano"},"so":{"code":"SOS","numeric":706,"native":"Shilingka Soomaaliya","localized":"Xelim somali"},"sq":{"code":"ALL","numeric":8,"native":"Leku shqiptar","localized":"Lek albanês"},"sr_Cyrl":{"code":"RSD","numeric":941,"native":"српски динар","localized":"Dinar sérvio"},"sr_Latn":{"code":"RSD","numeric":941,"native":"srpski dinar","localized":"Dinar sérvio"},"sr_Latn_ME":{"code":"EUR","numeric":978,"native":"Evro","localized":"Euro"},"su":{"code":"IDR","numeric":360,"native":"Rupee Indonésia","localized":"Rupia indonésia"},"sv":{"code":"SEK","numeric":752,"native":"svensk krona","localized":"Coroa sueca"},"sw":{"code":"TZS","numeric":834,"native":"Shilingi ya Tanzania","localized":"Xelim tanzaniano"},"ta":{"code":"INR","numeric":356,"native":"இந்திய ரூபாய்","localized":"Rupia indiana"},"te":{"code":"INR","numeric":356,"native":"భారతదేశ రూపాయి","localized":"Rupia indiana"},"tg":{"code":"TJS","numeric":972,"native":"Сомонӣ","localized":"Somoni tadjique"},"th":{"code":"THB","numeric":764,"native":"บาท","localized":"Baht tailandês"},"ti":{"code":"ETB","numeric":230,"native":"ብር","localized":"Birr etíope"},"tk":{"code":"TMT","numeric":934,"native":"Türkmen manady","localized":"Manat turcomeno"},"tl":{"code":"PHP","numeric":608,"native":"Philippine Peso","localized":"Peso filipino"},"tr":{"code":"TRY","numeric":949,"native":"Türk Lirası","localized":"Lira turca"},"tt":{"code":"RUB","numeric":643,"native":"Россия сумы","localized":"Rublo russo"},"ug":{"code":"CNY","numeric":156,"native":"جۇڭگو يۈەنى","localized":"Yuan chinês"},"uk":{"code":"UAH","numeric":980,"native":"українська гривня","localized":"Hryvnia ucraniano"},"ur":{"code":"PKR","numeric":586,"native":"پاکستانی روپیہ","localized":"Rupia paquistanesa"},"uz_Cyrl":{"code":"UZS","numeric":860,"native":"Ўзбекистон сўм","localized":"Som uzbeque"},"uz_Latn":{"code":"UZS","numeric":860,"native":"O‘zbekiston so‘mi","localized":"Som uzbeque"},"vi":{"code":"VND","numeric":704,"native":"Đồng Việt Nam","localized":"Dong vietnamita"},"xh":{"code":"ZAR","numeric":710,"native":"IRandi yaseMzantsi Afrika","localized":"Rand sul-africano"},"yi":{"code":"USD","numeric":840,"native":"","localized":""},"yo":{"code":"NGN","numeric":566,"native":"Náírà Nàìjíríà","localized":"Naira nigeriana"},"zh_CN":{"code":"CNY","numeric":156,"native":"人民币","localized":"Yuan chinês"},"zh_HK":{"code":"HKD","numeric":344,"native":"港元","localized":"Dólar de Hong Kong"},"zh_TW":{"code":"TWD","numeric":901,"native":"新台币","localized":"Novo dólar taiwanês"},"zu":{"code":"ZAR","numeric":710,"native":"i-South African Rand","localized":"Rand sul-africano"}}
