{"af":{"code":"ZAR","numeric":710,"native":"Suid-Afrikaanse rand","localized":"Rand Sudafricano"},"ak":{"code":"GHS","numeric":936,"native":"Ghana Sidi","localized":"Cedi Ganés"},"am":{"code":"ETB","numeric":230,"native":"የኢትዮጵያ ብር","localized":"Birr Etíope"},"ar":{"code":"EGP","numeric":818,"native":"جنيه مصري","localized":"Libra Egipcia"},"as":{"code":"INR","numeric":356,"native":"ভাৰতীয় ৰুপী","localized":"Rupia India"},"az":{"code":"AZN","numeric":944,"native":"Azərbaycan Manatı","localized":"Manat Azerbaiyano"},"be":{"code":"BYN","numeric":840,"native":"беларускі рубель","localized":"Nuevo Rublo Bielorruso"},"bg":{"code":"BGN","numeric":975,"native":"Български лев","localized":"Lev"},"bho":{"code":"INR","numeric":356,"native":"INR","localized":"Rupia India"},"bm":{"code":"XOF","numeric":952,"native":"sefa Fraŋ (BCEAO)","localized":"Franco CFA de África Occidental"},"bn":{"code":"BDT","numeric":50,"native":"বাংলাদেশী টাকা","localized":"Taka Bangladesí"},"bs":{"code":"BAM","numeric":977,"native":"Bosanskohercegovačka konvertibilna marka","localized":"Marco Bosnioherzegovino"},"ca":{"code":"EUR","numeric":978,"native":"euro","localized":"Euro"},"ceb":{"code":"PHP","numeric":608,"native":"Philippine Peso","localized":"Peso Filipino"},"ckb":{"code":"IQD","numeric":368,"native":"IQD","localized":"Dinar Iraquí"},"cs":{"code":"CZK","numeric":203,"native":"česká koruna","localized":"Corona Checa"},"cy":{"code":"GBP","numeric":826,"native":"Punt Prydain","localized":"Libra Esterlina"},"da":{"code":"DKK","numeric":208,"native":"dansk krone","localized":"Corona Danesa"},"de":{"code":"EUR","numeric":978,"native":"Euro","localized":"Euro"},"de_CH":{"code":"CHF","numeric":756,"native":"Schweizer Franken","localized":"Franco Suizo"},"doi":{"code":"INR","numeric":356,"native":"भारती रपेऽ","localized":"Rupia India"},"ee":{"code":"GHS","numeric":936,"native":"ghana siɖi","localized":"Cedi Ganés"},"el":{"code":"EUR","numeric":978,"native":"Ευρώ","localized":"Euro"},"en":{"code":"USD","numeric":840,"native":"US Dollar","localized":"Dólar Americano"},"en_CA":{"code":"CAD","numeric":124,"native":"Canadian Dollar","localized":"Dólar Canadiense"},"eo":{"code":"USD","numeric":840,"native":"","localized":""},"es":{"code":"EUR","numeric":978,"native":"euro","localized":"Euro"},"et":{"code":"EUR","numeric":978,"native":"euro","localized":"Euro"},"eu":{"code":"EUR","numeric":978,"native":"euroa","localized":"Euro"},"fa":{"code":"IRR","numeric":364,"native":"ریال ایران","localized":"Rial Iraní"},"fi":{"code":"EUR","numeric":978,"native":"euro","localized":"Euro"},"fil":{"code":"PHP","numeric":608,"native":"Piso ng Pilipinas","localized":"Peso Filipino"},"fr":{"code":"EUR","numeric":978,"native":"euro","localized":"Euro"},"fy":{"code":"EUR","numeric":978,"native":"Euro","localized":"Euro"},"ga":{"code":"EUR","numeric":978,"native":"Euro","localized":"Euro"},"gd":{"code":"GBP","numeric":826,"native":"Punnd Sasannach","localized":"Libra Esterlina"},"gl":{"code":"EUR","numeric":978,"native":"euro","localized":"Euro"},"gu":{"code":"INR","numeric":356,"native":"ભારતીય રૂપિયા","localized":"Rupia India"},"ha":{"code":"NGN","numeric":566,"native":"Nairar Najeriya","localized":"Naira Nigeriano"},"haw":{"code":"USD","numeric":840,"native":"USD","localized":"Dólar Americano"},"he":{"code":"ILS","numeric":376,"native":"שקל חדש","localized":"Nuevo Séquel"},"hi":{"code":"INR","numeric":356,"native":"भारतीय रुपया","localized":"Rupia India"},"hr":{"code":"EUR","numeric":978,"native":"euro","localized":"Euro"},"hu":{"code":"HUF","numeric":348,"native":"magyar forint","localized":"Florín Húngaro"},"hy":{"code":"AMD","numeric":51,"native":"հայկական դրամ","localized":"Dram Armenio"},"id":{"code":"IDR","numeric":360,"native":"Rupiah Indonesia","localized":"Rupia Indonesia"},"ig":{"code":"NGN","numeric":566,"native":"Naịra","localized":"Naira Nigeriano"},"is":{"code":"ISK","numeric":352,"native":"íslensk króna","localized":"Corona Islandesa"},"it":{"code":"EUR","numeric":978,"native":"euro","localized":"Euro"},"ja":{"code":"JPY","numeric":392,"native":"日本円","localized":"Yen Japonés"},"ka":{"code":"GEL","numeric":981,"native":"ქართული ლარი","localized":"Lari Georgiano"},"kk":{"code":"KZT","numeric":398,"native":"Қазақстан теңгесі","localized":"Tenge Kazajo"},"km":{"code":"KHR","numeric":116,"native":"រៀល​កម្ពុជា","localized":"Riel Camboyano"},"kn":{"code":"INR","numeric":356,"native":"ಭಾರತೀಯ ರೂಪಾಯಿ","localized":"Rupia India"},"ko":{"code":"KRW","numeric":410,"native":"대한민국 원","localized":"Won Surcoreano"},"ku":{"code":"TRY","numeric":949,"native":"TRY","localized":"Lira Turca"},"ky":{"code":"KGS","numeric":417,"native":"Кыргызстан сому","localized":"Som Kirguís"},"lb":{"code":"EUR","numeric":978,"native":"Euro","localized":"Euro"},"lg":{"code":"UGX","numeric":800,"native":"Silingi eya Yuganda","localized":"Chelín Ugandés"},"ln":{"code":"CDF","numeric":976,"native":"Falánga ya Kongó","localized":"Franco Congoleño"},"lo":{"code":"LAK","numeric":418,"native":"ລາວ ກີບ","localized":"Kip Laosiano"},"lt":{"code":"EUR","numeric":978,"native":"Euras","localized":"Euro"},"lv":{"code":"EUR","numeric":978,"native":"eiro","localized":"Euro"},"mai":{"code":"INR","numeric":356,"native":"भारतीय रुपया","localized":"Rupia India"},"mg":{"code":"MGA","numeric":969,"native":"Ariary","localized":"Ariary Malgache"},"mi":{"code":"NZD","numeric":554,"native":"Tāra o Aotearoa","localized":"Dólar Neozelandés"},"mk":{"code":"MKD","numeric":807,"native":"Македонски денар","localized":"Dinar Macedonio"},"ml":{"code":"INR","numeric":356,"native":"ഇന്ത്യൻ രൂപ","localized":"Rupia India"},"mn":{"code":"MNT","numeric":496,"native":"Монгол төгрөг","localized":"Tugrik Mongol"},"mni_Mtei":{"code":"INR","numeric":356,"native":"Indian Rupee","localized":"Rupia India"},"mr":{"code":"INR","numeric":356,"native":"भारतीय रुपया","localized":"Rupia India"},"ms":{"code":"MYR","numeric":458,"native":"Ringgit Malaysia","localized":"Ringgit Malayo"},"mt":{"code":"EUR","numeric":978,"native":"ewro","localized":"Euro"},"my":{"code":"MMK","numeric":104,"native":"မြန်မာ ကျပ်","localized":"Kyat Birmano"},"nb":{"code":"NOK","numeric":578,"native":"norske kroner","localized":"Corona Noruega"},"ne":{"code":"NPR","numeric":524,"native":"नेपाली रूपैयाँ","localized":"Rupia Nepalí"},"nl":{"code":"EUR","numeric":978,"native":"Euro","localized":"Euro"},"nn":{"code":"NOK","numeric":578,"native":"norske kroner","localized":"Corona Noruega"},"oc":{"code":"EUR","numeric":978,"native":"EUR","localized":"Euro"},"om":{"code":"ETB","numeric":230,"native":"Itoophiyaa Birrii","localized":"Birr Etíope"},"or":{"code":"INR","numeric":356,"native":"ଭାରତୀୟ ଟଙ୍କା","localized":"Rupia India"},"pa":{"code":"INR","numeric":356,"native":"ਭਾਰਤੀ ਰੁਪਇਆ","localized":"Rupia India"},"pl":{"code":"PLN","numeric":985,"native":"złoty polski","localized":"Zloty"},"ps":{"code":"AFN","numeric":971,"native":"افغانۍ","localized":"Afgani Afgano"},"pt":{"code":"BRL","numeric":986,"native":"Real brasileiro","localized":"Real Brasileño"},"pt_BR":{"code":"BRL","numeric":986,"native":"Real brasileiro","localized":"Real Brasileño"},"qu":{"code":"PEN","numeric":604,"native":"Sol Peruano","localized":"Sol Peruano"},"ro":{"code":"RON","numeric":946,"native":"leu românesc","localized":"Leu Rumano"},"ru":{"code":"RUB","numeric":643,"native":"российский рубль","localized":"Rublo Ruso"},"rw":{"code":"RWF","numeric":646,"native":"RWF","localized":"Franco Ruandés"},"sa":{"code":"INR","numeric":356,"native":"भारतीय रूप्यकम्","localized":"Rupia India"},"sc":{"code":"EUR","numeric":978,"native":"èuro","localized":"Euro"},"sd":{"code":"PKR","numeric":586,"native":"پاڪستاني رپي","localized":"Rupia Pakistaní"},"si":{"code":"LKR","numeric":144,"native":"ශ්‍රී ලංකා රුපියල","localized":"Rupia de Sri Lanka"},"sk":{"code":"EUR","numeric":978,"native":"euro","localized":"Euro"},"sl":{"code":"EUR","numeric":978,"native":"evro","localized":"Euro"},"sn":{"code":"USD","numeric":840,"native":"Dora re Amerika","localized":"Dólar Americano"},"so":{"code":"SOS","numeric":706,"native":"Shilingka Soomaaliya","localized":"Chelín Somalí"},"sq":{"code":"ALL","numeric":8,"native":"Leku shqiptar","localized":"Lek albanés"},"sr_Cyrl":{"code":"RSD","numeric":941,"native":"српски динар","localized":"Dinar Serbio"},"sr_Latn":{"code":"RSD","numeric":941,"native":"srpski dinar","localized":"Dinar Serbio"},"sr_Latn_ME":{"code":"EUR","numeric":978,"native":"Evro","localized":"Euro"},"su":{"code":"IDR","numeric":360,"native":"Rupee Indonésia","localized":"Rupia Indonesia"},"sv":{"code":"SEK","numeric":752,"native":"svensk krona","localized":"Corona Sueca"},"sw":{"code":"TZS","numeric":834,"native":"Shilingi ya Tanzania","localized":"Chelín Tanzano"},"ta":{"code":"INR","numeric":356,"native":"இந்திய ரூபாய்","localized":"Rupia India"},"te":{"code":"INR","numeric":356,"native":"భారతదేశ రూపాయి","localized":"Rupia India"},"tg":{"code":"TJS","numeric":972,"native":"Сомонӣ","localized":"Somoni Tayiko"},"th":{"code":"THB","numeric":764,"native":"บาท","localized":"Baht Tailandés"},"ti":{"code":"ETB","numeric":230,"native":"ብር","localized":"Birr Etíope"},"tk":{"code":"TMT","numeric":934,"native":"Türkmen manady","localized":"Manat Turcomano"},"tl":{"code":"PHP","numeric":608,"native":"Philippine Peso","localized":"Peso Filipino"},"tr":{"code":"TRY","numeric":949,"native":"Türk Lirası","localized":"Lira Turca"},"tt":{"code":"RUB","numeric":643,"native":"Россия сумы","localized":"Rublo Ruso"},"ug":{"code":"CNY","numeric":156,"native":"جۇڭگو يۈەنى","localized":"Yuan Chino"},"uk":{"code":"UAH","numeric":980,"native":"українська гривня","localized":"Grivna"},"ur":{"code":"PKR","numeric":586,"native":"پاکستانی روپیہ","localized":"Rupia Pakistaní"},"uz_Cyrl":{"code":"UZS","numeric":860,"native":"Ўзбекистон сўм","localized":"Som Ubzeko"},"uz_Latn":{"code":"UZS","numeric":860,"native":"O‘zbekiston so‘mi","localized":"Som Ubzeko"},"vi":{"code":"VND","numeric":704,"native":"Đồng Việt Nam","localized":"Dong Vietnamita"},"xh":{"code":"ZAR","numeric":710,"native":"IRandi yaseMzantsi Afrika","localized":"Rand Sudafricano"},"yi":{"code":"USD","numeric":840,"native":"","localized":""},"yo":{"code":"NGN","numeric":566,"native":"Náírà Nàìjíríà","localized":"Naira Nigeriano"},"zh_CN":{"code":"CNY","numeric":156,"native":"人民币","localized":"Yuan Chino"},"zh_HK":{"code":"HKD","numeric":344,"native":"港元","localized":"Dólar de Hong Kong"},"zh_TW":{"code":"TWD","numeric":901,"native":"新台币","localized":"Nuevo Dólar Taiwanés"},"zu":{"code":"ZAR","numeric":710,"native":"i-South African Rand","localized":"Rand Sudafricano"}}
