{"af":{"code":"ZAR","numeric":710,"native":"Suid-Afrikaanse rand","localized":"rand sud-african"},"ak":{"code":"GHS","numeric":936,"native":"Ghana Sidi","localized":"cedi ghanez"},"am":{"code":"ETB","numeric":230,"native":"የኢትዮጵያ ብር","localized":"birr etiopian"},"ar":{"code":"EGP","numeric":818,"native":"جنيه مصري","localized":"liră egipteană"},"as":{"code":"INR","numeric":356,"native":"ভাৰতীয় ৰুপী","localized":"rupie indiană"},"az":{"code":"AZN","numeric":944,"native":"Azərbaycan Manatı","localized":"manat azer"},"be":{"code":"BYN","numeric":840,"native":"беларускі рубель","localized":"rublă belarusă"},"bg":{"code":"BGN","numeric":975,"native":"Български лев","localized":"leva"},"bho":{"code":"INR","numeric":356,"native":"INR","localized":"rupie indiană"},"bm":{"code":"XOF","numeric":952,"native":"sefa Fraŋ (BCEAO)","localized":"franc CFA BCEAO"},"bn":{"code":"BDT","numeric":50,"native":"বাংলাদেশী টাকা","localized":"taka din Bangladesh"},"bs":{"code":"BAM","numeric":977,"native":"Bosanskohercegovačka konvertibilna marka","localized":"marcă convertibilă"},"ca":{"code":"EUR","numeric":978,"native":"euro","localized":"euro"},"ceb":{"code":"PHP","numeric":608,"native":"Philippine Peso","localized":"peso filipinez"},"ckb":{"code":"IQD","numeric":368,"native":"IQD","localized":"dinar irakian"},"cs":{"code":"CZK","numeric":203,"native":"česká koruna","localized":"coroană cehă"},"cy":{"code":"GBP","numeric":826,"native":"Punt Prydain","localized":"liră sterlină"},"da":{"code":"DKK","numeric":208,"native":"dansk krone","localized":"coroană daneză"},"de":{"code":"EUR","numeric":978,"native":"Euro","localized":"euro"},"de_CH":{"code":"CHF","numeric":756,"native":"Schweizer Franken","localized":"franc elvețian"},"doi":{"code":"INR","numeric":356,"native":"भारती रपेऽ","localized":"rupie indiană"},"ee":{"code":"GHS","numeric":936,"native":"ghana siɖi","localized":"cedi ghanez"},"el":{"code":"EUR","numeric":978,"native":"Ευρώ","localized":"euro"},"en":{"code":"USD","numeric":840,"native":"US Dollar","localized":"dolar american"},"en_CA":{"code":"CAD","numeric":124,"native":"Canadian Dollar","localized":"dolar canadian"},"eo":{"code":"USD","numeric":840,"native":"","localized":""},"es":{"code":"EUR","numeric":978,"native":"euro","localized":"euro"},"et":{"code":"EUR","numeric":978,"native":"euro","localized":"euro"},"eu":{"code":"EUR","numeric":978,"native":"euroa","localized":"euro"},"fa":{"code":"IRR","numeric":364,"native":"ریال ایران","localized":"rial iranian"},"fi":{"code":"EUR","numeric":978,"native":"euro","localized":"euro"},"fil":{"code":"PHP","numeric":608,"native":"Piso ng Pilipinas","localized":"peso filipinez"},"fr":{"code":"EUR","numeric":978,"native":"euro","localized":"euro"},"fy":{"code":"EUR","numeric":978,"native":"Euro","localized":"euro"},"ga":{"code":"EUR","numeric":978,"native":"Euro","localized":"euro"},"gd":{"code":"GBP","numeric":826,"native":"Punnd Sasannach","localized":"liră sterlină"},"gl":{"code":"EUR","numeric":978,"native":"euro","localized":"euro"},"gu":{"code":"INR","numeric":356,"native":"ભારતીય રૂપિયા","localized":"rupie indiană"},"ha":{"code":"NGN","numeric":566,"native":"Nairar Najeriya","localized":"naira nigeriană"},"haw":{"code":"USD","numeric":840,"native":"USD","localized":"dolar american"},"he":{"code":"ILS","numeric":376,"native":"שקל חדש","localized":"shekel israelian nou"},"hi":{"code":"INR","numeric":356,"native":"भारतीय रुपया","localized":"rupie indiană"},"hr":{"code":"EUR","numeric":978,"native":"euro","localized":"euro"},"hu":{"code":"HUF","numeric":348,"native":"magyar forint","localized":"forint"},"hy":{"code":"AMD","numeric":51,"native":"հայկական դրամ","localized":"dram armenesc"},"id":{"code":"IDR","numeric":360,"native":"Rupiah Indonesia","localized":"rupie indoneziană"},"ig":{"code":"NGN","numeric":566,"native":"Naịra","localized":"naira nigeriană"},"is":{"code":"ISK","numeric":352,"native":"íslensk króna","localized":"coroană islandeză"},"it":{"code":"EUR","numeric":978,"native":"euro","localized":"euro"},"ja":{"code":"JPY","numeric":392,"native":"日本円","localized":"yen japonez"},"ka":{"code":"GEL","numeric":981,"native":"ქართული ლარი","localized":"lari georgian"},"kk":{"code":"KZT","numeric":398,"native":"Қазақстан теңгесі","localized":"tenge kazahă"},"km":{"code":"KHR","numeric":116,"native":"រៀល​កម្ពុជា","localized":"riel cambodgian"},"kn":{"code":"INR","numeric":356,"native":"ಭಾರತೀಯ ರೂಪಾಯಿ","localized":"rupie indiană"},"ko":{"code":"KRW","numeric":410,"native":"대한민국 원","localized":"won sud-coreean"},"ku":{"code":"TRY","numeric":949,"native":"TRY","localized":"liră turcească"},"ky":{"code":"KGS","numeric":417,"native":"Кыргызстан сому","localized":"som kârgâz"},"lb":{"code":"EUR","numeric":978,"native":"Euro","localized":"euro"},"lg":{"code":"UGX","numeric":800,"native":"Silingi eya Yuganda","localized":"șiling ugandez"},"ln":{"code":"CDF","numeric":976,"native":"Falánga ya Kongó","localized":"franc congolez"},"lo":{"code":"LAK","numeric":418,"native":"ລາວ ກີບ","localized":"kip laoțian"},"lt":{"code":"EUR","numeric":978,"native":"Euras","localized":"euro"},"lv":{"code":"EUR","numeric":978,"native":"eiro","localized":"euro"},"mai":{"code":"INR","numeric":356,"native":"भारतीय रुपया","localized":"rupie indiană"},"mg":{"code":"MGA","numeric":969,"native":"Ariary","localized":"ariary malgaș"},"mi":{"code":"NZD","numeric":554,"native":"Tāra o Aotearoa","localized":"dolar neozeelandez"},"mk":{"code":"MKD","numeric":807,"native":"Македонски денар","localized":"denar"},"ml":{"code":"INR","numeric":356,"native":"ഇന്ത്യൻ രൂപ","localized":"rupie indiană"},"mn":{"code":"MNT","numeric":496,"native":"Монгол төгрөг","localized":"tugrik mongol"},"mni_Mtei":{"code":"INR","numeric":356,"native":"Indian Rupee","localized":"rupie indiană"},"mr":{"code":"INR","numeric":356,"native":"भारतीय रुपया","localized":"rupie indiană"},"ms":{"code":"MYR","numeric":458,"native":"Ringgit Malaysia","localized":"ringgit malaiezian"},"mt":{"code":"EUR","numeric":978,"native":"ewro","localized":"euro"},"my":{"code":"MMK","numeric":104,"native":"မြန်မာ ကျပ်","localized":"kyat din Myanmar"},"nb":{"code":"NOK","numeric":578,"native":"norske kroner","localized":"coroană norvegiană"},"ne":{"code":"NPR","numeric":524,"native":"नेपाली रूपैयाँ","localized":"rupie nepaleză"},"nl":{"code":"EUR","numeric":978,"native":"Euro","localized":"euro"},"nn":{"code":"NOK","numeric":578,"native":"norske kroner","localized":"coroană norvegiană"},"oc":{"code":"EUR","numeric":978,"native":"EUR","localized":"euro"},"om":{"code":"ETB","numeric":230,"native":"Itoophiyaa Birrii","localized":"birr etiopian"},"or":{"code":"INR","numeric":356,"native":"ଭାରତୀୟ ଟଙ୍କା","localized":"rupie indiană"},"pa":{"code":"INR","numeric":356,"native":"ਭਾਰਤੀ ਰੁਪਇਆ","localized":"rupie indiană"},"pl":{"code":"PLN","numeric":985,"native":"złoty polski","localized":"zlot"},"ps":{"code":"AFN","numeric":971,"native":"افغانۍ","localized":"afgani afgan"},"pt":{"code":"BRL","numeric":986,"native":"Real brasileiro","localized":"real"},"pt_BR":{"code":"BRL","numeric":986,"native":"Real brasileiro","localized":"real"},"qu":{"code":"PEN","numeric":604,"native":"Sol Peruano","localized":"sol"},"ro":{"code":"RON","numeric":946,"native":"leu românesc","localized":"leu românesc"},"ru":{"code":"RUB","numeric":643,"native":"российский рубль","localized":"rublă rusească"},"rw":{"code":"RWF","numeric":646,"native":"RWF","localized":"franc rwandez"},"sa":{"code":"INR","numeric":356,"native":"भारतीय रूप्यकम्","localized":"rupie indiană"},"sc":{"code":"EUR","numeric":978,"native":"èuro","localized":"euro"},"sd":{"code":"PKR","numeric":586,"native":"پاڪستاني رپي","localized":"rupie pakistaneză"},"si":{"code":"LKR","numeric":144,"native":"ශ්‍රී ලංකා රුපියල","localized":"rupie srilankeză"},"sk":{"code":"EUR","numeric":978,"native":"euro","localized":"euro"},"sl":{"code":"EUR","numeric":978,"native":"evro","localized":"euro"},"sn":{"code":"USD","numeric":840,"native":"Dora re Amerika","localized":"dolar american"},"so":{"code":"SOS","numeric":706,"native":"Shilingka Soomaaliya","localized":"șiling somalez"},"sq":{"code":"ALL","numeric":8,"native":"Leku shqiptar","localized":"lek"},"sr_Cyrl":{"code":"RSD","numeric":941,"native":"српски динар","localized":"dinar sârbesc"},"sr_Latn":{"code":"RSD","numeric":941,"native":"srpski dinar","localized":"dinar sârbesc"},"sr_Latn_ME":{"code":"EUR","numeric":978,"native":"Evro","localized":"euro"},"su":{"code":"IDR","numeric":360,"native":"Rupee Indonésia","localized":"rupie indoneziană"},"sv":{"code":"SEK","numeric":752,"native":"svensk krona","localized":"coroană suedeză"},"sw":{"code":"TZS","numeric":834,"native":"Shilingi ya Tanzania","localized":"șiling tanzanian"},"ta":{"code":"INR","numeric":356,"native":"இந்திய ரூபாய்","localized":"rupie indiană"},"te":{"code":"INR","numeric":356,"native":"భారతదేశ రూపాయి","localized":"rupie indiană"},"tg":{"code":"TJS","numeric":972,"native":"Сомонӣ","localized":"somoni tadjic"},"th":{"code":"THB","numeric":764,"native":"บาท","localized":"baht thailandez"},"ti":{"code":"ETB","numeric":230,"native":"ብር","localized":"birr etiopian"},"tk":{"code":"TMT","numeric":934,"native":"Türkmen manady","localized":"manat turkmen"},"tl":{"code":"PHP","numeric":608,"native":"Philippine Peso","localized":"peso filipinez"},"tr":{"code":"TRY","numeric":949,"native":"Türk Lirası","localized":"liră turcească"},"tt":{"code":"RUB","numeric":643,"native":"Россия сумы","localized":"rublă rusească"},"ug":{"code":"CNY","numeric":156,"native":"جۇڭگو يۈەنى","localized":"yuan chinezesc"},"uk":{"code":"UAH","numeric":980,"native":"українська гривня","localized":"grivnă"},"ur":{"code":"PKR","numeric":586,"native":"پاکستانی روپیہ","localized":"rupie pakistaneză"},"uz_Cyrl":{"code":"UZS","numeric":860,"native":"Ўзбекистон сўм","localized":"sum Uzbekistan"},"uz_Latn":{"code":"UZS","numeric":860,"native":"O‘zbekiston so‘mi","localized":"sum Uzbekistan"},"vi":{"code":"VND","numeric":704,"native":"Đồng Việt Nam","localized":"dong vietnamez"},"xh":{"code":"ZAR","numeric":710,"native":"IRandi yaseMzantsi Afrika","localized":"rand sud-african"},"yi":{"code":"USD","numeric":840,"native":"","localized":""},"yo":{"code":"NGN","numeric":566,"native":"Náírà Nàìjíríà","localized":"naira nigeriană"},"zh_CN":{"code":"CNY","numeric":156,"native":"人民币","localized":"yuan chinezesc"},"zh_HK":{"code":"HKD","numeric":344,"native":"港元","localized":"dolar din Hong Kong"},"zh_TW":{"code":"TWD","numeric":901,"native":"新台币","localized":"dolar nou din Taiwan"},"zu":{"code":"ZAR","numeric":710,"native":"i-South African Rand","localized":"rand sud-african"}}
