{"af":{"code":"ZAR","numeric":710,"native":"Suid-Afrikaanse rand","localized":"южноафриканский рэнд"},"ak":{"code":"GHS","numeric":936,"native":"Ghana Sidi","localized":"ганский седи"},"am":{"code":"ETB","numeric":230,"native":"የኢትዮጵያ ብር","localized":"эфиопский быр"},"ar":{"code":"EGP","numeric":818,"native":"جنيه مصري","localized":"египетский фунт"},"as":{"code":"INR","numeric":356,"native":"ভাৰতীয় ৰুপী","localized":"индийская рупия"},"az":{"code":"AZN","numeric":944,"native":"Azərbaycan Manatı","localized":"азербайджанский манат"},"be":{"code":"BYN","numeric":840,"native":"беларускі рубель","localized":"белорусский рубль"},"bg":{"code":"BGN","numeric":975,"native":"Български лев","localized":"болгарский лев"},"bho":{"code":"INR","numeric":356,"native":"INR","localized":"индийская рупия"},"bm":{"code":"XOF","numeric":952,"native":"sefa Fraŋ (BCEAO)","localized":"франк КФА ВСЕАО"},"bn":{"code":"BDT","numeric":50,"native":"বাংলাদেশী টাকা","localized":"бангладешская така"},"bs":{"code":"BAM","numeric":977,"native":"Bosanskohercegovačka konvertibilna marka","localized":"конвертируемая марка Боснии и Герцеговины"},"ca":{"code":"EUR","numeric":978,"native":"euro","localized":"евро"},"ceb":{"code":"PHP","numeric":608,"native":"Philippine Peso","localized":"филиппинский песо"},"ckb":{"code":"IQD","numeric":368,"native":"IQD","localized":"иракский динар"},"cs":{"code":"CZK","numeric":203,"native":"česká koruna","localized":"чешская крона"},"cy":{"code":"GBP","numeric":826,"native":"Punt Prydain","localized":"британский фунт стерлингов"},"da":{"code":"DKK","numeric":208,"native":"dansk krone","localized":"датская крона"},"de":{"code":"EUR","numeric":978,"native":"Euro","localized":"евро"},"de_CH":{"code":"CHF","numeric":756,"native":"Schweizer Franken","localized":"швейцарский франк"},"doi":{"code":"INR","numeric":356,"native":"भारती रपेऽ","localized":"индийская рупия"},"ee":{"code":"GHS","numeric":936,"native":"ghana siɖi","localized":"ганский седи"},"el":{"code":"EUR","numeric":978,"native":"Ευρώ","localized":"евро"},"en":{"code":"USD","numeric":840,"native":"US Dollar","localized":"доллар США"},"en_CA":{"code":"CAD","numeric":124,"native":"Canadian Dollar","localized":"канадский доллар"},"eo":{"code":"USD","numeric":840,"native":"","localized":""},"es":{"code":"EUR","numeric":978,"native":"euro","localized":"евро"},"et":{"code":"EUR","numeric":978,"native":"euro","localized":"евро"},"eu":{"code":"EUR","numeric":978,"native":"euroa","localized":"евро"},"fa":{"code":"IRR","numeric":364,"native":"ریال ایران","localized":"иранский риал"},"fi":{"code":"EUR","numeric":978,"native":"euro","localized":"евро"},"fil":{"code":"PHP","numeric":608,"native":"Piso ng Pilipinas","localized":"филиппинский песо"},"fr":{"code":"EUR","numeric":978,"native":"euro","localized":"евро"},"fy":{"code":"EUR","numeric":978,"native":"Euro","localized":"евро"},"ga":{"code":"EUR","numeric":978,"native":"Euro","localized":"евро"},"gd":{"code":"GBP","numeric":826,"native":"Punnd Sasannach","localized":"британский фунт стерлингов"},"gl":{"code":"EUR","numeric":978,"native":"euro","localized":"евро"},"gu":{"code":"INR","numeric":356,"native":"ભારતીય રૂપિયા","localized":"индийская рупия"},"ha":{"code":"NGN","numeric":566,"native":"Nairar Najeriya","localized":"нигерийская найра"},"haw":{"code":"USD","numeric":840,"native":"USD","localized":"доллар США"},"he":{"code":"ILS","numeric":376,"native":"שקל חדש","localized":"новый израильский шекель"},"hi":{"code":"INR","numeric":356,"native":"भारतीय रुपया","localized":"индийская рупия"},"hr":{"code":"EUR","numeric":978,"native":"euro","localized":"евро"},"hu":{"code":"HUF","numeric":348,"native":"magyar forint","localized":"венгерский форинт"},"hy":{"code":"AMD","numeric":51,"native":"հայկական դրամ","localized":"армянский драм"},"id":{"code":"IDR","numeric":360,"native":"Rupiah Indonesia","localized":"индонезийская рупия"},"ig":{"code":"NGN","numeric":566,"native":"Naịra","localized":"нигерийская найра"},"is":{"code":"ISK","numeric":352,"native":"íslensk króna","localized":"исландская крона"},"it":{"code":"EUR","numeric":978,"native":"euro","localized":"евро"},"ja":{"code":"JPY","numeric":392,"native":"日本円","localized":"японская иена"},"ka":{"code":"GEL","numeric":981,"native":"ქართული ლარი","localized":"грузинский лари"},"kk":{"code":"KZT","numeric":398,"native":"Қазақстан теңгесі","localized":"казахский тенге"},"km":{"code":"KHR","numeric":116,"native":"រៀល​កម្ពុជា","localized":"камбоджийский риель"},"kn":{"code":"INR","numeric":356,"native":"ಭಾರತೀಯ ರೂಪಾಯಿ","localized":"индийская рупия"},"ko":{"code":"KRW","numeric":410,"native":"대한민국 원","localized":"южнокорейская вона"},"ku":{"code":"TRY","numeric":949,"native":"TRY","localized":"турецкая лира"},"ky":{"code":"KGS","numeric":417,"native":"Кыргызстан сому","localized":"киргизский сом"},"lb":{"code":"EUR","numeric":978,"native":"Euro","localized":"евро"},"lg":{"code":"UGX","numeric":800,"native":"Silingi eya Yuganda","localized":"угандийский шиллинг"},"ln":{"code":"CDF","numeric":976,"native":"Falánga ya Kongó","localized":"конголезский франк"},"lo":{"code":"LAK","numeric":418,"native":"ລາວ ກີບ","localized":"лаосский кип"},"lt":{"code":"EUR","numeric":978,"native":"Euras","localized":"евро"},"lv":{"code":"EUR","numeric":978,"native":"eiro","localized":"евро"},"mai":{"code":"INR","numeric":356,"native":"भारतीय रुपया","localized":"индийская рупия"},"mg":{"code":"MGA","numeric":969,"native":"Ariary","localized":"малагасийский ариари"},"mi":{"code":"NZD","numeric":554,"native":"Tāra o Aotearoa","localized":"новозеландский доллар"},"mk":{"code":"MKD","numeric":807,"native":"Македонски денар","localized":"македонский денар"},"ml":{"code":"INR","numeric":356,"native":"ഇന്ത്യൻ രൂപ","localized":"индийская рупия"},"mn":{"code":"MNT","numeric":496,"native":"Монгол төгрөг","localized":"монгольский тугрик"},"mni_Mtei":{"code":"INR","numeric":356,"native":"Indian Rupee","localized":"индийская рупия"},"mr":{"code":"INR","numeric":356,"native":"भारतीय रुपया","localized":"индийская рупия"},"ms":{"code":"MYR","numeric":458,"native":"Ringgit Malaysia","localized":"малайзийский ринггит"},"mt":{"code":"EUR","numeric":978,"native":"ewro","localized":"евро"},"my":{"code":"MMK","numeric":104,"native":"မြန်မာ ကျပ်","localized":"мьянманский кьят"},"nb":{"code":"NOK","numeric":578,"native":"norske kroner","localized":"норвежская крона"},"ne":{"code":"NPR","numeric":524,"native":"नेपाली रूपैयाँ","localized":"непальская рупия"},"nl":{"code":"EUR","numeric":978,"native":"Euro","localized":"евро"},"nn":{"code":"NOK","numeric":578,"native":"norske kroner","localized":"норвежская крона"},"oc":{"code":"EUR","numeric":978,"native":"EUR","localized":"евро"},"om":{"code":"ETB","numeric":230,"native":"Itoophiyaa Birrii","localized":"эфиопский быр"},"or":{"code":"INR","numeric":356,"native":"ଭାରତୀୟ ଟଙ୍କା","localized":"индийская рупия"},"pa":{"code":"INR","numeric":356,"native":"ਭਾਰਤੀ ਰੁਪਇਆ","localized":"индийская рупия"},"pl":{"code":"PLN","numeric":985,"native":"złoty polski","localized":"польский злотый"},"ps":{"code":"AFN","numeric":971,"native":"افغانۍ","localized":"афгани"},"pt":{"code":"BRL","numeric":986,"native":"Real brasileiro","localized":"бразильский реал"},"pt_BR":{"code":"BRL","numeric":986,"native":"Real brasileiro","localized":"бразильский реал"},"qu":{"code":"PEN","numeric":604,"native":"Sol Peruano","localized":"перуанский соль"},"ro":{"code":"RON","numeric":946,"native":"leu românesc","localized":"румынский лей"},"ru":{"code":"RUB","numeric":643,"native":"российский рубль","localized":"российский рубль"},"rw":{"code":"RWF","numeric":646,"native":"RWF","localized":"франк Руанды"},"sa":{"code":"INR","numeric":356,"native":"भारतीय रूप्यकम्","localized":"индийская рупия"},"sc":{"code":"EUR","numeric":978,"native":"èuro","localized":"евро"},"sd":{"code":"PKR","numeric":586,"native":"پاڪستاني رپي","localized":"пакистанская рупия"},"si":{"code":"LKR","numeric":144,"native":"ශ්‍රී ලංකා රුපියල","localized":"шри-ланкийская рупия"},"sk":{"code":"EUR","numeric":978,"native":"euro","localized":"евро"},"sl":{"code":"EUR","numeric":978,"native":"evro","localized":"евро"},"sn":{"code":"USD","numeric":840,"native":"Dora re Amerika","localized":"доллар США"},"so":{"code":"SOS","numeric":706,"native":"Shilingka Soomaaliya","localized":"сомалийский шиллинг"},"sq":{"code":"ALL","numeric":8,"native":"Leku shqiptar","localized":"албанский лек"},"sr_Cyrl":{"code":"RSD","numeric":941,"native":"српски динар","localized":"сербский динар"},"sr_Latn":{"code":"RSD","numeric":941,"native":"srpski dinar","localized":"сербский динар"},"sr_Latn_ME":{"code":"EUR","numeric":978,"native":"Evro","localized":"евро"},"su":{"code":"IDR","numeric":360,"native":"Rupee Indonésia","localized":"индонезийская рупия"},"sv":{"code":"SEK","numeric":752,"native":"svensk krona","localized":"шведская крона"},"sw":{"code":"TZS","numeric":834,"native":"Shilingi ya Tanzania","localized":"танзанийский шиллинг"},"ta":{"code":"INR","numeric":356,"native":"இந்திய ரூபாய்","localized":"индийская рупия"},"te":{"code":"INR","numeric":356,"native":"భారతదేశ రూపాయి","localized":"индийская рупия"},"tg":{"code":"TJS","numeric":972,"native":"Сомонӣ","localized":"таджикский сомони"},"th":{"code":"THB","numeric":764,"native":"บาท","localized":"таиландский бат"},"ti":{"code":"ETB","numeric":230,"native":"ብር","localized":"эфиопский быр"},"tk":{"code":"TMT","numeric":934,"native":"Türkmen manady","localized":"новый туркменский манат"},"tl":{"code":"PHP","numeric":608,"native":"Philippine Peso","localized":"филиппинский песо"},"tr":{"code":"TRY","numeric":949,"native":"Türk Lirası","localized":"турецкая лира"},"tt":{"code":"RUB","numeric":643,"native":"Россия сумы","localized":"российский рубль"},"ug":{"code":"CNY","numeric":156,"native":"جۇڭگو يۈەنى","localized":"китайский юань"},"uk":{"code":"UAH","numeric":980,"native":"українська гривня","localized":"украинская гривна"},"ur":{"code":"PKR","numeric":586,"native":"پاکستانی روپیہ","localized":"пакистанская рупия"},"uz_Cyrl":{"code":"UZS","numeric":860,"native":"Ўзбекистон сўм","localized":"узбекский сум"},"uz_Latn":{"code":"UZS","numeric":860,"native":"O‘zbekiston so‘mi","localized":"узбекский сум"},"vi":{"code":"VND","numeric":704,"native":"Đồng Việt Nam","localized":"вьетнамский донг"},"xh":{"code":"ZAR","numeric":710,"native":"IRandi yaseMzantsi Afrika","localized":"южноафриканский рэнд"},"yi":{"code":"USD","numeric":840,"native":"","localized":""},"yo":{"code":"NGN","numeric":566,"native":"Náírà Nàìjíríà","localized":"нигерийская найра"},"zh_CN":{"code":"CNY","numeric":156,"native":"人民币","localized":"китайский юань"},"zh_HK":{"code":"HKD","numeric":344,"native":"港元","localized":"гонконгский доллар"},"zh_TW":{"code":"TWD","numeric":901,"native":"新台币","localized":"новый тайваньский доллар"},"zu":{"code":"ZAR","numeric":710,"native":"i-South African Rand","localized":"южноафриканский рэнд"}}
