{"af":{"code":"ZAR","numeric":710,"native":"Suid-Afrikaanse rand","localized":"rand sudafricanu"},"ak":{"code":"GHS","numeric":936,"native":"Ghana Sidi","localized":"cedi ganesu"},"am":{"code":"ETB","numeric":230,"native":"የኢትዮጵያ ብር","localized":"birr etìope"},"ar":{"code":"EGP","numeric":818,"native":"جنيه مصري","localized":"isterlina egitziana"},"as":{"code":"INR","numeric":356,"native":"ভাৰতীয় ৰুপী","localized":"rupia indiana"},"az":{"code":"AZN","numeric":944,"native":"Azərbaycan Manatı","localized":"manat azeru"},"be":{"code":"BYN","numeric":840,"native":"беларускі рубель","localized":"rublu bielorussu"},"bg":{"code":"BGN","numeric":975,"native":"Български лев","localized":"lev bùlgaru"},"bho":{"code":"INR","numeric":356,"native":"INR","localized":"rupia indiana"},"bm":{"code":"XOF","numeric":952,"native":"sefa Fraŋ (BCEAO)","localized":"francu CFA BCEAO"},"bn":{"code":"BDT","numeric":50,"native":"বাংলাদেশী টাকা","localized":"taka bangladesu"},"bs":{"code":"BAM","numeric":977,"native":"Bosanskohercegovačka konvertibilna marka","localized":"marcu cunvertìbile de sa Bòsnia-Erzegòvina"},"ca":{"code":"EUR","numeric":978,"native":"euro","localized":"èuro"},"ceb":{"code":"PHP","numeric":608,"native":"Philippine Peso","localized":"peso filipinu"},"ckb":{"code":"IQD","numeric":368,"native":"IQD","localized":"dinar irachenu"},"cs":{"code":"CZK","numeric":203,"native":"česká koruna","localized":"corona tzeca"},"cy":{"code":"GBP","numeric":826,"native":"Punt Prydain","localized":"isterlina britànnica"},"da":{"code":"DKK","numeric":208,"native":"dansk krone","localized":"corona danesa"},"de":{"code":"EUR","numeric":978,"native":"Euro","localized":"èuro"},"de_CH":{"code":"CHF","numeric":756,"native":"Schweizer Franken","localized":"francu isvìtzeru"},"doi":{"code":"INR","numeric":356,"native":"भारती रपेऽ","localized":"rupia indiana"},"ee":{"code":"GHS","numeric":936,"native":"ghana siɖi","localized":"cedi ganesu"},"el":{"code":"EUR","numeric":978,"native":"Ευρώ","localized":"èuro"},"en":{"code":"USD","numeric":840,"native":"US Dollar","localized":"dòllaru americanu"},"en_CA":{"code":"CAD","numeric":124,"native":"Canadian Dollar","localized":"dòllaru canadesu"},"eo":{"code":"USD","numeric":840,"native":"","localized":""},"es":{"code":"EUR","numeric":978,"native":"euro","localized":"èuro"},"et":{"code":"EUR","numeric":978,"native":"euro","localized":"èuro"},"eu":{"code":"EUR","numeric":978,"native":"euroa","localized":"èuro"},"fa":{"code":"IRR","numeric":364,"native":"ریال ایران","localized":"rial iranianu"},"fi":{"code":"EUR","numeric":978,"native":"euro","localized":"èuro"},"fil":{"code":"PHP","numeric":608,"native":"Piso ng Pilipinas","localized":"peso filipinu"},"fr":{"code":"EUR","numeric":978,"native":"euro","localized":"èuro"},"fy":{"code":"EUR","numeric":978,"native":"Euro","localized":"èuro"},"ga":{"code":"EUR","numeric":978,"native":"Euro","localized":"èuro"},"gd":{"code":"GBP","numeric":826,"native":"Punnd Sasannach","localized":"isterlina britànnica"},"gl":{"code":"EUR","numeric":978,"native":"euro","localized":"èuro"},"gu":{"code":"INR","numeric":356,"native":"ભારતીય રૂપિયા","localized":"rupia indiana"},"ha":{"code":"NGN","numeric":566,"native":"Nairar Najeriya","localized":"naira nigeriana"},"haw":{"code":"USD","numeric":840,"native":"USD","localized":"dòllaru americanu"},"he":{"code":"ILS","numeric":376,"native":"שקל חדש","localized":"siclu nou israelianu"},"hi":{"code":"INR","numeric":356,"native":"भारतीय रुपया","localized":"rupia indiana"},"hr":{"code":"EUR","numeric":978,"native":"euro","localized":"èuro"},"hu":{"code":"HUF","numeric":348,"native":"magyar forint","localized":"fiorinu ungheresu"},"hy":{"code":"AMD","numeric":51,"native":"հայկական դրամ","localized":"dram armenu"},"id":{"code":"IDR","numeric":360,"native":"Rupiah Indonesia","localized":"rupia indonesiana"},"ig":{"code":"NGN","numeric":566,"native":"Naịra","localized":"naira nigeriana"},"is":{"code":"ISK","numeric":352,"native":"íslensk króna","localized":"corona islandesa"},"it":{"code":"EUR","numeric":978,"native":"euro","localized":"èuro"},"ja":{"code":"JPY","numeric":392,"native":"日本円","localized":"yen giaponesu"},"ka":{"code":"GEL","numeric":981,"native":"ქართული ლარი","localized":"lari georgianu"},"kk":{"code":"KZT","numeric":398,"native":"Қазақстан теңгесі","localized":"tenge kazaku"},"km":{"code":"KHR","numeric":116,"native":"រៀល​កម្ពុជា","localized":"riel cambogianu"},"kn":{"code":"INR","numeric":356,"native":"ಭಾರತೀಯ ರೂಪಾಯಿ","localized":"rupia indiana"},"ko":{"code":"KRW","numeric":410,"native":"대한민국 원","localized":"won sudcoreanu"},"ku":{"code":"TRY","numeric":949,"native":"TRY","localized":"lira turca"},"ky":{"code":"KGS","numeric":417,"native":"Кыргызстан сому","localized":"som kirghisu"},"lb":{"code":"EUR","numeric":978,"native":"Euro","localized":"èuro"},"lg":{"code":"UGX","numeric":800,"native":"Silingi eya Yuganda","localized":"iscellinu ugandesu"},"ln":{"code":"CDF","numeric":976,"native":"Falánga ya Kongó","localized":"francu congolesu"},"lo":{"code":"LAK","numeric":418,"native":"ລາວ ກີບ","localized":"kip laotianu"},"lt":{"code":"EUR","numeric":978,"native":"Euras","localized":"èuro"},"lv":{"code":"EUR","numeric":978,"native":"eiro","localized":"èuro"},"mai":{"code":"INR","numeric":356,"native":"भारतीय रुपया","localized":"rupia indiana"},"mg":{"code":"MGA","numeric":969,"native":"Ariary","localized":"ariary malgàsciu"},"mi":{"code":"NZD","numeric":554,"native":"Tāra o Aotearoa","localized":"dòllaru neozelandesu"},"mk":{"code":"MKD","numeric":807,"native":"Македонски денар","localized":"denar matzèdone"},"ml":{"code":"INR","numeric":356,"native":"ഇന്ത്യൻ രൂപ","localized":"rupia indiana"},"mn":{"code":"MNT","numeric":496,"native":"Монгол төгрөг","localized":"tugrik mòngolu"},"mni_Mtei":{"code":"INR","numeric":356,"native":"Indian Rupee","localized":"rupia indiana"},"mr":{"code":"INR","numeric":356,"native":"भारतीय रुपया","localized":"rupia indiana"},"ms":{"code":"MYR","numeric":458,"native":"Ringgit Malaysia","localized":"ringgit malesu"},"mt":{"code":"EUR","numeric":978,"native":"ewro","localized":"èuro"},"my":{"code":"MMK","numeric":104,"native":"မြန်မာ ကျပ်","localized":"kyat de su Myanmar"},"nb":{"code":"NOK","numeric":578,"native":"norske kroner","localized":"corona norvegesa"},"ne":{"code":"NPR","numeric":524,"native":"नेपाली रूपैयाँ","localized":"rupia nepalesa"},"nl":{"code":"EUR","numeric":978,"native":"Euro","localized":"èuro"},"nn":{"code":"NOK","numeric":578,"native":"norske kroner","localized":"corona norvegesa"},"oc":{"code":"EUR","numeric":978,"native":"EUR","localized":"èuro"},"om":{"code":"ETB","numeric":230,"native":"Itoophiyaa Birrii","localized":"birr etìope"},"or":{"code":"INR","numeric":356,"native":"ଭାରତୀୟ ଟଙ୍କା","localized":"rupia indiana"},"pa":{"code":"INR","numeric":356,"native":"ਭਾਰਤੀ ਰੁਪਇਆ","localized":"rupia indiana"},"pl":{"code":"PLN","numeric":985,"native":"złoty polski","localized":"zloty polacu"},"ps":{"code":"AFN","numeric":971,"native":"افغانۍ","localized":"afgani afganu"},"pt":{"code":"BRL","numeric":986,"native":"Real brasileiro","localized":"real brasilianu"},"pt_BR":{"code":"BRL","numeric":986,"native":"Real brasileiro","localized":"real brasilianu"},"qu":{"code":"PEN","numeric":604,"native":"Sol Peruano","localized":"sol peruvianu"},"ro":{"code":"RON","numeric":946,"native":"leu românesc","localized":"leu rumenu"},"ru":{"code":"RUB","numeric":643,"native":"российский рубль","localized":"rublu russu"},"rw":{"code":"RWF","numeric":646,"native":"RWF","localized":"francu ruandesu"},"sa":{"code":"INR","numeric":356,"native":"भारतीय रूप्यकम्","localized":"rupia indiana"},"sc":{"code":"EUR","numeric":978,"native":"èuro","localized":"èuro"},"sd":{"code":"PKR","numeric":586,"native":"پاڪستاني رپي","localized":"rupia pakistana"},"si":{"code":"LKR","numeric":144,"native":"ශ්‍රී ලංකා රුපියල","localized":"rupia de su Sri Lanka"},"sk":{"code":"EUR","numeric":978,"native":"euro","localized":"èuro"},"sl":{"code":"EUR","numeric":978,"native":"evro","localized":"èuro"},"sn":{"code":"USD","numeric":840,"native":"Dora re Amerika","localized":"dòllaru americanu"},"so":{"code":"SOS","numeric":706,"native":"Shilingka Soomaaliya","localized":"iscellinu sòmalu"},"sq":{"code":"ALL","numeric":8,"native":"Leku shqiptar","localized":"lek albanesu"},"sr_Cyrl":{"code":"RSD","numeric":941,"native":"српски динар","localized":"dinar serbu"},"sr_Latn":{"code":"RSD","numeric":941,"native":"srpski dinar","localized":"dinar serbu"},"sr_Latn_ME":{"code":"EUR","numeric":978,"native":"Evro","localized":"èuro"},"su":{"code":"IDR","numeric":360,"native":"Rupee Indonésia","localized":"rupia indonesiana"},"sv":{"code":"SEK","numeric":752,"native":"svensk krona","localized":"corona isvedesa"},"sw":{"code":"TZS","numeric":834,"native":"Shilingi ya Tanzania","localized":"iscellinu tanzanianu"},"ta":{"code":"INR","numeric":356,"native":"இந்திய ரூபாய்","localized":"rupia indiana"},"te":{"code":"INR","numeric":356,"native":"భారతదేశ రూపాయి","localized":"rupia indiana"},"tg":{"code":"TJS","numeric":972,"native":"Сомонӣ","localized":"somoni tagiku"},"th":{"code":"THB","numeric":764,"native":"บาท","localized":"baht tailandesu"},"ti":{"code":"ETB","numeric":230,"native":"ብር","localized":"birr etìope"},"tk":{"code":"TMT","numeric":934,"native":"Türkmen manady","localized":"manat turkmenu"},"tl":{"code":"PHP","numeric":608,"native":"Philippine Peso","localized":"peso filipinu"},"tr":{"code":"TRY","numeric":949,"native":"Türk Lirası","localized":"lira turca"},"tt":{"code":"RUB","numeric":643,"native":"Россия сумы","localized":"rublu russu"},"ug":{"code":"CNY","numeric":156,"native":"جۇڭگو يۈەنى","localized":"renminbi tzinesu"},"uk":{"code":"UAH","numeric":980,"native":"українська гривня","localized":"hryvnia ucraina"},"ur":{"code":"PKR","numeric":586,"native":"پاکستانی روپیہ","localized":"rupia pakistana"},"uz_Cyrl":{"code":"UZS","numeric":860,"native":"Ўзбекистон сўм","localized":"som uzbeku"},"uz_Latn":{"code":"UZS","numeric":860,"native":"O‘zbekiston so‘mi","localized":"som uzbeku"},"vi":{"code":"VND","numeric":704,"native":"Đồng Việt Nam","localized":"dong vietnamesu"},"xh":{"code":"ZAR","numeric":710,"native":"IRandi yaseMzantsi Afrika","localized":"rand sudafricanu"},"yi":{"code":"USD","numeric":840,"native":"","localized":""},"yo":{"code":"NGN","numeric":566,"native":"Náírà Nàìjíríà","localized":"naira nigeriana"},"zh_CN":{"code":"CNY","numeric":156,"native":"人民币","localized":"renminbi tzinesu"},"zh_HK":{"code":"HKD","numeric":344,"native":"港元","localized":"dòllaru de Hong Kong"},"zh_TW":{"code":"TWD","numeric":901,"native":"新台币","localized":"dòllaru nou taiwanesu"},"zu":{"code":"ZAR","numeric":710,"native":"i-South African Rand","localized":"rand sudafricanu"}}
