{"af":{"code":"ZAR","numeric":710,"native":"Suid-Afrikaanse rand","localized":"ڏکڻ آفريقي رانڊ"},"ak":{"code":"GHS","numeric":936,"native":"Ghana Sidi","localized":"گهانين سيدي"},"am":{"code":"ETB","numeric":230,"native":"የኢትዮጵያ ብር","localized":"ايٿوپيائي بر"},"ar":{"code":"EGP","numeric":818,"native":"جنيه مصري","localized":"مصري پائونڊ"},"as":{"code":"INR","numeric":356,"native":"ভাৰতীয় ৰুপী","localized":"انڊين رپي"},"az":{"code":"AZN","numeric":944,"native":"Azərbaycan Manatı","localized":"آذربائيجاني منت"},"be":{"code":"BYN","numeric":840,"native":"беларускі рубель","localized":"بیلاروسی ربل"},"bg":{"code":"BGN","numeric":975,"native":"Български лев","localized":"بلغارین لیو"},"bho":{"code":"INR","numeric":356,"native":"INR","localized":"انڊين رپي"},"bm":{"code":"XOF","numeric":952,"native":"sefa Fraŋ (BCEAO)","localized":"اولهه آفريڪا فرينڪ"},"bn":{"code":"BDT","numeric":50,"native":"বাংলাদেশী টাকা","localized":"بنگلاديشي ٽڪا"},"bs":{"code":"BAM","numeric":977,"native":"Bosanskohercegovačka konvertibilna marka","localized":"بوسنيا هرزگوينا ڪنورٽبل مارڪ"},"ca":{"code":"EUR","numeric":978,"native":"euro","localized":"يورو"},"ceb":{"code":"PHP","numeric":608,"native":"Philippine Peso","localized":"فلپائني پيسو"},"ckb":{"code":"IQD","numeric":368,"native":"IQD","localized":"عراقي دينار"},"cs":{"code":"CZK","numeric":203,"native":"česká koruna","localized":"چيڪ ڪرونا"},"cy":{"code":"GBP","numeric":826,"native":"Punt Prydain","localized":"برطانوي پائونڊ"},"da":{"code":"DKK","numeric":208,"native":"dansk krone","localized":"دانش ڪرون"},"de":{"code":"EUR","numeric":978,"native":"Euro","localized":"يورو"},"de_CH":{"code":"CHF","numeric":756,"native":"Schweizer Franken","localized":"سوئس فرينڪ"},"doi":{"code":"INR","numeric":356,"native":"भारती रपेऽ","localized":"انڊين رپي"},"ee":{"code":"GHS","numeric":936,"native":"ghana siɖi","localized":"گهانين سيدي"},"el":{"code":"EUR","numeric":978,"native":"Ευρώ","localized":"يورو"},"en":{"code":"USD","numeric":840,"native":"US Dollar","localized":"آمريڪي ڊالر"},"en_CA":{"code":"CAD","numeric":124,"native":"Canadian Dollar","localized":"ڪئينڊيائي ڊالر"},"eo":{"code":"USD","numeric":840,"native":"","localized":""},"es":{"code":"EUR","numeric":978,"native":"euro","localized":"يورو"},"et":{"code":"EUR","numeric":978,"native":"euro","localized":"يورو"},"eu":{"code":"EUR","numeric":978,"native":"euroa","localized":"يورو"},"fa":{"code":"IRR","numeric":364,"native":"ریال ایران","localized":"ايراني ريال"},"fi":{"code":"EUR","numeric":978,"native":"euro","localized":"يورو"},"fil":{"code":"PHP","numeric":608,"native":"Piso ng Pilipinas","localized":"فلپائني پيسو"},"fr":{"code":"EUR","numeric":978,"native":"euro","localized":"يورو"},"fy":{"code":"EUR","numeric":978,"native":"Euro","localized":"يورو"},"ga":{"code":"EUR","numeric":978,"native":"Euro","localized":"يورو"},"gd":{"code":"GBP","numeric":826,"native":"Punnd Sasannach","localized":"برطانوي پائونڊ"},"gl":{"code":"EUR","numeric":978,"native":"euro","localized":"يورو"},"gu":{"code":"INR","numeric":356,"native":"ભારતીય રૂપિયા","localized":"انڊين رپي"},"ha":{"code":"NGN","numeric":566,"native":"Nairar Najeriya","localized":"نائجريائي نائرا"},"haw":{"code":"USD","numeric":840,"native":"USD","localized":"آمريڪي ڊالر"},"he":{"code":"ILS","numeric":376,"native":"שקל חדש","localized":"اسرائيلي نيو شيڪل"},"hi":{"code":"INR","numeric":356,"native":"भारतीय रुपया","localized":"انڊين رپي"},"hr":{"code":"EUR","numeric":978,"native":"euro","localized":"يورو"},"hu":{"code":"HUF","numeric":348,"native":"magyar forint","localized":"هنگيرين فورنٽ"},"hy":{"code":"AMD","numeric":51,"native":"հայկական դրամ","localized":"ارماني ڊرم"},"id":{"code":"IDR","numeric":360,"native":"Rupiah Indonesia","localized":"انڊونيشيائي رپيه"},"ig":{"code":"NGN","numeric":566,"native":"Naịra","localized":"نائجريائي نائرا"},"is":{"code":"ISK","numeric":352,"native":"íslensk króna","localized":"آئيس لينڊي ڪرونا"},"it":{"code":"EUR","numeric":978,"native":"euro","localized":"يورو"},"ja":{"code":"JPY","numeric":392,"native":"日本円","localized":"جاپاني يين"},"ka":{"code":"GEL","numeric":981,"native":"ქართული ლარი","localized":"جارجيائي لاري"},"kk":{"code":"KZT","numeric":398,"native":"Қазақстан теңгесі","localized":"قازقستان ٽينگا"},"km":{"code":"KHR","numeric":116,"native":"រៀល​កម្ពុជា","localized":"ڪمبوڊيائي ريال"},"kn":{"code":"INR","numeric":356,"native":"ಭಾರತೀಯ ರೂಪಾಯಿ","localized":"انڊين رپي"},"ko":{"code":"KRW","numeric":410,"native":"대한민국 원","localized":"ڏکڻ ڪوريائي ون"},"ku":{"code":"TRY","numeric":949,"native":"TRY","localized":"ترڪي لرا"},"ky":{"code":"KGS","numeric":417,"native":"Кыргызстан сому","localized":"ڪرغزستاني سوم"},"lb":{"code":"EUR","numeric":978,"native":"Euro","localized":"يورو"},"lg":{"code":"UGX","numeric":800,"native":"Silingi eya Yuganda","localized":"يگانڊا شلنگ"},"ln":{"code":"CDF","numeric":976,"native":"Falánga ya Kongó","localized":"ڪانگو فرينڪ"},"lo":{"code":"LAK","numeric":418,"native":"ລາວ ກີບ","localized":"لائوشيائي ڪپ"},"lt":{"code":"EUR","numeric":978,"native":"Euras","localized":"يورو"},"lv":{"code":"EUR","numeric":978,"native":"eiro","localized":"يورو"},"mai":{"code":"INR","numeric":356,"native":"भारतीय रुपया","localized":"انڊين رپي"},"mg":{"code":"MGA","numeric":969,"native":"Ariary","localized":"ملاگاسي اریاری"},"mi":{"code":"NZD","numeric":554,"native":"Tāra o Aotearoa","localized":"نيوزي لينڊي ڊالر"},"mk":{"code":"MKD","numeric":807,"native":"Македонски денар","localized":"ميسي ڊوني دينار"},"ml":{"code":"INR","numeric":356,"native":"ഇന്ത്യൻ രൂപ","localized":"انڊين رپي"},"mn":{"code":"MNT","numeric":496,"native":"Монгол төгрөг","localized":"منگولي تجرڪ"},"mni_Mtei":{"code":"INR","numeric":356,"native":"Indian Rupee","localized":"انڊين رپي"},"mr":{"code":"INR","numeric":356,"native":"भारतीय रुपया","localized":"انڊين رپي"},"ms":{"code":"MYR","numeric":458,"native":"Ringgit Malaysia","localized":"ملائيشيائي رنگٽ"},"mt":{"code":"EUR","numeric":978,"native":"ewro","localized":"يورو"},"my":{"code":"MMK","numeric":104,"native":"မြန်မာ ကျပ်","localized":"ميانمار ڪياٽ"},"nb":{"code":"NOK","numeric":578,"native":"norske kroner","localized":"نارويائي ڪرون"},"ne":{"code":"NPR","numeric":524,"native":"नेपाली रूपैयाँ","localized":"نيپالي رپي"},"nl":{"code":"EUR","numeric":978,"native":"Euro","localized":"يورو"},"nn":{"code":"NOK","numeric":578,"native":"norske kroner","localized":"نارويائي ڪرون"},"oc":{"code":"EUR","numeric":978,"native":"EUR","localized":"يورو"},"om":{"code":"ETB","numeric":230,"native":"Itoophiyaa Birrii","localized":"ايٿوپيائي بر"},"or":{"code":"INR","numeric":356,"native":"ଭାରତୀୟ ଟଙ୍କା","localized":"انڊين رپي"},"pa":{"code":"INR","numeric":356,"native":"ਭਾਰਤੀ ਰੁਪਇਆ","localized":"انڊين رپي"},"pl":{"code":"PLN","numeric":985,"native":"złoty polski","localized":"پولش زلاٽي"},"ps":{"code":"AFN","numeric":971,"native":"افغانۍ","localized":"افغاني افغاني"},"pt":{"code":"BRL","numeric":986,"native":"Real brasileiro","localized":"برازيلي ريل"},"pt_BR":{"code":"BRL","numeric":986,"native":"Real brasileiro","localized":"برازيلي ريل"},"qu":{"code":"PEN","numeric":604,"native":"Sol Peruano","localized":"پيرو سول"},"ro":{"code":"RON","numeric":946,"native":"leu românesc","localized":"رومانیائي لیو"},"ru":{"code":"RUB","numeric":643,"native":"российский рубль","localized":"روسي ربل"},"rw":{"code":"RWF","numeric":646,"native":"RWF","localized":"روانڊا فرينڪ"},"sa":{"code":"INR","numeric":356,"native":"भारतीय रूप्यकम्","localized":"انڊين رپي"},"sc":{"code":"EUR","numeric":978,"native":"èuro","localized":"يورو"},"sd":{"code":"PKR","numeric":586,"native":"پاڪستاني رپي","localized":"پاڪستاني رپي"},"si":{"code":"LKR","numeric":144,"native":"ශ්‍රී ලංකා රුපියල","localized":"سري لنڪن رپي"},"sk":{"code":"EUR","numeric":978,"native":"euro","localized":"يورو"},"sl":{"code":"EUR","numeric":978,"native":"evro","localized":"يورو"},"sn":{"code":"USD","numeric":840,"native":"Dora re Amerika","localized":"آمريڪي ڊالر"},"so":{"code":"SOS","numeric":706,"native":"Shilingka Soomaaliya","localized":"سومالي شلنگ"},"sq":{"code":"ALL","numeric":8,"native":"Leku shqiptar","localized":"الباني ليڪ"},"sr_Cyrl":{"code":"RSD","numeric":941,"native":"српски динар","localized":"سربيا دينار"},"sr_Latn":{"code":"RSD","numeric":941,"native":"srpski dinar","localized":"سربيا دينار"},"sr_Latn_ME":{"code":"EUR","numeric":978,"native":"Evro","localized":"يورو"},"su":{"code":"IDR","numeric":360,"native":"Rupee Indonésia","localized":"انڊونيشيائي رپيه"},"sv":{"code":"SEK","numeric":752,"native":"svensk krona","localized":"سويڊني ڪرونا"},"sw":{"code":"TZS","numeric":834,"native":"Shilingi ya Tanzania","localized":"تنزانيائي شلنگ"},"ta":{"code":"INR","numeric":356,"native":"இந்திய ரூபாய்","localized":"انڊين رپي"},"te":{"code":"INR","numeric":356,"native":"భారతదేశ రూపాయి","localized":"انڊين رپي"},"tg":{"code":"TJS","numeric":972,"native":"Сомонӣ","localized":"تاجڪستاني سوموني"},"th":{"code":"THB","numeric":764,"native":"บาท","localized":"ٿائي باهت"},"ti":{"code":"ETB","numeric":230,"native":"ብር","localized":"ايٿوپيائي بر"},"tk":{"code":"TMT","numeric":934,"native":"Türkmen manady","localized":"ترڪمانستان منت"},"tl":{"code":"PHP","numeric":608,"native":"Philippine Peso","localized":"فلپائني پيسو"},"tr":{"code":"TRY","numeric":949,"native":"Türk Lirası","localized":"ترڪي لرا"},"tt":{"code":"RUB","numeric":643,"native":"Россия сумы","localized":"روسي ربل"},"ug":{"code":"CNY","numeric":156,"native":"جۇڭگو يۈەنى","localized":"چيني يوآن"},"uk":{"code":"UAH","numeric":980,"native":"українська гривня","localized":"یوڪرائن هریونیا"},"ur":{"code":"PKR","numeric":586,"native":"پاکستانی روپیہ","localized":"پاڪستاني رپي"},"uz_Cyrl":{"code":"UZS","numeric":860,"native":"Ўзбекистон сўм","localized":"ازبڪستاني سوم"},"uz_Latn":{"code":"UZS","numeric":860,"native":"O‘zbekiston so‘mi","localized":"ازبڪستاني سوم"},"vi":{"code":"VND","numeric":704,"native":"Đồng Việt Nam","localized":"ويٽنامي ڊونگ"},"xh":{"code":"ZAR","numeric":710,"native":"IRandi yaseMzantsi Afrika","localized":"ڏکڻ آفريقي رانڊ"},"yi":{"code":"USD","numeric":840,"native":"","localized":""},"yo":{"code":"NGN","numeric":566,"native":"Náírà Nàìjíríà","localized":"نائجريائي نائرا"},"zh_CN":{"code":"CNY","numeric":156,"native":"人民币","localized":"چيني يوآن"},"zh_HK":{"code":"HKD","numeric":344,"native":"港元","localized":"هانگ ڪانگ ڊالر"},"zh_TW":{"code":"TWD","numeric":901,"native":"新台币","localized":"نيو تائيوان ڊالر"},"zu":{"code":"ZAR","numeric":710,"native":"i-South African Rand","localized":"ڏکڻ آفريقي رانڊ"}}
