{"af":{"code":"ZAR","numeric":710,"native":"Suid-Afrikaanse rand","localized":"juhoafrický rand"},"ak":{"code":"GHS","numeric":936,"native":"Ghana Sidi","localized":"ghanské cedi"},"am":{"code":"ETB","numeric":230,"native":"የኢትዮጵያ ብር","localized":"etiópsky birr"},"ar":{"code":"EGP","numeric":818,"native":"جنيه مصري","localized":"egyptská libra"},"as":{"code":"INR","numeric":356,"native":"ভাৰতীয় ৰুপী","localized":"indická rupia"},"az":{"code":"AZN","numeric":944,"native":"Azərbaycan Manatı","localized":"azerbajdžanský manat"},"be":{"code":"BYN","numeric":840,"native":"беларускі рубель","localized":"bieloruský rubeľ"},"bg":{"code":"BGN","numeric":975,"native":"Български лев","localized":"bulharský lev"},"bho":{"code":"INR","numeric":356,"native":"INR","localized":"indická rupia"},"bm":{"code":"XOF","numeric":952,"native":"sefa Fraŋ (BCEAO)","localized":"západoafrický frank"},"bn":{"code":"BDT","numeric":50,"native":"বাংলাদেশী টাকা","localized":"bangladéšska taka"},"bs":{"code":"BAM","numeric":977,"native":"Bosanskohercegovačka konvertibilna marka","localized":"bosniansko-hercegovinská konvertibilná marka"},"ca":{"code":"EUR","numeric":978,"native":"euro","localized":"euro"},"ceb":{"code":"PHP","numeric":608,"native":"Philippine Peso","localized":"filipínske peso"},"ckb":{"code":"IQD","numeric":368,"native":"IQD","localized":"iracký dinár"},"cs":{"code":"CZK","numeric":203,"native":"česká koruna","localized":"česká koruna"},"cy":{"code":"GBP","numeric":826,"native":"Punt Prydain","localized":"britská libra"},"da":{"code":"DKK","numeric":208,"native":"dansk krone","localized":"dánska koruna"},"de":{"code":"EUR","numeric":978,"native":"Euro","localized":"euro"},"de_CH":{"code":"CHF","numeric":756,"native":"Schweizer Franken","localized":"švajčiarsky frank"},"doi":{"code":"INR","numeric":356,"native":"भारती रपेऽ","localized":"indická rupia"},"ee":{"code":"GHS","numeric":936,"native":"ghana siɖi","localized":"ghanské cedi"},"el":{"code":"EUR","numeric":978,"native":"Ευρώ","localized":"euro"},"en":{"code":"USD","numeric":840,"native":"US Dollar","localized":"americký dolár"},"en_CA":{"code":"CAD","numeric":124,"native":"Canadian Dollar","localized":"kanadský dolár"},"eo":{"code":"USD","numeric":840,"native":"","localized":""},"es":{"code":"EUR","numeric":978,"native":"euro","localized":"euro"},"et":{"code":"EUR","numeric":978,"native":"euro","localized":"euro"},"eu":{"code":"EUR","numeric":978,"native":"euroa","localized":"euro"},"fa":{"code":"IRR","numeric":364,"native":"ریال ایران","localized":"iránsky rial"},"fi":{"code":"EUR","numeric":978,"native":"euro","localized":"euro"},"fil":{"code":"PHP","numeric":608,"native":"Piso ng Pilipinas","localized":"filipínske peso"},"fr":{"code":"EUR","numeric":978,"native":"euro","localized":"euro"},"fy":{"code":"EUR","numeric":978,"native":"Euro","localized":"euro"},"ga":{"code":"EUR","numeric":978,"native":"Euro","localized":"euro"},"gd":{"code":"GBP","numeric":826,"native":"Punnd Sasannach","localized":"britská libra"},"gl":{"code":"EUR","numeric":978,"native":"euro","localized":"euro"},"gu":{"code":"INR","numeric":356,"native":"ભારતીય રૂપિયા","localized":"indická rupia"},"ha":{"code":"NGN","numeric":566,"native":"Nairar Najeriya","localized":"nigérijská naira"},"haw":{"code":"USD","numeric":840,"native":"USD","localized":"americký dolár"},"he":{"code":"ILS","numeric":376,"native":"שקל חדש","localized":"izraelský šekel"},"hi":{"code":"INR","numeric":356,"native":"भारतीय रुपया","localized":"indická rupia"},"hr":{"code":"EUR","numeric":978,"native":"euro","localized":"euro"},"hu":{"code":"HUF","numeric":348,"native":"magyar forint","localized":"maďarský forint"},"hy":{"code":"AMD","numeric":51,"native":"հայկական դրամ","localized":"arménsky dram"},"id":{"code":"IDR","numeric":360,"native":"Rupiah Indonesia","localized":"indonézska rupia"},"ig":{"code":"NGN","numeric":566,"native":"Naịra","localized":"nigérijská naira"},"is":{"code":"ISK","numeric":352,"native":"íslensk króna","localized":"islandská koruna"},"it":{"code":"EUR","numeric":978,"native":"euro","localized":"euro"},"ja":{"code":"JPY","numeric":392,"native":"日本円","localized":"japonský jen"},"ka":{"code":"GEL","numeric":981,"native":"ქართული ლარი","localized":"gruzínske lari"},"kk":{"code":"KZT","numeric":398,"native":"Қазақстан теңгесі","localized":"kazašské tenge"},"km":{"code":"KHR","numeric":116,"native":"រៀល​កម្ពុជា","localized":"kambodžský riel"},"kn":{"code":"INR","numeric":356,"native":"ಭಾರತೀಯ ರೂಪಾಯಿ","localized":"indická rupia"},"ko":{"code":"KRW","numeric":410,"native":"대한민국 원","localized":"juhokórejský won"},"ku":{"code":"TRY","numeric":949,"native":"TRY","localized":"turecká líra"},"ky":{"code":"KGS","numeric":417,"native":"Кыргызстан сому","localized":"kirgizský som"},"lb":{"code":"EUR","numeric":978,"native":"Euro","localized":"euro"},"lg":{"code":"UGX","numeric":800,"native":"Silingi eya Yuganda","localized":"ugandský šiling"},"ln":{"code":"CDF","numeric":976,"native":"Falánga ya Kongó","localized":"konžský frank"},"lo":{"code":"LAK","numeric":418,"native":"ລາວ ກີບ","localized":"laoský kip"},"lt":{"code":"EUR","numeric":978,"native":"Euras","localized":"euro"},"lv":{"code":"EUR","numeric":978,"native":"eiro","localized":"euro"},"mai":{"code":"INR","numeric":356,"native":"भारतीय रुपया","localized":"indická rupia"},"mg":{"code":"MGA","numeric":969,"native":"Ariary","localized":"malgašský ariary"},"mi":{"code":"NZD","numeric":554,"native":"Tāra o Aotearoa","localized":"novozélandský dolár"},"mk":{"code":"MKD","numeric":807,"native":"Македонски денар","localized":"macedónsky denár"},"ml":{"code":"INR","numeric":356,"native":"ഇന്ത്യൻ രൂപ","localized":"indická rupia"},"mn":{"code":"MNT","numeric":496,"native":"Монгол төгрөг","localized":"mongolský tugrik"},"mni_Mtei":{"code":"INR","numeric":356,"native":"Indian Rupee","localized":"indická rupia"},"mr":{"code":"INR","numeric":356,"native":"भारतीय रुपया","localized":"indická rupia"},"ms":{"code":"MYR","numeric":458,"native":"Ringgit Malaysia","localized":"malajzijský ringgit"},"mt":{"code":"EUR","numeric":978,"native":"ewro","localized":"euro"},"my":{"code":"MMK","numeric":104,"native":"မြန်မာ ကျပ်","localized":"mjanmarský kyat"},"nb":{"code":"NOK","numeric":578,"native":"norske kroner","localized":"nórska koruna"},"ne":{"code":"NPR","numeric":524,"native":"नेपाली रूपैयाँ","localized":"nepálska rupia"},"nl":{"code":"EUR","numeric":978,"native":"Euro","localized":"euro"},"nn":{"code":"NOK","numeric":578,"native":"norske kroner","localized":"nórska koruna"},"oc":{"code":"EUR","numeric":978,"native":"EUR","localized":"euro"},"om":{"code":"ETB","numeric":230,"native":"Itoophiyaa Birrii","localized":"etiópsky birr"},"or":{"code":"INR","numeric":356,"native":"ଭାରତୀୟ ଟଙ୍କା","localized":"indická rupia"},"pa":{"code":"INR","numeric":356,"native":"ਭਾਰਤੀ ਰੁਪਇਆ","localized":"indická rupia"},"pl":{"code":"PLN","numeric":985,"native":"złoty polski","localized":"poľský zlotý"},"ps":{"code":"AFN","numeric":971,"native":"افغانۍ","localized":"afganský afgání"},"pt":{"code":"BRL","numeric":986,"native":"Real brasileiro","localized":"brazílsky real"},"pt_BR":{"code":"BRL","numeric":986,"native":"Real brasileiro","localized":"brazílsky real"},"qu":{"code":"PEN","numeric":604,"native":"Sol Peruano","localized":"peruánsky sol"},"ro":{"code":"RON","numeric":946,"native":"leu românesc","localized":"rumunský lei"},"ru":{"code":"RUB","numeric":643,"native":"российский рубль","localized":"ruský rubeľ"},"rw":{"code":"RWF","numeric":646,"native":"RWF","localized":"rwandský frank"},"sa":{"code":"INR","numeric":356,"native":"भारतीय रूप्यकम्","localized":"indická rupia"},"sc":{"code":"EUR","numeric":978,"native":"èuro","localized":"euro"},"sd":{"code":"PKR","numeric":586,"native":"پاڪستاني رپي","localized":"pakistanská rupia"},"si":{"code":"LKR","numeric":144,"native":"ශ්‍රී ලංකා රුපියල","localized":"srílanská rupia"},"sk":{"code":"EUR","numeric":978,"native":"euro","localized":"euro"},"sl":{"code":"EUR","numeric":978,"native":"evro","localized":"euro"},"sn":{"code":"USD","numeric":840,"native":"Dora re Amerika","localized":"americký dolár"},"so":{"code":"SOS","numeric":706,"native":"Shilingka Soomaaliya","localized":"somálsky šiling"},"sq":{"code":"ALL","numeric":8,"native":"Leku shqiptar","localized":"albánsky lek"},"sr_Cyrl":{"code":"RSD","numeric":941,"native":"српски динар","localized":"srbský dinár"},"sr_Latn":{"code":"RSD","numeric":941,"native":"srpski dinar","localized":"srbský dinár"},"sr_Latn_ME":{"code":"EUR","numeric":978,"native":"Evro","localized":"euro"},"su":{"code":"IDR","numeric":360,"native":"Rupee Indonésia","localized":"indonézska rupia"},"sv":{"code":"SEK","numeric":752,"native":"svensk krona","localized":"švédska koruna"},"sw":{"code":"TZS","numeric":834,"native":"Shilingi ya Tanzania","localized":"tanzánsky šiling"},"ta":{"code":"INR","numeric":356,"native":"இந்திய ரூபாய்","localized":"indická rupia"},"te":{"code":"INR","numeric":356,"native":"భారతదేశ రూపాయి","localized":"indická rupia"},"tg":{"code":"TJS","numeric":972,"native":"Сомонӣ","localized":"tadžické somoni"},"th":{"code":"THB","numeric":764,"native":"บาท","localized":"thajský baht"},"ti":{"code":"ETB","numeric":230,"native":"ብር","localized":"etiópsky birr"},"tk":{"code":"TMT","numeric":934,"native":"Türkmen manady","localized":"turkménsky manat"},"tl":{"code":"PHP","numeric":608,"native":"Philippine Peso","localized":"filipínske peso"},"tr":{"code":"TRY","numeric":949,"native":"Türk Lirası","localized":"turecká líra"},"tt":{"code":"RUB","numeric":643,"native":"Россия сумы","localized":"ruský rubeľ"},"ug":{"code":"CNY","numeric":156,"native":"جۇڭگو يۈەنى","localized":"čínsky jüan"},"uk":{"code":"UAH","numeric":980,"native":"українська гривня","localized":"ukrajinská hrivna"},"ur":{"code":"PKR","numeric":586,"native":"پاکستانی روپیہ","localized":"pakistanská rupia"},"uz_Cyrl":{"code":"UZS","numeric":860,"native":"Ўзбекистон сўм","localized":"uzbecký sum"},"uz_Latn":{"code":"UZS","numeric":860,"native":"O‘zbekiston so‘mi","localized":"uzbecký sum"},"vi":{"code":"VND","numeric":704,"native":"Đồng Việt Nam","localized":"vietnamský dong"},"xh":{"code":"ZAR","numeric":710,"native":"IRandi yaseMzantsi Afrika","localized":"juhoafrický rand"},"yi":{"code":"USD","numeric":840,"native":"","localized":""},"yo":{"code":"NGN","numeric":566,"native":"Náírà Nàìjíríà","localized":"nigérijská naira"},"zh_CN":{"code":"CNY","numeric":156,"native":"人民币","localized":"čínsky jüan"},"zh_HK":{"code":"HKD","numeric":344,"native":"港元","localized":"hongkonský dolár"},"zh_TW":{"code":"TWD","numeric":901,"native":"新台币","localized":"nový taiwanský dolár"},"zu":{"code":"ZAR","numeric":710,"native":"i-South African Rand","localized":"juhoafrický rand"}}
