{"af":{"code":"ZAR","numeric":710,"native":"Suid-Afrikaanse rand","localized":"južnoafriški rand"},"ak":{"code":"GHS","numeric":936,"native":"Ghana Sidi","localized":"ganski cedi"},"am":{"code":"ETB","numeric":230,"native":"የኢትዮጵያ ብር","localized":"etiopski bir"},"ar":{"code":"EGP","numeric":818,"native":"جنيه مصري","localized":"egiptovski funt"},"as":{"code":"INR","numeric":356,"native":"ভাৰতীয় ৰুপী","localized":"indijska rupija"},"az":{"code":"AZN","numeric":944,"native":"Azərbaycan Manatı","localized":"azerbajdžanski manat"},"be":{"code":"BYN","numeric":840,"native":"беларускі рубель","localized":"beloruski rubelj"},"bg":{"code":"BGN","numeric":975,"native":"Български лев","localized":"bolgarski lev"},"bho":{"code":"INR","numeric":356,"native":"INR","localized":"indijska rupija"},"bm":{"code":"XOF","numeric":952,"native":"sefa Fraŋ (BCEAO)","localized":"zahodnoafriški frank CFA"},"bn":{"code":"BDT","numeric":50,"native":"বাংলাদেশী টাকা","localized":"bangladeška taka"},"bs":{"code":"BAM","numeric":977,"native":"Bosanskohercegovačka konvertibilna marka","localized":"bosansko-hercegovska konvertibilna marka"},"ca":{"code":"EUR","numeric":978,"native":"euro","localized":"evro"},"ceb":{"code":"PHP","numeric":608,"native":"Philippine Peso","localized":"filipinski peso"},"ckb":{"code":"IQD","numeric":368,"native":"IQD","localized":"iraški dinar"},"cs":{"code":"CZK","numeric":203,"native":"česká koruna","localized":"češka krona"},"cy":{"code":"GBP","numeric":826,"native":"Punt Prydain","localized":"britanski funt"},"da":{"code":"DKK","numeric":208,"native":"dansk krone","localized":"danska krona"},"de":{"code":"EUR","numeric":978,"native":"Euro","localized":"evro"},"de_CH":{"code":"CHF","numeric":756,"native":"Schweizer Franken","localized":"švicarski frank"},"doi":{"code":"INR","numeric":356,"native":"भारती रपेऽ","localized":"indijska rupija"},"ee":{"code":"GHS","numeric":936,"native":"ghana siɖi","localized":"ganski cedi"},"el":{"code":"EUR","numeric":978,"native":"Ευρώ","localized":"evro"},"en":{"code":"USD","numeric":840,"native":"US Dollar","localized":"ameriški dolar"},"en_CA":{"code":"CAD","numeric":124,"native":"Canadian Dollar","localized":"kanadski dolar"},"eo":{"code":"USD","numeric":840,"native":"","localized":""},"es":{"code":"EUR","numeric":978,"native":"euro","localized":"evro"},"et":{"code":"EUR","numeric":978,"native":"euro","localized":"evro"},"eu":{"code":"EUR","numeric":978,"native":"euroa","localized":"evro"},"fa":{"code":"IRR","numeric":364,"native":"ریال ایران","localized":"iranski rial"},"fi":{"code":"EUR","numeric":978,"native":"euro","localized":"evro"},"fil":{"code":"PHP","numeric":608,"native":"Piso ng Pilipinas","localized":"filipinski peso"},"fr":{"code":"EUR","numeric":978,"native":"euro","localized":"evro"},"fy":{"code":"EUR","numeric":978,"native":"Euro","localized":"evro"},"ga":{"code":"EUR","numeric":978,"native":"Euro","localized":"evro"},"gd":{"code":"GBP","numeric":826,"native":"Punnd Sasannach","localized":"britanski funt"},"gl":{"code":"EUR","numeric":978,"native":"euro","localized":"evro"},"gu":{"code":"INR","numeric":356,"native":"ભારતીય રૂપિયા","localized":"indijska rupija"},"ha":{"code":"NGN","numeric":566,"native":"Nairar Najeriya","localized":"nigerijska naira"},"haw":{"code":"USD","numeric":840,"native":"USD","localized":"ameriški dolar"},"he":{"code":"ILS","numeric":376,"native":"שקל חדש","localized":"izraelski šekel"},"hi":{"code":"INR","numeric":356,"native":"भारतीय रुपया","localized":"indijska rupija"},"hr":{"code":"EUR","numeric":978,"native":"euro","localized":"evro"},"hu":{"code":"HUF","numeric":348,"native":"magyar forint","localized":"madžarski forint"},"hy":{"code":"AMD","numeric":51,"native":"հայկական դրամ","localized":"armenski dram"},"id":{"code":"IDR","numeric":360,"native":"Rupiah Indonesia","localized":"indonezijska rupija"},"ig":{"code":"NGN","numeric":566,"native":"Naịra","localized":"nigerijska naira"},"is":{"code":"ISK","numeric":352,"native":"íslensk króna","localized":"islandska krona"},"it":{"code":"EUR","numeric":978,"native":"euro","localized":"evro"},"ja":{"code":"JPY","numeric":392,"native":"日本円","localized":"japonski jen"},"ka":{"code":"GEL","numeric":981,"native":"ქართული ლარი","localized":"gruzijski lari"},"kk":{"code":"KZT","numeric":398,"native":"Қазақстан теңгесі","localized":"kazahstanski tenge"},"km":{"code":"KHR","numeric":116,"native":"រៀល​កម្ពុជា","localized":"kamboški riel"},"kn":{"code":"INR","numeric":356,"native":"ಭಾರತೀಯ ರೂಪಾಯಿ","localized":"indijska rupija"},"ko":{"code":"KRW","numeric":410,"native":"대한민국 원","localized":"južnokorejski von"},"ku":{"code":"TRY","numeric":949,"native":"TRY","localized":"nova turška lira"},"ky":{"code":"KGS","numeric":417,"native":"Кыргызстан сому","localized":"kirgiški som"},"lb":{"code":"EUR","numeric":978,"native":"Euro","localized":"evro"},"lg":{"code":"UGX","numeric":800,"native":"Silingi eya Yuganda","localized":"ugandski šiling"},"ln":{"code":"CDF","numeric":976,"native":"Falánga ya Kongó","localized":"kongovski frank"},"lo":{"code":"LAK","numeric":418,"native":"ລາວ ກີບ","localized":"laoški kip"},"lt":{"code":"EUR","numeric":978,"native":"Euras","localized":"evro"},"lv":{"code":"EUR","numeric":978,"native":"eiro","localized":"evro"},"mai":{"code":"INR","numeric":356,"native":"भारतीय रुपया","localized":"indijska rupija"},"mg":{"code":"MGA","numeric":969,"native":"Ariary","localized":"malgaški ariarij"},"mi":{"code":"NZD","numeric":554,"native":"Tāra o Aotearoa","localized":"novozelandski dolar"},"mk":{"code":"MKD","numeric":807,"native":"Македонски денар","localized":"makedonski denar"},"ml":{"code":"INR","numeric":356,"native":"ഇന്ത്യൻ രൂപ","localized":"indijska rupija"},"mn":{"code":"MNT","numeric":496,"native":"Монгол төгрөг","localized":"mongolski tugrik"},"mni_Mtei":{"code":"INR","numeric":356,"native":"Indian Rupee","localized":"indijska rupija"},"mr":{"code":"INR","numeric":356,"native":"भारतीय रुपया","localized":"indijska rupija"},"ms":{"code":"MYR","numeric":458,"native":"Ringgit Malaysia","localized":"malezijski ringit"},"mt":{"code":"EUR","numeric":978,"native":"ewro","localized":"evro"},"my":{"code":"MMK","numeric":104,"native":"မြန်မာ ကျပ်","localized":"mjanmarski kjat"},"nb":{"code":"NOK","numeric":578,"native":"norske kroner","localized":"norveška krona"},"ne":{"code":"NPR","numeric":524,"native":"नेपाली रूपैयाँ","localized":"nepalska rupija"},"nl":{"code":"EUR","numeric":978,"native":"Euro","localized":"evro"},"nn":{"code":"NOK","numeric":578,"native":"norske kroner","localized":"norveška krona"},"oc":{"code":"EUR","numeric":978,"native":"EUR","localized":"evro"},"om":{"code":"ETB","numeric":230,"native":"Itoophiyaa Birrii","localized":"etiopski bir"},"or":{"code":"INR","numeric":356,"native":"ଭାରତୀୟ ଟଙ୍କା","localized":"indijska rupija"},"pa":{"code":"INR","numeric":356,"native":"ਭਾਰਤੀ ਰੁਪਇਆ","localized":"indijska rupija"},"pl":{"code":"PLN","numeric":985,"native":"złoty polski","localized":"poljski novi zlot"},"ps":{"code":"AFN","numeric":971,"native":"افغانۍ","localized":"afgani"},"pt":{"code":"BRL","numeric":986,"native":"Real brasileiro","localized":"brazilski real"},"pt_BR":{"code":"BRL","numeric":986,"native":"Real brasileiro","localized":"brazilski real"},"qu":{"code":"PEN","numeric":604,"native":"Sol Peruano","localized":"perujski sol"},"ro":{"code":"RON","numeric":946,"native":"leu românesc","localized":"romunski leu"},"ru":{"code":"RUB","numeric":643,"native":"российский рубль","localized":"ruski rubelj"},"rw":{"code":"RWF","numeric":646,"native":"RWF","localized":"ruandski frank"},"sa":{"code":"INR","numeric":356,"native":"भारतीय रूप्यकम्","localized":"indijska rupija"},"sc":{"code":"EUR","numeric":978,"native":"èuro","localized":"evro"},"sd":{"code":"PKR","numeric":586,"native":"پاڪستاني رپي","localized":"pakistanska rupija"},"si":{"code":"LKR","numeric":144,"native":"ශ්‍රී ලංකා රුපියල","localized":"šrilanška rupija"},"sk":{"code":"EUR","numeric":978,"native":"euro","localized":"evro"},"sl":{"code":"EUR","numeric":978,"native":"evro","localized":"evro"},"sn":{"code":"USD","numeric":840,"native":"Dora re Amerika","localized":"ameriški dolar"},"so":{"code":"SOS","numeric":706,"native":"Shilingka Soomaaliya","localized":"somalski šiling"},"sq":{"code":"ALL","numeric":8,"native":"Leku shqiptar","localized":"albanski lek"},"sr_Cyrl":{"code":"RSD","numeric":941,"native":"српски динар","localized":"srbski dinar"},"sr_Latn":{"code":"RSD","numeric":941,"native":"srpski dinar","localized":"srbski dinar"},"sr_Latn_ME":{"code":"EUR","numeric":978,"native":"Evro","localized":"evro"},"su":{"code":"IDR","numeric":360,"native":"Rupee Indonésia","localized":"indonezijska rupija"},"sv":{"code":"SEK","numeric":752,"native":"svensk krona","localized":"švedska krona"},"sw":{"code":"TZS","numeric":834,"native":"Shilingi ya Tanzania","localized":"tanzanijski šiling"},"ta":{"code":"INR","numeric":356,"native":"இந்திய ரூபாய்","localized":"indijska rupija"},"te":{"code":"INR","numeric":356,"native":"భారతదేశ రూపాయి","localized":"indijska rupija"},"tg":{"code":"TJS","numeric":972,"native":"Сомонӣ","localized":"tadžikistanski somoni"},"th":{"code":"THB","numeric":764,"native":"บาท","localized":"tajski baht"},"ti":{"code":"ETB","numeric":230,"native":"ብር","localized":"etiopski bir"},"tk":{"code":"TMT","numeric":934,"native":"Türkmen manady","localized":"turkmenistanski novi manat"},"tl":{"code":"PHP","numeric":608,"native":"Philippine Peso","localized":"filipinski peso"},"tr":{"code":"TRY","numeric":949,"native":"Türk Lirası","localized":"nova turška lira"},"tt":{"code":"RUB","numeric":643,"native":"Россия сумы","localized":"ruski rubelj"},"ug":{"code":"CNY","numeric":156,"native":"جۇڭگو يۈەنى","localized":"kitajski juan"},"uk":{"code":"UAH","numeric":980,"native":"українська гривня","localized":"ukrajinska grivna"},"ur":{"code":"PKR","numeric":586,"native":"پاکستانی روپیہ","localized":"pakistanska rupija"},"uz_Cyrl":{"code":"UZS","numeric":860,"native":"Ўзбекистон сўм","localized":"uzbeški sum"},"uz_Latn":{"code":"UZS","numeric":860,"native":"O‘zbekiston so‘mi","localized":"uzbeški sum"},"vi":{"code":"VND","numeric":704,"native":"Đồng Việt Nam","localized":"vientnamski dong"},"xh":{"code":"ZAR","numeric":710,"native":"IRandi yaseMzantsi Afrika","localized":"južnoafriški rand"},"yi":{"code":"USD","numeric":840,"native":"","localized":""},"yo":{"code":"NGN","numeric":566,"native":"Náírà Nàìjíríà","localized":"nigerijska naira"},"zh_CN":{"code":"CNY","numeric":156,"native":"人民币","localized":"kitajski juan"},"zh_HK":{"code":"HKD","numeric":344,"native":"港元","localized":"hongkonški dolar"},"zh_TW":{"code":"TWD","numeric":901,"native":"新台币","localized":"novi tajvanski dolar"},"zu":{"code":"ZAR","numeric":710,"native":"i-South African Rand","localized":"južnoafriški rand"}}
