{"af":{"code":"ZAR","numeric":710,"native":"Suid-Afrikaanse rand","localized":"Randi afrikano-jugor"},"ak":{"code":"GHS","numeric":936,"native":"Ghana Sidi","localized":"Sejda ganeze"},"am":{"code":"ETB","numeric":230,"native":"የኢትዮጵያ ብር","localized":"Bira etiopiane"},"ar":{"code":"EGP","numeric":818,"native":"جنيه مصري","localized":"Sterlina egjiptiane"},"as":{"code":"INR","numeric":356,"native":"ভাৰতীয় ৰুপী","localized":"Rupia indiane"},"az":{"code":"AZN","numeric":944,"native":"Azərbaycan Manatı","localized":"Manata azerbajxhanase"},"be":{"code":"BYN","numeric":840,"native":"беларускі рубель","localized":"Rubla bjelloruse"},"bg":{"code":"BGN","numeric":975,"native":"Български лев","localized":"Leva bullgare"},"bho":{"code":"INR","numeric":356,"native":"INR","localized":"Rupia indiane"},"bm":{"code":"XOF","numeric":952,"native":"sefa Fraŋ (BCEAO)","localized":"Franga e Bregut të Fildishtë"},"bn":{"code":"BDT","numeric":50,"native":"বাংলাদেশী টাকা","localized":"Taka e Bangladeshit"},"bs":{"code":"BAM","numeric":977,"native":"Bosanskohercegovačka konvertibilna marka","localized":"Marka e Bosnjë-Hercegovinës [e shkëmbyeshme]"},"ca":{"code":"EUR","numeric":978,"native":"euro","localized":"Euroja"},"ceb":{"code":"PHP","numeric":608,"native":"Philippine Peso","localized":"Pesoja filipinase"},"ckb":{"code":"IQD","numeric":368,"native":"IQD","localized":"Dinari irakian"},"cs":{"code":"CZK","numeric":203,"native":"česká koruna","localized":"Koruna e Çekisë"},"cy":{"code":"GBP","numeric":826,"native":"Punt Prydain","localized":"Sterlina britanike"},"da":{"code":"DKK","numeric":208,"native":"dansk krone","localized":"Korona daneze"},"de":{"code":"EUR","numeric":978,"native":"Euro","localized":"Euroja"},"de_CH":{"code":"CHF","numeric":756,"native":"Schweizer Franken","localized":"Franga zvicerane"},"doi":{"code":"INR","numeric":356,"native":"भारती रपेऽ","localized":"Rupia indiane"},"ee":{"code":"GHS","numeric":936,"native":"ghana siɖi","localized":"Sejda ganeze"},"el":{"code":"EUR","numeric":978,"native":"Ευρώ","localized":"Euroja"},"en":{"code":"USD","numeric":840,"native":"US Dollar","localized":"Dollari amerikan"},"en_CA":{"code":"CAD","numeric":124,"native":"Canadian Dollar","localized":"Dollari kanadez"},"eo":{"code":"USD","numeric":840,"native":"","localized":""},"es":{"code":"EUR","numeric":978,"native":"euro","localized":"Euroja"},"et":{"code":"EUR","numeric":978,"native":"euro","localized":"Euroja"},"eu":{"code":"EUR","numeric":978,"native":"euroa","localized":"Euroja"},"fa":{"code":"IRR","numeric":364,"native":"ریال ایران","localized":"Riali iranian"},"fi":{"code":"EUR","numeric":978,"native":"euro","localized":"Euroja"},"fil":{"code":"PHP","numeric":608,"native":"Piso ng Pilipinas","localized":"Pesoja filipinase"},"fr":{"code":"EUR","numeric":978,"native":"euro","localized":"Euroja"},"fy":{"code":"EUR","numeric":978,"native":"Euro","localized":"Euroja"},"ga":{"code":"EUR","numeric":978,"native":"Euro","localized":"Euroja"},"gd":{"code":"GBP","numeric":826,"native":"Punnd Sasannach","localized":"Sterlina britanike"},"gl":{"code":"EUR","numeric":978,"native":"euro","localized":"Euroja"},"gu":{"code":"INR","numeric":356,"native":"ભારતીય રૂપિયા","localized":"Rupia indiane"},"ha":{"code":"NGN","numeric":566,"native":"Nairar Najeriya","localized":"Naira nigeriane"},"haw":{"code":"USD","numeric":840,"native":"USD","localized":"Dollari amerikan"},"he":{"code":"ILS","numeric":376,"native":"שקל חדש","localized":"Shekeli izrealit"},"hi":{"code":"INR","numeric":356,"native":"भारतीय रुपया","localized":"Rupia indiane"},"hr":{"code":"EUR","numeric":978,"native":"euro","localized":"Euroja"},"hu":{"code":"HUF","numeric":348,"native":"magyar forint","localized":"Forinta hungareze"},"hy":{"code":"AMD","numeric":51,"native":"հայկական դրամ","localized":"Dramia armene"},"id":{"code":"IDR","numeric":360,"native":"Rupiah Indonesia","localized":"Rupia indoneziane"},"ig":{"code":"NGN","numeric":566,"native":"Naịra","localized":"Naira nigeriane"},"is":{"code":"ISK","numeric":352,"native":"íslensk króna","localized":"Korona islandeze"},"it":{"code":"EUR","numeric":978,"native":"euro","localized":"Euroja"},"ja":{"code":"JPY","numeric":392,"native":"日本円","localized":"Jeni japonez"},"ka":{"code":"GEL","numeric":981,"native":"ქართული ლარი","localized":"Laria gjeorgjiane"},"kk":{"code":"KZT","numeric":398,"native":"Қазақстан теңгесі","localized":"Tenga kazake"},"km":{"code":"KHR","numeric":116,"native":"រៀល​កម្ពុជា","localized":"Riali kamboxhian"},"kn":{"code":"INR","numeric":356,"native":"ಭಾರತೀಯ ರೂಪಾಯಿ","localized":"Rupia indiane"},"ko":{"code":"KRW","numeric":410,"native":"대한민국 원","localized":"Uoni koreano-jugor"},"ku":{"code":"TRY","numeric":949,"native":"TRY","localized":"Lira turke"},"ky":{"code":"KGS","numeric":417,"native":"Кыргызстан сому","localized":"Soma kirgize"},"lb":{"code":"EUR","numeric":978,"native":"Euro","localized":"Euroja"},"lg":{"code":"UGX","numeric":800,"native":"Silingi eya Yuganda","localized":"Shilinga ugandeze"},"ln":{"code":"CDF","numeric":976,"native":"Falánga ya Kongó","localized":"Franga kongole"},"lo":{"code":"LAK","numeric":418,"native":"ລາວ ກີບ","localized":"Kipa e Laosit"},"lt":{"code":"EUR","numeric":978,"native":"Euras","localized":"Euroja"},"lv":{"code":"EUR","numeric":978,"native":"eiro","localized":"Euroja"},"mai":{"code":"INR","numeric":356,"native":"भारतीय रुपया","localized":"Rupia indiane"},"mg":{"code":"MGA","numeric":969,"native":"Ariary","localized":"Arieri malagez"},"mi":{"code":"NZD","numeric":554,"native":"Tāra o Aotearoa","localized":"Dollari i Zelandës së Re"},"mk":{"code":"MKD","numeric":807,"native":"Македонски денар","localized":"Denari maqedonas"},"ml":{"code":"INR","numeric":356,"native":"ഇന്ത്യൻ രൂപ","localized":"Rupia indiane"},"mn":{"code":"MNT","numeric":496,"native":"Монгол төгрөг","localized":"Tugrika mongole"},"mni_Mtei":{"code":"INR","numeric":356,"native":"Indian Rupee","localized":"Rupia indiane"},"mr":{"code":"INR","numeric":356,"native":"भारतीय रुपया","localized":"Rupia indiane"},"ms":{"code":"MYR","numeric":458,"native":"Ringgit Malaysia","localized":"Ringiti malajzian"},"mt":{"code":"EUR","numeric":978,"native":"ewro","localized":"Euroja"},"my":{"code":"MMK","numeric":104,"native":"မြန်မာ ကျပ်","localized":"Kiata e Mianmarit"},"nb":{"code":"NOK","numeric":578,"native":"norske kroner","localized":"Korona norvegjeze"},"ne":{"code":"NPR","numeric":524,"native":"नेपाली रूपैयाँ","localized":"Rupia nepaleze"},"nl":{"code":"EUR","numeric":978,"native":"Euro","localized":"Euroja"},"nn":{"code":"NOK","numeric":578,"native":"norske kroner","localized":"Korona norvegjeze"},"oc":{"code":"EUR","numeric":978,"native":"EUR","localized":"Euroja"},"om":{"code":"ETB","numeric":230,"native":"Itoophiyaa Birrii","localized":"Bira etiopiane"},"or":{"code":"INR","numeric":356,"native":"ଭାରତୀୟ ଟଙ୍କା","localized":"Rupia indiane"},"pa":{"code":"INR","numeric":356,"native":"ਭਾਰਤੀ ਰੁਪਇਆ","localized":"Rupia indiane"},"pl":{"code":"PLN","numeric":985,"native":"złoty polski","localized":"Zllota polake"},"ps":{"code":"AFN","numeric":971,"native":"افغانۍ","localized":"Afgani afgan"},"pt":{"code":"BRL","numeric":986,"native":"Real brasileiro","localized":"Reali brazilian"},"pt_BR":{"code":"BRL","numeric":986,"native":"Real brasileiro","localized":"Reali brazilian"},"qu":{"code":"PEN","numeric":604,"native":"Sol Peruano","localized":"Sola peruane"},"ro":{"code":"RON","numeric":946,"native":"leu românesc","localized":"Leuja rumune"},"ru":{"code":"RUB","numeric":643,"native":"российский рубль","localized":"Rubla ruse"},"rw":{"code":"RWF","numeric":646,"native":"RWF","localized":"Franga ruandeze"},"sa":{"code":"INR","numeric":356,"native":"भारतीय रूप्यकम्","localized":"Rupia indiane"},"sc":{"code":"EUR","numeric":978,"native":"èuro","localized":"Euroja"},"sd":{"code":"PKR","numeric":586,"native":"پاڪستاني رپي","localized":"Rupia pakistaneze"},"si":{"code":"LKR","numeric":144,"native":"ශ්‍රී ලංකා රුපියල","localized":"Rupia e Sri-Lankës"},"sk":{"code":"EUR","numeric":978,"native":"euro","localized":"Euroja"},"sl":{"code":"EUR","numeric":978,"native":"evro","localized":"Euroja"},"sn":{"code":"USD","numeric":840,"native":"Dora re Amerika","localized":"Dollari amerikan"},"so":{"code":"SOS","numeric":706,"native":"Shilingka Soomaaliya","localized":"Shilinga somaleze"},"sq":{"code":"ALL","numeric":8,"native":"Leku shqiptar","localized":"Leku shqiptar"},"sr_Cyrl":{"code":"RSD","numeric":941,"native":"српски динар","localized":"Dinari serb"},"sr_Latn":{"code":"RSD","numeric":941,"native":"srpski dinar","localized":"Dinari serb"},"sr_Latn_ME":{"code":"EUR","numeric":978,"native":"Evro","localized":"Euroja"},"su":{"code":"IDR","numeric":360,"native":"Rupee Indonésia","localized":"Rupia indoneziane"},"sv":{"code":"SEK","numeric":752,"native":"svensk krona","localized":"Korona suedeze"},"sw":{"code":"TZS","numeric":834,"native":"Shilingi ya Tanzania","localized":"Shilinga e Tanzanisë"},"ta":{"code":"INR","numeric":356,"native":"இந்திய ரூபாய்","localized":"Rupia indiane"},"te":{"code":"INR","numeric":356,"native":"భారతదేశ రూపాయి","localized":"Rupia indiane"},"tg":{"code":"TJS","numeric":972,"native":"Сомонӣ","localized":"Somona taxhike"},"th":{"code":"THB","numeric":764,"native":"บาท","localized":"Bata tajlandeze"},"ti":{"code":"ETB","numeric":230,"native":"ብር","localized":"Bira etiopiane"},"tk":{"code":"TMT","numeric":934,"native":"Türkmen manady","localized":"Manata turkmene"},"tl":{"code":"PHP","numeric":608,"native":"Philippine Peso","localized":"Pesoja filipinase"},"tr":{"code":"TRY","numeric":949,"native":"Türk Lirası","localized":"Lira turke"},"tt":{"code":"RUB","numeric":643,"native":"Россия сумы","localized":"Rubla ruse"},"ug":{"code":"CNY","numeric":156,"native":"جۇڭگو يۈەنى","localized":"Juani kinez"},"uk":{"code":"UAH","numeric":980,"native":"українська гривня","localized":"Rivnia ukrainase"},"ur":{"code":"PKR","numeric":586,"native":"پاکستانی روپیہ","localized":"Rupia pakistaneze"},"uz_Cyrl":{"code":"UZS","numeric":860,"native":"Ўзбекистон сўм","localized":"Soma uzbeke"},"uz_Latn":{"code":"UZS","numeric":860,"native":"O‘zbekiston so‘mi","localized":"Soma uzbeke"},"vi":{"code":"VND","numeric":704,"native":"Đồng Việt Nam","localized":"Donga vietnameze"},"xh":{"code":"ZAR","numeric":710,"native":"IRandi yaseMzantsi Afrika","localized":"Randi afrikano-jugor"},"yi":{"code":"USD","numeric":840,"native":"","localized":""},"yo":{"code":"NGN","numeric":566,"native":"Náírà Nàìjíríà","localized":"Naira nigeriane"},"zh_CN":{"code":"CNY","numeric":156,"native":"人民币","localized":"Juani kinez"},"zh_HK":{"code":"HKD","numeric":344,"native":"港元","localized":"Dollari i Hong-Kongut"},"zh_TW":{"code":"TWD","numeric":901,"native":"新台币","localized":"Dollari tajvanez"},"zu":{"code":"ZAR","numeric":710,"native":"i-South African Rand","localized":"Randi afrikano-jugor"}}
