{"af":{"code":"ZAR","numeric":710,"native":"Suid-Afrikaanse rand","localized":"јужноафрички ранд"},"ak":{"code":"GHS","numeric":936,"native":"Ghana Sidi","localized":"гански седи"},"am":{"code":"ETB","numeric":230,"native":"የኢትዮጵያ ብር","localized":"етиопијски бир"},"ar":{"code":"EGP","numeric":818,"native":"جنيه مصري","localized":"египатска фунта"},"as":{"code":"INR","numeric":356,"native":"ভাৰতীয় ৰুপী","localized":"индијска рупија"},"az":{"code":"AZN","numeric":944,"native":"Azərbaycan Manatı","localized":"азербејџански манат"},"be":{"code":"BYN","numeric":840,"native":"беларускі рубель","localized":"белоруска рубља"},"bg":{"code":"BGN","numeric":975,"native":"Български лев","localized":"бугарски лев"},"bho":{"code":"INR","numeric":356,"native":"INR","localized":"индијска рупија"},"bm":{"code":"XOF","numeric":952,"native":"sefa Fraŋ (BCEAO)","localized":"западноафрички франак"},"bn":{"code":"BDT","numeric":50,"native":"বাংলাদেশী টাকা","localized":"бангладешка така"},"bs":{"code":"BAM","numeric":977,"native":"Bosanskohercegovačka konvertibilna marka","localized":"босанско-херцеговачка конвертибилна марка"},"ca":{"code":"EUR","numeric":978,"native":"euro","localized":"Евро"},"ceb":{"code":"PHP","numeric":608,"native":"Philippine Peso","localized":"филипински пезос"},"ckb":{"code":"IQD","numeric":368,"native":"IQD","localized":"ирачки динар"},"cs":{"code":"CZK","numeric":203,"native":"česká koruna","localized":"чешка круна"},"cy":{"code":"GBP","numeric":826,"native":"Punt Prydain","localized":"британска фунта"},"da":{"code":"DKK","numeric":208,"native":"dansk krone","localized":"данска круна"},"de":{"code":"EUR","numeric":978,"native":"Euro","localized":"Евро"},"de_CH":{"code":"CHF","numeric":756,"native":"Schweizer Franken","localized":"швајцарски франак"},"doi":{"code":"INR","numeric":356,"native":"भारती रपेऽ","localized":"индијска рупија"},"ee":{"code":"GHS","numeric":936,"native":"ghana siɖi","localized":"гански седи"},"el":{"code":"EUR","numeric":978,"native":"Ευρώ","localized":"Евро"},"en":{"code":"USD","numeric":840,"native":"US Dollar","localized":"амерички долар"},"en_CA":{"code":"CAD","numeric":124,"native":"Canadian Dollar","localized":"канадски долар"},"eo":{"code":"USD","numeric":840,"native":"","localized":""},"es":{"code":"EUR","numeric":978,"native":"euro","localized":"Евро"},"et":{"code":"EUR","numeric":978,"native":"euro","localized":"Евро"},"eu":{"code":"EUR","numeric":978,"native":"euroa","localized":"Евро"},"fa":{"code":"IRR","numeric":364,"native":"ریال ایران","localized":"ирански ријал"},"fi":{"code":"EUR","numeric":978,"native":"euro","localized":"Евро"},"fil":{"code":"PHP","numeric":608,"native":"Piso ng Pilipinas","localized":"филипински пезос"},"fr":{"code":"EUR","numeric":978,"native":"euro","localized":"Евро"},"fy":{"code":"EUR","numeric":978,"native":"Euro","localized":"Евро"},"ga":{"code":"EUR","numeric":978,"native":"Euro","localized":"Евро"},"gd":{"code":"GBP","numeric":826,"native":"Punnd Sasannach","localized":"британска фунта"},"gl":{"code":"EUR","numeric":978,"native":"euro","localized":"Евро"},"gu":{"code":"INR","numeric":356,"native":"ભારતીય રૂપિયા","localized":"индијска рупија"},"ha":{"code":"NGN","numeric":566,"native":"Nairar Najeriya","localized":"нигеријска наира"},"haw":{"code":"USD","numeric":840,"native":"USD","localized":"амерички долар"},"he":{"code":"ILS","numeric":376,"native":"שקל חדש","localized":"израелски нови шекел"},"hi":{"code":"INR","numeric":356,"native":"भारतीय रुपया","localized":"индијска рупија"},"hr":{"code":"EUR","numeric":978,"native":"euro","localized":"Евро"},"hu":{"code":"HUF","numeric":348,"native":"magyar forint","localized":"мађарска форинта"},"hy":{"code":"AMD","numeric":51,"native":"հայկական դրամ","localized":"јерменски драм"},"id":{"code":"IDR","numeric":360,"native":"Rupiah Indonesia","localized":"индонежанска рупија"},"ig":{"code":"NGN","numeric":566,"native":"Naịra","localized":"нигеријска наира"},"is":{"code":"ISK","numeric":352,"native":"íslensk króna","localized":"исландска круна"},"it":{"code":"EUR","numeric":978,"native":"euro","localized":"Евро"},"ja":{"code":"JPY","numeric":392,"native":"日本円","localized":"јапански јен"},"ka":{"code":"GEL","numeric":981,"native":"ქართული ლარი","localized":"грузијски лари"},"kk":{"code":"KZT","numeric":398,"native":"Қазақстан теңгесі","localized":"казахстански тенге"},"km":{"code":"KHR","numeric":116,"native":"រៀល​កម្ពុជា","localized":"камбоџански ријел"},"kn":{"code":"INR","numeric":356,"native":"ಭಾರತೀಯ ರೂಪಾಯಿ","localized":"индијска рупија"},"ko":{"code":"KRW","numeric":410,"native":"대한민국 원","localized":"јужнокорејски вон"},"ku":{"code":"TRY","numeric":949,"native":"TRY","localized":"турска лира"},"ky":{"code":"KGS","numeric":417,"native":"Кыргызстан сому","localized":"киргистански сом"},"lb":{"code":"EUR","numeric":978,"native":"Euro","localized":"Евро"},"lg":{"code":"UGX","numeric":800,"native":"Silingi eya Yuganda","localized":"угандски шилинг"},"ln":{"code":"CDF","numeric":976,"native":"Falánga ya Kongó","localized":"конгоански франак"},"lo":{"code":"LAK","numeric":418,"native":"ລາວ ກີບ","localized":"лаоски кип"},"lt":{"code":"EUR","numeric":978,"native":"Euras","localized":"Евро"},"lv":{"code":"EUR","numeric":978,"native":"eiro","localized":"Евро"},"mai":{"code":"INR","numeric":356,"native":"भारतीय रुपया","localized":"индијска рупија"},"mg":{"code":"MGA","numeric":969,"native":"Ariary","localized":"малгашки аријари"},"mi":{"code":"NZD","numeric":554,"native":"Tāra o Aotearoa","localized":"новозеландски долар"},"mk":{"code":"MKD","numeric":807,"native":"Македонски денар","localized":"македонски денар"},"ml":{"code":"INR","numeric":356,"native":"ഇന്ത്യൻ രൂപ","localized":"индијска рупија"},"mn":{"code":"MNT","numeric":496,"native":"Монгол төгрөг","localized":"монголски тугрик"},"mni_Mtei":{"code":"INR","numeric":356,"native":"Indian Rupee","localized":"индијска рупија"},"mr":{"code":"INR","numeric":356,"native":"भारतीय रुपया","localized":"индијска рупија"},"ms":{"code":"MYR","numeric":458,"native":"Ringgit Malaysia","localized":"малезијски рингит"},"mt":{"code":"EUR","numeric":978,"native":"ewro","localized":"Евро"},"my":{"code":"MMK","numeric":104,"native":"မြန်မာ ကျပ်","localized":"мјанмарски кјат"},"nb":{"code":"NOK","numeric":578,"native":"norske kroner","localized":"норвешка круна"},"ne":{"code":"NPR","numeric":524,"native":"नेपाली रूपैयाँ","localized":"непалска рупија"},"nl":{"code":"EUR","numeric":978,"native":"Euro","localized":"Евро"},"nn":{"code":"NOK","numeric":578,"native":"norske kroner","localized":"норвешка круна"},"oc":{"code":"EUR","numeric":978,"native":"EUR","localized":"Евро"},"om":{"code":"ETB","numeric":230,"native":"Itoophiyaa Birrii","localized":"етиопијски бир"},"or":{"code":"INR","numeric":356,"native":"ଭାରତୀୟ ଟଙ୍କା","localized":"индијска рупија"},"pa":{"code":"INR","numeric":356,"native":"ਭਾਰਤੀ ਰੁਪਇਆ","localized":"индијска рупија"},"pl":{"code":"PLN","numeric":985,"native":"złoty polski","localized":"пољски злот"},"ps":{"code":"AFN","numeric":971,"native":"افغانۍ","localized":"авганистански авгани"},"pt":{"code":"BRL","numeric":986,"native":"Real brasileiro","localized":"бразилски реал"},"pt_BR":{"code":"BRL","numeric":986,"native":"Real brasileiro","localized":"бразилски реал"},"qu":{"code":"PEN","numeric":604,"native":"Sol Peruano","localized":"перуански сол"},"ro":{"code":"RON","numeric":946,"native":"leu românesc","localized":"румунски леј"},"ru":{"code":"RUB","numeric":643,"native":"российский рубль","localized":"руска рубља"},"rw":{"code":"RWF","numeric":646,"native":"RWF","localized":"руандски франак"},"sa":{"code":"INR","numeric":356,"native":"भारतीय रूप्यकम्","localized":"индијска рупија"},"sc":{"code":"EUR","numeric":978,"native":"èuro","localized":"Евро"},"sd":{"code":"PKR","numeric":586,"native":"پاڪستاني رپي","localized":"пакистанска рупија"},"si":{"code":"LKR","numeric":144,"native":"ශ්‍රී ලංකා රුපියල","localized":"шриланчанска рупија"},"sk":{"code":"EUR","numeric":978,"native":"euro","localized":"Евро"},"sl":{"code":"EUR","numeric":978,"native":"evro","localized":"Евро"},"sn":{"code":"USD","numeric":840,"native":"Dora re Amerika","localized":"амерички долар"},"so":{"code":"SOS","numeric":706,"native":"Shilingka Soomaaliya","localized":"сомалијски шилинг"},"sq":{"code":"ALL","numeric":8,"native":"Leku shqiptar","localized":"албански лек"},"sr_Cyrl":{"code":"RSD","numeric":941,"native":"српски динар","localized":"српски динар"},"sr_Latn":{"code":"RSD","numeric":941,"native":"srpski dinar","localized":"српски динар"},"sr_Latn_ME":{"code":"EUR","numeric":978,"native":"Evro","localized":"Евро"},"su":{"code":"IDR","numeric":360,"native":"Rupee Indonésia","localized":"индонежанска рупија"},"sv":{"code":"SEK","numeric":752,"native":"svensk krona","localized":"шведска круна"},"sw":{"code":"TZS","numeric":834,"native":"Shilingi ya Tanzania","localized":"танзанијски шилинг"},"ta":{"code":"INR","numeric":356,"native":"இந்திய ரூபாய்","localized":"индијска рупија"},"te":{"code":"INR","numeric":356,"native":"భారతదేశ రూపాయి","localized":"индијска рупија"},"tg":{"code":"TJS","numeric":972,"native":"Сомонӣ","localized":"таџикистански сомон"},"th":{"code":"THB","numeric":764,"native":"บาท","localized":"тајландски бат"},"ti":{"code":"ETB","numeric":230,"native":"ብር","localized":"етиопијски бир"},"tk":{"code":"TMT","numeric":934,"native":"Türkmen manady","localized":"туркменистански манат"},"tl":{"code":"PHP","numeric":608,"native":"Philippine Peso","localized":"филипински пезос"},"tr":{"code":"TRY","numeric":949,"native":"Türk Lirası","localized":"турска лира"},"tt":{"code":"RUB","numeric":643,"native":"Россия сумы","localized":"руска рубља"},"ug":{"code":"CNY","numeric":156,"native":"جۇڭگو يۈەنى","localized":"кинески јуан"},"uk":{"code":"UAH","numeric":980,"native":"українська гривня","localized":"украјинска гривна"},"ur":{"code":"PKR","numeric":586,"native":"پاکستانی روپیہ","localized":"пакистанска рупија"},"uz_Cyrl":{"code":"UZS","numeric":860,"native":"Ўзбекистон сўм","localized":"узбекистански сом"},"uz_Latn":{"code":"UZS","numeric":860,"native":"O‘zbekiston so‘mi","localized":"узбекистански сом"},"vi":{"code":"VND","numeric":704,"native":"Đồng Việt Nam","localized":"вијетнамски донг"},"xh":{"code":"ZAR","numeric":710,"native":"IRandi yaseMzantsi Afrika","localized":"јужноафрички ранд"},"yi":{"code":"USD","numeric":840,"native":"","localized":""},"yo":{"code":"NGN","numeric":566,"native":"Náírà Nàìjíríà","localized":"нигеријска наира"},"zh_CN":{"code":"CNY","numeric":156,"native":"人民币","localized":"кинески јуан"},"zh_HK":{"code":"HKD","numeric":344,"native":"港元","localized":"хонгконшки долар"},"zh_TW":{"code":"TWD","numeric":901,"native":"新台币","localized":"нови тајвански долар"},"zu":{"code":"ZAR","numeric":710,"native":"i-South African Rand","localized":"јужноафрички ранд"}}
