{"af":{"code":"ZAR","numeric":710,"native":"Suid-Afrikaanse rand","localized":"južnoafrički rand"},"ak":{"code":"GHS","numeric":936,"native":"Ghana Sidi","localized":"ganski sedi"},"am":{"code":"ETB","numeric":230,"native":"የኢትዮጵያ ብር","localized":"etiopijski bir"},"ar":{"code":"EGP","numeric":818,"native":"جنيه مصري","localized":"egipatska funta"},"as":{"code":"INR","numeric":356,"native":"ভাৰতীয় ৰুপী","localized":"indijska rupija"},"az":{"code":"AZN","numeric":944,"native":"Azərbaycan Manatı","localized":"azerbejdžanski manat"},"be":{"code":"BYN","numeric":840,"native":"беларускі рубель","localized":"beloruska rublja"},"bg":{"code":"BGN","numeric":975,"native":"Български лев","localized":"bugarski lev"},"bho":{"code":"INR","numeric":356,"native":"INR","localized":"indijska rupija"},"bm":{"code":"XOF","numeric":952,"native":"sefa Fraŋ (BCEAO)","localized":"zapadnoafrički franak"},"bn":{"code":"BDT","numeric":50,"native":"বাংলাদেশী টাকা","localized":"bangladeška taka"},"bs":{"code":"BAM","numeric":977,"native":"Bosanskohercegovačka konvertibilna marka","localized":"bosansko-hercegovačka konvertibilna marka"},"ca":{"code":"EUR","numeric":978,"native":"euro","localized":"Evro"},"ceb":{"code":"PHP","numeric":608,"native":"Philippine Peso","localized":"filipinski pezos"},"ckb":{"code":"IQD","numeric":368,"native":"IQD","localized":"irački dinar"},"cs":{"code":"CZK","numeric":203,"native":"česká koruna","localized":"češka kruna"},"cy":{"code":"GBP","numeric":826,"native":"Punt Prydain","localized":"britanska funta"},"da":{"code":"DKK","numeric":208,"native":"dansk krone","localized":"danska kruna"},"de":{"code":"EUR","numeric":978,"native":"Euro","localized":"Evro"},"de_CH":{"code":"CHF","numeric":756,"native":"Schweizer Franken","localized":"švajcarski franak"},"doi":{"code":"INR","numeric":356,"native":"भारती रपेऽ","localized":"indijska rupija"},"ee":{"code":"GHS","numeric":936,"native":"ghana siɖi","localized":"ganski sedi"},"el":{"code":"EUR","numeric":978,"native":"Ευρώ","localized":"Evro"},"en":{"code":"USD","numeric":840,"native":"US Dollar","localized":"američki dolar"},"en_CA":{"code":"CAD","numeric":124,"native":"Canadian Dollar","localized":"kanadski dolar"},"eo":{"code":"USD","numeric":840,"native":"","localized":""},"es":{"code":"EUR","numeric":978,"native":"euro","localized":"Evro"},"et":{"code":"EUR","numeric":978,"native":"euro","localized":"Evro"},"eu":{"code":"EUR","numeric":978,"native":"euroa","localized":"Evro"},"fa":{"code":"IRR","numeric":364,"native":"ریال ایران","localized":"iranski rijal"},"fi":{"code":"EUR","numeric":978,"native":"euro","localized":"Evro"},"fil":{"code":"PHP","numeric":608,"native":"Piso ng Pilipinas","localized":"filipinski pezos"},"fr":{"code":"EUR","numeric":978,"native":"euro","localized":"Evro"},"fy":{"code":"EUR","numeric":978,"native":"Euro","localized":"Evro"},"ga":{"code":"EUR","numeric":978,"native":"Euro","localized":"Evro"},"gd":{"code":"GBP","numeric":826,"native":"Punnd Sasannach","localized":"britanska funta"},"gl":{"code":"EUR","numeric":978,"native":"euro","localized":"Evro"},"gu":{"code":"INR","numeric":356,"native":"ભારતીય રૂપિયા","localized":"indijska rupija"},"ha":{"code":"NGN","numeric":566,"native":"Nairar Najeriya","localized":"nigerijska naira"},"haw":{"code":"USD","numeric":840,"native":"USD","localized":"američki dolar"},"he":{"code":"ILS","numeric":376,"native":"שקל חדש","localized":"izraelski novi šekel"},"hi":{"code":"INR","numeric":356,"native":"भारतीय रुपया","localized":"indijska rupija"},"hr":{"code":"EUR","numeric":978,"native":"euro","localized":"Evro"},"hu":{"code":"HUF","numeric":348,"native":"magyar forint","localized":"mađarska forinta"},"hy":{"code":"AMD","numeric":51,"native":"հայկական դրամ","localized":"jermenski dram"},"id":{"code":"IDR","numeric":360,"native":"Rupiah Indonesia","localized":"indonežanska rupija"},"ig":{"code":"NGN","numeric":566,"native":"Naịra","localized":"nigerijska naira"},"is":{"code":"ISK","numeric":352,"native":"íslensk króna","localized":"islandska kruna"},"it":{"code":"EUR","numeric":978,"native":"euro","localized":"Evro"},"ja":{"code":"JPY","numeric":392,"native":"日本円","localized":"japanski jen"},"ka":{"code":"GEL","numeric":981,"native":"ქართული ლარი","localized":"gruzijski lari"},"kk":{"code":"KZT","numeric":398,"native":"Қазақстан теңгесі","localized":"kazahstanski tenge"},"km":{"code":"KHR","numeric":116,"native":"រៀល​កម្ពុជា","localized":"kambodžanski rijel"},"kn":{"code":"INR","numeric":356,"native":"ಭಾರತೀಯ ರೂಪಾಯಿ","localized":"indijska rupija"},"ko":{"code":"KRW","numeric":410,"native":"대한민국 원","localized":"južnokorejski von"},"ku":{"code":"TRY","numeric":949,"native":"TRY","localized":"turska lira"},"ky":{"code":"KGS","numeric":417,"native":"Кыргызстан сому","localized":"kirgistanski som"},"lb":{"code":"EUR","numeric":978,"native":"Euro","localized":"Evro"},"lg":{"code":"UGX","numeric":800,"native":"Silingi eya Yuganda","localized":"ugandski šiling"},"ln":{"code":"CDF","numeric":976,"native":"Falánga ya Kongó","localized":"kongoanski franak"},"lo":{"code":"LAK","numeric":418,"native":"ລາວ ກີບ","localized":"laoski kip"},"lt":{"code":"EUR","numeric":978,"native":"Euras","localized":"Evro"},"lv":{"code":"EUR","numeric":978,"native":"eiro","localized":"Evro"},"mai":{"code":"INR","numeric":356,"native":"भारतीय रुपया","localized":"indijska rupija"},"mg":{"code":"MGA","numeric":969,"native":"Ariary","localized":"malgaški arijari"},"mi":{"code":"NZD","numeric":554,"native":"Tāra o Aotearoa","localized":"novozelandski dolar"},"mk":{"code":"MKD","numeric":807,"native":"Македонски денар","localized":"makedonski denar"},"ml":{"code":"INR","numeric":356,"native":"ഇന്ത്യൻ രൂപ","localized":"indijska rupija"},"mn":{"code":"MNT","numeric":496,"native":"Монгол төгрөг","localized":"mongolski tugrik"},"mni_Mtei":{"code":"INR","numeric":356,"native":"Indian Rupee","localized":"indijska rupija"},"mr":{"code":"INR","numeric":356,"native":"भारतीय रुपया","localized":"indijska rupija"},"ms":{"code":"MYR","numeric":458,"native":"Ringgit Malaysia","localized":"malezijski ringit"},"mt":{"code":"EUR","numeric":978,"native":"ewro","localized":"Evro"},"my":{"code":"MMK","numeric":104,"native":"မြန်မာ ကျပ်","localized":"mjanmarski kjat"},"nb":{"code":"NOK","numeric":578,"native":"norske kroner","localized":"norveška kruna"},"ne":{"code":"NPR","numeric":524,"native":"नेपाली रूपैयाँ","localized":"nepalska rupija"},"nl":{"code":"EUR","numeric":978,"native":"Euro","localized":"Evro"},"nn":{"code":"NOK","numeric":578,"native":"norske kroner","localized":"norveška kruna"},"oc":{"code":"EUR","numeric":978,"native":"EUR","localized":"Evro"},"om":{"code":"ETB","numeric":230,"native":"Itoophiyaa Birrii","localized":"etiopijski bir"},"or":{"code":"INR","numeric":356,"native":"ଭାରତୀୟ ଟଙ୍କା","localized":"indijska rupija"},"pa":{"code":"INR","numeric":356,"native":"ਭਾਰਤੀ ਰੁਪਇਆ","localized":"indijska rupija"},"pl":{"code":"PLN","numeric":985,"native":"złoty polski","localized":"poljski zlot"},"ps":{"code":"AFN","numeric":971,"native":"افغانۍ","localized":"avganistanski avgani"},"pt":{"code":"BRL","numeric":986,"native":"Real brasileiro","localized":"brazilski real"},"pt_BR":{"code":"BRL","numeric":986,"native":"Real brasileiro","localized":"brazilski real"},"qu":{"code":"PEN","numeric":604,"native":"Sol Peruano","localized":"peruanski sol"},"ro":{"code":"RON","numeric":946,"native":"leu românesc","localized":"rumunski lej"},"ru":{"code":"RUB","numeric":643,"native":"российский рубль","localized":"ruska rublja"},"rw":{"code":"RWF","numeric":646,"native":"RWF","localized":"ruandski franak"},"sa":{"code":"INR","numeric":356,"native":"भारतीय रूप्यकम्","localized":"indijska rupija"},"sc":{"code":"EUR","numeric":978,"native":"èuro","localized":"Evro"},"sd":{"code":"PKR","numeric":586,"native":"پاڪستاني رپي","localized":"pakistanska rupija"},"si":{"code":"LKR","numeric":144,"native":"ශ්‍රී ලංකා රුපියල","localized":"šrilančanska rupija"},"sk":{"code":"EUR","numeric":978,"native":"euro","localized":"Evro"},"sl":{"code":"EUR","numeric":978,"native":"evro","localized":"Evro"},"sn":{"code":"USD","numeric":840,"native":"Dora re Amerika","localized":"američki dolar"},"so":{"code":"SOS","numeric":706,"native":"Shilingka Soomaaliya","localized":"somalijski šiling"},"sq":{"code":"ALL","numeric":8,"native":"Leku shqiptar","localized":"albanski lek"},"sr_Cyrl":{"code":"RSD","numeric":941,"native":"српски динар","localized":"srpski dinar"},"sr_Latn":{"code":"RSD","numeric":941,"native":"srpski dinar","localized":"srpski dinar"},"sr_Latn_ME":{"code":"EUR","numeric":978,"native":"Evro","localized":"Evro"},"su":{"code":"IDR","numeric":360,"native":"Rupee Indonésia","localized":"indonežanska rupija"},"sv":{"code":"SEK","numeric":752,"native":"svensk krona","localized":"švedska kruna"},"sw":{"code":"TZS","numeric":834,"native":"Shilingi ya Tanzania","localized":"tanzanijski šiling"},"ta":{"code":"INR","numeric":356,"native":"இந்திய ரூபாய்","localized":"indijska rupija"},"te":{"code":"INR","numeric":356,"native":"భారతదేశ రూపాయి","localized":"indijska rupija"},"tg":{"code":"TJS","numeric":972,"native":"Сомонӣ","localized":"tadžikistanski somon"},"th":{"code":"THB","numeric":764,"native":"บาท","localized":"tajlandski bat"},"ti":{"code":"ETB","numeric":230,"native":"ብር","localized":"etiopijski bir"},"tk":{"code":"TMT","numeric":934,"native":"Türkmen manady","localized":"turkmenistanski manat"},"tl":{"code":"PHP","numeric":608,"native":"Philippine Peso","localized":"filipinski pezos"},"tr":{"code":"TRY","numeric":949,"native":"Türk Lirası","localized":"turska lira"},"tt":{"code":"RUB","numeric":643,"native":"Россия сумы","localized":"ruska rublja"},"ug":{"code":"CNY","numeric":156,"native":"جۇڭگو يۈەنى","localized":"kineski juan"},"uk":{"code":"UAH","numeric":980,"native":"українська гривня","localized":"ukrajinska grivna"},"ur":{"code":"PKR","numeric":586,"native":"پاکستانی روپیہ","localized":"pakistanska rupija"},"uz_Cyrl":{"code":"UZS","numeric":860,"native":"Ўзбекистон сўм","localized":"uzbekistanski som"},"uz_Latn":{"code":"UZS","numeric":860,"native":"O‘zbekiston so‘mi","localized":"uzbekistanski som"},"vi":{"code":"VND","numeric":704,"native":"Đồng Việt Nam","localized":"vijetnamski dong"},"xh":{"code":"ZAR","numeric":710,"native":"IRandi yaseMzantsi Afrika","localized":"južnoafrički rand"},"yi":{"code":"USD","numeric":840,"native":"","localized":""},"yo":{"code":"NGN","numeric":566,"native":"Náírà Nàìjíríà","localized":"nigerijska naira"},"zh_CN":{"code":"CNY","numeric":156,"native":"人民币","localized":"kineski juan"},"zh_HK":{"code":"HKD","numeric":344,"native":"港元","localized":"hongkonški dolar"},"zh_TW":{"code":"TWD","numeric":901,"native":"新台币","localized":"novi tajvanski dolar"},"zu":{"code":"ZAR","numeric":710,"native":"i-South African Rand","localized":"južnoafrički rand"}}
