{"af":{"code":"ZAR","numeric":710,"native":"Suid-Afrikaanse rand","localized":"sydafrikansk rand"},"ak":{"code":"GHS","numeric":936,"native":"Ghana Sidi","localized":"ghanansk cedi"},"am":{"code":"ETB","numeric":230,"native":"የኢትዮጵያ ብር","localized":"etiopisk birr"},"ar":{"code":"EGP","numeric":818,"native":"جنيه مصري","localized":"egyptiskt pund"},"as":{"code":"INR","numeric":356,"native":"ভাৰতীয় ৰুপী","localized":"indisk rupie"},"az":{"code":"AZN","numeric":944,"native":"Azərbaycan Manatı","localized":"azerbajdzjansk manat"},"be":{"code":"BYN","numeric":840,"native":"беларускі рубель","localized":"vitrysk rubel"},"bg":{"code":"BGN","numeric":975,"native":"Български лев","localized":"bulgarisk lev"},"bho":{"code":"INR","numeric":356,"native":"INR","localized":"indisk rupie"},"bm":{"code":"XOF","numeric":952,"native":"sefa Fraŋ (BCEAO)","localized":"västafrikansk franc"},"bn":{"code":"BDT","numeric":50,"native":"বাংলাদেশী টাকা","localized":"bangladeshisk taka"},"bs":{"code":"BAM","numeric":977,"native":"Bosanskohercegovačka konvertibilna marka","localized":"bosnisk-hercegovinsk mark (konvertibel)"},"ca":{"code":"EUR","numeric":978,"native":"euro","localized":"euro"},"ceb":{"code":"PHP","numeric":608,"native":"Philippine Peso","localized":"filippinsk peso"},"ckb":{"code":"IQD","numeric":368,"native":"IQD","localized":"irakisk dinar"},"cs":{"code":"CZK","numeric":203,"native":"česká koruna","localized":"tjeckisk koruna"},"cy":{"code":"GBP","numeric":826,"native":"Punt Prydain","localized":"brittiskt pund"},"da":{"code":"DKK","numeric":208,"native":"dansk krone","localized":"dansk krona"},"de":{"code":"EUR","numeric":978,"native":"Euro","localized":"euro"},"de_CH":{"code":"CHF","numeric":756,"native":"Schweizer Franken","localized":"schweizisk franc"},"doi":{"code":"INR","numeric":356,"native":"भारती रपेऽ","localized":"indisk rupie"},"ee":{"code":"GHS","numeric":936,"native":"ghana siɖi","localized":"ghanansk cedi"},"el":{"code":"EUR","numeric":978,"native":"Ευρώ","localized":"euro"},"en":{"code":"USD","numeric":840,"native":"US Dollar","localized":"amerikansk dollar"},"en_CA":{"code":"CAD","numeric":124,"native":"Canadian Dollar","localized":"kanadensisk dollar"},"eo":{"code":"USD","numeric":840,"native":"","localized":""},"es":{"code":"EUR","numeric":978,"native":"euro","localized":"euro"},"et":{"code":"EUR","numeric":978,"native":"euro","localized":"euro"},"eu":{"code":"EUR","numeric":978,"native":"euroa","localized":"euro"},"fa":{"code":"IRR","numeric":364,"native":"ریال ایران","localized":"iransk rial"},"fi":{"code":"EUR","numeric":978,"native":"euro","localized":"euro"},"fil":{"code":"PHP","numeric":608,"native":"Piso ng Pilipinas","localized":"filippinsk peso"},"fr":{"code":"EUR","numeric":978,"native":"euro","localized":"euro"},"fy":{"code":"EUR","numeric":978,"native":"Euro","localized":"euro"},"ga":{"code":"EUR","numeric":978,"native":"Euro","localized":"euro"},"gd":{"code":"GBP","numeric":826,"native":"Punnd Sasannach","localized":"brittiskt pund"},"gl":{"code":"EUR","numeric":978,"native":"euro","localized":"euro"},"gu":{"code":"INR","numeric":356,"native":"ભારતીય રૂપિયા","localized":"indisk rupie"},"ha":{"code":"NGN","numeric":566,"native":"Nairar Najeriya","localized":"nigeriansk naira"},"haw":{"code":"USD","numeric":840,"native":"USD","localized":"amerikansk dollar"},"he":{"code":"ILS","numeric":376,"native":"שקל חדש","localized":"israelisk ny shekel"},"hi":{"code":"INR","numeric":356,"native":"भारतीय रुपया","localized":"indisk rupie"},"hr":{"code":"EUR","numeric":978,"native":"euro","localized":"euro"},"hu":{"code":"HUF","numeric":348,"native":"magyar forint","localized":"ungersk forint"},"hy":{"code":"AMD","numeric":51,"native":"հայկական դրամ","localized":"armenisk dram"},"id":{"code":"IDR","numeric":360,"native":"Rupiah Indonesia","localized":"indonesisk rupie"},"ig":{"code":"NGN","numeric":566,"native":"Naịra","localized":"nigeriansk naira"},"is":{"code":"ISK","numeric":352,"native":"íslensk króna","localized":"isländsk krona"},"it":{"code":"EUR","numeric":978,"native":"euro","localized":"euro"},"ja":{"code":"JPY","numeric":392,"native":"日本円","localized":"japansk yen"},"ka":{"code":"GEL","numeric":981,"native":"ქართული ლარი","localized":"georgisk lari"},"kk":{"code":"KZT","numeric":398,"native":"Қазақстан теңгесі","localized":"kazakisk tenge"},"km":{"code":"KHR","numeric":116,"native":"រៀល​កម្ពុជា","localized":"kambodjansk riel"},"kn":{"code":"INR","numeric":356,"native":"ಭಾರತೀಯ ರೂಪಾಯಿ","localized":"indisk rupie"},"ko":{"code":"KRW","numeric":410,"native":"대한민국 원","localized":"sydkoreansk won"},"ku":{"code":"TRY","numeric":949,"native":"TRY","localized":"turkisk lira"},"ky":{"code":"KGS","numeric":417,"native":"Кыргызстан сому","localized":"kirgizisk som"},"lb":{"code":"EUR","numeric":978,"native":"Euro","localized":"euro"},"lg":{"code":"UGX","numeric":800,"native":"Silingi eya Yuganda","localized":"ugandisk shilling"},"ln":{"code":"CDF","numeric":976,"native":"Falánga ya Kongó","localized":"kongolesisk franc"},"lo":{"code":"LAK","numeric":418,"native":"ລາວ ກີບ","localized":"laotisk kip"},"lt":{"code":"EUR","numeric":978,"native":"Euras","localized":"euro"},"lv":{"code":"EUR","numeric":978,"native":"eiro","localized":"euro"},"mai":{"code":"INR","numeric":356,"native":"भारतीय रुपया","localized":"indisk rupie"},"mg":{"code":"MGA","numeric":969,"native":"Ariary","localized":"madagaskisk ariary"},"mi":{"code":"NZD","numeric":554,"native":"Tāra o Aotearoa","localized":"nyzeeländsk dollar"},"mk":{"code":"MKD","numeric":807,"native":"Македонски денар","localized":"makedonisk denar"},"ml":{"code":"INR","numeric":356,"native":"ഇന്ത്യൻ രൂപ","localized":"indisk rupie"},"mn":{"code":"MNT","numeric":496,"native":"Монгол төгрөг","localized":"mongolisk tögrög"},"mni_Mtei":{"code":"INR","numeric":356,"native":"Indian Rupee","localized":"indisk rupie"},"mr":{"code":"INR","numeric":356,"native":"भारतीय रुपया","localized":"indisk rupie"},"ms":{"code":"MYR","numeric":458,"native":"Ringgit Malaysia","localized":"malaysisk ringgit"},"mt":{"code":"EUR","numeric":978,"native":"ewro","localized":"euro"},"my":{"code":"MMK","numeric":104,"native":"မြန်မာ ကျပ်","localized":"myanmarisk kyat"},"nb":{"code":"NOK","numeric":578,"native":"norske kroner","localized":"norsk krona"},"ne":{"code":"NPR","numeric":524,"native":"नेपाली रूपैयाँ","localized":"nepalesisk rupie"},"nl":{"code":"EUR","numeric":978,"native":"Euro","localized":"euro"},"nn":{"code":"NOK","numeric":578,"native":"norske kroner","localized":"norsk krona"},"oc":{"code":"EUR","numeric":978,"native":"EUR","localized":"euro"},"om":{"code":"ETB","numeric":230,"native":"Itoophiyaa Birrii","localized":"etiopisk birr"},"or":{"code":"INR","numeric":356,"native":"ଭାରତୀୟ ଟଙ୍କା","localized":"indisk rupie"},"pa":{"code":"INR","numeric":356,"native":"ਭਾਰਤੀ ਰੁਪਇਆ","localized":"indisk rupie"},"pl":{"code":"PLN","numeric":985,"native":"złoty polski","localized":"polsk zloty"},"ps":{"code":"AFN","numeric":971,"native":"افغانۍ","localized":"afghansk afghani"},"pt":{"code":"BRL","numeric":986,"native":"Real brasileiro","localized":"brasiliansk real"},"pt_BR":{"code":"BRL","numeric":986,"native":"Real brasileiro","localized":"brasiliansk real"},"qu":{"code":"PEN","numeric":604,"native":"Sol Peruano","localized":"peruansk sol"},"ro":{"code":"RON","numeric":946,"native":"leu românesc","localized":"rumänsk leu"},"ru":{"code":"RUB","numeric":643,"native":"российский рубль","localized":"rysk rubel"},"rw":{"code":"RWF","numeric":646,"native":"RWF","localized":"rwandisk franc"},"sa":{"code":"INR","numeric":356,"native":"भारतीय रूप्यकम्","localized":"indisk rupie"},"sc":{"code":"EUR","numeric":978,"native":"èuro","localized":"euro"},"sd":{"code":"PKR","numeric":586,"native":"پاڪستاني رپي","localized":"pakistansk rupie"},"si":{"code":"LKR","numeric":144,"native":"ශ්‍රී ලංකා රුපියල","localized":"srilankesisk rupie"},"sk":{"code":"EUR","numeric":978,"native":"euro","localized":"euro"},"sl":{"code":"EUR","numeric":978,"native":"evro","localized":"euro"},"sn":{"code":"USD","numeric":840,"native":"Dora re Amerika","localized":"amerikansk dollar"},"so":{"code":"SOS","numeric":706,"native":"Shilingka Soomaaliya","localized":"somalisk shilling"},"sq":{"code":"ALL","numeric":8,"native":"Leku shqiptar","localized":"albansk lek"},"sr_Cyrl":{"code":"RSD","numeric":941,"native":"српски динар","localized":"serbisk dinar"},"sr_Latn":{"code":"RSD","numeric":941,"native":"srpski dinar","localized":"serbisk dinar"},"sr_Latn_ME":{"code":"EUR","numeric":978,"native":"Evro","localized":"euro"},"su":{"code":"IDR","numeric":360,"native":"Rupee Indonésia","localized":"indonesisk rupie"},"sv":{"code":"SEK","numeric":752,"native":"svensk krona","localized":"svensk krona"},"sw":{"code":"TZS","numeric":834,"native":"Shilingi ya Tanzania","localized":"tanzanisk shilling"},"ta":{"code":"INR","numeric":356,"native":"இந்திய ரூபாய்","localized":"indisk rupie"},"te":{"code":"INR","numeric":356,"native":"భారతదేశ రూపాయి","localized":"indisk rupie"},"tg":{"code":"TJS","numeric":972,"native":"Сомонӣ","localized":"tadzjikisk somoni"},"th":{"code":"THB","numeric":764,"native":"บาท","localized":"thailändsk baht"},"ti":{"code":"ETB","numeric":230,"native":"ብር","localized":"etiopisk birr"},"tk":{"code":"TMT","numeric":934,"native":"Türkmen manady","localized":"turkmenistansk manat"},"tl":{"code":"PHP","numeric":608,"native":"Philippine Peso","localized":"filippinsk peso"},"tr":{"code":"TRY","numeric":949,"native":"Türk Lirası","localized":"turkisk lira"},"tt":{"code":"RUB","numeric":643,"native":"Россия сумы","localized":"rysk rubel"},"ug":{"code":"CNY","numeric":156,"native":"جۇڭگو يۈەنى","localized":"kinesisk yuan"},"uk":{"code":"UAH","numeric":980,"native":"українська гривня","localized":"ukrainsk hryvnia"},"ur":{"code":"PKR","numeric":586,"native":"پاکستانی روپیہ","localized":"pakistansk rupie"},"uz_Cyrl":{"code":"UZS","numeric":860,"native":"Ўзбекистон сўм","localized":"uzbekisk sum"},"uz_Latn":{"code":"UZS","numeric":860,"native":"O‘zbekiston so‘mi","localized":"uzbekisk sum"},"vi":{"code":"VND","numeric":704,"native":"Đồng Việt Nam","localized":"vietnamesisk dong"},"xh":{"code":"ZAR","numeric":710,"native":"IRandi yaseMzantsi Afrika","localized":"sydafrikansk rand"},"yi":{"code":"USD","numeric":840,"native":"","localized":""},"yo":{"code":"NGN","numeric":566,"native":"Náírà Nàìjíríà","localized":"nigeriansk naira"},"zh_CN":{"code":"CNY","numeric":156,"native":"人民币","localized":"kinesisk yuan"},"zh_HK":{"code":"HKD","numeric":344,"native":"港元","localized":"Hongkongdollar"},"zh_TW":{"code":"TWD","numeric":901,"native":"新台币","localized":"taiwanesisk dollar"},"zu":{"code":"ZAR","numeric":710,"native":"i-South African Rand","localized":"sydafrikansk rand"}}
