{"af":{"code":"ZAR","numeric":710,"native":"Suid-Afrikaanse rand","localized":"Randi ya Afrika Kusini"},"ak":{"code":"GHS","numeric":936,"native":"Ghana Sidi","localized":"Cedi ya Ghana"},"am":{"code":"ETB","numeric":230,"native":"የኢትዮጵያ ብር","localized":"Birr ya Uhabeshi"},"ar":{"code":"EGP","numeric":818,"native":"جنيه مصري","localized":"Pauni ya Misri"},"as":{"code":"INR","numeric":356,"native":"ভাৰতীয় ৰুপী","localized":"Rupia ya India"},"az":{"code":"AZN","numeric":944,"native":"Azərbaycan Manatı","localized":"Manat ya Azerbaijan"},"be":{"code":"BYN","numeric":840,"native":"беларускі рубель","localized":"Ruble ya Belarus"},"bg":{"code":"BGN","numeric":975,"native":"Български лев","localized":"Lev ya Bulgaria"},"bho":{"code":"INR","numeric":356,"native":"INR","localized":"Rupia ya India"},"bm":{"code":"XOF","numeric":952,"native":"sefa Fraŋ (BCEAO)","localized":"Faranga ya Afrika Magharibi CFA"},"bn":{"code":"BDT","numeric":50,"native":"বাংলাদেশী টাকা","localized":"Taka ya Bangladesh"},"bs":{"code":"BAM","numeric":977,"native":"Bosanskohercegovačka konvertibilna marka","localized":"Convertible Mark ya Bosnia na Hezegovina"},"ca":{"code":"EUR","numeric":978,"native":"euro","localized":"Yuro"},"ceb":{"code":"PHP","numeric":608,"native":"Philippine Peso","localized":"Peso ya Ufilipino"},"ckb":{"code":"IQD","numeric":368,"native":"IQD","localized":"Dinari ya Iraki"},"cs":{"code":"CZK","numeric":203,"native":"česká koruna","localized":"Koruna ya Jamhuri ya Czech"},"cy":{"code":"GBP","numeric":826,"native":"Punt Prydain","localized":"Pauni ya Uingereza"},"da":{"code":"DKK","numeric":208,"native":"dansk krone","localized":"Krone ya Denmark"},"de":{"code":"EUR","numeric":978,"native":"Euro","localized":"Yuro"},"de_CH":{"code":"CHF","numeric":756,"native":"Schweizer Franken","localized":"Faranga ya Uswisi"},"doi":{"code":"INR","numeric":356,"native":"भारती रपेऽ","localized":"Rupia ya India"},"ee":{"code":"GHS","numeric":936,"native":"ghana siɖi","localized":"Cedi ya Ghana"},"el":{"code":"EUR","numeric":978,"native":"Ευρώ","localized":"Yuro"},"en":{"code":"USD","numeric":840,"native":"US Dollar","localized":"Dola ya Marekani"},"en_CA":{"code":"CAD","numeric":124,"native":"Canadian Dollar","localized":"Dola ya Canada"},"eo":{"code":"USD","numeric":840,"native":"","localized":""},"es":{"code":"EUR","numeric":978,"native":"euro","localized":"Yuro"},"et":{"code":"EUR","numeric":978,"native":"euro","localized":"Yuro"},"eu":{"code":"EUR","numeric":978,"native":"euroa","localized":"Yuro"},"fa":{"code":"IRR","numeric":364,"native":"ریال ایران","localized":"Rial ya Iran"},"fi":{"code":"EUR","numeric":978,"native":"euro","localized":"Yuro"},"fil":{"code":"PHP","numeric":608,"native":"Piso ng Pilipinas","localized":"Peso ya Ufilipino"},"fr":{"code":"EUR","numeric":978,"native":"euro","localized":"Yuro"},"fy":{"code":"EUR","numeric":978,"native":"Euro","localized":"Yuro"},"ga":{"code":"EUR","numeric":978,"native":"Euro","localized":"Yuro"},"gd":{"code":"GBP","numeric":826,"native":"Punnd Sasannach","localized":"Pauni ya Uingereza"},"gl":{"code":"EUR","numeric":978,"native":"euro","localized":"Yuro"},"gu":{"code":"INR","numeric":356,"native":"ભારતીય રૂપિયા","localized":"Rupia ya India"},"ha":{"code":"NGN","numeric":566,"native":"Nairar Najeriya","localized":"Naira ya Nigeria"},"haw":{"code":"USD","numeric":840,"native":"USD","localized":"Dola ya Marekani"},"he":{"code":"ILS","numeric":376,"native":"שקל חדש","localized":"Shekeli Mpya ya Israel"},"hi":{"code":"INR","numeric":356,"native":"भारतीय रुपया","localized":"Rupia ya India"},"hr":{"code":"EUR","numeric":978,"native":"euro","localized":"Yuro"},"hu":{"code":"HUF","numeric":348,"native":"magyar forint","localized":"Forint ya Hungaria"},"hy":{"code":"AMD","numeric":51,"native":"հայկական դրամ","localized":"Dram ya Armenia"},"id":{"code":"IDR","numeric":360,"native":"Rupiah Indonesia","localized":"Rupiah ya Indonesia"},"ig":{"code":"NGN","numeric":566,"native":"Naịra","localized":"Naira ya Nigeria"},"is":{"code":"ISK","numeric":352,"native":"íslensk króna","localized":"Krona ya Aisilandi"},"it":{"code":"EUR","numeric":978,"native":"euro","localized":"Yuro"},"ja":{"code":"JPY","numeric":392,"native":"日本円","localized":"Yen ya Japani"},"ka":{"code":"GEL","numeric":981,"native":"ქართული ლარი","localized":"Lari ya Jojia"},"kk":{"code":"KZT","numeric":398,"native":"Қазақстан теңгесі","localized":"Tenge ya Kazakhstan"},"km":{"code":"KHR","numeric":116,"native":"រៀល​កម្ពុជា","localized":"Riel ya Kambodia"},"kn":{"code":"INR","numeric":356,"native":"ಭಾರತೀಯ ರೂಪಾಯಿ","localized":"Rupia ya India"},"ko":{"code":"KRW","numeric":410,"native":"대한민국 원","localized":"Won ya Korea Kusini"},"ku":{"code":"TRY","numeric":949,"native":"TRY","localized":"Lira ya Uturuki"},"ky":{"code":"KGS","numeric":417,"native":"Кыргызстан сому","localized":"Som ya Kyrgystan"},"lb":{"code":"EUR","numeric":978,"native":"Euro","localized":"Yuro"},"lg":{"code":"UGX","numeric":800,"native":"Silingi eya Yuganda","localized":"Shilingi ya Uganda"},"ln":{"code":"CDF","numeric":976,"native":"Falánga ya Kongó","localized":"Faranga ya Kongo"},"lo":{"code":"LAK","numeric":418,"native":"ລາວ ກີບ","localized":"Kip ya Laosi"},"lt":{"code":"EUR","numeric":978,"native":"Euras","localized":"Yuro"},"lv":{"code":"EUR","numeric":978,"native":"eiro","localized":"Yuro"},"mai":{"code":"INR","numeric":356,"native":"भारतीय रुपया","localized":"Rupia ya India"},"mg":{"code":"MGA","numeric":969,"native":"Ariary","localized":"Ariari ya Madagaska"},"mi":{"code":"NZD","numeric":554,"native":"Tāra o Aotearoa","localized":"Dola ya Nyuzilandi"},"mk":{"code":"MKD","numeric":807,"native":"Македонски денар","localized":"Denar ya Masedonia"},"ml":{"code":"INR","numeric":356,"native":"ഇന്ത്യൻ രൂപ","localized":"Rupia ya India"},"mn":{"code":"MNT","numeric":496,"native":"Монгол төгрөг","localized":"Tugrik ya Mongolia"},"mni_Mtei":{"code":"INR","numeric":356,"native":"Indian Rupee","localized":"Rupia ya India"},"mr":{"code":"INR","numeric":356,"native":"भारतीय रुपया","localized":"Rupia ya India"},"ms":{"code":"MYR","numeric":458,"native":"Ringgit Malaysia","localized":"Ringgit ya Malaysia"},"mt":{"code":"EUR","numeric":978,"native":"ewro","localized":"Yuro"},"my":{"code":"MMK","numeric":104,"native":"မြန်မာ ကျပ်","localized":"Kyat ya Myanmar"},"nb":{"code":"NOK","numeric":578,"native":"norske kroner","localized":"Krone ya Norwe"},"ne":{"code":"NPR","numeric":524,"native":"नेपाली रूपैयाँ","localized":"Rupia ya Nepal"},"nl":{"code":"EUR","numeric":978,"native":"Euro","localized":"Yuro"},"nn":{"code":"NOK","numeric":578,"native":"norske kroner","localized":"Krone ya Norwe"},"oc":{"code":"EUR","numeric":978,"native":"EUR","localized":"Yuro"},"om":{"code":"ETB","numeric":230,"native":"Itoophiyaa Birrii","localized":"Birr ya Uhabeshi"},"or":{"code":"INR","numeric":356,"native":"ଭାରତୀୟ ଟଙ୍କା","localized":"Rupia ya India"},"pa":{"code":"INR","numeric":356,"native":"ਭਾਰਤੀ ਰੁਪਇਆ","localized":"Rupia ya India"},"pl":{"code":"PLN","numeric":985,"native":"złoty polski","localized":"Zloty ya Poland"},"ps":{"code":"AFN","numeric":971,"native":"افغانۍ","localized":"Afghani ya Afghanistan"},"pt":{"code":"BRL","numeric":986,"native":"Real brasileiro","localized":"Real ya Brazil"},"pt_BR":{"code":"BRL","numeric":986,"native":"Real brasileiro","localized":"Real ya Brazil"},"qu":{"code":"PEN","numeric":604,"native":"Sol Peruano","localized":"Sol ya Peru"},"ro":{"code":"RON","numeric":946,"native":"leu românesc","localized":"Leu ya Romania"},"ru":{"code":"RUB","numeric":643,"native":"российский рубль","localized":"Ruble ya Urusi"},"rw":{"code":"RWF","numeric":646,"native":"RWF","localized":"Faranga ya Rwanda"},"sa":{"code":"INR","numeric":356,"native":"भारतीय रूप्यकम्","localized":"Rupia ya India"},"sc":{"code":"EUR","numeric":978,"native":"èuro","localized":"Yuro"},"sd":{"code":"PKR","numeric":586,"native":"پاڪستاني رپي","localized":"Rupia ya Pakistan"},"si":{"code":"LKR","numeric":144,"native":"ශ්‍රී ලංකා රුපියල","localized":"Rupia ya Sri Lanka"},"sk":{"code":"EUR","numeric":978,"native":"euro","localized":"Yuro"},"sl":{"code":"EUR","numeric":978,"native":"evro","localized":"Yuro"},"sn":{"code":"USD","numeric":840,"native":"Dora re Amerika","localized":"Dola ya Marekani"},"so":{"code":"SOS","numeric":706,"native":"Shilingka Soomaaliya","localized":"Shilingi ya Somalia"},"sq":{"code":"ALL","numeric":8,"native":"Leku shqiptar","localized":"Lek ya Albania"},"sr_Cyrl":{"code":"RSD","numeric":941,"native":"српски динар","localized":"Dinar ya Serbia"},"sr_Latn":{"code":"RSD","numeric":941,"native":"srpski dinar","localized":"Dinar ya Serbia"},"sr_Latn_ME":{"code":"EUR","numeric":978,"native":"Evro","localized":"Yuro"},"su":{"code":"IDR","numeric":360,"native":"Rupee Indonésia","localized":"Rupiah ya Indonesia"},"sv":{"code":"SEK","numeric":752,"native":"svensk krona","localized":"Krona ya Uswidi"},"sw":{"code":"TZS","numeric":834,"native":"Shilingi ya Tanzania","localized":"Shilingi ya Tanzania"},"ta":{"code":"INR","numeric":356,"native":"இந்திய ரூபாய்","localized":"Rupia ya India"},"te":{"code":"INR","numeric":356,"native":"భారతదేశ రూపాయి","localized":"Rupia ya India"},"tg":{"code":"TJS","numeric":972,"native":"Сомонӣ","localized":"Somoni ya Tajikistan"},"th":{"code":"THB","numeric":764,"native":"บาท","localized":"Baht ya Tailandi"},"ti":{"code":"ETB","numeric":230,"native":"ብር","localized":"Birr ya Uhabeshi"},"tk":{"code":"TMT","numeric":934,"native":"Türkmen manady","localized":"Manat ya Turkmenistan"},"tl":{"code":"PHP","numeric":608,"native":"Philippine Peso","localized":"Peso ya Ufilipino"},"tr":{"code":"TRY","numeric":949,"native":"Türk Lirası","localized":"Lira ya Uturuki"},"tt":{"code":"RUB","numeric":643,"native":"Россия сумы","localized":"Ruble ya Urusi"},"ug":{"code":"CNY","numeric":156,"native":"جۇڭگو يۈەنى","localized":"Yuan ya Uchina"},"uk":{"code":"UAH","numeric":980,"native":"українська гривня","localized":"Hryvnia ya Ukraine"},"ur":{"code":"PKR","numeric":586,"native":"پاکستانی روپیہ","localized":"Rupia ya Pakistan"},"uz_Cyrl":{"code":"UZS","numeric":860,"native":"Ўзбекистон сўм","localized":"Som ya Uzbekistan"},"uz_Latn":{"code":"UZS","numeric":860,"native":"O‘zbekiston so‘mi","localized":"Som ya Uzbekistan"},"vi":{"code":"VND","numeric":704,"native":"Đồng Việt Nam","localized":"Dong ya Vietnam"},"xh":{"code":"ZAR","numeric":710,"native":"IRandi yaseMzantsi Afrika","localized":"Randi ya Afrika Kusini"},"yi":{"code":"USD","numeric":840,"native":"","localized":""},"yo":{"code":"NGN","numeric":566,"native":"Náírà Nàìjíríà","localized":"Naira ya Nigeria"},"zh_CN":{"code":"CNY","numeric":156,"native":"人民币","localized":"Yuan ya Uchina"},"zh_HK":{"code":"HKD","numeric":344,"native":"港元","localized":"Dola ya Hong Kong"},"zh_TW":{"code":"TWD","numeric":901,"native":"新台币","localized":"Dola ya Taiwan"},"zu":{"code":"ZAR","numeric":710,"native":"i-South African Rand","localized":"Randi ya Afrika Kusini"}}
