{"af":{"code":"ZAR","numeric":710,"native":"Suid-Afrikaanse rand","localized":"தென் ஆப்ரிக்க ராண்ட்"},"ak":{"code":"GHS","numeric":936,"native":"Ghana Sidi","localized":"கானயன் சேடி"},"am":{"code":"ETB","numeric":230,"native":"የኢትዮጵያ ብር","localized":"எத்தியோப்பியன் பிர்"},"ar":{"code":"EGP","numeric":818,"native":"جنيه مصري","localized":"எகிப்திய பவுண்டு"},"as":{"code":"INR","numeric":356,"native":"ভাৰতীয় ৰুপী","localized":"இந்திய ரூபாய்"},"az":{"code":"AZN","numeric":944,"native":"Azərbaycan Manatı","localized":"அசர்பைஜானி மனத்"},"be":{"code":"BYN","numeric":840,"native":"беларускі рубель","localized":"பெலருசியன் ரூபிள்"},"bg":{"code":"BGN","numeric":975,"native":"Български лев","localized":"பல்கேரியன் லேவ்"},"bho":{"code":"INR","numeric":356,"native":"INR","localized":"இந்திய ரூபாய்"},"bm":{"code":"XOF","numeric":952,"native":"sefa Fraŋ (BCEAO)","localized":"மேற்கு ஆப்பிரிக்க CFA ஃப்ராங்க்"},"bn":{"code":"BDT","numeric":50,"native":"বাংলাদেশী টাকা","localized":"பங்களாதேஷி டாகா"},"bs":{"code":"BAM","numeric":977,"native":"Bosanskohercegovačka konvertibilna marka","localized":"போஸ்னியா-ஹெர்ஸேகோவினா கன்வெர்டிபில் மார்க்"},"ca":{"code":"EUR","numeric":978,"native":"euro","localized":"யூரோ"},"ceb":{"code":"PHP","numeric":608,"native":"Philippine Peso","localized":"பிலிப்பைன் பெசோ"},"ckb":{"code":"IQD","numeric":368,"native":"IQD","localized":"ஈராக்கி தினார்"},"cs":{"code":"CZK","numeric":203,"native":"česká koruna","localized":"செக் குடியரசு கொருனா"},"cy":{"code":"GBP","numeric":826,"native":"Punt Prydain","localized":"பிரிட்டிஷ் பவுண்டு"},"da":{"code":"DKK","numeric":208,"native":"dansk krone","localized":"டேனிஷ் க்ரோன்"},"de":{"code":"EUR","numeric":978,"native":"Euro","localized":"யூரோ"},"de_CH":{"code":"CHF","numeric":756,"native":"Schweizer Franken","localized":"சுவிஸ் ஃப்ராங்க்"},"doi":{"code":"INR","numeric":356,"native":"भारती रपेऽ","localized":"இந்திய ரூபாய்"},"ee":{"code":"GHS","numeric":936,"native":"ghana siɖi","localized":"கானயன் சேடி"},"el":{"code":"EUR","numeric":978,"native":"Ευρώ","localized":"யூரோ"},"en":{"code":"USD","numeric":840,"native":"US Dollar","localized":"அமெரிக்க டாலர்"},"en_CA":{"code":"CAD","numeric":124,"native":"Canadian Dollar","localized":"கனடியன் டாலர்"},"eo":{"code":"USD","numeric":840,"native":"","localized":""},"es":{"code":"EUR","numeric":978,"native":"euro","localized":"யூரோ"},"et":{"code":"EUR","numeric":978,"native":"euro","localized":"யூரோ"},"eu":{"code":"EUR","numeric":978,"native":"euroa","localized":"யூரோ"},"fa":{"code":"IRR","numeric":364,"native":"ریال ایران","localized":"ஈரானியன் ரியால்"},"fi":{"code":"EUR","numeric":978,"native":"euro","localized":"யூரோ"},"fil":{"code":"PHP","numeric":608,"native":"Piso ng Pilipinas","localized":"பிலிப்பைன் பெசோ"},"fr":{"code":"EUR","numeric":978,"native":"euro","localized":"யூரோ"},"fy":{"code":"EUR","numeric":978,"native":"Euro","localized":"யூரோ"},"ga":{"code":"EUR","numeric":978,"native":"Euro","localized":"யூரோ"},"gd":{"code":"GBP","numeric":826,"native":"Punnd Sasannach","localized":"பிரிட்டிஷ் பவுண்டு"},"gl":{"code":"EUR","numeric":978,"native":"euro","localized":"யூரோ"},"gu":{"code":"INR","numeric":356,"native":"ભારતીય રૂપિયા","localized":"இந்திய ரூபாய்"},"ha":{"code":"NGN","numeric":566,"native":"Nairar Najeriya","localized":"நைஜீரியன் நைரா"},"haw":{"code":"USD","numeric":840,"native":"USD","localized":"அமெரிக்க டாலர்"},"he":{"code":"ILS","numeric":376,"native":"שקל חדש","localized":"இஸ்ரேலி நியூ ஷிகேல்"},"hi":{"code":"INR","numeric":356,"native":"भारतीय रुपया","localized":"இந்திய ரூபாய்"},"hr":{"code":"EUR","numeric":978,"native":"euro","localized":"யூரோ"},"hu":{"code":"HUF","numeric":348,"native":"magyar forint","localized":"ஹங்கேரியன் ஃபோரின்ட்"},"hy":{"code":"AMD","numeric":51,"native":"հայկական դրամ","localized":"ஆர்மேனியன் ட்ராம்"},"id":{"code":"IDR","numeric":360,"native":"Rupiah Indonesia","localized":"இந்தோனேஷியன் ருபியா"},"ig":{"code":"NGN","numeric":566,"native":"Naịra","localized":"நைஜீரியன் நைரா"},"is":{"code":"ISK","numeric":352,"native":"íslensk króna","localized":"ஐஸ்லாண்டிக் க்ரோனா"},"it":{"code":"EUR","numeric":978,"native":"euro","localized":"யூரோ"},"ja":{"code":"JPY","numeric":392,"native":"日本円","localized":"ஜப்பானிய யென்"},"ka":{"code":"GEL","numeric":981,"native":"ქართული ლარი","localized":"ஜார்ஜியன் லாரி"},"kk":{"code":"KZT","numeric":398,"native":"Қазақстан теңгесі","localized":"கஸகஸ்தானி டென்கே"},"km":{"code":"KHR","numeric":116,"native":"រៀល​កម្ពុជា","localized":"கம்போடியன் ரியெல்"},"kn":{"code":"INR","numeric":356,"native":"ಭಾರತೀಯ ರೂಪಾಯಿ","localized":"இந்திய ரூபாய்"},"ko":{"code":"KRW","numeric":410,"native":"대한민국 원","localized":"தென் கொரிய வான்"},"ku":{"code":"TRY","numeric":949,"native":"TRY","localized":"துருக்கிஷ் லீரா"},"ky":{"code":"KGS","numeric":417,"native":"Кыргызстан сому","localized":"கிர்கிஸ்தானி சோம்"},"lb":{"code":"EUR","numeric":978,"native":"Euro","localized":"யூரோ"},"lg":{"code":"UGX","numeric":800,"native":"Silingi eya Yuganda","localized":"உகாண்டன் ஷில்லிங்"},"ln":{"code":"CDF","numeric":976,"native":"Falánga ya Kongó","localized":"காங்கோலீஸ் ஃப்ராங்க்"},"lo":{"code":"LAK","numeric":418,"native":"ລາວ ກີບ","localized":"லவோஷியன் கிப்"},"lt":{"code":"EUR","numeric":978,"native":"Euras","localized":"யூரோ"},"lv":{"code":"EUR","numeric":978,"native":"eiro","localized":"யூரோ"},"mai":{"code":"INR","numeric":356,"native":"भारतीय रुपया","localized":"இந்திய ரூபாய்"},"mg":{"code":"MGA","numeric":969,"native":"Ariary","localized":"மலகாசி ஏரியரி"},"mi":{"code":"NZD","numeric":554,"native":"Tāra o Aotearoa","localized":"நியூசிலாந்து டாலர்"},"mk":{"code":"MKD","numeric":807,"native":"Македонски денар","localized":"மாசிடோனியன் டேனார்"},"ml":{"code":"INR","numeric":356,"native":"ഇന്ത്യൻ രൂപ","localized":"இந்திய ரூபாய்"},"mn":{"code":"MNT","numeric":496,"native":"Монгол төгрөг","localized":"மங்கோலியன் டுக்ரிக்"},"mni_Mtei":{"code":"INR","numeric":356,"native":"Indian Rupee","localized":"இந்திய ரூபாய்"},"mr":{"code":"INR","numeric":356,"native":"भारतीय रुपया","localized":"இந்திய ரூபாய்"},"ms":{"code":"MYR","numeric":458,"native":"Ringgit Malaysia","localized":"மலேஷியன் ரிங்கிட்"},"mt":{"code":"EUR","numeric":978,"native":"ewro","localized":"யூரோ"},"my":{"code":"MMK","numeric":104,"native":"မြန်မာ ကျပ်","localized":"மியான்மர் கியாத்"},"nb":{"code":"NOK","numeric":578,"native":"norske kroner","localized":"நார்வேஜியன் க்ரோன்"},"ne":{"code":"NPR","numeric":524,"native":"नेपाली रूपैयाँ","localized":"நேபாளீஸ் ரூபாய்"},"nl":{"code":"EUR","numeric":978,"native":"Euro","localized":"யூரோ"},"nn":{"code":"NOK","numeric":578,"native":"norske kroner","localized":"நார்வேஜியன் க்ரோன்"},"oc":{"code":"EUR","numeric":978,"native":"EUR","localized":"யூரோ"},"om":{"code":"ETB","numeric":230,"native":"Itoophiyaa Birrii","localized":"எத்தியோப்பியன் பிர்"},"or":{"code":"INR","numeric":356,"native":"ଭାରତୀୟ ଟଙ୍କା","localized":"இந்திய ரூபாய்"},"pa":{"code":"INR","numeric":356,"native":"ਭਾਰਤੀ ਰੁਪਇਆ","localized":"இந்திய ரூபாய்"},"pl":{"code":"PLN","numeric":985,"native":"złoty polski","localized":"போலிஷ் ஸ்லாட்டி"},"ps":{"code":"AFN","numeric":971,"native":"افغانۍ","localized":"ஆஃப்கான் ஆஃப்கானி"},"pt":{"code":"BRL","numeric":986,"native":"Real brasileiro","localized":"பிரேசிலியன் ரியால்"},"pt_BR":{"code":"BRL","numeric":986,"native":"Real brasileiro","localized":"பிரேசிலியன் ரியால்"},"qu":{"code":"PEN","numeric":604,"native":"Sol Peruano","localized":"பெரூவியன் சோல்"},"ro":{"code":"RON","numeric":946,"native":"leu românesc","localized":"ரோமானியன் லியூ"},"ru":{"code":"RUB","numeric":643,"native":"российский рубль","localized":"ரஷியன் ரூபிள்"},"rw":{"code":"RWF","numeric":646,"native":"RWF","localized":"ருவாண்டன் ஃப்ராங்க்"},"sa":{"code":"INR","numeric":356,"native":"भारतीय रूप्यकम्","localized":"இந்திய ரூபாய்"},"sc":{"code":"EUR","numeric":978,"native":"èuro","localized":"யூரோ"},"sd":{"code":"PKR","numeric":586,"native":"پاڪستاني رپي","localized":"பாகிஸ்தானி ரூபாய்"},"si":{"code":"LKR","numeric":144,"native":"ශ්‍රී ලංකා රුපියල","localized":"இலங்கை ரூபாய்"},"sk":{"code":"EUR","numeric":978,"native":"euro","localized":"யூரோ"},"sl":{"code":"EUR","numeric":978,"native":"evro","localized":"யூரோ"},"sn":{"code":"USD","numeric":840,"native":"Dora re Amerika","localized":"அமெரிக்க டாலர்"},"so":{"code":"SOS","numeric":706,"native":"Shilingka Soomaaliya","localized":"சோமாலி ஷில்லிங்"},"sq":{"code":"ALL","numeric":8,"native":"Leku shqiptar","localized":"அல்பேனியன் லெக்"},"sr_Cyrl":{"code":"RSD","numeric":941,"native":"српски динар","localized":"செர்பியன் தினார்"},"sr_Latn":{"code":"RSD","numeric":941,"native":"srpski dinar","localized":"செர்பியன் தினார்"},"sr_Latn_ME":{"code":"EUR","numeric":978,"native":"Evro","localized":"யூரோ"},"su":{"code":"IDR","numeric":360,"native":"Rupee Indonésia","localized":"இந்தோனேஷியன் ருபியா"},"sv":{"code":"SEK","numeric":752,"native":"svensk krona","localized":"ஸ்வீடிஷ் க்ரோனா"},"sw":{"code":"TZS","numeric":834,"native":"Shilingi ya Tanzania","localized":"தான்சானியன் ஷில்லிங்"},"ta":{"code":"INR","numeric":356,"native":"இந்திய ரூபாய்","localized":"இந்திய ரூபாய்"},"te":{"code":"INR","numeric":356,"native":"భారతదేశ రూపాయి","localized":"இந்திய ரூபாய்"},"tg":{"code":"TJS","numeric":972,"native":"Сомонӣ","localized":"தஜிகிஸ்தானி சோமோனி"},"th":{"code":"THB","numeric":764,"native":"บาท","localized":"தாய் பாட்"},"ti":{"code":"ETB","numeric":230,"native":"ብር","localized":"எத்தியோப்பியன் பிர்"},"tk":{"code":"TMT","numeric":934,"native":"Türkmen manady","localized":"துர்க்மெனிஸ்தானி மனத்"},"tl":{"code":"PHP","numeric":608,"native":"Philippine Peso","localized":"பிலிப்பைன் பெசோ"},"tr":{"code":"TRY","numeric":949,"native":"Türk Lirası","localized":"துருக்கிஷ் லீரா"},"tt":{"code":"RUB","numeric":643,"native":"Россия сумы","localized":"ரஷியன் ரூபிள்"},"ug":{"code":"CNY","numeric":156,"native":"جۇڭگو يۈەنى","localized":"சீன யுவான்"},"uk":{"code":"UAH","numeric":980,"native":"українська гривня","localized":"உக்ரைனியன் ஹிரைவ்னியா"},"ur":{"code":"PKR","numeric":586,"native":"پاکستانی روپیہ","localized":"பாகிஸ்தானி ரூபாய்"},"uz_Cyrl":{"code":"UZS","numeric":860,"native":"Ўзбекистон сўм","localized":"உஸ்பெக்கிஸ்தானி சோம்"},"uz_Latn":{"code":"UZS","numeric":860,"native":"O‘zbekiston so‘mi","localized":"உஸ்பெக்கிஸ்தானி சோம்"},"vi":{"code":"VND","numeric":704,"native":"Đồng Việt Nam","localized":"வியட்நாமீஸ் டாங்"},"xh":{"code":"ZAR","numeric":710,"native":"IRandi yaseMzantsi Afrika","localized":"தென் ஆப்ரிக்க ராண்ட்"},"yi":{"code":"USD","numeric":840,"native":"","localized":""},"yo":{"code":"NGN","numeric":566,"native":"Náírà Nàìjíríà","localized":"நைஜீரியன் நைரா"},"zh_CN":{"code":"CNY","numeric":156,"native":"人民币","localized":"சீன யுவான்"},"zh_HK":{"code":"HKD","numeric":344,"native":"港元","localized":"ஹாங்காங் டாலர்"},"zh_TW":{"code":"TWD","numeric":901,"native":"新台币","localized":"புதிய தைவான் டாலர்"},"zu":{"code":"ZAR","numeric":710,"native":"i-South African Rand","localized":"தென் ஆப்ரிக்க ராண்ட்"}}
