{"af":{"code":"ZAR","numeric":710,"native":"Suid-Afrikaanse rand","localized":"దక్షిణ ఆఫ్రికా ర్యాండ్"},"ak":{"code":"GHS","numeric":936,"native":"Ghana Sidi","localized":"గానెయన్ సెడి"},"am":{"code":"ETB","numeric":230,"native":"የኢትዮጵያ ብር","localized":"ఇథియోపియన్ బర్"},"ar":{"code":"EGP","numeric":818,"native":"جنيه مصري","localized":"ఈజిప్షియన్ పౌండ్"},"as":{"code":"INR","numeric":356,"native":"ভাৰতীয় ৰুপী","localized":"భారతదేశ రూపాయి"},"az":{"code":"AZN","numeric":944,"native":"Azərbaycan Manatı","localized":"అజర్బైజాన్ మానట్"},"be":{"code":"BYN","numeric":840,"native":"беларускі рубель","localized":"బెలరూసియన్ రూబల్"},"bg":{"code":"BGN","numeric":975,"native":"Български лев","localized":"బల్గేరియన్ లేవ్"},"bho":{"code":"INR","numeric":356,"native":"INR","localized":"భారతదేశ రూపాయి"},"bm":{"code":"XOF","numeric":952,"native":"sefa Fraŋ (BCEAO)","localized":"పశ్చిమ ఆఫ్రికన్ సిఏఫ్ఏ ఫ్రాంక్"},"bn":{"code":"BDT","numeric":50,"native":"বাংলাদেশী টাকা","localized":"బాంగ్లాదేశ్ టాకా"},"bs":{"code":"BAM","numeric":977,"native":"Bosanskohercegovačka konvertibilna marka","localized":"బోస్నియా-హెర్జగోవినా మార్పిడి చెయ్యగలిగే మార్క్"},"ca":{"code":"EUR","numeric":978,"native":"euro","localized":"యురొ"},"ceb":{"code":"PHP","numeric":608,"native":"Philippine Peso","localized":"ఫిలిప్పిన్ పెసో"},"ckb":{"code":"IQD","numeric":368,"native":"IQD","localized":"ఇరాకీ దీనార్"},"cs":{"code":"CZK","numeric":203,"native":"česká koruna","localized":"చెక్ రిపబ్లిక్ కోరునా"},"cy":{"code":"GBP","numeric":826,"native":"Punt Prydain","localized":"బ్రిటిష్ పౌండ్"},"da":{"code":"DKK","numeric":208,"native":"dansk krone","localized":"డానిష్ క్రోన్"},"de":{"code":"EUR","numeric":978,"native":"Euro","localized":"యురొ"},"de_CH":{"code":"CHF","numeric":756,"native":"Schweizer Franken","localized":"స్విస్ ఫ్రాంక్"},"doi":{"code":"INR","numeric":356,"native":"भारती रपेऽ","localized":"భారతదేశ రూపాయి"},"ee":{"code":"GHS","numeric":936,"native":"ghana siɖi","localized":"గానెయన్ సెడి"},"el":{"code":"EUR","numeric":978,"native":"Ευρώ","localized":"యురొ"},"en":{"code":"USD","numeric":840,"native":"US Dollar","localized":"అమెరికా డాలర్"},"en_CA":{"code":"CAD","numeric":124,"native":"Canadian Dollar","localized":"కెనడియన్ డాలర్"},"eo":{"code":"USD","numeric":840,"native":"","localized":""},"es":{"code":"EUR","numeric":978,"native":"euro","localized":"యురొ"},"et":{"code":"EUR","numeric":978,"native":"euro","localized":"యురొ"},"eu":{"code":"EUR","numeric":978,"native":"euroa","localized":"యురొ"},"fa":{"code":"IRR","numeric":364,"native":"ریال ایران","localized":"ఇరానియన్ రీయల్"},"fi":{"code":"EUR","numeric":978,"native":"euro","localized":"యురొ"},"fil":{"code":"PHP","numeric":608,"native":"Piso ng Pilipinas","localized":"ఫిలిప్పిన్ పెసో"},"fr":{"code":"EUR","numeric":978,"native":"euro","localized":"యురొ"},"fy":{"code":"EUR","numeric":978,"native":"Euro","localized":"యురొ"},"ga":{"code":"EUR","numeric":978,"native":"Euro","localized":"యురొ"},"gd":{"code":"GBP","numeric":826,"native":"Punnd Sasannach","localized":"బ్రిటిష్ పౌండ్"},"gl":{"code":"EUR","numeric":978,"native":"euro","localized":"యురొ"},"gu":{"code":"INR","numeric":356,"native":"ભારતીય રૂપિયા","localized":"భారతదేశ రూపాయి"},"ha":{"code":"NGN","numeric":566,"native":"Nairar Najeriya","localized":"నైజీరియన్ నైరా"},"haw":{"code":"USD","numeric":840,"native":"USD","localized":"అమెరికా డాలర్"},"he":{"code":"ILS","numeric":376,"native":"שקל חדש","localized":"ఇజ్రాయేలీ న్యూ షెకెల్"},"hi":{"code":"INR","numeric":356,"native":"भारतीय रुपया","localized":"భారతదేశ రూపాయి"},"hr":{"code":"EUR","numeric":978,"native":"euro","localized":"యురొ"},"hu":{"code":"HUF","numeric":348,"native":"magyar forint","localized":"హంగేరియన్ ఫోరింట్"},"hy":{"code":"AMD","numeric":51,"native":"հայկական դրամ","localized":"అమెరికన్ డ్రామ్"},"id":{"code":"IDR","numeric":360,"native":"Rupiah Indonesia","localized":"ఇండోనేషియా రూపాయి"},"ig":{"code":"NGN","numeric":566,"native":"Naịra","localized":"నైజీరియన్ నైరా"},"is":{"code":"ISK","numeric":352,"native":"íslensk króna","localized":"ఐస్లాండిక్ క్రోనా"},"it":{"code":"EUR","numeric":978,"native":"euro","localized":"యురొ"},"ja":{"code":"JPY","numeric":392,"native":"日本円","localized":"జపాను దేశ యెన్"},"ka":{"code":"GEL","numeric":981,"native":"ქართული ლარი","localized":"జార్జియన్ లారి"},"kk":{"code":"KZT","numeric":398,"native":"Қазақстан теңгесі","localized":"ఖజికిస్థాన్ టెంగే"},"km":{"code":"KHR","numeric":116,"native":"រៀល​កម្ពុជា","localized":"కాంబోడియన్ రీల్"},"kn":{"code":"INR","numeric":356,"native":"ಭಾರತೀಯ ರೂಪಾಯಿ","localized":"భారతదేశ రూపాయి"},"ko":{"code":"KRW","numeric":410,"native":"대한민국 원","localized":"దక్షిణ కొరియా వోన్"},"ku":{"code":"TRY","numeric":949,"native":"TRY","localized":"టర్కిస్ లీరా"},"ky":{"code":"KGS","numeric":417,"native":"Кыргызстан сому","localized":"కిర్గిస్థాని సౌమ్"},"lb":{"code":"EUR","numeric":978,"native":"Euro","localized":"యురొ"},"lg":{"code":"UGX","numeric":800,"native":"Silingi eya Yuganda","localized":"ఉగాండన్ షిల్లింగ్"},"ln":{"code":"CDF","numeric":976,"native":"Falánga ya Kongó","localized":"కొంగోలిస్ ఫ్రాంక్"},"lo":{"code":"LAK","numeric":418,"native":"ລາວ ກີບ","localized":"లాటియన్ కిప్"},"lt":{"code":"EUR","numeric":978,"native":"Euras","localized":"యురొ"},"lv":{"code":"EUR","numeric":978,"native":"eiro","localized":"యురొ"},"mai":{"code":"INR","numeric":356,"native":"भारतीय रुपया","localized":"భారతదేశ రూపాయి"},"mg":{"code":"MGA","numeric":969,"native":"Ariary","localized":"మలగసీ అరియరీ"},"mi":{"code":"NZD","numeric":554,"native":"Tāra o Aotearoa","localized":"న్యూజిలాండ్ డాలర్"},"mk":{"code":"MKD","numeric":807,"native":"Македонски денар","localized":"మెసిడోనియన్ దినార్"},"ml":{"code":"INR","numeric":356,"native":"ഇന്ത്യൻ രൂപ","localized":"భారతదేశ రూపాయి"},"mn":{"code":"MNT","numeric":496,"native":"Монгол төгрөг","localized":"మంగోలియన్ టుగ్రిక్"},"mni_Mtei":{"code":"INR","numeric":356,"native":"Indian Rupee","localized":"భారతదేశ రూపాయి"},"mr":{"code":"INR","numeric":356,"native":"भारतीय रुपया","localized":"భారతదేశ రూపాయి"},"ms":{"code":"MYR","numeric":458,"native":"Ringgit Malaysia","localized":"మలేషియా రింగ్గిట్"},"mt":{"code":"EUR","numeric":978,"native":"ewro","localized":"యురొ"},"my":{"code":"MMK","numeric":104,"native":"မြန်မာ ကျပ်","localized":"మయన్మార్ క్యాట్"},"nb":{"code":"NOK","numeric":578,"native":"norske kroner","localized":"నార్వేజీయన్ క్రోన్"},"ne":{"code":"NPR","numeric":524,"native":"नेपाली रूपैयाँ","localized":"నేపాలీయుల రూపాయి"},"nl":{"code":"EUR","numeric":978,"native":"Euro","localized":"యురొ"},"nn":{"code":"NOK","numeric":578,"native":"norske kroner","localized":"నార్వేజీయన్ క్రోన్"},"oc":{"code":"EUR","numeric":978,"native":"EUR","localized":"యురొ"},"om":{"code":"ETB","numeric":230,"native":"Itoophiyaa Birrii","localized":"ఇథియోపియన్ బర్"},"or":{"code":"INR","numeric":356,"native":"ଭାରତୀୟ ଟଙ୍କା","localized":"భారతదేశ రూపాయి"},"pa":{"code":"INR","numeric":356,"native":"ਭਾਰਤੀ ਰੁਪਇਆ","localized":"భారతదేశ రూపాయి"},"pl":{"code":"PLN","numeric":985,"native":"złoty polski","localized":"పోలిష్ జ్లోటీ"},"ps":{"code":"AFN","numeric":971,"native":"افغانۍ","localized":"ఆఫ్ఘాన్ ఆఫ్ఘాని"},"pt":{"code":"BRL","numeric":986,"native":"Real brasileiro","localized":"బ్రెజిలియన్ రియల్"},"pt_BR":{"code":"BRL","numeric":986,"native":"Real brasileiro","localized":"బ్రెజిలియన్ రియల్"},"qu":{"code":"PEN","numeric":604,"native":"Sol Peruano","localized":"పెరువియన్ సోల్"},"ro":{"code":"RON","numeric":946,"native":"leu românesc","localized":"రోమానియాన్ లెయు"},"ru":{"code":"RUB","numeric":643,"native":"российский рубль","localized":"రష్యన్ రూబల్"},"rw":{"code":"RWF","numeric":646,"native":"RWF","localized":"ర్వానడాన్ ఫ్రాంక్"},"sa":{"code":"INR","numeric":356,"native":"भारतीय रूप्यकम्","localized":"భారతదేశ రూపాయి"},"sc":{"code":"EUR","numeric":978,"native":"èuro","localized":"యురొ"},"sd":{"code":"PKR","numeric":586,"native":"پاڪستاني رپي","localized":"పాకిస్థాన్ రూపాయి"},"si":{"code":"LKR","numeric":144,"native":"ශ්‍රී ලංකා රුපියල","localized":"శ్రీలంక రూపాయి"},"sk":{"code":"EUR","numeric":978,"native":"euro","localized":"యురొ"},"sl":{"code":"EUR","numeric":978,"native":"evro","localized":"యురొ"},"sn":{"code":"USD","numeric":840,"native":"Dora re Amerika","localized":"అమెరికా డాలర్"},"so":{"code":"SOS","numeric":706,"native":"Shilingka Soomaaliya","localized":"సొమాలి షిల్లింగ్"},"sq":{"code":"ALL","numeric":8,"native":"Leku shqiptar","localized":"ఆల్బేనియన్ లేక్"},"sr_Cyrl":{"code":"RSD","numeric":941,"native":"српски динар","localized":"సెర్బియన్ దీనార్"},"sr_Latn":{"code":"RSD","numeric":941,"native":"srpski dinar","localized":"సెర్బియన్ దీనార్"},"sr_Latn_ME":{"code":"EUR","numeric":978,"native":"Evro","localized":"యురొ"},"su":{"code":"IDR","numeric":360,"native":"Rupee Indonésia","localized":"ఇండోనేషియా రూపాయి"},"sv":{"code":"SEK","numeric":752,"native":"svensk krona","localized":"స్వీడిష్ క్రోనా"},"sw":{"code":"TZS","numeric":834,"native":"Shilingi ya Tanzania","localized":"టాంజానియన్ షిల్లింగ్"},"ta":{"code":"INR","numeric":356,"native":"இந்திய ரூபாய்","localized":"భారతదేశ రూపాయి"},"te":{"code":"INR","numeric":356,"native":"భారతదేశ రూపాయి","localized":"భారతదేశ రూపాయి"},"tg":{"code":"TJS","numeric":972,"native":"Сомонӣ","localized":"తజికిస్థాన్ సమోని"},"th":{"code":"THB","numeric":764,"native":"บาท","localized":"థాయ్ బాట్"},"ti":{"code":"ETB","numeric":230,"native":"ብር","localized":"ఇథియోపియన్ బర్"},"tk":{"code":"TMT","numeric":934,"native":"Türkmen manady","localized":"తుర్క్‌మెనిస్థాని మనాట్"},"tl":{"code":"PHP","numeric":608,"native":"Philippine Peso","localized":"ఫిలిప్పిన్ పెసో"},"tr":{"code":"TRY","numeric":949,"native":"Türk Lirası","localized":"టర్కిస్ లీరా"},"tt":{"code":"RUB","numeric":643,"native":"Россия сумы","localized":"రష్యన్ రూబల్"},"ug":{"code":"CNY","numeric":156,"native":"جۇڭگو يۈەنى","localized":"చైనా దేశ యువాన్"},"uk":{"code":"UAH","numeric":980,"native":"українська гривня","localized":"ఉక్రయినియన్ హ్రివ్‌నియా"},"ur":{"code":"PKR","numeric":586,"native":"پاکستانی روپیہ","localized":"పాకిస్థాన్ రూపాయి"},"uz_Cyrl":{"code":"UZS","numeric":860,"native":"Ўзбекистон сўм","localized":"ఉజ్‌బెకిస్తాన్ సౌమ్"},"uz_Latn":{"code":"UZS","numeric":860,"native":"O‘zbekiston so‘mi","localized":"ఉజ్‌బెకిస్తాన్ సౌమ్"},"vi":{"code":"VND","numeric":704,"native":"Đồng Việt Nam","localized":"వియత్నామీయుల డాంగ్"},"xh":{"code":"ZAR","numeric":710,"native":"IRandi yaseMzantsi Afrika","localized":"దక్షిణ ఆఫ్రికా ర్యాండ్"},"yi":{"code":"USD","numeric":840,"native":"","localized":""},"yo":{"code":"NGN","numeric":566,"native":"Náírà Nàìjíríà","localized":"నైజీరియన్ నైరా"},"zh_CN":{"code":"CNY","numeric":156,"native":"人民币","localized":"చైనా దేశ యువాన్"},"zh_HK":{"code":"HKD","numeric":344,"native":"港元","localized":"హాంకాంగ్ డాలర్"},"zh_TW":{"code":"TWD","numeric":901,"native":"新台币","localized":"క్రొత్త తైవాన్ డాలర్"},"zu":{"code":"ZAR","numeric":710,"native":"i-South African Rand","localized":"దక్షిణ ఆఫ్రికా ర్యాండ్"}}
