{"af":{"code":"ZAR","numeric":710,"native":"Suid-Afrikaanse rand","localized":"Günorta Afrika rendi"},"ak":{"code":"GHS","numeric":936,"native":"Ghana Sidi","localized":"Gano sedisi"},"am":{"code":"ETB","numeric":230,"native":"የኢትዮጵያ ብር","localized":"Efiopiýa byry"},"ar":{"code":"EGP","numeric":818,"native":"جنيه مصري","localized":"Müsür funty"},"as":{"code":"INR","numeric":356,"native":"ভাৰতীয় ৰুপী","localized":"Hindi rupiýasy"},"az":{"code":"AZN","numeric":944,"native":"Azərbaycan Manatı","localized":"Azerbaýjan manady"},"be":{"code":"BYN","numeric":840,"native":"беларускі рубель","localized":"Belarus rubly"},"bg":{"code":"BGN","numeric":975,"native":"Български лев","localized":"Bolgar lewi"},"bho":{"code":"INR","numeric":356,"native":"INR","localized":"Hindi rupiýasy"},"bm":{"code":"XOF","numeric":952,"native":"sefa Fraŋ (BCEAO)","localized":"KFA BCEAO franky"},"bn":{"code":"BDT","numeric":50,"native":"বাংলাদেশী টাকা","localized":"Bangladeş takasy"},"bs":{"code":"BAM","numeric":977,"native":"Bosanskohercegovačka konvertibilna marka","localized":"Konwertirlenýän Bosniýa we Gersegowina markasy"},"ca":{"code":"EUR","numeric":978,"native":"euro","localized":"Ýewro"},"ceb":{"code":"PHP","numeric":608,"native":"Philippine Peso","localized":"Filippin pesosy"},"ckb":{"code":"IQD","numeric":368,"native":"IQD","localized":"Yrak dinary"},"cs":{"code":"CZK","numeric":203,"native":"česká koruna","localized":"Çeh kronasy"},"cy":{"code":"GBP","numeric":826,"native":"Punt Prydain","localized":"Britan funt sterlingi"},"da":{"code":"DKK","numeric":208,"native":"dansk krone","localized":"Daniýa kronasy"},"de":{"code":"EUR","numeric":978,"native":"Euro","localized":"Ýewro"},"de_CH":{"code":"CHF","numeric":756,"native":"Schweizer Franken","localized":"Şweýsar franky"},"doi":{"code":"INR","numeric":356,"native":"भारती रपेऽ","localized":"Hindi rupiýasy"},"ee":{"code":"GHS","numeric":936,"native":"ghana siɖi","localized":"Gano sedisi"},"el":{"code":"EUR","numeric":978,"native":"Ευρώ","localized":"Ýewro"},"en":{"code":"USD","numeric":840,"native":"US Dollar","localized":"ABŞ dollary"},"en_CA":{"code":"CAD","numeric":124,"native":"Canadian Dollar","localized":"Kanada dollary"},"eo":{"code":"USD","numeric":840,"native":"","localized":""},"es":{"code":"EUR","numeric":978,"native":"euro","localized":"Ýewro"},"et":{"code":"EUR","numeric":978,"native":"euro","localized":"Ýewro"},"eu":{"code":"EUR","numeric":978,"native":"euroa","localized":"Ýewro"},"fa":{"code":"IRR","numeric":364,"native":"ریال ایران","localized":"Eýran rialy"},"fi":{"code":"EUR","numeric":978,"native":"euro","localized":"Ýewro"},"fil":{"code":"PHP","numeric":608,"native":"Piso ng Pilipinas","localized":"Filippin pesosy"},"fr":{"code":"EUR","numeric":978,"native":"euro","localized":"Ýewro"},"fy":{"code":"EUR","numeric":978,"native":"Euro","localized":"Ýewro"},"ga":{"code":"EUR","numeric":978,"native":"Euro","localized":"Ýewro"},"gd":{"code":"GBP","numeric":826,"native":"Punnd Sasannach","localized":"Britan funt sterlingi"},"gl":{"code":"EUR","numeric":978,"native":"euro","localized":"Ýewro"},"gu":{"code":"INR","numeric":356,"native":"ભારતીય રૂપિયા","localized":"Hindi rupiýasy"},"ha":{"code":"NGN","numeric":566,"native":"Nairar Najeriya","localized":"Nigeriýa naýrasy"},"haw":{"code":"USD","numeric":840,"native":"USD","localized":"ABŞ dollary"},"he":{"code":"ILS","numeric":376,"native":"שקל חדש","localized":"Täze Ysraýyl şekeli"},"hi":{"code":"INR","numeric":356,"native":"भारतीय रुपया","localized":"Hindi rupiýasy"},"hr":{"code":"EUR","numeric":978,"native":"euro","localized":"Ýewro"},"hu":{"code":"HUF","numeric":348,"native":"magyar forint","localized":"Wenger forinti"},"hy":{"code":"AMD","numeric":51,"native":"հայկական դրամ","localized":"Ermeni dramy"},"id":{"code":"IDR","numeric":360,"native":"Rupiah Indonesia","localized":"Indoneziýa rupiýasy"},"ig":{"code":"NGN","numeric":566,"native":"Naịra","localized":"Nigeriýa naýrasy"},"is":{"code":"ISK","numeric":352,"native":"íslensk króna","localized":"Islandiýa kronasy"},"it":{"code":"EUR","numeric":978,"native":"euro","localized":"Ýewro"},"ja":{"code":"JPY","numeric":392,"native":"日本円","localized":"Ýapon ýeni"},"ka":{"code":"GEL","numeric":981,"native":"ქართული ლარი","localized":"Gruzin larisi"},"kk":{"code":"KZT","numeric":398,"native":"Қазақстан теңгесі","localized":"Gazak teňňesi"},"km":{"code":"KHR","numeric":116,"native":"រៀល​កម្ពុជា","localized":"Kamboja riýeli"},"kn":{"code":"INR","numeric":356,"native":"ಭಾರತೀಯ ರೂಪಾಯಿ","localized":"Hindi rupiýasy"},"ko":{"code":"KRW","numeric":410,"native":"대한민국 원","localized":"Günorta Koreý wony"},"ku":{"code":"TRY","numeric":949,"native":"TRY","localized":"Türk lirasy"},"ky":{"code":"KGS","numeric":417,"native":"Кыргызстан сому","localized":"Gyrgyz somy"},"lb":{"code":"EUR","numeric":978,"native":"Euro","localized":"Ýewro"},"lg":{"code":"UGX","numeric":800,"native":"Silingi eya Yuganda","localized":"Uganda şillingi"},"ln":{"code":"CDF","numeric":976,"native":"Falánga ya Kongó","localized":"Kongo franky"},"lo":{"code":"LAK","numeric":418,"native":"ລາວ ກີບ","localized":"Laos kipi"},"lt":{"code":"EUR","numeric":978,"native":"Euras","localized":"Ýewro"},"lv":{"code":"EUR","numeric":978,"native":"eiro","localized":"Ýewro"},"mai":{"code":"INR","numeric":356,"native":"भारतीय रुपया","localized":"Hindi rupiýasy"},"mg":{"code":"MGA","numeric":969,"native":"Ariary","localized":"Malagasiý ariarisi"},"mi":{"code":"NZD","numeric":554,"native":"Tāra o Aotearoa","localized":"Täze Zelandiýa dollary"},"mk":{"code":"MKD","numeric":807,"native":"Македонски денар","localized":"Makedon dinary"},"ml":{"code":"INR","numeric":356,"native":"ഇന്ത്യൻ രൂപ","localized":"Hindi rupiýasy"},"mn":{"code":"MNT","numeric":496,"native":"Монгол төгрөг","localized":"Mongol tugrigi"},"mni_Mtei":{"code":"INR","numeric":356,"native":"Indian Rupee","localized":"Hindi rupiýasy"},"mr":{"code":"INR","numeric":356,"native":"भारतीय रुपया","localized":"Hindi rupiýasy"},"ms":{"code":"MYR","numeric":458,"native":"Ringgit Malaysia","localized":"Malaýziýa ringgiti"},"mt":{"code":"EUR","numeric":978,"native":"ewro","localized":"Ýewro"},"my":{"code":"MMK","numeric":104,"native":"မြန်မာ ကျပ်","localized":"Mýanma kýaty"},"nb":{"code":"NOK","numeric":578,"native":"norske kroner","localized":"Norwegiýa kronasy"},"ne":{"code":"NPR","numeric":524,"native":"नेपाली रूपैयाँ","localized":"Nepal rupiýasy"},"nl":{"code":"EUR","numeric":978,"native":"Euro","localized":"Ýewro"},"nn":{"code":"NOK","numeric":578,"native":"norske kroner","localized":"Norwegiýa kronasy"},"oc":{"code":"EUR","numeric":978,"native":"EUR","localized":"Ýewro"},"om":{"code":"ETB","numeric":230,"native":"Itoophiyaa Birrii","localized":"Efiopiýa byry"},"or":{"code":"INR","numeric":356,"native":"ଭାରତୀୟ ଟଙ୍କା","localized":"Hindi rupiýasy"},"pa":{"code":"INR","numeric":356,"native":"ਭਾਰਤੀ ਰੁਪਇਆ","localized":"Hindi rupiýasy"},"pl":{"code":"PLN","numeric":985,"native":"złoty polski","localized":"Polýak zlotysy"},"ps":{"code":"AFN","numeric":971,"native":"افغانۍ","localized":"Owgan afganisi"},"pt":{"code":"BRL","numeric":986,"native":"Real brasileiro","localized":"Brazil realy"},"pt_BR":{"code":"BRL","numeric":986,"native":"Real brasileiro","localized":"Brazil realy"},"qu":{"code":"PEN","numeric":604,"native":"Sol Peruano","localized":"Peru soly"},"ro":{"code":"RON","numeric":946,"native":"leu românesc","localized":"Rumyn leýi"},"ru":{"code":"RUB","numeric":643,"native":"российский рубль","localized":"Rus rubly"},"rw":{"code":"RWF","numeric":646,"native":"RWF","localized":"Ruanda franky"},"sa":{"code":"INR","numeric":356,"native":"भारतीय रूप्यकम्","localized":"Hindi rupiýasy"},"sc":{"code":"EUR","numeric":978,"native":"èuro","localized":"Ýewro"},"sd":{"code":"PKR","numeric":586,"native":"پاڪستاني رپي","localized":"Päkistan rupiýasy"},"si":{"code":"LKR","numeric":144,"native":"ශ්‍රී ලංකා රුපියල","localized":"Şri-Lanka rupiýasy"},"sk":{"code":"EUR","numeric":978,"native":"euro","localized":"Ýewro"},"sl":{"code":"EUR","numeric":978,"native":"evro","localized":"Ýewro"},"sn":{"code":"USD","numeric":840,"native":"Dora re Amerika","localized":"ABŞ dollary"},"so":{"code":"SOS","numeric":706,"native":"Shilingka Soomaaliya","localized":"Somali şillingi"},"sq":{"code":"ALL","numeric":8,"native":"Leku shqiptar","localized":"Alban leki"},"sr_Cyrl":{"code":"RSD","numeric":941,"native":"српски динар","localized":"Serb dinary"},"sr_Latn":{"code":"RSD","numeric":941,"native":"srpski dinar","localized":"Serb dinary"},"sr_Latn_ME":{"code":"EUR","numeric":978,"native":"Evro","localized":"Ýewro"},"su":{"code":"IDR","numeric":360,"native":"Rupee Indonésia","localized":"Indoneziýa rupiýasy"},"sv":{"code":"SEK","numeric":752,"native":"svensk krona","localized":"Şwed kronasy"},"sw":{"code":"TZS","numeric":834,"native":"Shilingi ya Tanzania","localized":"Tanzaniýa şillingi"},"ta":{"code":"INR","numeric":356,"native":"இந்திய ரூபாய்","localized":"Hindi rupiýasy"},"te":{"code":"INR","numeric":356,"native":"భారతదేశ రూపాయి","localized":"Hindi rupiýasy"},"tg":{"code":"TJS","numeric":972,"native":"Сомонӣ","localized":"Täjik somonisi"},"th":{"code":"THB","numeric":764,"native":"บาท","localized":"Taýland baty"},"ti":{"code":"ETB","numeric":230,"native":"ብር","localized":"Efiopiýa byry"},"tk":{"code":"TMT","numeric":934,"native":"Türkmen manady","localized":"Türkmen manady"},"tl":{"code":"PHP","numeric":608,"native":"Philippine Peso","localized":"Filippin pesosy"},"tr":{"code":"TRY","numeric":949,"native":"Türk Lirası","localized":"Türk lirasy"},"tt":{"code":"RUB","numeric":643,"native":"Россия сумы","localized":"Rus rubly"},"ug":{"code":"CNY","numeric":156,"native":"جۇڭگو يۈەنى","localized":"Hytaý ýuany"},"uk":{"code":"UAH","numeric":980,"native":"українська гривня","localized":"Ukrain griwnasy"},"ur":{"code":"PKR","numeric":586,"native":"پاکستانی روپیہ","localized":"Päkistan rupiýasy"},"uz_Cyrl":{"code":"UZS","numeric":860,"native":"Ўзбекистон сўм","localized":"Özbek somy"},"uz_Latn":{"code":"UZS","numeric":860,"native":"O‘zbekiston so‘mi","localized":"Özbek somy"},"vi":{"code":"VND","numeric":704,"native":"Đồng Việt Nam","localized":"Wýetnam dongy"},"xh":{"code":"ZAR","numeric":710,"native":"IRandi yaseMzantsi Afrika","localized":"Günorta Afrika rendi"},"yi":{"code":"USD","numeric":840,"native":"","localized":""},"yo":{"code":"NGN","numeric":566,"native":"Náírà Nàìjíríà","localized":"Nigeriýa naýrasy"},"zh_CN":{"code":"CNY","numeric":156,"native":"人民币","localized":"Hytaý ýuany"},"zh_HK":{"code":"HKD","numeric":344,"native":"港元","localized":"Gonkong dollary"},"zh_TW":{"code":"TWD","numeric":901,"native":"新台币","localized":"Täze Taýwan dollary"},"zu":{"code":"ZAR","numeric":710,"native":"i-South African Rand","localized":"Günorta Afrika rendi"}}
