{"af":{"code":"ZAR","numeric":710,"native":"Suid-Afrikaanse rand","localized":"Güney Afrika Randı"},"ak":{"code":"GHS","numeric":936,"native":"Ghana Sidi","localized":"Gana Sedisi"},"am":{"code":"ETB","numeric":230,"native":"የኢትዮጵያ ብር","localized":"Etiyopya Birri"},"ar":{"code":"EGP","numeric":818,"native":"جنيه مصري","localized":"Mısır Lirası"},"as":{"code":"INR","numeric":356,"native":"ভাৰতীয় ৰুপী","localized":"Hindistan Rupisi"},"az":{"code":"AZN","numeric":944,"native":"Azərbaycan Manatı","localized":"Azerbaycan Manatı"},"be":{"code":"BYN","numeric":840,"native":"беларускі рубель","localized":"Belarus Rublesi"},"bg":{"code":"BGN","numeric":975,"native":"Български лев","localized":"Bulgar Levası"},"bho":{"code":"INR","numeric":356,"native":"INR","localized":"Hindistan Rupisi"},"bm":{"code":"XOF","numeric":952,"native":"sefa Fraŋ (BCEAO)","localized":"Batı Afrika CFA Frangı"},"bn":{"code":"BDT","numeric":50,"native":"বাংলাদেশী টাকা","localized":"Bangladeş Takası"},"bs":{"code":"BAM","numeric":977,"native":"Bosanskohercegovačka konvertibilna marka","localized":"Konvertibl Bosna Hersek Markı"},"ca":{"code":"EUR","numeric":978,"native":"euro","localized":"Euro"},"ceb":{"code":"PHP","numeric":608,"native":"Philippine Peso","localized":"Filipinler Pesosu"},"ckb":{"code":"IQD","numeric":368,"native":"IQD","localized":"Irak Dinarı"},"cs":{"code":"CZK","numeric":203,"native":"česká koruna","localized":"Çek Korunası"},"cy":{"code":"GBP","numeric":826,"native":"Punt Prydain","localized":"İngiliz Sterlini"},"da":{"code":"DKK","numeric":208,"native":"dansk krone","localized":"Danimarka Kronu"},"de":{"code":"EUR","numeric":978,"native":"Euro","localized":"Euro"},"de_CH":{"code":"CHF","numeric":756,"native":"Schweizer Franken","localized":"İsviçre Frangı"},"doi":{"code":"INR","numeric":356,"native":"भारती रपेऽ","localized":"Hindistan Rupisi"},"ee":{"code":"GHS","numeric":936,"native":"ghana siɖi","localized":"Gana Sedisi"},"el":{"code":"EUR","numeric":978,"native":"Ευρώ","localized":"Euro"},"en":{"code":"USD","numeric":840,"native":"US Dollar","localized":"ABD Doları"},"en_CA":{"code":"CAD","numeric":124,"native":"Canadian Dollar","localized":"Kanada Doları"},"eo":{"code":"USD","numeric":840,"native":"","localized":""},"es":{"code":"EUR","numeric":978,"native":"euro","localized":"Euro"},"et":{"code":"EUR","numeric":978,"native":"euro","localized":"Euro"},"eu":{"code":"EUR","numeric":978,"native":"euroa","localized":"Euro"},"fa":{"code":"IRR","numeric":364,"native":"ریال ایران","localized":"İran Riyali"},"fi":{"code":"EUR","numeric":978,"native":"euro","localized":"Euro"},"fil":{"code":"PHP","numeric":608,"native":"Piso ng Pilipinas","localized":"Filipinler Pesosu"},"fr":{"code":"EUR","numeric":978,"native":"euro","localized":"Euro"},"fy":{"code":"EUR","numeric":978,"native":"Euro","localized":"Euro"},"ga":{"code":"EUR","numeric":978,"native":"Euro","localized":"Euro"},"gd":{"code":"GBP","numeric":826,"native":"Punnd Sasannach","localized":"İngiliz Sterlini"},"gl":{"code":"EUR","numeric":978,"native":"euro","localized":"Euro"},"gu":{"code":"INR","numeric":356,"native":"ભારતીય રૂપિયા","localized":"Hindistan Rupisi"},"ha":{"code":"NGN","numeric":566,"native":"Nairar Najeriya","localized":"Nijerya Nairası"},"haw":{"code":"USD","numeric":840,"native":"USD","localized":"ABD Doları"},"he":{"code":"ILS","numeric":376,"native":"שקל חדש","localized":"Yeni İsrail Şekeli"},"hi":{"code":"INR","numeric":356,"native":"भारतीय रुपया","localized":"Hindistan Rupisi"},"hr":{"code":"EUR","numeric":978,"native":"euro","localized":"Euro"},"hu":{"code":"HUF","numeric":348,"native":"magyar forint","localized":"Macar Forinti"},"hy":{"code":"AMD","numeric":51,"native":"հայկական դրամ","localized":"Ermenistan Dramı"},"id":{"code":"IDR","numeric":360,"native":"Rupiah Indonesia","localized":"Endonezya Rupisi"},"ig":{"code":"NGN","numeric":566,"native":"Naịra","localized":"Nijerya Nairası"},"is":{"code":"ISK","numeric":352,"native":"íslensk króna","localized":"İzlanda Kronu"},"it":{"code":"EUR","numeric":978,"native":"euro","localized":"Euro"},"ja":{"code":"JPY","numeric":392,"native":"日本円","localized":"Japon Yeni"},"ka":{"code":"GEL","numeric":981,"native":"ქართული ლარი","localized":"Gürcistan Larisi"},"kk":{"code":"KZT","numeric":398,"native":"Қазақстан теңгесі","localized":"Kazakistan Tengesi"},"km":{"code":"KHR","numeric":116,"native":"រៀល​កម្ពុជា","localized":"Kamboçya Rieli"},"kn":{"code":"INR","numeric":356,"native":"ಭಾರತೀಯ ರೂಪಾಯಿ","localized":"Hindistan Rupisi"},"ko":{"code":"KRW","numeric":410,"native":"대한민국 원","localized":"Güney Kore Wonu"},"ku":{"code":"TRY","numeric":949,"native":"TRY","localized":"Türk Lirası"},"ky":{"code":"KGS","numeric":417,"native":"Кыргызстан сому","localized":"Kırgızistan Somu"},"lb":{"code":"EUR","numeric":978,"native":"Euro","localized":"Euro"},"lg":{"code":"UGX","numeric":800,"native":"Silingi eya Yuganda","localized":"Uganda Şilini"},"ln":{"code":"CDF","numeric":976,"native":"Falánga ya Kongó","localized":"Kongo Frangı"},"lo":{"code":"LAK","numeric":418,"native":"ລາວ ກີບ","localized":"Laos Kipi"},"lt":{"code":"EUR","numeric":978,"native":"Euras","localized":"Euro"},"lv":{"code":"EUR","numeric":978,"native":"eiro","localized":"Euro"},"mai":{"code":"INR","numeric":356,"native":"भारतीय रुपया","localized":"Hindistan Rupisi"},"mg":{"code":"MGA","numeric":969,"native":"Ariary","localized":"Madagaskar Ariarisi"},"mi":{"code":"NZD","numeric":554,"native":"Tāra o Aotearoa","localized":"Yeni Zelanda Doları"},"mk":{"code":"MKD","numeric":807,"native":"Македонски денар","localized":"Makedonya Dinarı"},"ml":{"code":"INR","numeric":356,"native":"ഇന്ത്യൻ രൂപ","localized":"Hindistan Rupisi"},"mn":{"code":"MNT","numeric":496,"native":"Монгол төгрөг","localized":"Moğolistan Tugriki"},"mni_Mtei":{"code":"INR","numeric":356,"native":"Indian Rupee","localized":"Hindistan Rupisi"},"mr":{"code":"INR","numeric":356,"native":"भारतीय रुपया","localized":"Hindistan Rupisi"},"ms":{"code":"MYR","numeric":458,"native":"Ringgit Malaysia","localized":"Malezya Ringgiti"},"mt":{"code":"EUR","numeric":978,"native":"ewro","localized":"Euro"},"my":{"code":"MMK","numeric":104,"native":"မြန်မာ ကျပ်","localized":"Myanmar Kyatı"},"nb":{"code":"NOK","numeric":578,"native":"norske kroner","localized":"Norveç Kronu"},"ne":{"code":"NPR","numeric":524,"native":"नेपाली रूपैयाँ","localized":"Nepal Rupisi"},"nl":{"code":"EUR","numeric":978,"native":"Euro","localized":"Euro"},"nn":{"code":"NOK","numeric":578,"native":"norske kroner","localized":"Norveç Kronu"},"oc":{"code":"EUR","numeric":978,"native":"EUR","localized":"Euro"},"om":{"code":"ETB","numeric":230,"native":"Itoophiyaa Birrii","localized":"Etiyopya Birri"},"or":{"code":"INR","numeric":356,"native":"ଭାରତୀୟ ଟଙ୍କା","localized":"Hindistan Rupisi"},"pa":{"code":"INR","numeric":356,"native":"ਭਾਰਤੀ ਰੁਪਇਆ","localized":"Hindistan Rupisi"},"pl":{"code":"PLN","numeric":985,"native":"złoty polski","localized":"Polonya Zlotisi"},"ps":{"code":"AFN","numeric":971,"native":"افغانۍ","localized":"Afganistan Afganisi"},"pt":{"code":"BRL","numeric":986,"native":"Real brasileiro","localized":"Brezilya Reali"},"pt_BR":{"code":"BRL","numeric":986,"native":"Real brasileiro","localized":"Brezilya Reali"},"qu":{"code":"PEN","numeric":604,"native":"Sol Peruano","localized":"Peru Solü"},"ro":{"code":"RON","numeric":946,"native":"leu românesc","localized":"Romen Leyi"},"ru":{"code":"RUB","numeric":643,"native":"российский рубль","localized":"Rus Rublesi"},"rw":{"code":"RWF","numeric":646,"native":"RWF","localized":"Ruanda Frangı"},"sa":{"code":"INR","numeric":356,"native":"भारतीय रूप्यकम्","localized":"Hindistan Rupisi"},"sc":{"code":"EUR","numeric":978,"native":"èuro","localized":"Euro"},"sd":{"code":"PKR","numeric":586,"native":"پاڪستاني رپي","localized":"Pakistan Rupisi"},"si":{"code":"LKR","numeric":144,"native":"ශ්‍රී ලංකා රුපියල","localized":"Sri Lanka Rupisi"},"sk":{"code":"EUR","numeric":978,"native":"euro","localized":"Euro"},"sl":{"code":"EUR","numeric":978,"native":"evro","localized":"Euro"},"sn":{"code":"USD","numeric":840,"native":"Dora re Amerika","localized":"ABD Doları"},"so":{"code":"SOS","numeric":706,"native":"Shilingka Soomaaliya","localized":"Somali Şilini"},"sq":{"code":"ALL","numeric":8,"native":"Leku shqiptar","localized":"Arnavutluk Leki"},"sr_Cyrl":{"code":"RSD","numeric":941,"native":"српски динар","localized":"Sırp Dinarı"},"sr_Latn":{"code":"RSD","numeric":941,"native":"srpski dinar","localized":"Sırp Dinarı"},"sr_Latn_ME":{"code":"EUR","numeric":978,"native":"Evro","localized":"Euro"},"su":{"code":"IDR","numeric":360,"native":"Rupee Indonésia","localized":"Endonezya Rupisi"},"sv":{"code":"SEK","numeric":752,"native":"svensk krona","localized":"İsveç Kronu"},"sw":{"code":"TZS","numeric":834,"native":"Shilingi ya Tanzania","localized":"Tanzanya Şilini"},"ta":{"code":"INR","numeric":356,"native":"இந்திய ரூபாய்","localized":"Hindistan Rupisi"},"te":{"code":"INR","numeric":356,"native":"భారతదేశ రూపాయి","localized":"Hindistan Rupisi"},"tg":{"code":"TJS","numeric":972,"native":"Сомонӣ","localized":"Tacikistan Somonisi"},"th":{"code":"THB","numeric":764,"native":"บาท","localized":"Tayland Bahtı"},"ti":{"code":"ETB","numeric":230,"native":"ብር","localized":"Etiyopya Birri"},"tk":{"code":"TMT","numeric":934,"native":"Türkmen manady","localized":"Türkmenistan Manatı"},"tl":{"code":"PHP","numeric":608,"native":"Philippine Peso","localized":"Filipinler Pesosu"},"tr":{"code":"TRY","numeric":949,"native":"Türk Lirası","localized":"Türk Lirası"},"tt":{"code":"RUB","numeric":643,"native":"Россия сумы","localized":"Rus Rublesi"},"ug":{"code":"CNY","numeric":156,"native":"جۇڭگو يۈەنى","localized":"Çin Yuanı"},"uk":{"code":"UAH","numeric":980,"native":"українська гривня","localized":"Ukrayna Grivnası"},"ur":{"code":"PKR","numeric":586,"native":"پاکستانی روپیہ","localized":"Pakistan Rupisi"},"uz_Cyrl":{"code":"UZS","numeric":860,"native":"Ўзбекистон сўм","localized":"Özbekistan Somu"},"uz_Latn":{"code":"UZS","numeric":860,"native":"O‘zbekiston so‘mi","localized":"Özbekistan Somu"},"vi":{"code":"VND","numeric":704,"native":"Đồng Việt Nam","localized":"Vietnam Dongu"},"xh":{"code":"ZAR","numeric":710,"native":"IRandi yaseMzantsi Afrika","localized":"Güney Afrika Randı"},"yi":{"code":"USD","numeric":840,"native":"","localized":""},"yo":{"code":"NGN","numeric":566,"native":"Náírà Nàìjíríà","localized":"Nijerya Nairası"},"zh_CN":{"code":"CNY","numeric":156,"native":"人民币","localized":"Çin Yuanı"},"zh_HK":{"code":"HKD","numeric":344,"native":"港元","localized":"Hong Kong Doları"},"zh_TW":{"code":"TWD","numeric":901,"native":"新台币","localized":"Yeni Tayvan Doları"},"zu":{"code":"ZAR","numeric":710,"native":"i-South African Rand","localized":"Güney Afrika Randı"}}
