{"af":{"code":"ZAR","numeric":710,"native":"Suid-Afrikaanse rand","localized":"جەنۇبىي ئافرىقا راندى"},"ak":{"code":"GHS","numeric":936,"native":"Ghana Sidi","localized":"گانا سېدىسى"},"am":{"code":"ETB","numeric":230,"native":"የኢትዮጵያ ብር","localized":"ئېفىيوپىيە بىررى"},"ar":{"code":"EGP","numeric":818,"native":"جنيه مصري","localized":"مىسىر فوند سىتېرلىڭى"},"as":{"code":"INR","numeric":356,"native":"ভাৰতীয় ৰুপী","localized":"ھىندىستان رۇپىسى"},"az":{"code":"AZN","numeric":944,"native":"Azərbaycan Manatı","localized":"ئەزەربەيجان ماناتى"},"be":{"code":"BYN","numeric":840,"native":"беларускі рубель","localized":"بېلارۇسىيە رۇبلىسى"},"bg":{"code":"BGN","numeric":975,"native":"Български лев","localized":"بۇلغارىيە لېۋاسى"},"bho":{"code":"INR","numeric":356,"native":"INR","localized":"ھىندىستان رۇپىسى"},"bm":{"code":"XOF","numeric":952,"native":"sefa Fraŋ (BCEAO)","localized":"ئافرىقا قىتئەسى پۇل-مۇئامىلە ئىتتىپاقى فرانكى (BCEAO)"},"bn":{"code":"BDT","numeric":50,"native":"বাংলাদেশী টাকা","localized":"باڭلادىش تاكاسى"},"bs":{"code":"BAM","numeric":977,"native":"Bosanskohercegovačka konvertibilna marka","localized":"بوسنىيە-خېرتسېگوۋىنا ئالماشتۇرۇشچان ماركى"},"ca":{"code":"EUR","numeric":978,"native":"euro","localized":"ياۋرو"},"ceb":{"code":"PHP","numeric":608,"native":"Philippine Peso","localized":"فىلىپپىن پېسوسى"},"ckb":{"code":"IQD","numeric":368,"native":"IQD","localized":"ئىراق دىنارى"},"cs":{"code":"CZK","numeric":203,"native":"česká koruna","localized":"چېخ جۇمھۇرىيىتى كورۇناسى"},"cy":{"code":"GBP","numeric":826,"native":"Punt Prydain","localized":"ئەنگلىيە فوند سىتېرلىڭى"},"da":{"code":"DKK","numeric":208,"native":"dansk krone","localized":"دانىيە كرونى"},"de":{"code":"EUR","numeric":978,"native":"Euro","localized":"ياۋرو"},"de_CH":{"code":"CHF","numeric":756,"native":"Schweizer Franken","localized":"شىۋېتسىيە فرانكى"},"doi":{"code":"INR","numeric":356,"native":"भारती रपेऽ","localized":"ھىندىستان رۇپىسى"},"ee":{"code":"GHS","numeric":936,"native":"ghana siɖi","localized":"گانا سېدىسى"},"el":{"code":"EUR","numeric":978,"native":"Ευρώ","localized":"ياۋرو"},"en":{"code":"USD","numeric":840,"native":"US Dollar","localized":"ئامېرىكا دوللىرى"},"en_CA":{"code":"CAD","numeric":124,"native":"Canadian Dollar","localized":"كانادا دوللىرى"},"eo":{"code":"USD","numeric":840,"native":"","localized":""},"es":{"code":"EUR","numeric":978,"native":"euro","localized":"ياۋرو"},"et":{"code":"EUR","numeric":978,"native":"euro","localized":"ياۋرو"},"eu":{"code":"EUR","numeric":978,"native":"euroa","localized":"ياۋرو"},"fa":{"code":"IRR","numeric":364,"native":"ریال ایران","localized":"ئىران رىيالى"},"fi":{"code":"EUR","numeric":978,"native":"euro","localized":"ياۋرو"},"fil":{"code":"PHP","numeric":608,"native":"Piso ng Pilipinas","localized":"فىلىپپىن پېسوسى"},"fr":{"code":"EUR","numeric":978,"native":"euro","localized":"ياۋرو"},"fy":{"code":"EUR","numeric":978,"native":"Euro","localized":"ياۋرو"},"ga":{"code":"EUR","numeric":978,"native":"Euro","localized":"ياۋرو"},"gd":{"code":"GBP","numeric":826,"native":"Punnd Sasannach","localized":"ئەنگلىيە فوند سىتېرلىڭى"},"gl":{"code":"EUR","numeric":978,"native":"euro","localized":"ياۋرو"},"gu":{"code":"INR","numeric":356,"native":"ભારતીય રૂપિયા","localized":"ھىندىستان رۇپىسى"},"ha":{"code":"NGN","numeric":566,"native":"Nairar Najeriya","localized":"نىگېرىيە نايراسى"},"haw":{"code":"USD","numeric":840,"native":"USD","localized":"ئامېرىكا دوللىرى"},"he":{"code":"ILS","numeric":376,"native":"שקל חדש","localized":"ئىسرائىل يېڭى شېكېلى"},"hi":{"code":"INR","numeric":356,"native":"भारतीय रुपया","localized":"ھىندىستان رۇپىسى"},"hr":{"code":"EUR","numeric":978,"native":"euro","localized":"ياۋرو"},"hu":{"code":"HUF","numeric":348,"native":"magyar forint","localized":"ۋېنگىرىيە فورېنتى"},"hy":{"code":"AMD","numeric":51,"native":"հայկական դրամ","localized":"ئەرمېنىيە دىرامى"},"id":{"code":"IDR","numeric":360,"native":"Rupiah Indonesia","localized":"ھىندونېزىيە رۇپىيەسى"},"ig":{"code":"NGN","numeric":566,"native":"Naịra","localized":"نىگېرىيە نايراسى"},"is":{"code":"ISK","numeric":352,"native":"íslensk króna","localized":"ئىسلاندىيە كروناسى"},"it":{"code":"EUR","numeric":978,"native":"euro","localized":"ياۋرو"},"ja":{"code":"JPY","numeric":392,"native":"日本円","localized":"ياپونىيە يېنى"},"ka":{"code":"GEL","numeric":981,"native":"ქართული ლარი","localized":"گىرۇزىيە لارىسى"},"kk":{"code":"KZT","numeric":398,"native":"Қазақстан теңгесі","localized":"قازاقىستان تەڭگىسى"},"km":{"code":"KHR","numeric":116,"native":"រៀល​កម្ពុជា","localized":"كامبودژا رىئېلى"},"kn":{"code":"INR","numeric":356,"native":"ಭಾರತೀಯ ರೂಪಾಯಿ","localized":"ھىندىستان رۇپىسى"},"ko":{"code":"KRW","numeric":410,"native":"대한민국 원","localized":"جەنۇبىي كورېيە ۋونى"},"ku":{"code":"TRY","numeric":949,"native":"TRY","localized":"تۈركىيە لىراسى"},"ky":{"code":"KGS","numeric":417,"native":"Кыргызстан сому","localized":"قىرغىزىستان سومى"},"lb":{"code":"EUR","numeric":978,"native":"Euro","localized":"ياۋرو"},"lg":{"code":"UGX","numeric":800,"native":"Silingi eya Yuganda","localized":"ئۇگاندا شىللىڭى"},"ln":{"code":"CDF","numeric":976,"native":"Falánga ya Kongó","localized":"كونگو فرانكى"},"lo":{"code":"LAK","numeric":418,"native":"ລາວ ກີບ","localized":"لائوس كىپى"},"lt":{"code":"EUR","numeric":978,"native":"Euras","localized":"ياۋرو"},"lv":{"code":"EUR","numeric":978,"native":"eiro","localized":"ياۋرو"},"mai":{"code":"INR","numeric":356,"native":"भारतीय रुपया","localized":"ھىندىستان رۇپىسى"},"mg":{"code":"MGA","numeric":969,"native":"Ariary","localized":"ماداغاسقار ئارىئارىسى"},"mi":{"code":"NZD","numeric":554,"native":"Tāra o Aotearoa","localized":"يېڭى زېلاندىيە دوللىرى"},"mk":{"code":"MKD","numeric":807,"native":"Македонски денар","localized":"ماكېدونىيە دىنارى"},"ml":{"code":"INR","numeric":356,"native":"ഇന്ത്യൻ രൂപ","localized":"ھىندىستان رۇپىسى"},"mn":{"code":"MNT","numeric":496,"native":"Монгол төгрөг","localized":"موڭغۇلىيە تۈگرىكى"},"mni_Mtei":{"code":"INR","numeric":356,"native":"Indian Rupee","localized":"ھىندىستان رۇپىسى"},"mr":{"code":"INR","numeric":356,"native":"भारतीय रुपया","localized":"ھىندىستان رۇپىسى"},"ms":{"code":"MYR","numeric":458,"native":"Ringgit Malaysia","localized":"مالايشىيا رىڭگىتى"},"mt":{"code":"EUR","numeric":978,"native":"ewro","localized":"ياۋرو"},"my":{"code":"MMK","numeric":104,"native":"မြန်မာ ကျပ်","localized":"مىيانمار كىياتى"},"nb":{"code":"NOK","numeric":578,"native":"norske kroner","localized":"نورۋېگىيە كرونى"},"ne":{"code":"NPR","numeric":524,"native":"नेपाली रूपैयाँ","localized":"نېپال رۇپىسى"},"nl":{"code":"EUR","numeric":978,"native":"Euro","localized":"ياۋرو"},"nn":{"code":"NOK","numeric":578,"native":"norske kroner","localized":"نورۋېگىيە كرونى"},"oc":{"code":"EUR","numeric":978,"native":"EUR","localized":"ياۋرو"},"om":{"code":"ETB","numeric":230,"native":"Itoophiyaa Birrii","localized":"ئېفىيوپىيە بىررى"},"or":{"code":"INR","numeric":356,"native":"ଭାରତୀୟ ଟଙ୍କା","localized":"ھىندىستان رۇپىسى"},"pa":{"code":"INR","numeric":356,"native":"ਭਾਰਤੀ ਰੁਪਇਆ","localized":"ھىندىستان رۇپىسى"},"pl":{"code":"PLN","numeric":985,"native":"złoty polski","localized":"پولشا زىلوتى"},"ps":{"code":"AFN","numeric":971,"native":"افغانۍ","localized":"ئافغان ئافغانى"},"pt":{"code":"BRL","numeric":986,"native":"Real brasileiro","localized":"بىرازىلىيە رىيالى"},"pt_BR":{"code":"BRL","numeric":986,"native":"Real brasileiro","localized":"بىرازىلىيە رىيالى"},"qu":{"code":"PEN","numeric":604,"native":"Sol Peruano","localized":"پېرۇ سولى"},"ro":{"code":"RON","numeric":946,"native":"leu românesc","localized":"رۇمىنىيە لېيى"},"ru":{"code":"RUB","numeric":643,"native":"российский рубль","localized":"رۇسىيە رۇبلىسى"},"rw":{"code":"RWF","numeric":646,"native":"RWF","localized":"رۋاندا فرانكى"},"sa":{"code":"INR","numeric":356,"native":"भारतीय रूप्यकम्","localized":"ھىندىستان رۇپىسى"},"sc":{"code":"EUR","numeric":978,"native":"èuro","localized":"ياۋرو"},"sd":{"code":"PKR","numeric":586,"native":"پاڪستاني رپي","localized":"پاكىستان رۇپىسى"},"si":{"code":"LKR","numeric":144,"native":"ශ්‍රී ලංකා රුපියල","localized":"سىرىلانكا رۇپىسى"},"sk":{"code":"EUR","numeric":978,"native":"euro","localized":"ياۋرو"},"sl":{"code":"EUR","numeric":978,"native":"evro","localized":"ياۋرو"},"sn":{"code":"USD","numeric":840,"native":"Dora re Amerika","localized":"ئامېرىكا دوللىرى"},"so":{"code":"SOS","numeric":706,"native":"Shilingka Soomaaliya","localized":"سومالى شىللىڭى"},"sq":{"code":"ALL","numeric":8,"native":"Leku shqiptar","localized":"ئالبانىيە لېكى"},"sr_Cyrl":{"code":"RSD","numeric":941,"native":"српски динар","localized":"سېربىيە دىنارى"},"sr_Latn":{"code":"RSD","numeric":941,"native":"srpski dinar","localized":"سېربىيە دىنارى"},"sr_Latn_ME":{"code":"EUR","numeric":978,"native":"Evro","localized":"ياۋرو"},"su":{"code":"IDR","numeric":360,"native":"Rupee Indonésia","localized":"ھىندونېزىيە رۇپىيەسى"},"sv":{"code":"SEK","numeric":752,"native":"svensk krona","localized":"شىۋېتسىيە كروناسى"},"sw":{"code":"TZS","numeric":834,"native":"Shilingi ya Tanzania","localized":"تانزانىيە شىللىڭى"},"ta":{"code":"INR","numeric":356,"native":"இந்திய ரூபாய்","localized":"ھىندىستان رۇپىسى"},"te":{"code":"INR","numeric":356,"native":"భారతదేశ రూపాయి","localized":"ھىندىستان رۇپىسى"},"tg":{"code":"TJS","numeric":972,"native":"Сомонӣ","localized":"تاجىكىستان سومونىسى"},"th":{"code":"THB","numeric":764,"native":"บาท","localized":"تايلاند باختى"},"ti":{"code":"ETB","numeric":230,"native":"ብር","localized":"ئېفىيوپىيە بىررى"},"tk":{"code":"TMT","numeric":934,"native":"Türkmen manady","localized":"تۈركمەنىستان ماناتى"},"tl":{"code":"PHP","numeric":608,"native":"Philippine Peso","localized":"فىلىپپىن پېسوسى"},"tr":{"code":"TRY","numeric":949,"native":"Türk Lirası","localized":"تۈركىيە لىراسى"},"tt":{"code":"RUB","numeric":643,"native":"Россия сумы","localized":"رۇسىيە رۇبلىسى"},"ug":{"code":"CNY","numeric":156,"native":"جۇڭگو يۈەنى","localized":"جۇڭگو يۈەنى"},"uk":{"code":"UAH","numeric":980,"native":"українська гривня","localized":"ئۇكرائىنا خرىۋناسى"},"ur":{"code":"PKR","numeric":586,"native":"پاکستانی روپیہ","localized":"پاكىستان رۇپىسى"},"uz_Cyrl":{"code":"UZS","numeric":860,"native":"Ўзбекистон сўм","localized":"ئۆزبېكىستان سومى"},"uz_Latn":{"code":"UZS","numeric":860,"native":"O‘zbekiston so‘mi","localized":"ئۆزبېكىستان سومى"},"vi":{"code":"VND","numeric":704,"native":"Đồng Việt Nam","localized":"ۋىيېتنام دوڭى"},"xh":{"code":"ZAR","numeric":710,"native":"IRandi yaseMzantsi Afrika","localized":"جەنۇبىي ئافرىقا راندى"},"yi":{"code":"USD","numeric":840,"native":"","localized":""},"yo":{"code":"NGN","numeric":566,"native":"Náírà Nàìjíríà","localized":"نىگېرىيە نايراسى"},"zh_CN":{"code":"CNY","numeric":156,"native":"人民币","localized":"جۇڭگو يۈەنى"},"zh_HK":{"code":"HKD","numeric":344,"native":"港元","localized":"شياڭگاڭ دوللىرى"},"zh_TW":{"code":"TWD","numeric":901,"native":"新台币","localized":"يېڭى تەيۋەن دوللىرى"},"zu":{"code":"ZAR","numeric":710,"native":"i-South African Rand","localized":"جەنۇبىي ئافرىقا راندى"}}
