{"af":{"code":"ZAR","numeric":710,"native":"Suid-Afrikaanse rand","localized":"південноафриканський ранд"},"ak":{"code":"GHS","numeric":936,"native":"Ghana Sidi","localized":"ганський седі"},"am":{"code":"ETB","numeric":230,"native":"የኢትዮጵያ ብር","localized":"ефіопський бир"},"ar":{"code":"EGP","numeric":818,"native":"جنيه مصري","localized":"єгипетський фунт"},"as":{"code":"INR","numeric":356,"native":"ভাৰতীয় ৰুপী","localized":"індійська рупія"},"az":{"code":"AZN","numeric":944,"native":"Azərbaycan Manatı","localized":"азербайджанський манат"},"be":{"code":"BYN","numeric":840,"native":"беларускі рубель","localized":"білоруський рубль"},"bg":{"code":"BGN","numeric":975,"native":"Български лев","localized":"болгарський лев"},"bho":{"code":"INR","numeric":356,"native":"INR","localized":"індійська рупія"},"bm":{"code":"XOF","numeric":952,"native":"sefa Fraŋ (BCEAO)","localized":"західноафриканський франк"},"bn":{"code":"BDT","numeric":50,"native":"বাংলাদেশী টাকা","localized":"бангладеська така"},"bs":{"code":"BAM","numeric":977,"native":"Bosanskohercegovačka konvertibilna marka","localized":"конвертована марка Боснії і Герцеговини"},"ca":{"code":"EUR","numeric":978,"native":"euro","localized":"євро"},"ceb":{"code":"PHP","numeric":608,"native":"Philippine Peso","localized":"філіппінський песо"},"ckb":{"code":"IQD","numeric":368,"native":"IQD","localized":"іракський динар"},"cs":{"code":"CZK","numeric":203,"native":"česká koruna","localized":"чеська крона"},"cy":{"code":"GBP","numeric":826,"native":"Punt Prydain","localized":"англійський фунт"},"da":{"code":"DKK","numeric":208,"native":"dansk krone","localized":"данська крона"},"de":{"code":"EUR","numeric":978,"native":"Euro","localized":"євро"},"de_CH":{"code":"CHF","numeric":756,"native":"Schweizer Franken","localized":"швейцарський франк"},"doi":{"code":"INR","numeric":356,"native":"भारती रपेऽ","localized":"індійська рупія"},"ee":{"code":"GHS","numeric":936,"native":"ghana siɖi","localized":"ганський седі"},"el":{"code":"EUR","numeric":978,"native":"Ευρώ","localized":"євро"},"en":{"code":"USD","numeric":840,"native":"US Dollar","localized":"долар США"},"en_CA":{"code":"CAD","numeric":124,"native":"Canadian Dollar","localized":"канадський долар"},"eo":{"code":"USD","numeric":840,"native":"","localized":""},"es":{"code":"EUR","numeric":978,"native":"euro","localized":"євро"},"et":{"code":"EUR","numeric":978,"native":"euro","localized":"євро"},"eu":{"code":"EUR","numeric":978,"native":"euroa","localized":"євро"},"fa":{"code":"IRR","numeric":364,"native":"ریال ایران","localized":"іранський ріал"},"fi":{"code":"EUR","numeric":978,"native":"euro","localized":"євро"},"fil":{"code":"PHP","numeric":608,"native":"Piso ng Pilipinas","localized":"філіппінський песо"},"fr":{"code":"EUR","numeric":978,"native":"euro","localized":"євро"},"fy":{"code":"EUR","numeric":978,"native":"Euro","localized":"євро"},"ga":{"code":"EUR","numeric":978,"native":"Euro","localized":"євро"},"gd":{"code":"GBP","numeric":826,"native":"Punnd Sasannach","localized":"англійський фунт"},"gl":{"code":"EUR","numeric":978,"native":"euro","localized":"євро"},"gu":{"code":"INR","numeric":356,"native":"ભારતીય રૂપિયા","localized":"індійська рупія"},"ha":{"code":"NGN","numeric":566,"native":"Nairar Najeriya","localized":"нігерійська найра"},"haw":{"code":"USD","numeric":840,"native":"USD","localized":"долар США"},"he":{"code":"ILS","numeric":376,"native":"שקל חדש","localized":"ізраїльський новий шекель"},"hi":{"code":"INR","numeric":356,"native":"भारतीय रुपया","localized":"індійська рупія"},"hr":{"code":"EUR","numeric":978,"native":"euro","localized":"євро"},"hu":{"code":"HUF","numeric":348,"native":"magyar forint","localized":"угорський форинт"},"hy":{"code":"AMD","numeric":51,"native":"հայկական դրամ","localized":"вірменський драм"},"id":{"code":"IDR","numeric":360,"native":"Rupiah Indonesia","localized":"індонезійська рупія"},"ig":{"code":"NGN","numeric":566,"native":"Naịra","localized":"нігерійська найра"},"is":{"code":"ISK","numeric":352,"native":"íslensk króna","localized":"ісландська крона"},"it":{"code":"EUR","numeric":978,"native":"euro","localized":"євро"},"ja":{"code":"JPY","numeric":392,"native":"日本円","localized":"японська єна"},"ka":{"code":"GEL","numeric":981,"native":"ქართული ლარი","localized":"грузинський ларі"},"kk":{"code":"KZT","numeric":398,"native":"Қазақстан теңгесі","localized":"казахстанський тенге"},"km":{"code":"KHR","numeric":116,"native":"រៀល​កម្ពុជា","localized":"камбоджійський рієль"},"kn":{"code":"INR","numeric":356,"native":"ಭಾರತೀಯ ರೂಪಾಯಿ","localized":"індійська рупія"},"ko":{"code":"KRW","numeric":410,"native":"대한민국 원","localized":"південнокорейський вон"},"ku":{"code":"TRY","numeric":949,"native":"TRY","localized":"турецька ліра"},"ky":{"code":"KGS","numeric":417,"native":"Кыргызстан сому","localized":"киргизький сом"},"lb":{"code":"EUR","numeric":978,"native":"Euro","localized":"євро"},"lg":{"code":"UGX","numeric":800,"native":"Silingi eya Yuganda","localized":"угандійський шилінг"},"ln":{"code":"CDF","numeric":976,"native":"Falánga ya Kongó","localized":"конголезький франк"},"lo":{"code":"LAK","numeric":418,"native":"ລາວ ກີບ","localized":"лаоський кіп"},"lt":{"code":"EUR","numeric":978,"native":"Euras","localized":"євро"},"lv":{"code":"EUR","numeric":978,"native":"eiro","localized":"євро"},"mai":{"code":"INR","numeric":356,"native":"भारतीय रुपया","localized":"індійська рупія"},"mg":{"code":"MGA","numeric":969,"native":"Ariary","localized":"малагасійський аріарі"},"mi":{"code":"NZD","numeric":554,"native":"Tāra o Aotearoa","localized":"новозеландський долар"},"mk":{"code":"MKD","numeric":807,"native":"Македонски денар","localized":"македонський денар"},"ml":{"code":"INR","numeric":356,"native":"ഇന്ത്യൻ രൂപ","localized":"індійська рупія"},"mn":{"code":"MNT","numeric":496,"native":"Монгол төгрөг","localized":"монгольський тугрик"},"mni_Mtei":{"code":"INR","numeric":356,"native":"Indian Rupee","localized":"індійська рупія"},"mr":{"code":"INR","numeric":356,"native":"भारतीय रुपया","localized":"індійська рупія"},"ms":{"code":"MYR","numeric":458,"native":"Ringgit Malaysia","localized":"малайзійський рингіт"},"mt":{"code":"EUR","numeric":978,"native":"ewro","localized":"євро"},"my":{"code":"MMK","numeric":104,"native":"မြန်မာ ကျပ်","localized":"кʼят Мʼянми"},"nb":{"code":"NOK","numeric":578,"native":"norske kroner","localized":"норвезька крона"},"ne":{"code":"NPR","numeric":524,"native":"नेपाली रूपैयाँ","localized":"непальська рупія"},"nl":{"code":"EUR","numeric":978,"native":"Euro","localized":"євро"},"nn":{"code":"NOK","numeric":578,"native":"norske kroner","localized":"норвезька крона"},"oc":{"code":"EUR","numeric":978,"native":"EUR","localized":"євро"},"om":{"code":"ETB","numeric":230,"native":"Itoophiyaa Birrii","localized":"ефіопський бир"},"or":{"code":"INR","numeric":356,"native":"ଭାରତୀୟ ଟଙ୍କା","localized":"індійська рупія"},"pa":{"code":"INR","numeric":356,"native":"ਭਾਰਤੀ ਰੁਪਇਆ","localized":"індійська рупія"},"pl":{"code":"PLN","numeric":985,"native":"złoty polski","localized":"польський злотий"},"ps":{"code":"AFN","numeric":971,"native":"افغانۍ","localized":"афганський афгані"},"pt":{"code":"BRL","numeric":986,"native":"Real brasileiro","localized":"бразильський реал"},"pt_BR":{"code":"BRL","numeric":986,"native":"Real brasileiro","localized":"бразильський реал"},"qu":{"code":"PEN","numeric":604,"native":"Sol Peruano","localized":"перуанський новий сол"},"ro":{"code":"RON","numeric":946,"native":"leu românesc","localized":"румунський лей"},"ru":{"code":"RUB","numeric":643,"native":"российский рубль","localized":"російський рубль"},"rw":{"code":"RWF","numeric":646,"native":"RWF","localized":"руандійський франк"},"sa":{"code":"INR","numeric":356,"native":"भारतीय रूप्यकम्","localized":"індійська рупія"},"sc":{"code":"EUR","numeric":978,"native":"èuro","localized":"євро"},"sd":{"code":"PKR","numeric":586,"native":"پاڪستاني رپي","localized":"пакистанська рупія"},"si":{"code":"LKR","numeric":144,"native":"ශ්‍රී ලංකා රුපියල","localized":"шрі-ланкійська рупія"},"sk":{"code":"EUR","numeric":978,"native":"euro","localized":"євро"},"sl":{"code":"EUR","numeric":978,"native":"evro","localized":"євро"},"sn":{"code":"USD","numeric":840,"native":"Dora re Amerika","localized":"долар США"},"so":{"code":"SOS","numeric":706,"native":"Shilingka Soomaaliya","localized":"сомалійський шилінг"},"sq":{"code":"ALL","numeric":8,"native":"Leku shqiptar","localized":"албанський лек"},"sr_Cyrl":{"code":"RSD","numeric":941,"native":"српски динар","localized":"сербський динар"},"sr_Latn":{"code":"RSD","numeric":941,"native":"srpski dinar","localized":"сербський динар"},"sr_Latn_ME":{"code":"EUR","numeric":978,"native":"Evro","localized":"євро"},"su":{"code":"IDR","numeric":360,"native":"Rupee Indonésia","localized":"індонезійська рупія"},"sv":{"code":"SEK","numeric":752,"native":"svensk krona","localized":"шведська крона"},"sw":{"code":"TZS","numeric":834,"native":"Shilingi ya Tanzania","localized":"танзанійський шилінг"},"ta":{"code":"INR","numeric":356,"native":"இந்திய ரூபாய்","localized":"індійська рупія"},"te":{"code":"INR","numeric":356,"native":"భారతదేశ రూపాయి","localized":"індійська рупія"},"tg":{"code":"TJS","numeric":972,"native":"Сомонӣ","localized":"таджицький сомоні"},"th":{"code":"THB","numeric":764,"native":"บาท","localized":"таїландський бат"},"ti":{"code":"ETB","numeric":230,"native":"ብር","localized":"ефіопський бир"},"tk":{"code":"TMT","numeric":934,"native":"Türkmen manady","localized":"туркменський манат"},"tl":{"code":"PHP","numeric":608,"native":"Philippine Peso","localized":"філіппінський песо"},"tr":{"code":"TRY","numeric":949,"native":"Türk Lirası","localized":"турецька ліра"},"tt":{"code":"RUB","numeric":643,"native":"Россия сумы","localized":"російський рубль"},"ug":{"code":"CNY","numeric":156,"native":"جۇڭگو يۈەنى","localized":"китайський юань"},"uk":{"code":"UAH","numeric":980,"native":"українська гривня","localized":"українська гривня"},"ur":{"code":"PKR","numeric":586,"native":"پاکستانی روپیہ","localized":"пакистанська рупія"},"uz_Cyrl":{"code":"UZS","numeric":860,"native":"Ўзбекистон сўм","localized":"узбецький сум"},"uz_Latn":{"code":"UZS","numeric":860,"native":"O‘zbekiston so‘mi","localized":"узбецький сум"},"vi":{"code":"VND","numeric":704,"native":"Đồng Việt Nam","localized":"вʼєтнамський донг"},"xh":{"code":"ZAR","numeric":710,"native":"IRandi yaseMzantsi Afrika","localized":"південноафриканський ранд"},"yi":{"code":"USD","numeric":840,"native":"","localized":""},"yo":{"code":"NGN","numeric":566,"native":"Náírà Nàìjíríà","localized":"нігерійська найра"},"zh_CN":{"code":"CNY","numeric":156,"native":"人民币","localized":"китайський юань"},"zh_HK":{"code":"HKD","numeric":344,"native":"港元","localized":"гонконгський долар"},"zh_TW":{"code":"TWD","numeric":901,"native":"新台币","localized":"новий тайванський долар"},"zu":{"code":"ZAR","numeric":710,"native":"i-South African Rand","localized":"південноафриканський ранд"}}
