{"af":{"code":"ZAR","numeric":710,"native":"Suid-Afrikaanse rand","localized":"جنوبی افریقی رانڈ"},"ak":{"code":"GHS","numeric":936,"native":"Ghana Sidi","localized":"گھانا کا سیڈی"},"am":{"code":"ETB","numeric":230,"native":"የኢትዮጵያ ብር","localized":"ایتھوپیائی بِرّ"},"ar":{"code":"EGP","numeric":818,"native":"جنيه مصري","localized":"مصری پاؤنڈ"},"as":{"code":"INR","numeric":356,"native":"ভাৰতীয় ৰুপী","localized":"بھارتی روپیہ"},"az":{"code":"AZN","numeric":944,"native":"Azərbaycan Manatı","localized":"آذربائجانی منات"},"be":{"code":"BYN","numeric":840,"native":"беларускі рубель","localized":"بیلاروسی روبل"},"bg":{"code":"BGN","numeric":975,"native":"Български лев","localized":"بلغارین لیو"},"bho":{"code":"INR","numeric":356,"native":"INR","localized":"بھارتی روپیہ"},"bm":{"code":"XOF","numeric":952,"native":"sefa Fraŋ (BCEAO)","localized":"مغربی افریقی [CFA] فرانک"},"bn":{"code":"BDT","numeric":50,"native":"বাংলাদেশী টাকা","localized":"بنگلہ دیشی ٹکا"},"bs":{"code":"BAM","numeric":977,"native":"Bosanskohercegovačka konvertibilna marka","localized":"بوسنیا ہرزیگووینا کا قابل منتقلی نشان"},"ca":{"code":"EUR","numeric":978,"native":"euro","localized":"یورو"},"ceb":{"code":"PHP","numeric":608,"native":"Philippine Peso","localized":"فلپائینی پیسہ"},"ckb":{"code":"IQD","numeric":368,"native":"IQD","localized":"عراقی دینار"},"cs":{"code":"CZK","numeric":203,"native":"česká koruna","localized":"چیک کرونا"},"cy":{"code":"GBP","numeric":826,"native":"Punt Prydain","localized":"برطانوی پاؤنڈ"},"da":{"code":"DKK","numeric":208,"native":"dansk krone","localized":"ڈنمارک کرون"},"de":{"code":"EUR","numeric":978,"native":"Euro","localized":"یورو"},"de_CH":{"code":"CHF","numeric":756,"native":"Schweizer Franken","localized":"سوئس فرانکس"},"doi":{"code":"INR","numeric":356,"native":"भारती रपेऽ","localized":"بھارتی روپیہ"},"ee":{"code":"GHS","numeric":936,"native":"ghana siɖi","localized":"گھانا کا سیڈی"},"el":{"code":"EUR","numeric":978,"native":"Ευρώ","localized":"یورو"},"en":{"code":"USD","numeric":840,"native":"US Dollar","localized":"امریکی ڈالر"},"en_CA":{"code":"CAD","numeric":124,"native":"Canadian Dollar","localized":"کنیڈین ڈالر"},"eo":{"code":"USD","numeric":840,"native":"","localized":""},"es":{"code":"EUR","numeric":978,"native":"euro","localized":"یورو"},"et":{"code":"EUR","numeric":978,"native":"euro","localized":"یورو"},"eu":{"code":"EUR","numeric":978,"native":"euroa","localized":"یورو"},"fa":{"code":"IRR","numeric":364,"native":"ریال ایران","localized":"ایرانی ریال"},"fi":{"code":"EUR","numeric":978,"native":"euro","localized":"یورو"},"fil":{"code":"PHP","numeric":608,"native":"Piso ng Pilipinas","localized":"فلپائینی پیسہ"},"fr":{"code":"EUR","numeric":978,"native":"euro","localized":"یورو"},"fy":{"code":"EUR","numeric":978,"native":"Euro","localized":"یورو"},"ga":{"code":"EUR","numeric":978,"native":"Euro","localized":"یورو"},"gd":{"code":"GBP","numeric":826,"native":"Punnd Sasannach","localized":"برطانوی پاؤنڈ"},"gl":{"code":"EUR","numeric":978,"native":"euro","localized":"یورو"},"gu":{"code":"INR","numeric":356,"native":"ભારતીય રૂપિયા","localized":"بھارتی روپیہ"},"ha":{"code":"NGN","numeric":566,"native":"Nairar Najeriya","localized":"نائیجیریائی نائرا"},"haw":{"code":"USD","numeric":840,"native":"USD","localized":"امریکی ڈالر"},"he":{"code":"ILS","numeric":376,"native":"שקל חדש","localized":"اسرائیلی نیا شیکل"},"hi":{"code":"INR","numeric":356,"native":"भारतीय रुपया","localized":"بھارتی روپیہ"},"hr":{"code":"EUR","numeric":978,"native":"euro","localized":"یورو"},"hu":{"code":"HUF","numeric":348,"native":"magyar forint","localized":"ہنگرین فورنٹ"},"hy":{"code":"AMD","numeric":51,"native":"հայկական դրամ","localized":"آرمینیائی ڈرم"},"id":{"code":"IDR","numeric":360,"native":"Rupiah Indonesia","localized":"انڈونیشین روپیہ"},"ig":{"code":"NGN","numeric":566,"native":"Naịra","localized":"نائیجیریائی نائرا"},"is":{"code":"ISK","numeric":352,"native":"íslensk króna","localized":"آئس لينڈی کرونا"},"it":{"code":"EUR","numeric":978,"native":"euro","localized":"یورو"},"ja":{"code":"JPY","numeric":392,"native":"日本円","localized":"جاپانی ین"},"ka":{"code":"GEL","numeric":981,"native":"ქართული ლარი","localized":"جارجیائی لاری"},"kk":{"code":"KZT","numeric":398,"native":"Қазақстан теңгесі","localized":"قزاخستانی ٹینگ"},"km":{"code":"KHR","numeric":116,"native":"រៀល​កម្ពុជា","localized":"کمبوڈیائی ریئل"},"kn":{"code":"INR","numeric":356,"native":"ಭಾರತೀಯ ರೂಪಾಯಿ","localized":"بھارتی روپیہ"},"ko":{"code":"KRW","numeric":410,"native":"대한민국 원","localized":"جنوبی کوریائی وون"},"ku":{"code":"TRY","numeric":949,"native":"TRY","localized":"ترکی لیرا"},"ky":{"code":"KGS","numeric":417,"native":"Кыргызстан сому","localized":"کرغستانی سوم"},"lb":{"code":"EUR","numeric":978,"native":"Euro","localized":"یورو"},"lg":{"code":"UGX","numeric":800,"native":"Silingi eya Yuganda","localized":"یوگانڈا شلنگ"},"ln":{"code":"CDF","numeric":976,"native":"Falánga ya Kongó","localized":"کانگولیز فرانک"},"lo":{"code":"LAK","numeric":418,"native":"ລາວ ກີບ","localized":"لاؤشیائی کِپ"},"lt":{"code":"EUR","numeric":978,"native":"Euras","localized":"یورو"},"lv":{"code":"EUR","numeric":978,"native":"eiro","localized":"یورو"},"mai":{"code":"INR","numeric":356,"native":"भारतीय रुपया","localized":"بھارتی روپیہ"},"mg":{"code":"MGA","numeric":969,"native":"Ariary","localized":"ملاگاسی اریاری"},"mi":{"code":"NZD","numeric":554,"native":"Tāra o Aotearoa","localized":"نیوزی لینڈ ڈالر"},"mk":{"code":"MKD","numeric":807,"native":"Македонски денар","localized":"مقدونیائی دینار"},"ml":{"code":"INR","numeric":356,"native":"ഇന്ത്യൻ രൂപ","localized":"بھارتی روپیہ"},"mn":{"code":"MNT","numeric":496,"native":"Монгол төгрөг","localized":"منگولیائی ٹگرِ"},"mni_Mtei":{"code":"INR","numeric":356,"native":"Indian Rupee","localized":"بھارتی روپیہ"},"mr":{"code":"INR","numeric":356,"native":"भारतीय रुपया","localized":"بھارتی روپیہ"},"ms":{"code":"MYR","numeric":458,"native":"Ringgit Malaysia","localized":"ملیشیائی رنگِٹ"},"mt":{"code":"EUR","numeric":978,"native":"ewro","localized":"یورو"},"my":{"code":"MMK","numeric":104,"native":"မြန်မာ ကျပ်","localized":"میانمار کیاٹ"},"nb":{"code":"NOK","numeric":578,"native":"norske kroner","localized":"ناروے کرون"},"ne":{"code":"NPR","numeric":524,"native":"नेपाली रूपैयाँ","localized":"نیپالی روپیہ"},"nl":{"code":"EUR","numeric":978,"native":"Euro","localized":"یورو"},"nn":{"code":"NOK","numeric":578,"native":"norske kroner","localized":"ناروے کرون"},"oc":{"code":"EUR","numeric":978,"native":"EUR","localized":"یورو"},"om":{"code":"ETB","numeric":230,"native":"Itoophiyaa Birrii","localized":"ایتھوپیائی بِرّ"},"or":{"code":"INR","numeric":356,"native":"ଭାରତୀୟ ଟଙ୍କା","localized":"بھارتی روپیہ"},"pa":{"code":"INR","numeric":356,"native":"ਭਾਰਤੀ ਰੁਪਇਆ","localized":"بھارتی روپیہ"},"pl":{"code":"PLN","numeric":985,"native":"złoty polski","localized":"پولش زلوٹی"},"ps":{"code":"AFN","numeric":971,"native":"افغانۍ","localized":"افغان افغانی"},"pt":{"code":"BRL","numeric":986,"native":"Real brasileiro","localized":"برازیلی ریئل"},"pt_BR":{"code":"BRL","numeric":986,"native":"Real brasileiro","localized":"برازیلی ریئل"},"qu":{"code":"PEN","numeric":604,"native":"Sol Peruano","localized":"پیروویئن سول"},"ro":{"code":"RON","numeric":946,"native":"leu românesc","localized":"رومانیائی لیو"},"ru":{"code":"RUB","numeric":643,"native":"российский рубль","localized":"روسی روبل"},"rw":{"code":"RWF","numeric":646,"native":"RWF","localized":"روانڈا کا فرانک"},"sa":{"code":"INR","numeric":356,"native":"भारतीय रूप्यकम्","localized":"بھارتی روپیہ"},"sc":{"code":"EUR","numeric":978,"native":"èuro","localized":"یورو"},"sd":{"code":"PKR","numeric":586,"native":"پاڪستاني رپي","localized":"پاکستانی روپیہ"},"si":{"code":"LKR","numeric":144,"native":"ශ්‍රී ලංකා රුපියල","localized":"سری لنکائی روپیہ"},"sk":{"code":"EUR","numeric":978,"native":"euro","localized":"یورو"},"sl":{"code":"EUR","numeric":978,"native":"evro","localized":"یورو"},"sn":{"code":"USD","numeric":840,"native":"Dora re Amerika","localized":"امریکی ڈالر"},"so":{"code":"SOS","numeric":706,"native":"Shilingka Soomaaliya","localized":"صومالی شلنگ"},"sq":{"code":"ALL","numeric":8,"native":"Leku shqiptar","localized":"البانیا کا لیک"},"sr_Cyrl":{"code":"RSD","numeric":941,"native":"српски динар","localized":"سربین دینار"},"sr_Latn":{"code":"RSD","numeric":941,"native":"srpski dinar","localized":"سربین دینار"},"sr_Latn_ME":{"code":"EUR","numeric":978,"native":"Evro","localized":"یورو"},"su":{"code":"IDR","numeric":360,"native":"Rupee Indonésia","localized":"انڈونیشین روپیہ"},"sv":{"code":"SEK","numeric":752,"native":"svensk krona","localized":"سویڈن کرونا"},"sw":{"code":"TZS","numeric":834,"native":"Shilingi ya Tanzania","localized":"تنزانیائی شلنگ"},"ta":{"code":"INR","numeric":356,"native":"இந்திய ரூபாய்","localized":"بھارتی روپیہ"},"te":{"code":"INR","numeric":356,"native":"భారతదేశ రూపాయి","localized":"بھارتی روپیہ"},"tg":{"code":"TJS","numeric":972,"native":"Сомонӣ","localized":"تاجکستانی سومونی"},"th":{"code":"THB","numeric":764,"native":"บาท","localized":"تھائی باہت"},"ti":{"code":"ETB","numeric":230,"native":"ብር","localized":"ایتھوپیائی بِرّ"},"tk":{"code":"TMT","numeric":934,"native":"Türkmen manady","localized":"ترکمانستانی منات"},"tl":{"code":"PHP","numeric":608,"native":"Philippine Peso","localized":"فلپائینی پیسہ"},"tr":{"code":"TRY","numeric":949,"native":"Türk Lirası","localized":"ترکی لیرا"},"tt":{"code":"RUB","numeric":643,"native":"Россия сумы","localized":"روسی روبل"},"ug":{"code":"CNY","numeric":156,"native":"جۇڭگو يۈەنى","localized":"چینی یوآن"},"uk":{"code":"UAH","numeric":980,"native":"українська гривня","localized":"یوکرینیائی ہریونیا"},"ur":{"code":"PKR","numeric":586,"native":"پاکستانی روپیہ","localized":"پاکستانی روپیہ"},"uz_Cyrl":{"code":"UZS","numeric":860,"native":"Ўзбекистон сўм","localized":"ازبکستانی سوم"},"uz_Latn":{"code":"UZS","numeric":860,"native":"O‘zbekiston so‘mi","localized":"ازبکستانی سوم"},"vi":{"code":"VND","numeric":704,"native":"Đồng Việt Nam","localized":"ویتنامی ڈانگ"},"xh":{"code":"ZAR","numeric":710,"native":"IRandi yaseMzantsi Afrika","localized":"جنوبی افریقی رانڈ"},"yi":{"code":"USD","numeric":840,"native":"","localized":""},"yo":{"code":"NGN","numeric":566,"native":"Náírà Nàìjíríà","localized":"نائیجیریائی نائرا"},"zh_CN":{"code":"CNY","numeric":156,"native":"人民币","localized":"چینی یوآن"},"zh_HK":{"code":"HKD","numeric":344,"native":"港元","localized":"ھانگ کانگ ڈالر"},"zh_TW":{"code":"TWD","numeric":901,"native":"新台币","localized":"نیو تائیوان ڈالر"},"zu":{"code":"ZAR","numeric":710,"native":"i-South African Rand","localized":"جنوبی افریقی رانڈ"}}
