{"af":{"code":"ZAR","numeric":710,"native":"Suid-Afrikaanse rand","localized":"Janubiy Afrika rendi"},"ak":{"code":"GHS","numeric":936,"native":"Ghana Sidi","localized":"Gana sedisi"},"am":{"code":"ETB","numeric":230,"native":"የኢትዮጵያ ብር","localized":"Efiopiya biri"},"ar":{"code":"EGP","numeric":818,"native":"جنيه مصري","localized":"Misr funti"},"as":{"code":"INR","numeric":356,"native":"ভাৰতীয় ৰুপী","localized":"Hindiston rupiyasi"},"az":{"code":"AZN","numeric":944,"native":"Azərbaycan Manatı","localized":"Ozarbayjon manati"},"be":{"code":"BYN","numeric":840,"native":"беларускі рубель","localized":"Belarus rubli"},"bg":{"code":"BGN","numeric":975,"native":"Български лев","localized":"Bolgariya levi"},"bho":{"code":"INR","numeric":356,"native":"INR","localized":"Hindiston rupiyasi"},"bm":{"code":"XOF","numeric":952,"native":"sefa Fraŋ (BCEAO)","localized":"G‘arbiy Afrika CFA franki"},"bn":{"code":"BDT","numeric":50,"native":"বাংলাদেশী টাকা","localized":"Bangladesh takasi"},"bs":{"code":"BAM","numeric":977,"native":"Bosanskohercegovačka konvertibilna marka","localized":"Bosniya va Gertsegovina ayirboshlash markasi"},"ca":{"code":"EUR","numeric":978,"native":"euro","localized":"Yevro"},"ceb":{"code":"PHP","numeric":608,"native":"Philippine Peso","localized":"Filippin pesosi"},"ckb":{"code":"IQD","numeric":368,"native":"IQD","localized":"Iroq dinori"},"cs":{"code":"CZK","numeric":203,"native":"česká koruna","localized":"Chexiya kronasi"},"cy":{"code":"GBP","numeric":826,"native":"Punt Prydain","localized":"Angliya funt sterlingi"},"da":{"code":"DKK","numeric":208,"native":"dansk krone","localized":"Daniya kronasi"},"de":{"code":"EUR","numeric":978,"native":"Euro","localized":"Yevro"},"de_CH":{"code":"CHF","numeric":756,"native":"Schweizer Franken","localized":"Shveytsariya franki"},"doi":{"code":"INR","numeric":356,"native":"भारती रपेऽ","localized":"Hindiston rupiyasi"},"ee":{"code":"GHS","numeric":936,"native":"ghana siɖi","localized":"Gana sedisi"},"el":{"code":"EUR","numeric":978,"native":"Ευρώ","localized":"Yevro"},"en":{"code":"USD","numeric":840,"native":"US Dollar","localized":"AQSH dollari"},"en_CA":{"code":"CAD","numeric":124,"native":"Canadian Dollar","localized":"Kanada dollari"},"eo":{"code":"USD","numeric":840,"native":"","localized":""},"es":{"code":"EUR","numeric":978,"native":"euro","localized":"Yevro"},"et":{"code":"EUR","numeric":978,"native":"euro","localized":"Yevro"},"eu":{"code":"EUR","numeric":978,"native":"euroa","localized":"Yevro"},"fa":{"code":"IRR","numeric":364,"native":"ریال ایران","localized":"Eron riyoli"},"fi":{"code":"EUR","numeric":978,"native":"euro","localized":"Yevro"},"fil":{"code":"PHP","numeric":608,"native":"Piso ng Pilipinas","localized":"Filippin pesosi"},"fr":{"code":"EUR","numeric":978,"native":"euro","localized":"Yevro"},"fy":{"code":"EUR","numeric":978,"native":"Euro","localized":"Yevro"},"ga":{"code":"EUR","numeric":978,"native":"Euro","localized":"Yevro"},"gd":{"code":"GBP","numeric":826,"native":"Punnd Sasannach","localized":"Angliya funt sterlingi"},"gl":{"code":"EUR","numeric":978,"native":"euro","localized":"Yevro"},"gu":{"code":"INR","numeric":356,"native":"ભારતીય રૂપિયા","localized":"Hindiston rupiyasi"},"ha":{"code":"NGN","numeric":566,"native":"Nairar Najeriya","localized":"Nigeriya nayrasi"},"haw":{"code":"USD","numeric":840,"native":"USD","localized":"AQSH dollari"},"he":{"code":"ILS","numeric":376,"native":"שקל חדש","localized":"Isroil yangi shekeli"},"hi":{"code":"INR","numeric":356,"native":"भारतीय रुपया","localized":"Hindiston rupiyasi"},"hr":{"code":"EUR","numeric":978,"native":"euro","localized":"Yevro"},"hu":{"code":"HUF","numeric":348,"native":"magyar forint","localized":"Vengriya forinti"},"hy":{"code":"AMD","numeric":51,"native":"հայկական դրամ","localized":"Armaniston drami"},"id":{"code":"IDR","numeric":360,"native":"Rupiah Indonesia","localized":"Indoneziya rupiyasi"},"ig":{"code":"NGN","numeric":566,"native":"Naịra","localized":"Nigeriya nayrasi"},"is":{"code":"ISK","numeric":352,"native":"íslensk króna","localized":"Islandiya kronasi"},"it":{"code":"EUR","numeric":978,"native":"euro","localized":"Yevro"},"ja":{"code":"JPY","numeric":392,"native":"日本円","localized":"Yaponiya iyenasi"},"ka":{"code":"GEL","numeric":981,"native":"ქართული ლარი","localized":"Gruziya larisi"},"kk":{"code":"KZT","numeric":398,"native":"Қазақстан теңгесі","localized":"Qozog‘iston tengesi"},"km":{"code":"KHR","numeric":116,"native":"រៀល​កម្ពុជា","localized":"Kambodja rieli"},"kn":{"code":"INR","numeric":356,"native":"ಭಾರತೀಯ ರೂಪಾಯಿ","localized":"Hindiston rupiyasi"},"ko":{"code":"KRW","numeric":410,"native":"대한민국 원","localized":"Janubiy Koreya voni"},"ku":{"code":"TRY","numeric":949,"native":"TRY","localized":"Turk lirasi"},"ky":{"code":"KGS","numeric":417,"native":"Кыргызстан сому","localized":"Qirg‘iziston somi"},"lb":{"code":"EUR","numeric":978,"native":"Euro","localized":"Yevro"},"lg":{"code":"UGX","numeric":800,"native":"Silingi eya Yuganda","localized":"Uganda shillingi"},"ln":{"code":"CDF","numeric":976,"native":"Falánga ya Kongó","localized":"Kongo franki"},"lo":{"code":"LAK","numeric":418,"native":"ລາວ ກີບ","localized":"Laos kipi"},"lt":{"code":"EUR","numeric":978,"native":"Euras","localized":"Yevro"},"lv":{"code":"EUR","numeric":978,"native":"eiro","localized":"Yevro"},"mai":{"code":"INR","numeric":356,"native":"भारतीय रुपया","localized":"Hindiston rupiyasi"},"mg":{"code":"MGA","numeric":969,"native":"Ariary","localized":"Malagasi ariarisi"},"mi":{"code":"NZD","numeric":554,"native":"Tāra o Aotearoa","localized":"Yangi Zelandiya dollari"},"mk":{"code":"MKD","numeric":807,"native":"Македонски денар","localized":"Makedoniya dinori"},"ml":{"code":"INR","numeric":356,"native":"ഇന്ത്യൻ രൂപ","localized":"Hindiston rupiyasi"},"mn":{"code":"MNT","numeric":496,"native":"Монгол төгрөг","localized":"Mongoliya tugriki"},"mni_Mtei":{"code":"INR","numeric":356,"native":"Indian Rupee","localized":"Hindiston rupiyasi"},"mr":{"code":"INR","numeric":356,"native":"भारतीय रुपया","localized":"Hindiston rupiyasi"},"ms":{"code":"MYR","numeric":458,"native":"Ringgit Malaysia","localized":"Malayziya ringgiti"},"mt":{"code":"EUR","numeric":978,"native":"ewro","localized":"Yevro"},"my":{"code":"MMK","numeric":104,"native":"မြန်မာ ကျပ်","localized":"Myanma kyati"},"nb":{"code":"NOK","numeric":578,"native":"norske kroner","localized":"Norvegiya kronasi"},"ne":{"code":"NPR","numeric":524,"native":"नेपाली रूपैयाँ","localized":"Nepal rupiyasi"},"nl":{"code":"EUR","numeric":978,"native":"Euro","localized":"Yevro"},"nn":{"code":"NOK","numeric":578,"native":"norske kroner","localized":"Norvegiya kronasi"},"oc":{"code":"EUR","numeric":978,"native":"EUR","localized":"Yevro"},"om":{"code":"ETB","numeric":230,"native":"Itoophiyaa Birrii","localized":"Efiopiya biri"},"or":{"code":"INR","numeric":356,"native":"ଭାରତୀୟ ଟଙ୍କା","localized":"Hindiston rupiyasi"},"pa":{"code":"INR","numeric":356,"native":"ਭਾਰਤੀ ਰੁਪਇਆ","localized":"Hindiston rupiyasi"},"pl":{"code":"PLN","numeric":985,"native":"złoty polski","localized":"Polsha zlotiyi"},"ps":{"code":"AFN","numeric":971,"native":"افغانۍ","localized":"Afg‘oniston afg‘oniysi"},"pt":{"code":"BRL","numeric":986,"native":"Real brasileiro","localized":"Braziliya reali"},"pt_BR":{"code":"BRL","numeric":986,"native":"Real brasileiro","localized":"Braziliya reali"},"qu":{"code":"PEN","numeric":604,"native":"Sol Peruano","localized":"Peru soli"},"ro":{"code":"RON","numeric":946,"native":"leu românesc","localized":"Ruminiya leyi"},"ru":{"code":"RUB","numeric":643,"native":"российский рубль","localized":"Rossiya rubli"},"rw":{"code":"RWF","numeric":646,"native":"RWF","localized":"Ruanda franki"},"sa":{"code":"INR","numeric":356,"native":"भारतीय रूप्यकम्","localized":"Hindiston rupiyasi"},"sc":{"code":"EUR","numeric":978,"native":"èuro","localized":"Yevro"},"sd":{"code":"PKR","numeric":586,"native":"پاڪستاني رپي","localized":"Pokiston rupiyasi"},"si":{"code":"LKR","numeric":144,"native":"ශ්‍රී ලංකා රුපියල","localized":"Shri-Lanka rupiyasi"},"sk":{"code":"EUR","numeric":978,"native":"euro","localized":"Yevro"},"sl":{"code":"EUR","numeric":978,"native":"evro","localized":"Yevro"},"sn":{"code":"USD","numeric":840,"native":"Dora re Amerika","localized":"AQSH dollari"},"so":{"code":"SOS","numeric":706,"native":"Shilingka Soomaaliya","localized":"Somali shillingi"},"sq":{"code":"ALL","numeric":8,"native":"Leku shqiptar","localized":"Albaniya leki"},"sr_Cyrl":{"code":"RSD","numeric":941,"native":"српски динар","localized":"Serbiya dinori"},"sr_Latn":{"code":"RSD","numeric":941,"native":"srpski dinar","localized":"Serbiya dinori"},"sr_Latn_ME":{"code":"EUR","numeric":978,"native":"Evro","localized":"Yevro"},"su":{"code":"IDR","numeric":360,"native":"Rupee Indonésia","localized":"Indoneziya rupiyasi"},"sv":{"code":"SEK","numeric":752,"native":"svensk krona","localized":"Shvetsiya kronasi"},"sw":{"code":"TZS","numeric":834,"native":"Shilingi ya Tanzania","localized":"Tanzaniya shillingi"},"ta":{"code":"INR","numeric":356,"native":"இந்திய ரூபாய்","localized":"Hindiston rupiyasi"},"te":{"code":"INR","numeric":356,"native":"భారతదేశ రూపాయి","localized":"Hindiston rupiyasi"},"tg":{"code":"TJS","numeric":972,"native":"Сомонӣ","localized":"Tojikiston somoniysi"},"th":{"code":"THB","numeric":764,"native":"บาท","localized":"Tailand bati"},"ti":{"code":"ETB","numeric":230,"native":"ብር","localized":"Efiopiya biri"},"tk":{"code":"TMT","numeric":934,"native":"Türkmen manady","localized":"Turkmaniston manati"},"tl":{"code":"PHP","numeric":608,"native":"Philippine Peso","localized":"Filippin pesosi"},"tr":{"code":"TRY","numeric":949,"native":"Türk Lirası","localized":"Turk lirasi"},"tt":{"code":"RUB","numeric":643,"native":"Россия сумы","localized":"Rossiya rubli"},"ug":{"code":"CNY","numeric":156,"native":"جۇڭگو يۈەنى","localized":"Xitoy yuani"},"uk":{"code":"UAH","numeric":980,"native":"українська гривня","localized":"Ukraina grivnasi"},"ur":{"code":"PKR","numeric":586,"native":"پاکستانی روپیہ","localized":"Pokiston rupiyasi"},"uz_Cyrl":{"code":"UZS","numeric":860,"native":"Ўзбекистон сўм","localized":"O‘zbekiston so‘mi"},"uz_Latn":{"code":"UZS","numeric":860,"native":"O‘zbekiston so‘mi","localized":"O‘zbekiston so‘mi"},"vi":{"code":"VND","numeric":704,"native":"Đồng Việt Nam","localized":"Vyetnam dongi"},"xh":{"code":"ZAR","numeric":710,"native":"IRandi yaseMzantsi Afrika","localized":"Janubiy Afrika rendi"},"yi":{"code":"USD","numeric":840,"native":"","localized":""},"yo":{"code":"NGN","numeric":566,"native":"Náírà Nàìjíríà","localized":"Nigeriya nayrasi"},"zh_CN":{"code":"CNY","numeric":156,"native":"人民币","localized":"Xitoy yuani"},"zh_HK":{"code":"HKD","numeric":344,"native":"港元","localized":"Gonkong dollari"},"zh_TW":{"code":"TWD","numeric":901,"native":"新台币","localized":"Yangi Tayvan dollari"},"zu":{"code":"ZAR","numeric":710,"native":"i-South African Rand","localized":"Janubiy Afrika rendi"}}
