{"af":{"code":"ZAR","numeric":710,"native":"Suid-Afrikaanse rand","localized":"IRandi yaseMzantsi Afrika"},"ak":{"code":"GHS","numeric":936,"native":"Ghana Sidi","localized":"I-Cedi yaseGhana"},"am":{"code":"ETB","numeric":230,"native":"የኢትዮጵያ ብር","localized":"I-Birr yase-Ethopia"},"ar":{"code":"EGP","numeric":818,"native":"جنيه مصري","localized":"IPonti yase-Egypt"},"as":{"code":"INR","numeric":356,"native":"ভাৰতীয় ৰুপী","localized":"I-Rupee yase-Indiya"},"az":{"code":"AZN","numeric":944,"native":"Azərbaycan Manatı","localized":"I-Manat yase-Azerbeijan"},"be":{"code":"BYN","numeric":840,"native":"беларускі рубель","localized":"I-Ruble yaseBelarus"},"bg":{"code":"BGN","numeric":975,"native":"Български лев","localized":"I-Lev yaseBulgaria"},"bho":{"code":"INR","numeric":356,"native":"INR","localized":"I-Rupee yase-Indiya"},"bm":{"code":"XOF","numeric":952,"native":"sefa Fraŋ (BCEAO)","localized":"West African CFA Franc"},"bn":{"code":"BDT","numeric":50,"native":"বাংলাদেশী টাকা","localized":"I-Taka yaseBangladesh"},"bs":{"code":"BAM","numeric":977,"native":"Bosanskohercegovačka konvertibilna marka","localized":"I-Convertible Mark yaseBosnia-Herzegovina"},"ca":{"code":"EUR","numeric":978,"native":"euro","localized":"I-Euro"},"ceb":{"code":"PHP","numeric":608,"native":"Philippine Peso","localized":"I-Peso yasePhilippines"},"ckb":{"code":"IQD","numeric":368,"native":"IQD","localized":"I-Dinar yase-Iraq"},"cs":{"code":"CZK","numeric":203,"native":"česká koruna","localized":"I-Koruna yaseCzech"},"cy":{"code":"GBP","numeric":826,"native":"Punt Prydain","localized":"IPonti yaseBritane"},"da":{"code":"DKK","numeric":208,"native":"dansk krone","localized":"I-Krone yaseDenmark"},"de":{"code":"EUR","numeric":978,"native":"Euro","localized":"I-Euro"},"de_CH":{"code":"CHF","numeric":756,"native":"Schweizer Franken","localized":"I-Franc yaseSwitzerland"},"doi":{"code":"INR","numeric":356,"native":"भारती रपेऽ","localized":"I-Rupee yase-Indiya"},"ee":{"code":"GHS","numeric":936,"native":"ghana siɖi","localized":"I-Cedi yaseGhana"},"el":{"code":"EUR","numeric":978,"native":"Ευρώ","localized":"I-Euro"},"en":{"code":"USD","numeric":840,"native":"US Dollar","localized":"US Dollar"},"en_CA":{"code":"CAD","numeric":124,"native":"Canadian Dollar","localized":"Canadian Dollar"},"eo":{"code":"USD","numeric":840,"native":"","localized":""},"es":{"code":"EUR","numeric":978,"native":"euro","localized":"I-Euro"},"et":{"code":"EUR","numeric":978,"native":"euro","localized":"I-Euro"},"eu":{"code":"EUR","numeric":978,"native":"euroa","localized":"I-Euro"},"fa":{"code":"IRR","numeric":364,"native":"ریال ایران","localized":"I-Rial yase-Iran"},"fi":{"code":"EUR","numeric":978,"native":"euro","localized":"I-Euro"},"fil":{"code":"PHP","numeric":608,"native":"Piso ng Pilipinas","localized":"I-Peso yasePhilippines"},"fr":{"code":"EUR","numeric":978,"native":"euro","localized":"I-Euro"},"fy":{"code":"EUR","numeric":978,"native":"Euro","localized":"I-Euro"},"ga":{"code":"EUR","numeric":978,"native":"Euro","localized":"I-Euro"},"gd":{"code":"GBP","numeric":826,"native":"Punnd Sasannach","localized":"IPonti yaseBritane"},"gl":{"code":"EUR","numeric":978,"native":"euro","localized":"I-Euro"},"gu":{"code":"INR","numeric":356,"native":"ભારતીય રૂપિયા","localized":"I-Rupee yase-Indiya"},"ha":{"code":"NGN","numeric":566,"native":"Nairar Najeriya","localized":"I-Naira yaseNigeria"},"haw":{"code":"USD","numeric":840,"native":"USD","localized":"US Dollar"},"he":{"code":"ILS","numeric":376,"native":"שקל חדש","localized":"I-New Shekel yase-Israel"},"hi":{"code":"INR","numeric":356,"native":"भारतीय रुपया","localized":"I-Rupee yase-Indiya"},"hr":{"code":"EUR","numeric":978,"native":"euro","localized":"I-Euro"},"hu":{"code":"HUF","numeric":348,"native":"magyar forint","localized":"I-Forint yaseHungay"},"hy":{"code":"AMD","numeric":51,"native":"հայկական դրամ","localized":"I-Dram yase Armenia"},"id":{"code":"IDR","numeric":360,"native":"Rupiah Indonesia","localized":"I-Rupiah yase-Indonesia"},"ig":{"code":"NGN","numeric":566,"native":"Naịra","localized":"I-Naira yaseNigeria"},"is":{"code":"ISK","numeric":352,"native":"íslensk króna","localized":"I-Króna yase-Iceland"},"it":{"code":"EUR","numeric":978,"native":"euro","localized":"I-Euro"},"ja":{"code":"JPY","numeric":392,"native":"日本円","localized":"I-Yen yaseJapan"},"ka":{"code":"GEL","numeric":981,"native":"ქართული ლარი","localized":"I-Lari yaseGeorgia"},"kk":{"code":"KZT","numeric":398,"native":"Қазақстан теңгесі","localized":"I-Tenge yaseKhazakhstan"},"km":{"code":"KHR","numeric":116,"native":"រៀល​កម្ពុជា","localized":"I-Riel yaseCambodia"},"kn":{"code":"INR","numeric":356,"native":"ಭಾರತೀಯ ರೂಪಾಯಿ","localized":"I-Rupee yase-Indiya"},"ko":{"code":"KRW","numeric":410,"native":"대한민국 원","localized":"I-Won yaseSouth Korea"},"ku":{"code":"TRY","numeric":949,"native":"TRY","localized":"I-Lira yaseTurkey"},"ky":{"code":"KGS","numeric":417,"native":"Кыргызстан сому","localized":"I-Som yaseKyrgystan"},"lb":{"code":"EUR","numeric":978,"native":"Euro","localized":"I-Euro"},"lg":{"code":"UGX","numeric":800,"native":"Silingi eya Yuganda","localized":"I-Shilling yase-Uganda"},"ln":{"code":"CDF","numeric":976,"native":"Falánga ya Kongó","localized":"I-Franc yaseCongo"},"lo":{"code":"LAK","numeric":418,"native":"ລາວ ກີບ","localized":"I-Kip yaseLaos"},"lt":{"code":"EUR","numeric":978,"native":"Euras","localized":"I-Euro"},"lv":{"code":"EUR","numeric":978,"native":"eiro","localized":"I-Euro"},"mai":{"code":"INR","numeric":356,"native":"भारतीय रुपया","localized":"I-Rupee yase-Indiya"},"mg":{"code":"MGA","numeric":969,"native":"Ariary","localized":"I-Ariary yaseMadagascar"},"mi":{"code":"NZD","numeric":554,"native":"Tāra o Aotearoa","localized":"IDola yaseNew Zealand"},"mk":{"code":"MKD","numeric":807,"native":"Македонски денар","localized":"Macedonian Denar"},"ml":{"code":"INR","numeric":356,"native":"ഇന്ത്യൻ രൂപ","localized":"I-Rupee yase-Indiya"},"mn":{"code":"MNT","numeric":496,"native":"Монгол төгрөг","localized":"I-Tugrik yaseMongolia"},"mni_Mtei":{"code":"INR","numeric":356,"native":"Indian Rupee","localized":"I-Rupee yase-Indiya"},"mr":{"code":"INR","numeric":356,"native":"भारतीय रुपया","localized":"I-Rupee yase-Indiya"},"ms":{"code":"MYR","numeric":458,"native":"Ringgit Malaysia","localized":"I-Ringgit yaseMalysia"},"mt":{"code":"EUR","numeric":978,"native":"ewro","localized":"I-Euro"},"my":{"code":"MMK","numeric":104,"native":"မြန်မာ ကျပ်","localized":"I-Kyat yaseMyanmar"},"nb":{"code":"NOK","numeric":578,"native":"norske kroner","localized":"I-Krone yaseNorway"},"ne":{"code":"NPR","numeric":524,"native":"नेपाली रूपैयाँ","localized":"I-Rupee yaseNepal"},"nl":{"code":"EUR","numeric":978,"native":"Euro","localized":"I-Euro"},"nn":{"code":"NOK","numeric":578,"native":"norske kroner","localized":"I-Krone yaseNorway"},"oc":{"code":"EUR","numeric":978,"native":"EUR","localized":"I-Euro"},"om":{"code":"ETB","numeric":230,"native":"Itoophiyaa Birrii","localized":"I-Birr yase-Ethopia"},"or":{"code":"INR","numeric":356,"native":"ଭାରତୀୟ ଟଙ୍କା","localized":"I-Rupee yase-Indiya"},"pa":{"code":"INR","numeric":356,"native":"ਭਾਰਤੀ ਰੁਪਇਆ","localized":"I-Rupee yase-Indiya"},"pl":{"code":"PLN","numeric":985,"native":"złoty polski","localized":"Polish Zloty"},"ps":{"code":"AFN","numeric":971,"native":"افغانۍ","localized":"I-Afghani yase-Afghanistan"},"pt":{"code":"BRL","numeric":986,"native":"Real brasileiro","localized":"I-Real yaseBrazil"},"pt_BR":{"code":"BRL","numeric":986,"native":"Real brasileiro","localized":"I-Real yaseBrazil"},"qu":{"code":"PEN","numeric":604,"native":"Sol Peruano","localized":"I-Sol yasePeruvia"},"ro":{"code":"RON","numeric":946,"native":"leu românesc","localized":"I-Leu yaseRomania"},"ru":{"code":"RUB","numeric":643,"native":"российский рубль","localized":"I-Ruble yaseRashiya"},"rw":{"code":"RWF","numeric":646,"native":"RWF","localized":"I-Franc yaseRwanda"},"sa":{"code":"INR","numeric":356,"native":"भारतीय रूप्यकम्","localized":"I-Rupee yase-Indiya"},"sc":{"code":"EUR","numeric":978,"native":"èuro","localized":"I-Euro"},"sd":{"code":"PKR","numeric":586,"native":"پاڪستاني رپي","localized":"I-Rupee yasePakistan"},"si":{"code":"LKR","numeric":144,"native":"ශ්‍රී ලංකා රුපියල","localized":"I-Rupee yaseSri Lanka"},"sk":{"code":"EUR","numeric":978,"native":"euro","localized":"I-Euro"},"sl":{"code":"EUR","numeric":978,"native":"evro","localized":"I-Euro"},"sn":{"code":"USD","numeric":840,"native":"Dora re Amerika","localized":"US Dollar"},"so":{"code":"SOS","numeric":706,"native":"Shilingka Soomaaliya","localized":"I-Shilling yaseSomalia"},"sq":{"code":"ALL","numeric":8,"native":"Leku shqiptar","localized":"I-Lek yase-Albania"},"sr_Cyrl":{"code":"RSD","numeric":941,"native":"српски динар","localized":"I-Dinar yaseSerbia"},"sr_Latn":{"code":"RSD","numeric":941,"native":"srpski dinar","localized":"I-Dinar yaseSerbia"},"sr_Latn_ME":{"code":"EUR","numeric":978,"native":"Evro","localized":"I-Euro"},"su":{"code":"IDR","numeric":360,"native":"Rupee Indonésia","localized":"I-Rupiah yase-Indonesia"},"sv":{"code":"SEK","numeric":752,"native":"svensk krona","localized":"I-Krona yaseSweden"},"sw":{"code":"TZS","numeric":834,"native":"Shilingi ya Tanzania","localized":"I-Shilling yaseTanzania"},"ta":{"code":"INR","numeric":356,"native":"இந்திய ரூபாய்","localized":"I-Rupee yase-Indiya"},"te":{"code":"INR","numeric":356,"native":"భారతదేశ రూపాయి","localized":"I-Rupee yase-Indiya"},"tg":{"code":"TJS","numeric":972,"native":"Сомонӣ","localized":"I-Somoni yaseTajikistan"},"th":{"code":"THB","numeric":764,"native":"บาท","localized":"I-Baht yaseThailand"},"ti":{"code":"ETB","numeric":230,"native":"ብር","localized":"I-Birr yase-Ethopia"},"tk":{"code":"TMT","numeric":934,"native":"Türkmen manady","localized":"I-Manat yaseTurkmenistan"},"tl":{"code":"PHP","numeric":608,"native":"Philippine Peso","localized":"I-Peso yasePhilippines"},"tr":{"code":"TRY","numeric":949,"native":"Türk Lirası","localized":"I-Lira yaseTurkey"},"tt":{"code":"RUB","numeric":643,"native":"Россия сумы","localized":"I-Ruble yaseRashiya"},"ug":{"code":"CNY","numeric":156,"native":"جۇڭگو يۈەنى","localized":"I-Yuan yaseTshayina"},"uk":{"code":"UAH","numeric":980,"native":"українська гривня","localized":"I-Hryvnia yase-Ukraine"},"ur":{"code":"PKR","numeric":586,"native":"پاکستانی روپیہ","localized":"I-Rupee yasePakistan"},"uz_Cyrl":{"code":"UZS","numeric":860,"native":"Ўзбекистон сўм","localized":"I-Som yase-Uzbekistan"},"uz_Latn":{"code":"UZS","numeric":860,"native":"O‘zbekiston so‘mi","localized":"I-Som yase-Uzbekistan"},"vi":{"code":"VND","numeric":704,"native":"Đồng Việt Nam","localized":"I-Dong yaseVietnam"},"xh":{"code":"ZAR","numeric":710,"native":"IRandi yaseMzantsi Afrika","localized":"IRandi yaseMzantsi Afrika"},"yi":{"code":"USD","numeric":840,"native":"","localized":""},"yo":{"code":"NGN","numeric":566,"native":"Náírà Nàìjíríà","localized":"I-Naira yaseNigeria"},"zh_CN":{"code":"CNY","numeric":156,"native":"人民币","localized":"I-Yuan yaseTshayina"},"zh_HK":{"code":"HKD","numeric":344,"native":"港元","localized":"IDola yaseHong Kong"},"zh_TW":{"code":"TWD","numeric":901,"native":"新台币","localized":"IDola yaseNew Taiwan"},"zu":{"code":"ZAR","numeric":710,"native":"i-South African Rand","localized":"IRandi yaseMzantsi Afrika"}}
