{"af":{"code":"ZAR","numeric":710,"native":"Suid-Afrikaanse rand","localized":"Rándì Gúúsù Afíríkà"},"ak":{"code":"GHS","numeric":936,"native":"Ghana Sidi","localized":"sídì Gana"},"am":{"code":"ETB","numeric":230,"native":"የኢትዮጵያ ብር","localized":"Báà Etópíà"},"ar":{"code":"EGP","numeric":818,"native":"جنيه مصري","localized":"pọọn ti Orílẹ́ède Egipiti"},"as":{"code":"INR","numeric":356,"native":"ভাৰতীয় ৰুপী","localized":"Rupi ti Orílẹ́ède Indina"},"az":{"code":"AZN","numeric":944,"native":"Azərbaycan Manatı","localized":"Mánààtì Àsàbáíjáì"},"be":{"code":"BYN","numeric":840,"native":"беларускі рубель","localized":"Rọ́bù Bẹ̀lárùùsì"},"bg":{"code":"BGN","numeric":975,"native":"Български лев","localized":"Owó Lẹ́fì Bọ̀lìgéríà"},"bho":{"code":"INR","numeric":356,"native":"INR","localized":"Rupi ti Orílẹ́ède Indina"},"bm":{"code":"XOF","numeric":952,"native":"sefa Fraŋ (BCEAO)","localized":"Faransì ìwọ̀-oorùn Afíríkà"},"bn":{"code":"BDT","numeric":50,"native":"বাংলাদেশী টাকা","localized":"Tákà Báńgíládẹ̀ẹ̀ṣì"},"bs":{"code":"BAM","numeric":977,"native":"Bosanskohercegovačka konvertibilna marka","localized":"Àmi Yíyípadà Bosnia-Herzegovina"},"ca":{"code":"EUR","numeric":978,"native":"euro","localized":"owó Yúrò"},"ceb":{"code":"PHP","numeric":608,"native":"Philippine Peso","localized":"Písò Fílípìnì"},"ckb":{"code":"IQD","numeric":368,"native":"IQD","localized":"Dínárì Ìráákì"},"cs":{"code":"CZK","numeric":203,"native":"česká koruna","localized":"Koruna Ṣẹ́ẹ̀kì"},"cy":{"code":"GBP","numeric":826,"native":"Punt Prydain","localized":"Pọ́n-ùn ti Orilẹ̀-èdè Gẹ̀ẹ́sì"},"da":{"code":"DKK","numeric":208,"native":"dansk krone","localized":"Kírónì Dáníṣì"},"de":{"code":"EUR","numeric":978,"native":"Euro","localized":"owó Yúrò"},"de_CH":{"code":"CHF","numeric":756,"native":"Schweizer Franken","localized":"Faransí Síwíìsì"},"doi":{"code":"INR","numeric":356,"native":"भारती रपेऽ","localized":"Rupi ti Orílẹ́ède Indina"},"ee":{"code":"GHS","numeric":936,"native":"ghana siɖi","localized":"sídì Gana"},"el":{"code":"EUR","numeric":978,"native":"Ευρώ","localized":"owó Yúrò"},"en":{"code":"USD","numeric":840,"native":"US Dollar","localized":"Dọ́là"},"en_CA":{"code":"CAD","numeric":124,"native":"Canadian Dollar","localized":"Dọ́là Kánádà"},"eo":{"code":"USD","numeric":840,"native":"","localized":""},"es":{"code":"EUR","numeric":978,"native":"euro","localized":"owó Yúrò"},"et":{"code":"EUR","numeric":978,"native":"euro","localized":"owó Yúrò"},"eu":{"code":"EUR","numeric":978,"native":"euroa","localized":"owó Yúrò"},"fa":{"code":"IRR","numeric":364,"native":"ریال ایران","localized":"Rial Iranian"},"fi":{"code":"EUR","numeric":978,"native":"euro","localized":"owó Yúrò"},"fil":{"code":"PHP","numeric":608,"native":"Piso ng Pilipinas","localized":"Písò Fílípìnì"},"fr":{"code":"EUR","numeric":978,"native":"euro","localized":"owó Yúrò"},"fy":{"code":"EUR","numeric":978,"native":"Euro","localized":"owó Yúrò"},"ga":{"code":"EUR","numeric":978,"native":"Euro","localized":"owó Yúrò"},"gd":{"code":"GBP","numeric":826,"native":"Punnd Sasannach","localized":"Pọ́n-ùn ti Orilẹ̀-èdè Gẹ̀ẹ́sì"},"gl":{"code":"EUR","numeric":978,"native":"euro","localized":"owó Yúrò"},"gu":{"code":"INR","numeric":356,"native":"ભારતીય રૂપિયા","localized":"Rupi ti Orílẹ́ède Indina"},"ha":{"code":"NGN","numeric":566,"native":"Nairar Najeriya","localized":"Náírà Nàìjíríà"},"haw":{"code":"USD","numeric":840,"native":"USD","localized":"Dọ́là"},"he":{"code":"ILS","numeric":376,"native":"שקל חדש","localized":"Ṣékélì Tuntun Ísírẹ̀ẹ̀lì"},"hi":{"code":"INR","numeric":356,"native":"भारतीय रुपया","localized":"Rupi ti Orílẹ́ède Indina"},"hr":{"code":"EUR","numeric":978,"native":"euro","localized":"owó Yúrò"},"hu":{"code":"HUF","numeric":348,"native":"magyar forint","localized":"Fọ́ríǹtì Họ̀ngérí"},"hy":{"code":"AMD","numeric":51,"native":"հայկական դրամ","localized":"Dírààmù Àmẹ́níà"},"id":{"code":"IDR","numeric":360,"native":"Rupiah Indonesia","localized":"Rúpìyá Indonésíà"},"ig":{"code":"NGN","numeric":566,"native":"Naịra","localized":"Náírà Nàìjíríà"},"is":{"code":"ISK","numeric":352,"native":"íslensk króna","localized":"Kòrónà Icelandic"},"it":{"code":"EUR","numeric":978,"native":"euro","localized":"owó Yúrò"},"ja":{"code":"JPY","numeric":392,"native":"日本円","localized":"Yeni ti Orílẹ́ède Japani"},"ka":{"code":"GEL","numeric":981,"native":"ქართული ლარი","localized":"Lárì Jọ́jíà"},"kk":{"code":"KZT","numeric":398,"native":"Қазақстан теңгесі","localized":"Tẹngé Kasakísítàànì"},"km":{"code":"KHR","numeric":116,"native":"រៀល​កម្ពុជា","localized":"Ráyò Kàm̀bọ́díà"},"kn":{"code":"INR","numeric":356,"native":"ಭಾರತೀಯ ರೂಪಾಯಿ","localized":"Rupi ti Orílẹ́ède Indina"},"ko":{"code":"KRW","numeric":410,"native":"대한민국 원","localized":"Wọ́ọ̀nù Gúúsù Kòríà"},"ku":{"code":"TRY","numeric":949,"native":"TRY","localized":"Lírà Tọ́kì"},"ky":{"code":"KGS","numeric":417,"native":"Кыргызстан сому","localized":"Sómú Kirijísítàànì"},"lb":{"code":"EUR","numeric":978,"native":"Euro","localized":"owó Yúrò"},"lg":{"code":"UGX","numeric":800,"native":"Silingi eya Yuganda","localized":"Ṣile Uganda"},"ln":{"code":"CDF","numeric":976,"native":"Falánga ya Kongó","localized":"Firanki Kongo"},"lo":{"code":"LAK","numeric":418,"native":"ລາວ ກີບ","localized":"Kíììpù Làótì"},"lt":{"code":"EUR","numeric":978,"native":"Euras","localized":"owó Yúrò"},"lv":{"code":"EUR","numeric":978,"native":"eiro","localized":"owó Yúrò"},"mai":{"code":"INR","numeric":356,"native":"भारतीय रुपया","localized":"Rupi ti Orílẹ́ède Indina"},"mg":{"code":"MGA","numeric":969,"native":"Ariary","localized":"Faransi Malagasi"},"mi":{"code":"NZD","numeric":554,"native":"Tāra o Aotearoa","localized":"Dọ́là New Zealand"},"mk":{"code":"MKD","numeric":807,"native":"Македонски денар","localized":"Dẹ́nà Masidóníà"},"ml":{"code":"INR","numeric":356,"native":"ഇന്ത്യൻ രൂപ","localized":"Rupi ti Orílẹ́ède Indina"},"mn":{"code":"MNT","numeric":496,"native":"Монгол төгрөг","localized":"Túgúrììkì Mòǹgólíà"},"mni_Mtei":{"code":"INR","numeric":356,"native":"Indian Rupee","localized":"Rupi ti Orílẹ́ède Indina"},"mr":{"code":"INR","numeric":356,"native":"भारतीय रुपया","localized":"Rupi ti Orílẹ́ède Indina"},"ms":{"code":"MYR","numeric":458,"native":"Ringgit Malaysia","localized":"Ríngìtì Màléṣíà"},"mt":{"code":"EUR","numeric":978,"native":"ewro","localized":"owó Yúrò"},"my":{"code":"MMK","numeric":104,"native":"မြန်မာ ကျပ်","localized":"Kíyàtì Myanmar"},"nb":{"code":"NOK","numeric":578,"native":"norske kroner","localized":"kórónì Nọ́wè"},"ne":{"code":"NPR","numeric":524,"native":"नेपाली रूपैयाँ","localized":"Rúpìì Nẹ̵́pààlì"},"nl":{"code":"EUR","numeric":978,"native":"Euro","localized":"owó Yúrò"},"nn":{"code":"NOK","numeric":578,"native":"norske kroner","localized":"kórónì Nọ́wè"},"oc":{"code":"EUR","numeric":978,"native":"EUR","localized":"owó Yúrò"},"om":{"code":"ETB","numeric":230,"native":"Itoophiyaa Birrii","localized":"Báà Etópíà"},"or":{"code":"INR","numeric":356,"native":"ଭାରତୀୟ ଟଙ୍କା","localized":"Rupi ti Orílẹ́ède Indina"},"pa":{"code":"INR","numeric":356,"native":"ਭਾਰਤੀ ਰੁਪਇਆ","localized":"Rupi ti Orílẹ́ède Indina"},"pl":{"code":"PLN","numeric":985,"native":"złoty polski","localized":"Sílọ̀tì Pọ́líṣì"},"ps":{"code":"AFN","numeric":971,"native":"افغانۍ","localized":"Afugánì Afuganísítàànì"},"pt":{"code":"BRL","numeric":986,"native":"Real brasileiro","localized":"Owó ti Orílẹ̀-èdè Brazil"},"pt_BR":{"code":"BRL","numeric":986,"native":"Real brasileiro","localized":"Owó ti Orílẹ̀-èdè Brazil"},"qu":{"code":"PEN","numeric":604,"native":"Sol Peruano","localized":"Sólì Pèrúù"},"ro":{"code":"RON","numeric":946,"native":"leu românesc","localized":"Léhù Ròméníà"},"ru":{"code":"RUB","numeric":643,"native":"российский рубль","localized":"Owó ruble ti ilẹ̀ Rọ́ṣíà"},"rw":{"code":"RWF","numeric":646,"native":"RWF","localized":"Faransi Ruwanda"},"sa":{"code":"INR","numeric":356,"native":"भारतीय रूप्यकम्","localized":"Rupi ti Orílẹ́ède Indina"},"sc":{"code":"EUR","numeric":978,"native":"èuro","localized":"owó Yúrò"},"sd":{"code":"PKR","numeric":586,"native":"پاڪستاني رپي","localized":"Rúpìì Pakisitánì"},"si":{"code":"LKR","numeric":144,"native":"ශ්‍රී ලංකා රුපියල","localized":"Rúpìì Siri Láńkà"},"sk":{"code":"EUR","numeric":978,"native":"euro","localized":"owó Yúrò"},"sl":{"code":"EUR","numeric":978,"native":"evro","localized":"owó Yúrò"},"sn":{"code":"USD","numeric":840,"native":"Dora re Amerika","localized":"Dọ́là"},"so":{"code":"SOS","numeric":706,"native":"Shilingka Soomaaliya","localized":"Ṣílè Somali"},"sq":{"code":"ALL","numeric":8,"native":"Leku shqiptar","localized":"Lẹ́ẹ̀kì Àlìbáníà"},"sr_Cyrl":{"code":"RSD","numeric":941,"native":"српски динар","localized":"Dínárì Sàbíà"},"sr_Latn":{"code":"RSD","numeric":941,"native":"srpski dinar","localized":"Dínárì Sàbíà"},"sr_Latn_ME":{"code":"EUR","numeric":978,"native":"Evro","localized":"owó Yúrò"},"su":{"code":"IDR","numeric":360,"native":"Rupee Indonésia","localized":"Rúpìyá Indonésíà"},"sv":{"code":"SEK","numeric":752,"native":"svensk krona","localized":"Kòrónà Súwídìn"},"sw":{"code":"TZS","numeric":834,"native":"Shilingi ya Tanzania","localized":"Sile Tansania"},"ta":{"code":"INR","numeric":356,"native":"இந்திய ரூபாய்","localized":"Rupi ti Orílẹ́ède Indina"},"te":{"code":"INR","numeric":356,"native":"భారతదేశ రూపాయి","localized":"Rupi ti Orílẹ́ède Indina"},"tg":{"code":"TJS","numeric":972,"native":"Сомонӣ","localized":"Sómónì Tajikístàànì"},"th":{"code":"THB","numeric":764,"native":"บาท","localized":"Báàtì Tháì"},"ti":{"code":"ETB","numeric":230,"native":"ብር","localized":"Báà Etópíà"},"tk":{"code":"TMT","numeric":934,"native":"Türkmen manady","localized":"Mánààtì Tọkimẹnístàànì"},"tl":{"code":"PHP","numeric":608,"native":"Philippine Peso","localized":"Písò Fílípìnì"},"tr":{"code":"TRY","numeric":949,"native":"Türk Lirası","localized":"Lírà Tọ́kì"},"tt":{"code":"RUB","numeric":643,"native":"Россия сумы","localized":"Owó ruble ti ilẹ̀ Rọ́ṣíà"},"ug":{"code":"CNY","numeric":156,"native":"جۇڭگو يۈەنى","localized":"Reminibi ti Orílẹ́ède ṣáínà"},"uk":{"code":"UAH","numeric":980,"native":"українська гривня","localized":"Ọrifiníyà Yukiréníà"},"ur":{"code":"PKR","numeric":586,"native":"پاکستانی روپیہ","localized":"Rúpìì Pakisitánì"},"uz_Cyrl":{"code":"UZS","numeric":860,"native":"Ўзбекистон сўм","localized":"Sómú Usibẹkísítàànì"},"uz_Latn":{"code":"UZS","numeric":860,"native":"O‘zbekiston so‘mi","localized":"Sómú Usibẹkísítàànì"},"vi":{"code":"VND","numeric":704,"native":"Đồng Việt Nam","localized":"Dáhùn Vietnamese"},"xh":{"code":"ZAR","numeric":710,"native":"IRandi yaseMzantsi Afrika","localized":"Rándì Gúúsù Afíríkà"},"yi":{"code":"USD","numeric":840,"native":"","localized":""},"yo":{"code":"NGN","numeric":566,"native":"Náírà Nàìjíríà","localized":"Náírà Nàìjíríà"},"zh_CN":{"code":"CNY","numeric":156,"native":"人民币","localized":"Reminibi ti Orílẹ́ède ṣáínà"},"zh_HK":{"code":"HKD","numeric":344,"native":"港元","localized":"Dọ́là Hong Kong"},"zh_TW":{"code":"TWD","numeric":901,"native":"新台币","localized":"Dọ́là Tàìwánì Tuntun"},"zu":{"code":"ZAR","numeric":710,"native":"i-South African Rand","localized":"Rándì Gúúsù Afíríkà"}}
