{"af":{"code":"ZAR","numeric":710,"native":"Suid-Afrikaanse rand","localized":"i-South African Rand"},"ak":{"code":"GHS","numeric":936,"native":"Ghana Sidi","localized":"i-Ghanaian Cedi"},"am":{"code":"ETB","numeric":230,"native":"የኢትዮጵያ ብር","localized":"i-Ethopian Birr"},"ar":{"code":"EGP","numeric":818,"native":"جنيه مصري","localized":"i-Egyptian Pound"},"as":{"code":"INR","numeric":356,"native":"ভাৰতীয় ৰুপী","localized":"i-Indian Rupee"},"az":{"code":"AZN","numeric":944,"native":"Azərbaycan Manatı","localized":"i-Azerbaijani Manat"},"be":{"code":"BYN","numeric":840,"native":"беларускі рубель","localized":"i-Belarusian Ruble"},"bg":{"code":"BGN","numeric":975,"native":"Български лев","localized":"i-Bulgarian Lev"},"bho":{"code":"INR","numeric":356,"native":"INR","localized":"i-Indian Rupee"},"bm":{"code":"XOF","numeric":952,"native":"sefa Fraŋ (BCEAO)","localized":"i-West African CFA Franc"},"bn":{"code":"BDT","numeric":50,"native":"বাংলাদেশী টাকা","localized":"i-Bangladeshi Taka"},"bs":{"code":"BAM","numeric":977,"native":"Bosanskohercegovačka konvertibilna marka","localized":"i-Bosnia-Herzegovina Convertible Mark"},"ca":{"code":"EUR","numeric":978,"native":"euro","localized":"i-Euro"},"ceb":{"code":"PHP","numeric":608,"native":"Philippine Peso","localized":"i-Philippine Peso"},"ckb":{"code":"IQD","numeric":368,"native":"IQD","localized":"i-Iraqi Dinar"},"cs":{"code":"CZK","numeric":203,"native":"česká koruna","localized":"i-Czech Republic Koruna"},"cy":{"code":"GBP","numeric":826,"native":"Punt Prydain","localized":"i-British Pound"},"da":{"code":"DKK","numeric":208,"native":"dansk krone","localized":"i-Danish Krone"},"de":{"code":"EUR","numeric":978,"native":"Euro","localized":"i-Euro"},"de_CH":{"code":"CHF","numeric":756,"native":"Schweizer Franken","localized":"i-Swiss Franc"},"doi":{"code":"INR","numeric":356,"native":"भारती रपेऽ","localized":"i-Indian Rupee"},"ee":{"code":"GHS","numeric":936,"native":"ghana siɖi","localized":"i-Ghanaian Cedi"},"el":{"code":"EUR","numeric":978,"native":"Ευρώ","localized":"i-Euro"},"en":{"code":"USD","numeric":840,"native":"US Dollar","localized":"i-US Dollar"},"en_CA":{"code":"CAD","numeric":124,"native":"Canadian Dollar","localized":"i-Candian Dollar"},"eo":{"code":"USD","numeric":840,"native":"","localized":""},"es":{"code":"EUR","numeric":978,"native":"euro","localized":"i-Euro"},"et":{"code":"EUR","numeric":978,"native":"euro","localized":"i-Euro"},"eu":{"code":"EUR","numeric":978,"native":"euroa","localized":"i-Euro"},"fa":{"code":"IRR","numeric":364,"native":"ریال ایران","localized":"i-Iranian Rial"},"fi":{"code":"EUR","numeric":978,"native":"euro","localized":"i-Euro"},"fil":{"code":"PHP","numeric":608,"native":"Piso ng Pilipinas","localized":"i-Philippine Peso"},"fr":{"code":"EUR","numeric":978,"native":"euro","localized":"i-Euro"},"fy":{"code":"EUR","numeric":978,"native":"Euro","localized":"i-Euro"},"ga":{"code":"EUR","numeric":978,"native":"Euro","localized":"i-Euro"},"gd":{"code":"GBP","numeric":826,"native":"Punnd Sasannach","localized":"i-British Pound"},"gl":{"code":"EUR","numeric":978,"native":"euro","localized":"i-Euro"},"gu":{"code":"INR","numeric":356,"native":"ભારતીય રૂપિયા","localized":"i-Indian Rupee"},"ha":{"code":"NGN","numeric":566,"native":"Nairar Najeriya","localized":"i-Nigerian Naira"},"haw":{"code":"USD","numeric":840,"native":"USD","localized":"i-US Dollar"},"he":{"code":"ILS","numeric":376,"native":"שקל חדש","localized":"i-Israeli New Sheqel"},"hi":{"code":"INR","numeric":356,"native":"भारतीय रुपया","localized":"i-Indian Rupee"},"hr":{"code":"EUR","numeric":978,"native":"euro","localized":"i-Euro"},"hu":{"code":"HUF","numeric":348,"native":"magyar forint","localized":"i-Hungarian Forint"},"hy":{"code":"AMD","numeric":51,"native":"հայկական դրամ","localized":"i-Armenian Dram"},"id":{"code":"IDR","numeric":360,"native":"Rupiah Indonesia","localized":"i-Indonesian Rupiah"},"ig":{"code":"NGN","numeric":566,"native":"Naịra","localized":"i-Nigerian Naira"},"is":{"code":"ISK","numeric":352,"native":"íslensk króna","localized":"i-Icelandic Króna"},"it":{"code":"EUR","numeric":978,"native":"euro","localized":"i-Euro"},"ja":{"code":"JPY","numeric":392,"native":"日本円","localized":"i-Japanese Yen"},"ka":{"code":"GEL","numeric":981,"native":"ქართული ლარი","localized":"i-Georgian Lari"},"kk":{"code":"KZT","numeric":398,"native":"Қазақстан теңгесі","localized":"i-Kazakhstani Tenge"},"km":{"code":"KHR","numeric":116,"native":"រៀល​កម្ពុជា","localized":"i-Cambodian Riel"},"kn":{"code":"INR","numeric":356,"native":"ಭಾರತೀಯ ರೂಪಾಯಿ","localized":"i-Indian Rupee"},"ko":{"code":"KRW","numeric":410,"native":"대한민국 원","localized":"i-South Korean Won"},"ku":{"code":"TRY","numeric":949,"native":"TRY","localized":"i-Turkish Lira"},"ky":{"code":"KGS","numeric":417,"native":"Кыргызстан сому","localized":"i-Kyrgystani Som"},"lb":{"code":"EUR","numeric":978,"native":"Euro","localized":"i-Euro"},"lg":{"code":"UGX","numeric":800,"native":"Silingi eya Yuganda","localized":"i-Ugandan Shilling"},"ln":{"code":"CDF","numeric":976,"native":"Falánga ya Kongó","localized":"i-Congolese Franc"},"lo":{"code":"LAK","numeric":418,"native":"ລາວ ກີບ","localized":"i-Laotian Kip"},"lt":{"code":"EUR","numeric":978,"native":"Euras","localized":"i-Euro"},"lv":{"code":"EUR","numeric":978,"native":"eiro","localized":"i-Euro"},"mai":{"code":"INR","numeric":356,"native":"भारतीय रुपया","localized":"i-Indian Rupee"},"mg":{"code":"MGA","numeric":969,"native":"Ariary","localized":"i-Malagasy Ariary"},"mi":{"code":"NZD","numeric":554,"native":"Tāra o Aotearoa","localized":"i-New Zealand Dollar"},"mk":{"code":"MKD","numeric":807,"native":"Македонски денар","localized":"i-Macedonian Denar"},"ml":{"code":"INR","numeric":356,"native":"ഇന്ത്യൻ രൂപ","localized":"i-Indian Rupee"},"mn":{"code":"MNT","numeric":496,"native":"Монгол төгрөг","localized":"i-Mongolian Tugrik"},"mni_Mtei":{"code":"INR","numeric":356,"native":"Indian Rupee","localized":"i-Indian Rupee"},"mr":{"code":"INR","numeric":356,"native":"भारतीय रुपया","localized":"i-Indian Rupee"},"ms":{"code":"MYR","numeric":458,"native":"Ringgit Malaysia","localized":"i-Malaysian Ringgit"},"mt":{"code":"EUR","numeric":978,"native":"ewro","localized":"i-Euro"},"my":{"code":"MMK","numeric":104,"native":"မြန်မာ ကျပ်","localized":"i-Myanma Kyat"},"nb":{"code":"NOK","numeric":578,"native":"norske kroner","localized":"i-Norwegian Krone"},"ne":{"code":"NPR","numeric":524,"native":"नेपाली रूपैयाँ","localized":"i-Nepalese Rupee"},"nl":{"code":"EUR","numeric":978,"native":"Euro","localized":"i-Euro"},"nn":{"code":"NOK","numeric":578,"native":"norske kroner","localized":"i-Norwegian Krone"},"oc":{"code":"EUR","numeric":978,"native":"EUR","localized":"i-Euro"},"om":{"code":"ETB","numeric":230,"native":"Itoophiyaa Birrii","localized":"i-Ethopian Birr"},"or":{"code":"INR","numeric":356,"native":"ଭାରତୀୟ ଟଙ୍କା","localized":"i-Indian Rupee"},"pa":{"code":"INR","numeric":356,"native":"ਭਾਰਤੀ ਰੁਪਇਆ","localized":"i-Indian Rupee"},"pl":{"code":"PLN","numeric":985,"native":"złoty polski","localized":"i-Polish Zloty"},"ps":{"code":"AFN","numeric":971,"native":"افغانۍ","localized":"i-Afghan Afghani"},"pt":{"code":"BRL","numeric":986,"native":"Real brasileiro","localized":"i-Brazilian Real"},"pt_BR":{"code":"BRL","numeric":986,"native":"Real brasileiro","localized":"i-Brazilian Real"},"qu":{"code":"PEN","numeric":604,"native":"Sol Peruano","localized":"i-Peruvian Nuevo Sol"},"ro":{"code":"RON","numeric":946,"native":"leu românesc","localized":"i-Romanian Leu"},"ru":{"code":"RUB","numeric":643,"native":"российский рубль","localized":"i-Russian Ruble"},"rw":{"code":"RWF","numeric":646,"native":"RWF","localized":"i-Rwandan Franc"},"sa":{"code":"INR","numeric":356,"native":"भारतीय रूप्यकम्","localized":"i-Indian Rupee"},"sc":{"code":"EUR","numeric":978,"native":"èuro","localized":"i-Euro"},"sd":{"code":"PKR","numeric":586,"native":"پاڪستاني رپي","localized":"i-Pakistani Rupee"},"si":{"code":"LKR","numeric":144,"native":"ශ්‍රී ලංකා රුපියල","localized":"i-Sri Lankan Rupee"},"sk":{"code":"EUR","numeric":978,"native":"euro","localized":"i-Euro"},"sl":{"code":"EUR","numeric":978,"native":"evro","localized":"i-Euro"},"sn":{"code":"USD","numeric":840,"native":"Dora re Amerika","localized":"i-US Dollar"},"so":{"code":"SOS","numeric":706,"native":"Shilingka Soomaaliya","localized":"i-Somali Shilling"},"sq":{"code":"ALL","numeric":8,"native":"Leku shqiptar","localized":"i-Albanian Lek"},"sr_Cyrl":{"code":"RSD","numeric":941,"native":"српски динар","localized":"i-Serbian Dinar"},"sr_Latn":{"code":"RSD","numeric":941,"native":"srpski dinar","localized":"i-Serbian Dinar"},"sr_Latn_ME":{"code":"EUR","numeric":978,"native":"Evro","localized":"i-Euro"},"su":{"code":"IDR","numeric":360,"native":"Rupee Indonésia","localized":"i-Indonesian Rupiah"},"sv":{"code":"SEK","numeric":752,"native":"svensk krona","localized":"i-Swedish Krona"},"sw":{"code":"TZS","numeric":834,"native":"Shilingi ya Tanzania","localized":"i-Tanzanian Shilling"},"ta":{"code":"INR","numeric":356,"native":"இந்திய ரூபாய்","localized":"i-Indian Rupee"},"te":{"code":"INR","numeric":356,"native":"భారతదేశ రూపాయి","localized":"i-Indian Rupee"},"tg":{"code":"TJS","numeric":972,"native":"Сомонӣ","localized":"i-Tajikistani Somoni"},"th":{"code":"THB","numeric":764,"native":"บาท","localized":"i-Thai Baht"},"ti":{"code":"ETB","numeric":230,"native":"ብር","localized":"i-Ethopian Birr"},"tk":{"code":"TMT","numeric":934,"native":"Türkmen manady","localized":"i-Turkmenistani Manat"},"tl":{"code":"PHP","numeric":608,"native":"Philippine Peso","localized":"i-Philippine Peso"},"tr":{"code":"TRY","numeric":949,"native":"Türk Lirası","localized":"i-Turkish Lira"},"tt":{"code":"RUB","numeric":643,"native":"Россия сумы","localized":"i-Russian Ruble"},"ug":{"code":"CNY","numeric":156,"native":"جۇڭگو يۈەنى","localized":"i-Chinese Yuan"},"uk":{"code":"UAH","numeric":980,"native":"українська гривня","localized":"i-Ukrainian Hryvnia"},"ur":{"code":"PKR","numeric":586,"native":"پاکستانی روپیہ","localized":"i-Pakistani Rupee"},"uz_Cyrl":{"code":"UZS","numeric":860,"native":"Ўзбекистон сўм","localized":"i-Uzbekistan Som"},"uz_Latn":{"code":"UZS","numeric":860,"native":"O‘zbekiston so‘mi","localized":"i-Uzbekistan Som"},"vi":{"code":"VND","numeric":704,"native":"Đồng Việt Nam","localized":"i-Vietnamese Dong"},"xh":{"code":"ZAR","numeric":710,"native":"IRandi yaseMzantsi Afrika","localized":"i-South African Rand"},"yi":{"code":"USD","numeric":840,"native":"","localized":""},"yo":{"code":"NGN","numeric":566,"native":"Náírà Nàìjíríà","localized":"i-Nigerian Naira"},"zh_CN":{"code":"CNY","numeric":156,"native":"人民币","localized":"i-Chinese Yuan"},"zh_HK":{"code":"HKD","numeric":344,"native":"港元","localized":"i-Hong Kong Dollar"},"zh_TW":{"code":"TWD","numeric":901,"native":"新台币","localized":"i-New Taiwan Dollar"},"zu":{"code":"ZAR","numeric":710,"native":"i-South African Rand","localized":"i-South African Rand"}}
